{
"type": "FeatureCollection",
"name": "centroidi_comuni_1km",
"crs": { "type": "name", "properties": { "name": "urn:ogc:def:crs:OGC:1.3:CRS84" } },
"features": [
{ "type": "Feature", "properties": { "DIST_BORD": 148515.69, "TOT_P_2018": 110.0, "TOT_P_2006": 62.0, "GRD_ID": "CRS3035RES1000mN2464000E4460000", "TOT_P_2011": 112.0, "TOT_P_2021": 24.0, "Y_LLC": 2464000, "CNTR_ID": "IT", "NUTS2016_3": "ITH36", "NUTS2016_2": "ITH3", "NUTS2016_1": "ITH", "NUTS2016_0": "IT", "LAND_PC": 100.0, "X_LLC": 4460000, "NUTS2021_3": "ITH36", "NUTS2021_2": "ITH3", "DIST_COAST": 27868.33, "NUTS2021_1": "ITH", "NUTS2021_0": "IT", "NUTS2024_3": "ITH36", "NUTS2024_2": "ITH3", "NUTS2024_1": "ITH", "NUTS2024_0": "IT" }, "geometry": { "type": "Point", "coordinates": [ 11.775220950879165, 45.277670031693397 ] } },
{ "type": "Feature", "properties": { "DIST_BORD": 152300.25, "TOT_P_2018": 136.0, "TOT_P_2006": 153.0, "GRD_ID": "CRS3035RES1000mN2465000E4456000", "TOT_P_2011": 147.0, "TOT_P_2021": 151.0, "Y_LLC": 2465000, "CNTR_ID": "IT", "NUTS2016_3": "ITH36", "NUTS2016_2": "ITH3", "NUTS2016_1": "ITH", "NUTS2016_0": "IT", "LAND_PC": 100.0, "X_LLC": 4456000, "NUTS2021_3": "ITH36", "NUTS2021_2": "ITH3", "DIST_COAST": 31901.65, "NUTS2021_1": "ITH", "NUTS2021_0": "IT", "NUTS2024_3": "ITH36", "NUTS2024_2": "ITH3", "NUTS2024_1": "ITH", "NUTS2024_0": "IT" }, "geometry": { "type": "Point", "coordinates": [ 11.724615074149147, 45.287524813855661 ] } },
{ "type": "Feature", "properties": { "DIST_BORD": 151312.74, "TOT_P_2018": 693.0, "TOT_P_2006": 741.0, "GRD_ID": "CRS3035RES1000mN2465000E4457000", "TOT_P_2011": 747.0, "TOT_P_2021": 704.0, "Y_LLC": 2465000, "CNTR_ID": "IT", "NUTS2016_3": "ITH36", "NUTS2016_2": "ITH3", "NUTS2016_1": "ITH", "NUTS2016_0": "IT", "LAND_PC": 100.0, "X_LLC": 4457000, "NUTS2021_3": "ITH36", "NUTS2021_2": "ITH3", "DIST_COAST": 30902.3, "NUTS2021_1": "ITH", "NUTS2021_0": "IT", "NUTS2024_3": "ITH36", "NUTS2024_2": "ITH3", "NUTS2024_1": "ITH", "NUTS2024_0": "IT" }, "geometry": { "type": "Point", "coordinates": [ 11.737338912159235, 45.287315748423019 ] } },
{ "type": "Feature", "properties": { "DIST_BORD": 150325.39, "TOT_P_2018": 19.0, "TOT_P_2006": 0.0, "GRD_ID": "CRS3035RES1000mN2465000E4458000", "TOT_P_2011": 21.0, "TOT_P_2021": 18.0, "Y_LLC": 2465000, "CNTR_ID": "IT", "NUTS2016_3": "ITH36", "NUTS2016_2": "ITH3", "NUTS2016_1": "ITH", "NUTS2016_0": "IT", "LAND_PC": 100.0, "X_LLC": 4458000, "NUTS2021_3": "ITH36", "NUTS2021_2": "ITH3", "DIST_COAST": 29902.95, "NUTS2021_1": "ITH", "NUTS2021_0": "IT", "NUTS2024_3": "ITH36", "NUTS2024_2": "ITH3", "NUTS2024_1": "ITH", "NUTS2024_0": "IT" }, "geometry": { "type": "Point", "coordinates": [ 11.750062663082277, 45.287105146625052 ] } },
{ "type": "Feature", "properties": { "DIST_BORD": 149338.21, "TOT_P_2018": 20.0, "TOT_P_2006": 2.0, "GRD_ID": "CRS3035RES1000mN2465000E4459000", "TOT_P_2011": 21.0, "TOT_P_2021": 19.0, "Y_LLC": 2465000, "CNTR_ID": "IT", "NUTS2016_3": "ITH36", "NUTS2016_2": "ITH3", "NUTS2016_1": "ITH", "NUTS2016_0": "IT", "LAND_PC": 100.0, "X_LLC": 4459000, "NUTS2021_3": "ITH36", "NUTS2021_2": "ITH3", "DIST_COAST": 28903.6, "NUTS2021_1": "ITH", "NUTS2021_0": "IT", "NUTS2024_3": "ITH36", "NUTS2024_2": "ITH3", "NUTS2024_1": "ITH", "NUTS2024_0": "IT" }, "geometry": { "type": "Point", "coordinates": [ 11.762786326438246, 45.286893008277822 ] } },
{ "type": "Feature", "properties": { "DIST_BORD": 148351.21, "TOT_P_2018": 1839.0, "TOT_P_2006": 1821.0, "GRD_ID": "CRS3035RES1000mN2465000E4460000", "TOT_P_2011": 1823.0, "TOT_P_2021": 1776.0, "Y_LLC": 2465000, "CNTR_ID": "IT", "NUTS2016_3": "ITH36", "NUTS2016_2": "ITH3", "NUTS2016_1": "ITH", "NUTS2016_0": "IT", "LAND_PC": 100.0, "X_LLC": 4460000, "NUTS2021_3": "ITH36", "NUTS2021_2": "ITH3", "DIST_COAST": 27904.25, "NUTS2021_1": "ITH", "NUTS2021_0": "IT", "NUTS2024_3": "ITH36", "NUTS2024_2": "ITH3", "NUTS2024_1": "ITH", "NUTS2024_0": "IT" }, "geometry": { "type": "Point", "coordinates": [ 11.775509901249327, 45.286679333519793 ] } },
{ "type": "Feature", "properties": { "DIST_BORD": 153135.1, "TOT_P_2018": 4.0, "TOT_P_2006": 0.0, "GRD_ID": "CRS3035RES1000mN2466000E4455000", "TOT_P_2011": 4.0, "TOT_P_2021": 10.0, "Y_LLC": 2466000, "CNTR_ID": "IT", "NUTS2016_3": "ITH36", "NUTS2016_2": "ITH3", "NUTS2016_1": "ITH", "NUTS2016_0": "IT", "LAND_PC": 100.0, "X_LLC": 4455000, "NUTS2021_3": "ITH36", "NUTS2021_2": "ITH3", "DIST_COAST": 32937.08, "NUTS2021_1": "ITH", "NUTS2021_0": "IT", "NUTS2024_3": "ITH36", "NUTS2024_2": "ITH3", "NUTS2024_1": "ITH", "NUTS2024_0": "IT" }, "geometry": { "type": "Point", "coordinates": [ 11.712169874827051, 45.296741787706139 ] } },
{ "type": "Feature", "properties": { "DIST_BORD": 152146.43, "TOT_P_2018": 17.0, "TOT_P_2006": 0.0, "GRD_ID": "CRS3035RES1000mN2466000E4456000", "TOT_P_2011": 18.0, "TOT_P_2021": 43.0, "Y_LLC": 2466000, "CNTR_ID": "IT", "NUTS2016_3": "ITH36", "NUTS2016_2": "ITH3", "NUTS2016_1": "ITH", "NUTS2016_0": "IT", "LAND_PC": 100.0, "X_LLC": 4456000, "NUTS2021_3": "ITH36", "NUTS2021_2": "ITH3", "DIST_COAST": 31937.73, "NUTS2021_1": "ITH", "NUTS2021_0": "IT", "NUTS2024_3": "ITH36", "NUTS2024_2": "ITH3", "NUTS2024_1": "ITH", "NUTS2024_0": "IT" }, "geometry": { "type": "Point", "coordinates": [ 11.724895869016477, 45.296534219633813 ] } },
{ "type": "Feature", "properties": { "DIST_BORD": 151157.91, "TOT_P_2018": 190.0, "TOT_P_2006": 270.0, "GRD_ID": "CRS3035RES1000mN2466000E4457000", "TOT_P_2011": 195.0, "TOT_P_2021": 199.0, "Y_LLC": 2466000, "CNTR_ID": "IT", "NUTS2016_3": "ITH36", "NUTS2016_2": "ITH3", "NUTS2016_1": "ITH", "NUTS2016_0": "IT", "LAND_PC": 100.0, "X_LLC": 4457000, "NUTS2021_3": "ITH36", "NUTS2021_2": "ITH3", "DIST_COAST": 30938.38, "NUTS2021_1": "ITH", "NUTS2021_0": "IT", "NUTS2024_3": "ITH36", "NUTS2024_2": "ITH3", "NUTS2024_1": "ITH", "NUTS2024_0": "IT" }, "geometry": { "type": "Point", "coordinates": [ 11.737621776676871, 45.296325114907553 ] } },
{ "type": "Feature", "properties": { "DIST_BORD": 150169.55, "TOT_P_2018": 42.0, "TOT_P_2006": 9.0, "GRD_ID": "CRS3035RES1000mN2466000E4458000", "TOT_P_2011": 46.0, "TOT_P_2021": 29.0, "Y_LLC": 2466000, "CNTR_ID": "IT", "NUTS2016_3": "ITH36", "NUTS2016_2": "ITH3", "NUTS2016_1": "ITH", "NUTS2016_0": "IT", "LAND_PC": 100.0, "X_LLC": 4458000, "NUTS2021_3": "ITH36", "NUTS2021_2": "ITH3", "DIST_COAST": 29939.03, "NUTS2021_1": "ITH", "NUTS2021_0": "IT", "NUTS2024_3": "ITH36", "NUTS2024_2": "ITH3", "NUTS2024_1": "ITH", "NUTS2024_0": "IT" }, "geometry": { "type": "Point", "coordinates": [ 11.750347597378143, 45.296114473321282 ] } },
{ "type": "Feature", "properties": { "DIST_BORD": 149181.34, "TOT_P_2018": 83.0, "TOT_P_2006": 0.0, "GRD_ID": "CRS3035RES1000mN2466000E4459000", "TOT_P_2011": 74.0, "TOT_P_2021": 78.0, "Y_LLC": 2466000, "CNTR_ID": "IT", "NUTS2016_3": "ITH36", "NUTS2016_2": "ITH3", "NUTS2016_1": "ITH", "NUTS2016_0": "IT", "LAND_PC": 100.0, "X_LLC": 4459000, "NUTS2021_3": "ITH36", "NUTS2021_2": "ITH3", "DIST_COAST": 28939.69, "NUTS2021_1": "ITH", "NUTS2021_0": "IT", "NUTS2024_3": "ITH36", "NUTS2024_2": "ITH3", "NUTS2024_1": "ITH", "NUTS2024_0": "IT" }, "geometry": { "type": "Point", "coordinates": [ 11.763073330116784, 45.295902295070505 ] } },
{ "type": "Feature", "properties": { "DIST_BORD": 148193.28, "TOT_P_2018": 802.0, "TOT_P_2006": 487.0, "GRD_ID": "CRS3035RES1000mN2466000E4460000", "TOT_P_2011": 802.0, "TOT_P_2021": 813.0, "Y_LLC": 2466000, "CNTR_ID": "IT", "NUTS2016_3": "ITH36", "NUTS2016_2": "ITH3", "NUTS2016_1": "ITH", "NUTS2016_0": "IT", "LAND_PC": 100.0, "X_LLC": 4460000, "NUTS2021_3": "ITH36", "NUTS2021_2": "ITH3", "DIST_COAST": 27940.34, "NUTS2021_1": "ITH", "NUTS2021_0": "IT", "NUTS2024_3": "ITH36", "NUTS2024_2": "ITH3", "NUTS2024_1": "ITH", "NUTS2024_0": "IT" }, "geometry": { "type": "Point", "coordinates": [ 11.77579897462731, 45.295688580072849 ] } },
{ "type": "Feature", "properties": { "DIST_BORD": 147205.39, "TOT_P_2018": 309.0, "TOT_P_2006": 303.0, "GRD_ID": "CRS3035RES1000mN2466000E4461000", "TOT_P_2011": 305.0, "TOT_P_2021": 177.0, "Y_LLC": 2466000, "CNTR_ID": "IT", "NUTS2016_3": "ITH36", "NUTS2016_2": "ITH3", "NUTS2016_1": "ITH", "NUTS2016_0": "IT", "LAND_PC": 100.0, "X_LLC": 4461000, "NUTS2021_3": "ITH36", "NUTS2021_2": "ITH3", "DIST_COAST": 26940.99, "NUTS2021_1": "ITH", "NUTS2021_0": "IT", "NUTS2024_3": "ITH36", "NUTS2024_2": "ITH3", "NUTS2024_1": "ITH", "NUTS2024_0": "IT" }, "geometry": { "type": "Point", "coordinates": [ 11.788524530054735, 45.295473328250225 ] } },
{ "type": "Feature", "properties": { "DIST_BORD": 153978.4, "TOT_P_2018": 20.0, "TOT_P_2006": 10.0, "GRD_ID": "CRS3035RES1000mN2467000E4454000", "TOT_P_2011": 21.0, "TOT_P_2021": 35.0, "Y_LLC": 2467000, "CNTR_ID": "IT", "NUTS2016_3": "ITH36", "NUTS2016_2": "ITH3", "NUTS2016_1": "ITH", "NUTS2016_0": "IT", "LAND_PC": 100.0, "X_LLC": 4454000, "NUTS2021_3": "ITH36", "NUTS2021_2": "ITH3", "DIST_COAST": 33972.51, "NUTS2021_1": "ITH", "NUTS2021_0": "IT", "NUTS2024_3": "ITH36", "NUTS2024_2": "ITH3", "NUTS2024_1": "ITH", "NUTS2024_0": "IT" }, "geometry": { "type": "Point", "coordinates": [ 11.699720567889916, 45.305957247232143 ] } },
{ "type": "Feature", "properties": { "DIST_BORD": 152988.65, "TOT_P_2018": 132.0, "TOT_P_2006": 110.0, "GRD_ID": "CRS3035RES1000mN2467000E4455000", "TOT_P_2011": 143.0, "TOT_P_2021": 162.0, "Y_LLC": 2467000, "CNTR_ID": "IT", "NUTS2016_3": "ITH36", "NUTS2016_2": "ITH3", "NUTS2016_1": "ITH", "NUTS2016_0": "IT", "LAND_PC": 100.0, "X_LLC": 4455000, "NUTS2021_3": "ITH36", "NUTS2021_2": "ITH3", "DIST_COAST": 32973.16, "NUTS2021_1": "ITH", "NUTS2021_0": "IT", "NUTS2024_3": "ITH36", "NUTS2024_2": "ITH3", "NUTS2024_1": "ITH", "NUTS2024_0": "IT" }, "geometry": { "type": "Point", "coordinates": [ 11.7124487185772, 45.305751177170563 ] } },
{ "type": "Feature", "properties": { "DIST_BORD": 151999.03, "TOT_P_2018": 1076.0, "TOT_P_2006": 1532.0, "GRD_ID": "CRS3035RES1000mN2467000E4456000", "TOT_P_2011": 1154.0, "TOT_P_2021": 936.0, "Y_LLC": 2467000, "CNTR_ID": "IT", "NUTS2016_3": "ITH36", "NUTS2016_2": "ITH3", "NUTS2016_1": "ITH", "NUTS2016_0": "IT", "LAND_PC": 100.0, "X_LLC": 4456000, "NUTS2021_3": "ITH36", "NUTS2021_2": "ITH3", "DIST_COAST": 31973.81, "NUTS2021_1": "ITH", "NUTS2021_0": "IT", "NUTS2024_3": "ITH36", "NUTS2024_2": "ITH3", "NUTS2024_1": "ITH", "NUTS2024_0": "IT" }, "geometry": { "type": "Point", "coordinates": [ 11.725176783469703, 45.305543570079031 ] } },
{ "type": "Feature", "properties": { "DIST_BORD": 151009.55, "TOT_P_2018": 948.0, "TOT_P_2006": 1262.0, "GRD_ID": "CRS3035RES1000mN2467000E4457000", "TOT_P_2011": 1023.0, "TOT_P_2021": 1052.0, "Y_LLC": 2467000, "CNTR_ID": "IT", "NUTS2016_3": "ITH36", "NUTS2016_2": "ITH3", "NUTS2016_1": "ITH", "NUTS2016_0": "IT", "LAND_PC": 100.0, "X_LLC": 4457000, "NUTS2021_3": "ITH36", "NUTS2021_2": "ITH3", "DIST_COAST": 30974.46, "NUTS2021_1": "ITH", "NUTS2021_0": "IT", "NUTS2024_3": "ITH36", "NUTS2024_2": "ITH3", "NUTS2024_1": "ITH", "NUTS2024_0": "IT" }, "geometry": { "type": "Point", "coordinates": [ 11.7379047616951, 45.305334425904434 ] } },
{ "type": "Feature", "properties": { "DIST_BORD": 150020.21, "TOT_P_2018": 308.0, "TOT_P_2006": 31.0, "GRD_ID": "CRS3035RES1000mN2467000E4458000", "TOT_P_2011": 233.0, "TOT_P_2021": 92.0, "Y_LLC": 2467000, "CNTR_ID": "IT", "NUTS2016_3": "ITH36", "NUTS2016_2": "ITH3", "NUTS2016_1": "ITH", "NUTS2016_0": "IT", "LAND_PC": 100.0, "X_LLC": 4458000, "NUTS2021_3": "ITH36", "NUTS2021_2": "ITH3", "DIST_COAST": 29975.12, "NUTS2021_1": "ITH", "NUTS2021_0": "IT", "NUTS2024_3": "ITH36", "NUTS2024_2": "ITH3", "NUTS2024_1": "ITH", "NUTS2024_0": "IT" }, "geometry": { "type": "Point", "coordinates": [ 11.750632652901478, 45.305123744699017 ] } },
{ "type": "Feature", "properties": { "DIST_BORD": 149031.0, "TOT_P_2018": 41.0, "TOT_P_2006": 0.0, "GRD_ID": "CRS3035RES1000mN2467000E4459000", "TOT_P_2011": 25.0, "TOT_P_2021": 74.0, "Y_LLC": 2467000, "CNTR_ID": "IT", "NUTS2016_3": "ITH36", "NUTS2016_2": "ITH3", "NUTS2016_1": "ITH", "NUTS2016_0": "IT", "LAND_PC": 100.0, "X_LLC": 4459000, "NUTS2021_3": "ITH36", "NUTS2021_2": "ITH3", "DIST_COAST": 28975.77, "NUTS2021_1": "ITH", "NUTS2021_0": "IT", "NUTS2024_3": "ITH36", "NUTS2024_2": "ITH3", "NUTS2024_1": "ITH", "NUTS2024_0": "IT" }, "geometry": { "type": "Point", "coordinates": [ 11.763360456121418, 45.304911526375029 ] } },
{ "type": "Feature", "properties": { "DIST_BORD": 148041.95, "TOT_P_2018": 0.0, "TOT_P_2006": 0.0, "GRD_ID": "CRS3035RES1000mN2467000E4460000", "TOT_P_2011": 0.0, "TOT_P_2021": 3.0, "Y_LLC": 2467000, "CNTR_ID": "IT", "NUTS2016_3": "ITH36", "NUTS2016_2": "ITH3", "NUTS2016_1": "ITH", "NUTS2016_0": "IT", "LAND_PC": 100.0, "X_LLC": 4460000, "NUTS2021_3": "ITH36", "NUTS2021_2": "ITH3", "DIST_COAST": 27976.42, "NUTS2021_1": "ITH", "NUTS2021_0": "IT", "NUTS2024_3": "ITH36", "NUTS2024_2": "ITH3", "NUTS2024_1": "ITH", "NUTS2024_0": "IT" }, "geometry": { "type": "Point", "coordinates": [ 11.776088171057134, 45.304697771065264 ] } },
{ "type": "Feature", "properties": { "DIST_BORD": 147053.04, "TOT_P_2018": 22.0, "TOT_P_2006": 0.0, "GRD_ID": "CRS3035RES1000mN2467000E4461000", "TOT_P_2011": 22.0, "TOT_P_2021": 35.0, "Y_LLC": 2467000, "CNTR_ID": "IT", "NUTS2016_3": "ITH36", "NUTS2016_2": "ITH3", "NUTS2016_1": "ITH", "NUTS2016_0": "IT", "LAND_PC": 100.0, "X_LLC": 4461000, "NUTS2021_3": "ITH36", "NUTS2021_2": "ITH3", "DIST_COAST": 26977.07, "NUTS2021_1": "ITH", "NUTS2021_0": "IT", "NUTS2024_3": "ITH36", "NUTS2024_2": "ITH3", "NUTS2024_1": "ITH", "NUTS2024_0": "IT" }, "geometry": { "type": "Point", "coordinates": [ 11.788815796814548, 45.304482478819168 ] } },
{ "type": "Feature", "properties": { "DIST_BORD": 153839.26, "TOT_P_2018": 14.0, "TOT_P_2006": 0.0, "GRD_ID": "CRS3035RES1000mN2468000E4454000", "TOT_P_2011": 15.0, "TOT_P_2021": 10.0, "Y_LLC": 2468000, "CNTR_ID": "IT", "NUTS2016_3": "ITH36", "NUTS2016_2": "ITH3", "NUTS2016_1": "ITH", "NUTS2016_0": "IT", "LAND_PC": 100.0, "X_LLC": 4454000, "NUTS2021_3": "ITH36", "NUTS2021_2": "ITH3", "DIST_COAST": 34003.39, "NUTS2021_1": "ITH", "NUTS2021_0": "IT", "NUTS2024_3": "ITH36", "NUTS2024_2": "ITH3", "NUTS2024_1": "ITH", "NUTS2024_0": "IT" }, "geometry": { "type": "Point", "coordinates": [ 11.699997458751225, 45.314966620508557 ] } },
{ "type": "Feature", "properties": { "DIST_BORD": 152848.61, "TOT_P_2018": 7.0, "TOT_P_2006": 0.0, "GRD_ID": "CRS3035RES1000mN2468000E4455000", "TOT_P_2011": 7.0, "TOT_P_2021": 8.0, "Y_LLC": 2468000, "CNTR_ID": "IT", "NUTS2016_3": "ITH36", "NUTS2016_2": "ITH3", "NUTS2016_1": "ITH", "NUTS2016_0": "IT", "LAND_PC": 100.0, "X_LLC": 4455000, "NUTS2021_3": "ITH36", "NUTS2021_2": "ITH3", "DIST_COAST": 33003.47, "NUTS2021_1": "ITH", "NUTS2021_0": "IT", "NUTS2024_3": "ITH36", "NUTS2024_2": "ITH3", "NUTS2024_1": "ITH", "NUTS2024_0": "IT" }, "geometry": { "type": "Point", "coordinates": [ 11.712727681136297, 45.314760511631853 ] } },
{ "type": "Feature", "properties": { "DIST_BORD": 151858.07, "TOT_P_2018": 247.0, "TOT_P_2006": 169.0, "GRD_ID": "CRS3035RES1000mN2468000E4456000", "TOT_P_2011": 267.0, "TOT_P_2021": 344.0, "Y_LLC": 2468000, "CNTR_ID": "IT", "NUTS2016_3": "ITH36", "NUTS2016_2": "ITH3", "NUTS2016_1": "ITH", "NUTS2016_0": "IT", "LAND_PC": 100.0, "X_LLC": 4456000, "NUTS2021_3": "ITH36", "NUTS2021_2": "ITH3", "DIST_COAST": 32003.57, "NUTS2021_1": "ITH", "NUTS2021_0": "IT", "NUTS2024_3": "ITH36", "NUTS2024_2": "ITH3", "NUTS2024_1": "ITH", "NUTS2024_0": "IT" }, "geometry": { "type": "Point", "coordinates": [ 11.725457817525227, 45.314552865348865 ] } },
{ "type": "Feature", "properties": { "DIST_BORD": 150867.67, "TOT_P_2018": 172.0, "TOT_P_2006": 27.0, "GRD_ID": "CRS3035RES1000mN2468000E4457000", "TOT_P_2011": 186.0, "TOT_P_2021": 258.0, "Y_LLC": 2468000, "CNTR_ID": "IT", "NUTS2016_3": "ITH36", "NUTS2016_2": "ITH3", "NUTS2016_1": "ITH", "NUTS2016_0": "IT", "LAND_PC": 100.0, "X_LLC": 4457000, "NUTS2021_3": "ITH36", "NUTS2021_2": "ITH3", "DIST_COAST": 31003.67, "NUTS2021_1": "ITH", "NUTS2021_0": "IT", "NUTS2024_3": "ITH36", "NUTS2024_2": "ITH3", "NUTS2024_1": "ITH", "NUTS2024_0": "IT" }, "geometry": { "type": "Point", "coordinates": [ 11.738187867266182, 45.314343681703264 ] } },
{ "type": "Feature", "properties": { "DIST_BORD": 149877.39, "TOT_P_2018": 163.0, "TOT_P_2006": 9.0, "GRD_ID": "CRS3035RES1000mN2468000E4458000", "TOT_P_2011": 176.0, "TOT_P_2021": 161.0, "Y_LLC": 2468000, "CNTR_ID": "IT", "NUTS2016_3": "ITH36", "NUTS2016_2": "ITH3", "NUTS2016_1": "ITH", "NUTS2016_0": "IT", "LAND_PC": 100.0, "X_LLC": 4458000, "NUTS2021_3": "ITH36", "NUTS2021_2": "ITH3", "DIST_COAST": 30003.78, "NUTS2021_1": "ITH", "NUTS2021_0": "IT", "NUTS2024_3": "ITH36", "NUTS2024_2": "ITH3", "NUTS2024_1": "ITH", "NUTS2024_0": "IT" }, "geometry": { "type": "Point", "coordinates": [ 11.750917829757629, 45.314132960724749 ] } },
{ "type": "Feature", "properties": { "DIST_BORD": 148887.24, "TOT_P_2018": 110.0, "TOT_P_2006": 0.0, "GRD_ID": "CRS3035RES1000mN2468000E4459000", "TOT_P_2011": 113.0, "TOT_P_2021": 185.0, "Y_LLC": 2468000, "CNTR_ID": "IT", "NUTS2016_3": "ITH36", "NUTS2016_2": "ITH3", "NUTS2016_1": "ITH", "NUTS2016_0": "IT", "LAND_PC": 100.0, "X_LLC": 4459000, "NUTS2021_3": "ITH36", "NUTS2021_2": "ITH3", "DIST_COAST": 29003.89, "NUTS2021_1": "ITH", "NUTS2021_0": "IT", "NUTS2024_3": "ITH36", "NUTS2024_2": "ITH3", "NUTS2024_1": "ITH", "NUTS2024_0": "IT" }, "geometry": { "type": "Point", "coordinates": [ 11.763647704534682, 45.313920702441997 ] } },
{ "type": "Feature", "properties": { "DIST_BORD": 147897.22, "TOT_P_2018": 251.0, "TOT_P_2006": 44.0, "GRD_ID": "CRS3035RES1000mN2468000E4460000", "TOT_P_2011": 257.0, "TOT_P_2021": 210.0, "Y_LLC": 2468000, "CNTR_ID": "IT", "NUTS2016_3": "ITH36", "NUTS2016_2": "ITH3", "NUTS2016_1": "ITH", "NUTS2016_0": "IT", "LAND_PC": 100.0, "X_LLC": 4460000, "NUTS2021_3": "ITH36", "NUTS2021_2": "ITH3", "DIST_COAST": 28004.01, "NUTS2021_1": "ITH", "NUTS2021_0": "IT", "NUTS2024_3": "ITH36", "NUTS2024_2": "ITH3", "NUTS2024_1": "ITH", "NUTS2024_0": "IT" }, "geometry": { "type": "Point", "coordinates": [ 11.776377490579925, 45.313706906835165 ] } },
{ "type": "Feature", "properties": { "DIST_BORD": 146907.34, "TOT_P_2018": 516.0, "TOT_P_2006": 350.0, "GRD_ID": "CRS3035RES1000mN2468000E4461000", "TOT_P_2011": 523.0, "TOT_P_2021": 531.0, "Y_LLC": 2468000, "CNTR_ID": "IT", "NUTS2016_3": "ITH36", "NUTS2016_2": "ITH3", "NUTS2016_1": "ITH", "NUTS2016_0": "IT", "LAND_PC": 100.0, "X_LLC": 4461000, "NUTS2021_3": "ITH36", "NUTS2021_2": "ITH3", "DIST_COAST": 27004.15, "NUTS2021_1": "ITH", "NUTS2021_0": "IT", "NUTS2024_3": "ITH36", "NUTS2024_2": "ITH3", "NUTS2024_1": "ITH", "NUTS2024_0": "IT" }, "geometry": { "type": "Point", "coordinates": [ 11.789107187675674, 45.313491573938897 ] } },
{ "type": "Feature", "properties": { "DIST_BORD": 145917.59, "TOT_P_2018": 168.0, "TOT_P_2006": 1.0, "GRD_ID": "CRS3035RES1000mN2468000E4462000", "TOT_P_2011": 155.0, "TOT_P_2021": 131.0, "Y_LLC": 2468000, "CNTR_ID": "IT", "NUTS2016_3": "ITH36", "NUTS2016_2": "ITH3", "NUTS2016_1": "ITH", "NUTS2016_0": "IT", "LAND_PC": 100.0, "X_LLC": 4462000, "NUTS2021_3": "ITH36", "NUTS2021_2": "ITH3", "DIST_COAST": 26004.29, "NUTS2021_1": "ITH", "NUTS2021_0": "IT", "NUTS2024_3": "ITH36", "NUTS2024_2": "ITH3", "NUTS2024_1": "ITH", "NUTS2024_0": "IT" }, "geometry": { "type": "Point", "coordinates": [ 11.801836794908736, 45.313274703762879 ] } },
{ "type": "Feature", "properties": { "DIST_BORD": 155689.85, "TOT_P_2018": 81.0, "TOT_P_2006": 34.0, "GRD_ID": "CRS3035RES1000mN2469000E4452000", "TOT_P_2011": 81.0, "TOT_P_2021": 136.0, "Y_LLC": 2469000, "CNTR_ID": "IT", "NUTS2016_3": "ITH36", "NUTS2016_2": "ITH3", "NUTS2016_1": "ITH", "NUTS2016_0": "IT", "LAND_PC": 100.0, "X_LLC": 4452000, "NUTS2021_3": "ITH36", "NUTS2021_2": "ITH3", "DIST_COAST": 36027.24, "NUTS2021_1": "ITH", "NUTS2021_0": "IT", "NUTS2024_3": "ITH36", "NUTS2024_2": "ITH3", "NUTS2024_1": "ITH", "NUTS2024_0": "IT" }, "geometry": { "type": "Point", "coordinates": [ 11.67480962269617, 45.324383621023856 ] } },
{ "type": "Feature", "properties": { "DIST_BORD": 154698.12, "TOT_P_2018": 22.0, "TOT_P_2006": 0.0, "GRD_ID": "CRS3035RES1000mN2469000E4453000", "TOT_P_2011": 22.0, "TOT_P_2021": 28.0, "Y_LLC": 2469000, "CNTR_ID": "IT", "NUTS2016_3": "ITH36", "NUTS2016_2": "ITH3", "NUTS2016_1": "ITH", "NUTS2016_0": "IT", "LAND_PC": 100.0, "X_LLC": 4453000, "NUTS2021_3": "ITH36", "NUTS2021_2": "ITH3", "DIST_COAST": 35027.65, "NUTS2021_1": "ITH", "NUTS2021_0": "IT", "NUTS2024_3": "ITH36", "NUTS2024_2": "ITH3", "NUTS2024_1": "ITH", "NUTS2024_0": "IT" }, "geometry": { "type": "Point", "coordinates": [ 11.68754208758611, 45.324180548629606 ] } },
{ "type": "Feature", "properties": { "DIST_BORD": 153706.5, "TOT_P_2018": 27.0, "TOT_P_2006": 24.0, "GRD_ID": "CRS3035RES1000mN2469000E4454000", "TOT_P_2011": 27.0, "TOT_P_2021": 38.0, "Y_LLC": 2469000, "CNTR_ID": "IT", "NUTS2016_3": "ITH36", "NUTS2016_2": "ITH3", "NUTS2016_1": "ITH", "NUTS2016_0": "IT", "LAND_PC": 100.0, "X_LLC": 4454000, "NUTS2021_3": "ITH36", "NUTS2021_2": "ITH3", "DIST_COAST": 34028.07, "NUTS2021_1": "ITH", "NUTS2021_0": "IT", "NUTS2024_3": "ITH36", "NUTS2024_2": "ITH3", "NUTS2024_1": "ITH", "NUTS2024_0": "IT" }, "geometry": { "type": "Point", "coordinates": [ 11.700274467718421, 45.323975938563521 ] } },
{ "type": "Feature", "properties": { "DIST_BORD": 152714.98, "TOT_P_2018": 88.0, "TOT_P_2006": 1.0, "GRD_ID": "CRS3035RES1000mN2469000E4455000", "TOT_P_2011": 88.0, "TOT_P_2021": 74.0, "Y_LLC": 2469000, "CNTR_ID": "IT", "NUTS2016_3": "ITH36", "NUTS2016_2": "ITH3", "NUTS2016_1": "ITH", "NUTS2016_0": "IT", "LAND_PC": 100.0, "X_LLC": 4455000, "NUTS2021_3": "ITH36", "NUTS2021_2": "ITH3", "DIST_COAST": 33028.49, "NUTS2021_1": "ITH", "NUTS2021_0": "IT", "NUTS2024_3": "ITH36", "NUTS2024_2": "ITH3", "NUTS2024_1": "ITH", "NUTS2024_0": "IT" }, "geometry": { "type": "Point", "coordinates": [ 11.713006762481196, 45.323769790795808 ] } },
{ "type": "Feature", "properties": { "DIST_BORD": 151723.58, "TOT_P_2018": 127.0, "TOT_P_2006": 71.0, "GRD_ID": "CRS3035RES1000mN2469000E4456000", "TOT_P_2011": 126.0, "TOT_P_2021": 204.0, "Y_LLC": 2469000, "CNTR_ID": "IT", "NUTS2016_3": "ITH36", "NUTS2016_2": "ITH3", "NUTS2016_1": "ITH", "NUTS2016_0": "IT", "LAND_PC": 100.0, "X_LLC": 4456000, "NUTS2021_3": "ITH36", "NUTS2021_2": "ITH3", "DIST_COAST": 32028.91, "NUTS2021_1": "ITH", "NUTS2021_0": "IT", "NUTS2024_3": "ITH36", "NUTS2024_2": "ITH3", "NUTS2024_1": "ITH", "NUTS2024_0": "IT" }, "geometry": { "type": "Point", "coordinates": [ 11.7257389712048, 45.323562105331959 ] } },
{ "type": "Feature", "properties": { "DIST_BORD": 150732.29, "TOT_P_2018": 265.0, "TOT_P_2006": 273.0, "GRD_ID": "CRS3035RES1000mN2469000E4457000", "TOT_P_2011": 264.0, "TOT_P_2021": 107.0, "Y_LLC": 2469000, "CNTR_ID": "IT", "NUTS2016_3": "ITH36", "NUTS2016_2": "ITH3", "NUTS2016_1": "ITH", "NUTS2016_0": "IT", "LAND_PC": 100.0, "X_LLC": 4457000, "NUTS2021_3": "ITH36", "NUTS2021_2": "ITH3", "DIST_COAST": 31029.33, "NUTS2021_1": "ITH", "NUTS2021_0": "IT", "NUTS2024_3": "ITH36", "NUTS2024_2": "ITH3", "NUTS2024_1": "ITH", "NUTS2024_0": "IT" }, "geometry": { "type": "Point", "coordinates": [ 11.738471093327362, 45.323352882241849 ] } },
{ "type": "Feature", "properties": { "DIST_BORD": 149741.11, "TOT_P_2018": 86.0, "TOT_P_2006": 105.0, "GRD_ID": "CRS3035RES1000mN2469000E4458000", "TOT_P_2011": 86.0, "TOT_P_2021": 146.0, "Y_LLC": 2469000, "CNTR_ID": "IT", "NUTS2016_3": "ITH36", "NUTS2016_2": "ITH3", "NUTS2016_1": "ITH", "NUTS2016_0": "IT", "LAND_PC": 100.0, "X_LLC": 4458000, "NUTS2021_3": "ITH36", "NUTS2021_2": "ITH3", "DIST_COAST": 30029.75, "NUTS2021_1": "ITH", "NUTS2021_0": "IT", "NUTS2024_3": "ITH36", "NUTS2024_2": "ITH3", "NUTS2024_1": "ITH", "NUTS2024_0": "IT" }, "geometry": { "type": "Point", "coordinates": [ 11.75120312819365, 45.323142121515076 ] } },
{ "type": "Feature", "properties": { "DIST_BORD": 148750.05, "TOT_P_2018": 47.0, "TOT_P_2006": 22.0, "GRD_ID": "CRS3035RES1000mN2469000E4459000", "TOT_P_2011": 57.0, "TOT_P_2021": 17.0, "Y_LLC": 2469000, "CNTR_ID": "IT", "NUTS2016_3": "ITH36", "NUTS2016_2": "ITH3", "NUTS2016_1": "ITH", "NUTS2016_0": "IT", "LAND_PC": 100.0, "X_LLC": 4459000, "NUTS2021_3": "ITH36", "NUTS2021_2": "ITH3", "DIST_COAST": 29030.16, "NUTS2021_1": "ITH", "NUTS2021_0": "IT", "NUTS2024_3": "ITH36", "NUTS2024_2": "ITH3", "NUTS2024_1": "ITH", "NUTS2024_0": "IT" }, "geometry": { "type": "Point", "coordinates": [ 11.763935075116578, 45.322929823231611 ] } },
{ "type": "Feature", "properties": { "DIST_BORD": 147759.12, "TOT_P_2018": 135.0, "TOT_P_2006": 146.0, "GRD_ID": "CRS3035RES1000mN2469000E4460000", "TOT_P_2011": 138.0, "TOT_P_2021": 77.0, "Y_LLC": 2469000, "CNTR_ID": "IT", "NUTS2016_3": "ITH36", "NUTS2016_2": "ITH3", "NUTS2016_1": "ITH", "NUTS2016_0": "IT", "LAND_PC": 100.0, "X_LLC": 4460000, "NUTS2021_3": "ITH36", "NUTS2021_2": "ITH3", "DIST_COAST": 28030.58, "NUTS2021_1": "ITH", "NUTS2021_0": "IT", "NUTS2024_3": "ITH36", "NUTS2024_2": "ITH3", "NUTS2024_1": "ITH", "NUTS2024_0": "IT" }, "geometry": { "type": "Point", "coordinates": [ 11.776666933340108, 45.322715987315377 ] } },
{ "type": "Feature", "properties": { "DIST_BORD": 146768.3, "TOT_P_2018": 1044.0, "TOT_P_2006": 1000.0, "GRD_ID": "CRS3035RES1000mN2469000E4461000", "TOT_P_2011": 1046.0, "TOT_P_2021": 883.0, "Y_LLC": 2469000, "CNTR_ID": "IT", "NUTS2016_3": "ITH36", "NUTS2016_2": "ITH3", "NUTS2016_1": "ITH", "NUTS2016_0": "IT", "LAND_PC": 100.0, "X_LLC": 4461000, "NUTS2021_3": "ITH36", "NUTS2021_2": "ITH3", "DIST_COAST": 27031.0, "NUTS2021_1": "ITH", "NUTS2021_0": "IT", "NUTS2024_3": "ITH36", "NUTS2024_2": "ITH3", "NUTS2024_1": "ITH", "NUTS2024_0": "IT" }, "geometry": { "type": "Point", "coordinates": [ 11.789398702614735, 45.322500613778125 ] } },
{ "type": "Feature", "properties": { "DIST_BORD": 145777.62, "TOT_P_2018": 1133.0, "TOT_P_2006": 1023.0, "GRD_ID": "CRS3035RES1000mN2469000E4462000", "TOT_P_2011": 1136.0, "TOT_P_2021": 1089.0, "Y_LLC": 2469000, "CNTR_ID": "IT", "NUTS2016_3": "ITH36", "NUTS2016_2": "ITH3", "NUTS2016_1": "ITH", "NUTS2016_0": "IT", "LAND_PC": 100.0, "X_LLC": 4462000, "NUTS2021_3": "ITH36", "NUTS2021_2": "ITH3", "DIST_COAST": 26031.42, "NUTS2021_1": "ITH", "NUTS2021_0": "IT", "NUTS2024_3": "ITH36", "NUTS2024_2": "ITH3", "NUTS2024_1": "ITH", "NUTS2024_0": "IT" }, "geometry": { "type": "Point", "coordinates": [ 11.802130381907881, 45.322283702735199 ] } },
{ "type": "Feature", "properties": { "DIST_BORD": 155177.55, "TOT_P_2018": 2.0, "TOT_P_2006": 101.0, "GRD_ID": "CRS3035RES1000mN2470000E4452000", "TOT_P_2011": 35.0, "TOT_P_2021": 60.0, "Y_LLC": 2470000, "CNTR_ID": "IT", "NUTS2016_3": "ITH36", "NUTS2016_2": "ITH3", "NUTS2016_1": "ITH", "NUTS2016_0": "IT", "LAND_PC": 100.0, "X_LLC": 4452000, "NUTS2021_3": "ITH36", "NUTS2021_2": "ITH3", "DIST_COAST": 36056.16, "NUTS2021_1": "ITH", "NUTS2021_0": "IT", "NUTS2024_3": "ITH36", "NUTS2024_2": "ITH3", "NUTS2024_1": "ITH", "NUTS2024_0": "IT" }, "geometry": { "type": "Point", "coordinates": [ 11.67508260272897, 45.333392960906814 ] } },
{ "type": "Feature", "properties": { "DIST_BORD": 154572.56, "TOT_P_2018": 145.0, "TOT_P_2006": 50.0, "GRD_ID": "CRS3035RES1000mN2470000E4453000", "TOT_P_2011": 145.0, "TOT_P_2021": 96.0, "Y_LLC": 2470000, "CNTR_ID": "IT", "NUTS2016_3": "ITH36", "NUTS2016_2": "ITH3", "NUTS2016_1": "ITH", "NUTS2016_0": "IT", "LAND_PC": 100.0, "X_LLC": 4453000, "NUTS2021_3": "ITH36", "NUTS2021_2": "ITH3", "DIST_COAST": 35056.58, "NUTS2021_1": "ITH", "NUTS2021_0": "IT", "NUTS2024_3": "ITH36", "NUTS2024_2": "ITH3", "NUTS2024_1": "ITH", "NUTS2024_0": "IT" }, "geometry": { "type": "Point", "coordinates": [ 11.687817141104144, 45.3331898501864 ] } },
{ "type": "Feature", "properties": { "DIST_BORD": 153580.13, "TOT_P_2018": 4.0, "TOT_P_2006": 17.0, "GRD_ID": "CRS3035RES1000mN2470000E4454000", "TOT_P_2011": 21.0, "TOT_P_2021": 48.0, "Y_LLC": 2470000, "CNTR_ID": "IT", "NUTS2016_3": "ITH36", "NUTS2016_2": "ITH3", "NUTS2016_1": "ITH", "NUTS2016_0": "IT", "LAND_PC": 100.0, "X_LLC": 4454000, "NUTS2021_3": "ITH36", "NUTS2021_2": "ITH3", "DIST_COAST": 34057.0, "NUTS2021_1": "ITH", "NUTS2021_0": "IT", "NUTS2024_3": "ITH36", "NUTS2024_2": "ITH3", "NUTS2024_1": "ITH", "NUTS2024_0": "IT" }, "geometry": { "type": "Point", "coordinates": [ 11.700551594528907, 45.332985201407723 ] } },
{ "type": "Feature", "properties": { "DIST_BORD": 152587.79, "TOT_P_2018": 373.0, "TOT_P_2006": 70.0, "GRD_ID": "CRS3035RES1000mN2470000E4455000", "TOT_P_2011": 371.0, "TOT_P_2021": 306.0, "Y_LLC": 2470000, "CNTR_ID": "IT", "NUTS2016_3": "ITH36", "NUTS2016_2": "ITH3", "NUTS2016_1": "ITH", "NUTS2016_0": "IT", "LAND_PC": 100.0, "X_LLC": 4455000, "NUTS2021_3": "ITH36", "NUTS2021_2": "ITH3", "DIST_COAST": 33057.44, "NUTS2021_1": "ITH", "NUTS2021_0": "IT", "NUTS2024_3": "ITH36", "NUTS2024_2": "ITH3", "NUTS2024_1": "ITH", "NUTS2024_0": "IT" }, "geometry": { "type": "Point", "coordinates": [ 11.713285962699398, 45.33277901477225 ] } },
{ "type": "Feature", "properties": { "DIST_BORD": 151595.56, "TOT_P_2018": 1276.0, "TOT_P_2006": 1540.0, "GRD_ID": "CRS3035RES1000mN2470000E4456000", "TOT_P_2011": 1258.0, "TOT_P_2021": 1261.0, "Y_LLC": 2470000, "CNTR_ID": "IT", "NUTS2016_3": "ITH36", "NUTS2016_2": "ITH3", "NUTS2016_1": "ITH", "NUTS2016_0": "IT", "LAND_PC": 100.0, "X_LLC": 4456000, "NUTS2021_3": "ITH36", "NUTS2021_2": "ITH3", "DIST_COAST": 32057.91, "NUTS2021_1": "ITH", "NUTS2021_0": "IT", "NUTS2024_3": "ITH36", "NUTS2024_2": "ITH3", "NUTS2024_1": "ITH", "NUTS2024_0": "IT" }, "geometry": { "type": "Point", "coordinates": [ 11.726020244704856, 45.332571290177391 ] } },
{ "type": "Feature", "properties": { "DIST_BORD": 150603.42, "TOT_P_2018": 1452.0, "TOT_P_2006": 2306.0, "GRD_ID": "CRS3035RES1000mN2470000E4457000", "TOT_P_2011": 1442.0, "TOT_P_2021": 1319.0, "Y_LLC": 2470000, "CNTR_ID": "IT", "NUTS2016_3": "ITH36", "NUTS2016_2": "ITH3", "NUTS2016_1": "ITH", "NUTS2016_0": "IT", "LAND_PC": 100.0, "X_LLC": 4457000, "NUTS2021_3": "ITH36", "NUTS2021_2": "ITH3", "DIST_COAST": 31058.41, "NUTS2021_1": "ITH", "NUTS2021_0": "IT", "NUTS2024_3": "ITH36", "NUTS2024_2": "ITH3", "NUTS2024_1": "ITH", "NUTS2024_0": "IT" }, "geometry": { "type": "Point", "coordinates": [ 11.738754440162438, 45.332362027649999 ] } },
{ "type": "Feature", "properties": { "DIST_BORD": 149611.39, "TOT_P_2018": 473.0, "TOT_P_2006": 132.0, "GRD_ID": "CRS3035RES1000mN2470000E4458000", "TOT_P_2011": 471.0, "TOT_P_2021": 364.0, "Y_LLC": 2470000, "CNTR_ID": "IT", "NUTS2016_3": "ITH36", "NUTS2016_2": "ITH3", "NUTS2016_1": "ITH", "NUTS2016_0": "IT", "LAND_PC": 100.0, "X_LLC": 4458000, "NUTS2021_3": "ITH36", "NUTS2021_2": "ITH3", "DIST_COAST": 30058.95, "NUTS2021_1": "ITH", "NUTS2021_0": "IT", "NUTS2024_3": "ITH36", "NUTS2024_2": "ITH3", "NUTS2024_1": "ITH", "NUTS2024_0": "IT" }, "geometry": { "type": "Point", "coordinates": [ 11.751488548050494, 45.332151227179445 ] } },
{ "type": "Feature", "properties": { "DIST_BORD": 148619.47, "TOT_P_2018": 690.0, "TOT_P_2006": 127.0, "GRD_ID": "CRS3035RES1000mN2470000E4459000", "TOT_P_2011": 703.0, "TOT_P_2021": 677.0, "Y_LLC": 2470000, "CNTR_ID": "IT", "NUTS2016_3": "ITH36", "NUTS2016_2": "ITH3", "NUTS2016_1": "ITH", "NUTS2016_0": "IT", "LAND_PC": 100.0, "X_LLC": 4459000, "NUTS2021_3": "ITH36", "NUTS2021_2": "ITH3", "DIST_COAST": 29059.52, "NUTS2021_1": "ITH", "NUTS2021_0": "IT", "NUTS2024_3": "ITH36", "NUTS2024_2": "ITH3", "NUTS2024_1": "ITH", "NUTS2024_0": "IT" }, "geometry": { "type": "Point", "coordinates": [ 11.764222568104715, 45.331938888776257 ] } },
{ "type": "Feature", "properties": { "DIST_BORD": 147627.66, "TOT_P_2018": 286.0, "TOT_P_2006": 225.0, "GRD_ID": "CRS3035RES1000mN2470000E4460000", "TOT_P_2011": 285.0, "TOT_P_2021": 317.0, "Y_LLC": 2470000, "CNTR_ID": "IT", "NUTS2016_3": "ITH36", "NUTS2016_2": "ITH3", "NUTS2016_1": "ITH", "NUTS2016_0": "IT", "LAND_PC": 100.0, "X_LLC": 4460000, "NUTS2021_3": "ITH36", "NUTS2021_2": "ITH3", "DIST_COAST": 28060.13, "NUTS2021_1": "ITH", "NUTS2021_0": "IT", "NUTS2024_3": "ITH36", "NUTS2024_2": "ITH3", "NUTS2024_1": "ITH", "NUTS2024_0": "IT" }, "geometry": { "type": "Point", "coordinates": [ 11.776956499492927, 45.331725012534022 ] } },
{ "type": "Feature", "properties": { "DIST_BORD": 146635.96, "TOT_P_2018": 2521.0, "TOT_P_2006": 3550.0, "GRD_ID": "CRS3035RES1000mN2470000E4461000", "TOT_P_2011": 2518.0, "TOT_P_2021": 2568.0, "Y_LLC": 2470000, "CNTR_ID": "IT", "NUTS2016_3": "ITH36", "NUTS2016_2": "ITH3", "NUTS2016_1": "ITH", "NUTS2016_0": "IT", "LAND_PC": 100.0, "X_LLC": 4461000, "NUTS2021_3": "ITH36", "NUTS2021_2": "ITH3", "DIST_COAST": 27060.79, "NUTS2021_1": "ITH", "NUTS2021_0": "IT", "NUTS2024_3": "ITH36", "NUTS2024_2": "ITH3", "NUTS2024_1": "ITH", "NUTS2024_0": "IT" }, "geometry": { "type": "Point", "coordinates": [ 11.789690341745551, 45.331509598476941 ] } },
{ "type": "Feature", "properties": { "DIST_BORD": 145644.37, "TOT_P_2018": 735.0, "TOT_P_2006": 287.0, "GRD_ID": "CRS3035RES1000mN2470000E4462000", "TOT_P_2011": 715.0, "TOT_P_2021": 750.0, "Y_LLC": 2470000, "CNTR_ID": "IT", "NUTS2016_3": "ITH36", "NUTS2016_2": "ITH3", "NUTS2016_1": "ITH", "NUTS2016_0": "IT", "LAND_PC": 100.0, "X_LLC": 4462000, "NUTS2021_3": "ITH36", "NUTS2021_2": "ITH3", "DIST_COAST": 26061.49, "NUTS2021_1": "ITH", "NUTS2021_0": "IT", "NUTS2024_3": "ITH36", "NUTS2024_2": "ITH3", "NUTS2024_1": "ITH", "NUTS2024_0": "IT" }, "geometry": { "type": "Point", "coordinates": [ 11.802424093881244, 45.331292646514662 ] } },
{ "type": "Feature", "properties": { "DIST_BORD": 144652.9, "TOT_P_2018": 142.0, "TOT_P_2006": 55.0, "GRD_ID": "CRS3035RES1000mN2470000E4463000", "TOT_P_2011": 151.0, "TOT_P_2021": 202.0, "Y_LLC": 2470000, "CNTR_ID": "IT", "NUTS2016_3": "ITH36", "NUTS2016_2": "ITH3", "NUTS2016_1": "ITH", "NUTS2016_0": "IT", "LAND_PC": 100.0, "X_LLC": 4463000, "NUTS2021_3": "ITH36", "NUTS2021_2": "ITH3", "DIST_COAST": 25062.26, "NUTS2021_1": "ITH", "NUTS2021_0": "IT", "NUTS2024_3": "ITH36", "NUTS2024_2": "ITH3", "NUTS2024_1": "ITH", "NUTS2024_0": "IT" }, "geometry": { "type": "Point", "coordinates": [ 11.815157755681344, 45.331074156656889 ] } },
{ "type": "Feature", "properties": { "DIST_BORD": 153770.61, "TOT_P_2018": 11.0, "TOT_P_2006": 136.0, "GRD_ID": "CRS3035RES1000mN2471000E4451000", "TOT_P_2011": 11.0, "TOT_P_2021": 66.0, "Y_LLC": 2471000, "CNTR_ID": "IT", "NUTS2016_3": "ITH36", "NUTS2016_2": "ITH3", "NUTS2016_1": "ITH", "NUTS2016_0": "IT", "LAND_PC": 100.0, "X_LLC": 4451000, "NUTS2021_3": "ITH36", "NUTS2021_2": "ITH3", "DIST_COAST": 37096.23, "NUTS2021_1": "ITH", "NUTS2021_0": "IT", "NUTS2024_3": "ITH36", "NUTS2024_2": "ITH3", "NUTS2024_1": "ITH", "NUTS2024_0": "IT" }, "geometry": { "type": "Point", "coordinates": [ 11.662619002239525, 45.342603856420908 ] } },
{ "type": "Feature", "properties": { "DIST_BORD": 154536.43, "TOT_P_2018": 251.0, "TOT_P_2006": 121.0, "GRD_ID": "CRS3035RES1000mN2471000E4452000", "TOT_P_2011": 251.0, "TOT_P_2021": 195.0, "Y_LLC": 2471000, "CNTR_ID": "IT", "NUTS2016_3": "ITH36", "NUTS2016_2": "ITH3", "NUTS2016_1": "ITH", "NUTS2016_0": "IT", "LAND_PC": 100.0, "X_LLC": 4452000, "NUTS2021_3": "ITH36", "NUTS2021_2": "ITH3", "DIST_COAST": 36097.73, "NUTS2021_1": "ITH", "NUTS2021_0": "IT", "NUTS2024_3": "ITH36", "NUTS2024_2": "ITH3", "NUTS2024_1": "ITH", "NUTS2024_0": "IT" }, "geometry": { "type": "Point", "coordinates": [ 11.675355699091924, 45.342402245700612 ] } },
{ "type": "Feature", "properties": { "DIST_BORD": 154453.38, "TOT_P_2018": 77.0, "TOT_P_2006": 6.0, "GRD_ID": "CRS3035RES1000mN2471000E4453000", "TOT_P_2011": 77.0, "TOT_P_2021": 41.0, "Y_LLC": 2471000, "CNTR_ID": "IT", "NUTS2016_3": "ITH36", "NUTS2016_2": "ITH3", "NUTS2016_1": "ITH", "NUTS2016_0": "IT", "LAND_PC": 100.0, "X_LLC": 4453000, "NUTS2021_3": "ITH36", "NUTS2021_2": "ITH3", "DIST_COAST": 35099.3, "NUTS2021_1": "ITH", "NUTS2021_0": "IT", "NUTS2024_3": "ITH36", "NUTS2024_2": "ITH3", "NUTS2024_1": "ITH", "NUTS2024_0": "IT" }, "geometry": { "type": "Point", "coordinates": [ 11.68809231175084, 45.342199096681014 ] } },
{ "type": "Feature", "properties": { "DIST_BORD": 153460.17, "TOT_P_2018": 60.0, "TOT_P_2006": 64.0, "GRD_ID": "CRS3035RES1000mN2471000E4454000", "TOT_P_2011": 60.0, "TOT_P_2021": 22.0, "Y_LLC": 2471000, "CNTR_ID": "IT", "NUTS2016_3": "ITH36", "NUTS2016_2": "ITH3", "NUTS2016_1": "ITH", "NUTS2016_0": "IT", "LAND_PC": 100.0, "X_LLC": 4454000, "NUTS2021_3": "ITH36", "NUTS2021_2": "ITH3", "DIST_COAST": 34100.97, "NUTS2021_1": "ITH", "NUTS2021_0": "IT", "NUTS2024_3": "ITH36", "NUTS2024_2": "ITH3", "NUTS2024_1": "ITH", "NUTS2024_0": "IT" }, "geometry": { "type": "Point", "coordinates": [ 11.700828839453894, 45.341994409378763 ] } },
{ "type": "Feature", "properties": { "DIST_BORD": 152467.06, "TOT_P_2018": 315.0, "TOT_P_2006": 205.0, "GRD_ID": "CRS3035RES1000mN2471000E4455000", "TOT_P_2011": 304.0, "TOT_P_2021": 338.0, "Y_LLC": 2471000, "CNTR_ID": "IT", "NUTS2016_3": "ITH36", "NUTS2016_2": "ITH3", "NUTS2016_1": "ITH", "NUTS2016_0": "IT", "LAND_PC": 100.0, "X_LLC": 4455000, "NUTS2021_3": "ITH36", "NUTS2021_2": "ITH3", "DIST_COAST": 33102.75, "NUTS2021_1": "ITH", "NUTS2021_0": "IT", "NUTS2024_3": "ITH36", "NUTS2024_2": "ITH3", "NUTS2024_1": "ITH", "NUTS2024_0": "IT" }, "geometry": { "type": "Point", "coordinates": [ 11.713565281911725, 45.341788183817734 ] } },
{ "type": "Feature", "properties": { "DIST_BORD": 151474.03, "TOT_P_2018": 640.0, "TOT_P_2006": 445.0, "GRD_ID": "CRS3035RES1000mN2471000E4456000", "TOT_P_2011": 637.0, "TOT_P_2021": 597.0, "Y_LLC": 2471000, "CNTR_ID": "IT", "NUTS2016_3": "ITH36", "NUTS2016_2": "ITH3", "NUTS2016_1": "ITH", "NUTS2016_0": "IT", "LAND_PC": 100.0, "X_LLC": 4456000, "NUTS2021_3": "ITH36", "NUTS2021_2": "ITH3", "DIST_COAST": 32104.63, "NUTS2021_1": "ITH", "NUTS2021_0": "IT", "NUTS2024_3": "ITH36", "NUTS2024_2": "ITH3", "NUTS2024_1": "ITH", "NUTS2024_0": "IT" }, "geometry": { "type": "Point", "coordinates": [ 11.72630163809451, 45.341580419992873 ] } },
{ "type": "Feature", "properties": { "DIST_BORD": 150481.1, "TOT_P_2018": 268.0, "TOT_P_2006": 188.0, "GRD_ID": "CRS3035RES1000mN2471000E4457000", "TOT_P_2011": 267.0, "TOT_P_2021": 404.0, "Y_LLC": 2471000, "CNTR_ID": "IT", "NUTS2016_3": "ITH36", "NUTS2016_2": "ITH3", "NUTS2016_1": "ITH", "NUTS2016_0": "IT", "LAND_PC": 100.0, "X_LLC": 4457000, "NUTS2021_3": "ITH36", "NUTS2021_2": "ITH3", "DIST_COAST": 31106.63, "NUTS2021_1": "ITH", "NUTS2021_0": "IT", "NUTS2024_3": "ITH36", "NUTS2024_2": "ITH3", "NUTS2024_1": "ITH", "NUTS2024_0": "IT" }, "geometry": { "type": "Point", "coordinates": [ 11.739037907582821, 45.341371117965025 ] } },
{ "type": "Feature", "properties": { "DIST_BORD": 149488.26, "TOT_P_2018": 279.0, "TOT_P_2006": 310.0, "GRD_ID": "CRS3035RES1000mN2471000E4458000", "TOT_P_2011": 266.0, "TOT_P_2021": 261.0, "Y_LLC": 2471000, "CNTR_ID": "IT", "NUTS2016_3": "ITH36", "NUTS2016_2": "ITH3", "NUTS2016_1": "ITH", "NUTS2016_0": "IT", "LAND_PC": 100.0, "X_LLC": 4458000, "NUTS2021_3": "ITH36", "NUTS2021_2": "ITH3", "DIST_COAST": 30108.76, "NUTS2021_1": "ITH", "NUTS2021_0": "IT", "NUTS2024_3": "ITH36", "NUTS2024_2": "ITH3", "NUTS2024_1": "ITH", "NUTS2024_0": "IT" }, "geometry": { "type": "Point", "coordinates": [ 11.751774089569109, 45.341160277689966 ] } },
{ "type": "Feature", "properties": { "DIST_BORD": 146510.32, "TOT_P_2018": 1566.0, "TOT_P_2006": 1772.0, "GRD_ID": "CRS3035RES1000mN2471000E4461000", "TOT_P_2011": 1593.0, "TOT_P_2021": 1811.0, "Y_LLC": 2471000, "CNTR_ID": "IT", "NUTS2016_3": "ITH36", "NUTS2016_2": "ITH3", "NUTS2016_1": "ITH", "NUTS2016_0": "IT", "LAND_PC": 100.0, "X_LLC": 4461000, "NUTS2021_3": "ITH36", "NUTS2021_2": "ITH3", "DIST_COAST": 27116.11, "NUTS2021_1": "ITH", "NUTS2021_0": "IT", "NUTS2024_3": "ITH36", "NUTS2024_2": "ITH3", "NUTS2024_1": "ITH", "NUTS2024_0": "IT" }, "geometry": { "type": "Point", "coordinates": [ 11.789982104997518, 45.340518527817501 ] } },
{ "type": "Feature", "properties": { "DIST_BORD": 145517.87, "TOT_P_2018": 235.0, "TOT_P_2006": 0.0, "GRD_ID": "CRS3035RES1000mN2471000E4462000", "TOT_P_2011": 204.0, "TOT_P_2021": 314.0, "Y_LLC": 2471000, "CNTR_ID": "IT", "NUTS2016_3": "ITH36", "NUTS2016_2": "ITH3", "NUTS2016_1": "ITH", "NUTS2016_0": "IT", "LAND_PC": 100.0, "X_LLC": 4462000, "NUTS2021_3": "ITH36", "NUTS2021_2": "ITH3", "DIST_COAST": 26118.94, "NUTS2021_1": "ITH", "NUTS2021_0": "IT", "NUTS2024_3": "ITH36", "NUTS2024_2": "ITH3", "NUTS2024_1": "ITH", "NUTS2024_0": "IT" }, "geometry": { "type": "Point", "coordinates": [ 11.802717931069642, 45.340301534897158 ] } },
{ "type": "Feature", "properties": { "DIST_BORD": 151589.15, "TOT_P_2018": 198.0, "TOT_P_2006": 54.0, "GRD_ID": "CRS3035RES1000mN2472000E4449000", "TOT_P_2011": 184.0, "TOT_P_2021": 221.0, "Y_LLC": 2472000, "CNTR_ID": "IT", "NUTS2016_3": "ITH32-ITH36", "NUTS2016_2": "ITH3", "NUTS2016_1": "ITH", "NUTS2016_0": "IT", "LAND_PC": 100.0, "X_LLC": 4449000, "NUTS2021_3": "ITH32-ITH36", "NUTS2021_2": "ITH3", "DIST_COAST": 39157.34, "NUTS2021_1": "ITH", "NUTS2021_0": "IT", "NUTS2024_3": "ITH32-ITH36", "NUTS2024_2": "ITH3", "NUTS2024_1": "ITH", "NUTS2024_0": "IT" }, "geometry": { "type": "Point", "coordinates": [ 11.637412345253368, 45.352011806089976 ] } },
{ "type": "Feature", "properties": { "DIST_BORD": 153127.17, "TOT_P_2018": 33.0, "TOT_P_2006": 56.0, "GRD_ID": "CRS3035RES1000mN2472000E4451000", "TOT_P_2011": 33.0, "TOT_P_2021": 60.0, "Y_LLC": 2472000, "CNTR_ID": "IT", "NUTS2016_3": "ITH36", "NUTS2016_2": "ITH3", "NUTS2016_1": "ITH", "NUTS2016_0": "IT", "LAND_PC": 100.0, "X_LLC": 4451000, "NUTS2021_3": "ITH36", "NUTS2021_2": "ITH3", "DIST_COAST": 37163.53, "NUTS2021_1": "ITH", "NUTS2021_0": "IT", "NUTS2024_3": "ITH36", "NUTS2024_2": "ITH3", "NUTS2024_1": "ITH", "NUTS2024_0": "IT" }, "geometry": { "type": "Point", "coordinates": [ 11.662890139656046, 45.351613124309061 ] } },
{ "type": "Feature", "properties": { "DIST_BORD": 153892.57, "TOT_P_2018": 419.0, "TOT_P_2006": 108.0, "GRD_ID": "CRS3035RES1000mN2472000E4452000", "TOT_P_2011": 420.0, "TOT_P_2021": 428.0, "Y_LLC": 2472000, "CNTR_ID": "IT", "NUTS2016_3": "ITH36", "NUTS2016_2": "ITH3", "NUTS2016_1": "ITH", "NUTS2016_0": "IT", "LAND_PC": 100.0, "X_LLC": 4452000, "NUTS2021_3": "ITH36", "NUTS2021_2": "ITH3", "DIST_COAST": 36166.88, "NUTS2021_1": "ITH", "NUTS2021_0": "IT", "NUTS2024_3": "ITH36", "NUTS2024_2": "ITH3", "NUTS2024_1": "ITH", "NUTS2024_0": "IT" }, "geometry": { "type": "Point", "coordinates": [ 11.675628911809913, 45.351411475479722 ] } },
{ "type": "Feature", "properties": { "DIST_BORD": 154340.58, "TOT_P_2018": 448.0, "TOT_P_2006": 174.0, "GRD_ID": "CRS3035RES1000mN2472000E4453000", "TOT_P_2011": 440.0, "TOT_P_2021": 386.0, "Y_LLC": 2472000, "CNTR_ID": "IT", "NUTS2016_3": "ITH36", "NUTS2016_2": "ITH3", "NUTS2016_1": "ITH", "NUTS2016_0": "IT", "LAND_PC": 100.0, "X_LLC": 4453000, "NUTS2021_3": "ITH36", "NUTS2021_2": "ITH3", "DIST_COAST": 35170.42, "NUTS2021_1": "ITH", "NUTS2021_0": "IT", "NUTS2024_3": "ITH36", "NUTS2024_2": "ITH3", "NUTS2024_1": "ITH", "NUTS2024_0": "IT" }, "geometry": { "type": "Point", "coordinates": [ 11.688367599717372, 45.35120828811386 ] } },
{ "type": "Feature", "properties": { "DIST_BORD": 153346.65, "TOT_P_2018": 11.0, "TOT_P_2006": 0.0, "GRD_ID": "CRS3035RES1000mN2472000E4454000", "TOT_P_2011": 11.0, "TOT_P_2021": 30.0, "Y_LLC": 2472000, "CNTR_ID": "IT", "NUTS2016_3": "ITH36", "NUTS2016_2": "ITH3", "NUTS2016_1": "ITH", "NUTS2016_0": "IT", "LAND_PC": 100.0, "X_LLC": 4454000, "NUTS2021_3": "ITH36", "NUTS2021_2": "ITH3", "DIST_COAST": 34174.17, "NUTS2021_1": "ITH", "NUTS2021_0": "IT", "NUTS2024_3": "ITH36", "NUTS2024_2": "ITH3", "NUTS2024_1": "ITH", "NUTS2024_0": "IT" }, "geometry": { "type": "Point", "coordinates": [ 11.701106202570482, 45.351003562241338 ] } },
{ "type": "Feature", "properties": { "DIST_BORD": 152352.79, "TOT_P_2018": 2.0, "TOT_P_2006": 27.0, "GRD_ID": "CRS3035RES1000mN2472000E4455000", "TOT_P_2011": 25.0, "TOT_P_2021": 68.0, "Y_LLC": 2472000, "CNTR_ID": "IT", "NUTS2016_3": "ITH36", "NUTS2016_2": "ITH3", "NUTS2016_1": "ITH", "NUTS2016_0": "IT", "LAND_PC": 100.0, "X_LLC": 4455000, "NUTS2021_3": "ITH36", "NUTS2021_2": "ITH3", "DIST_COAST": 33178.14, "NUTS2021_1": "ITH", "NUTS2021_0": "IT", "NUTS2024_3": "ITH36", "NUTS2024_2": "ITH3", "NUTS2024_1": "ITH", "NUTS2024_0": "IT" }, "geometry": { "type": "Point", "coordinates": [ 11.713844720121063, 45.350797297708837 ] } },
{ "type": "Feature", "properties": { "DIST_BORD": 151359.01, "TOT_P_2018": 32.0, "TOT_P_2006": 0.0, "GRD_ID": "CRS3035RES1000mN2472000E4456000", "TOT_P_2011": 32.0, "TOT_P_2021": 103.0, "Y_LLC": 2472000, "CNTR_ID": "IT", "NUTS2016_3": "ITH36", "NUTS2016_2": "ITH3", "NUTS2016_1": "ITH", "NUTS2016_0": "IT", "LAND_PC": 100.0, "X_LLC": 4456000, "NUTS2021_3": "ITH36", "NUTS2021_2": "ITH3", "DIST_COAST": 32182.36, "NUTS2021_1": "ITH", "NUTS2021_0": "IT", "NUTS2024_3": "ITH36", "NUTS2024_2": "ITH3", "NUTS2024_1": "ITH", "NUTS2024_0": "IT" }, "geometry": { "type": "Point", "coordinates": [ 11.726583151354895, 45.350589494697807 ] } },
{ "type": "Feature", "properties": { "DIST_BORD": 150365.32, "TOT_P_2018": 265.0, "TOT_P_2006": 85.0, "GRD_ID": "CRS3035RES1000mN2472000E4457000", "TOT_P_2011": 249.0, "TOT_P_2021": 347.0, "Y_LLC": 2472000, "CNTR_ID": "IT", "NUTS2016_3": "ITH36", "NUTS2016_2": "ITH3", "NUTS2016_1": "ITH", "NUTS2016_0": "IT", "LAND_PC": 100.0, "X_LLC": 4457000, "NUTS2021_3": "ITH36", "NUTS2021_2": "ITH3", "DIST_COAST": 31186.85, "NUTS2021_1": "ITH", "NUTS2021_0": "IT", "NUTS2024_3": "ITH36", "NUTS2024_2": "ITH3", "NUTS2024_1": "ITH", "NUTS2024_0": "IT" }, "geometry": { "type": "Point", "coordinates": [ 11.739321495821585, 45.350380153133173 ] } },
{ "type": "Feature", "properties": { "DIST_BORD": 149371.71, "TOT_P_2018": 520.0, "TOT_P_2006": 228.0, "GRD_ID": "CRS3035RES1000mN2472000E4458000", "TOT_P_2011": 502.0, "TOT_P_2021": 412.0, "Y_LLC": 2472000, "CNTR_ID": "IT", "NUTS2016_3": "ITH36", "NUTS2016_2": "ITH3", "NUTS2016_1": "ITH", "NUTS2016_0": "IT", "LAND_PC": 100.0, "X_LLC": 4458000, "NUTS2021_3": "ITH36", "NUTS2021_2": "ITH3", "DIST_COAST": 30191.64, "NUTS2021_1": "ITH", "NUTS2021_0": "IT", "NUTS2024_3": "ITH36", "NUTS2024_2": "ITH3", "NUTS2024_1": "ITH", "NUTS2024_0": "IT" }, "geometry": { "type": "Point", "coordinates": [ 11.752059752764445, 45.350169273150001 ] } },
{ "type": "Feature", "properties": { "DIST_BORD": 150181.88, "TOT_P_2018": 23.0, "TOT_P_2006": 339.0, "GRD_ID": "CRS3035RES1000mN2473000E4448000", "TOT_P_2011": 24.0, "TOT_P_2021": 15.0, "Y_LLC": 2473000, "CNTR_ID": "IT", "NUTS2016_3": "ITH32-ITH36", "NUTS2016_2": "ITH3", "NUTS2016_1": "ITH", "NUTS2016_0": "IT", "LAND_PC": 100.0, "X_LLC": 4448000, "NUTS2021_3": "ITH32-ITH36", "NUTS2021_2": "ITH3", "DIST_COAST": 40241.51, "NUTS2021_1": "ITH", "NUTS2021_0": "IT", "NUTS2024_3": "ITH32-ITH36", "NUTS2024_2": "ITH3", "NUTS2024_1": "ITH", "NUTS2024_0": "IT" }, "geometry": { "type": "Point", "coordinates": [ 11.624938348388225, 45.361218164538812 ] } },
{ "type": "Feature", "properties": { "DIST_BORD": 150954.84, "TOT_P_2018": 448.0, "TOT_P_2006": 350.0, "GRD_ID": "CRS3035RES1000mN2473000E4449000", "TOT_P_2011": 442.0, "TOT_P_2021": 533.0, "Y_LLC": 2473000, "CNTR_ID": "IT", "NUTS2016_3": "ITH32-ITH36", "NUTS2016_2": "ITH3", "NUTS2016_1": "ITH", "NUTS2016_0": "IT", "LAND_PC": 100.0, "X_LLC": 4449000, "NUTS2021_3": "ITH32-ITH36", "NUTS2021_2": "ITH3", "DIST_COAST": 39246.59, "NUTS2021_1": "ITH", "NUTS2021_0": "IT", "NUTS2024_3": "ITH32-ITH36", "NUTS2024_2": "ITH3", "NUTS2024_1": "ITH", "NUTS2024_0": "IT" }, "geometry": { "type": "Point", "coordinates": [ 11.637679445718609, 45.361021094382032 ] } },
{ "type": "Feature", "properties": { "DIST_BORD": 151718.01, "TOT_P_2018": 107.0, "TOT_P_2006": 11.0, "GRD_ID": "CRS3035RES1000mN2473000E4450000", "TOT_P_2011": 107.0, "TOT_P_2021": 49.0, "Y_LLC": 2473000, "CNTR_ID": "IT", "NUTS2016_3": "ITH32-ITH36", "NUTS2016_2": "ITH3", "NUTS2016_1": "ITH", "NUTS2016_0": "IT", "LAND_PC": 100.0, "X_LLC": 4450000, "NUTS2021_3": "ITH32-ITH36", "NUTS2021_2": "ITH3", "DIST_COAST": 38251.93, "NUTS2021_1": "ITH", "NUTS2021_0": "IT", "NUTS2024_3": "ITH32-ITH36", "NUTS2024_2": "ITH3", "NUTS2024_1": "ITH", "NUTS2024_0": "IT" }, "geometry": { "type": "Point", "coordinates": [ 11.65042046068608, 45.360822485267903 ] } },
{ "type": "Feature", "properties": { "DIST_BORD": 152483.92, "TOT_P_2018": 27.0, "TOT_P_2006": 7.0, "GRD_ID": "CRS3035RES1000mN2473000E4451000", "TOT_P_2011": 27.0, "TOT_P_2021": 48.0, "Y_LLC": 2473000, "CNTR_ID": "IT", "NUTS2016_3": "ITH36", "NUTS2016_2": "ITH3", "NUTS2016_1": "ITH", "NUTS2016_0": "IT", "LAND_PC": 100.0, "X_LLC": 4451000, "NUTS2021_3": "ITH36", "NUTS2021_2": "ITH3", "DIST_COAST": 37257.55, "NUTS2021_1": "ITH", "NUTS2021_0": "IT", "NUTS2024_3": "ITH36", "NUTS2024_2": "ITH3", "NUTS2024_1": "ITH", "NUTS2024_0": "IT" }, "geometry": { "type": "Point", "coordinates": [ 11.663161392701678, 45.360622337376384 ] } },
{ "type": "Feature", "properties": { "DIST_BORD": 153252.53, "TOT_P_2018": 26.0, "TOT_P_2006": 0.0, "GRD_ID": "CRS3035RES1000mN2473000E4452000", "TOT_P_2011": 26.0, "TOT_P_2021": 34.0, "Y_LLC": 2473000, "CNTR_ID": "IT", "NUTS2016_3": "ITH36", "NUTS2016_2": "ITH3", "NUTS2016_1": "ITH", "NUTS2016_0": "IT", "LAND_PC": 100.0, "X_LLC": 4452000, "NUTS2021_3": "ITH36", "NUTS2021_2": "ITH3", "DIST_COAST": 36263.49, "NUTS2021_1": "ITH", "NUTS2021_0": "IT", "NUTS2024_3": "ITH36", "NUTS2024_2": "ITH3", "NUTS2024_1": "ITH", "NUTS2024_0": "IT" }, "geometry": { "type": "Point", "coordinates": [ 11.675902241018369, 45.360420650517163 ] } },
{ "type": "Feature", "properties": { "DIST_BORD": 154023.8, "TOT_P_2018": 110.0, "TOT_P_2006": 16.0, "GRD_ID": "CRS3035RES1000mN2473000E4453000", "TOT_P_2011": 110.0, "TOT_P_2021": 124.0, "Y_LLC": 2473000, "CNTR_ID": "IT", "NUTS2016_3": "ITH36", "NUTS2016_2": "ITH3", "NUTS2016_1": "ITH", "NUTS2016_0": "IT", "LAND_PC": 100.0, "X_LLC": 4453000, "NUTS2021_3": "ITH36", "NUTS2021_2": "ITH3", "DIST_COAST": 35269.76, "NUTS2021_1": "ITH", "NUTS2021_0": "IT", "NUTS2024_3": "ITH36", "NUTS2024_2": "ITH3", "NUTS2024_1": "ITH", "NUTS2024_0": "IT" }, "geometry": { "type": "Point", "coordinates": [ 11.688643004937679, 45.360217424759782 ] } },
{ "type": "Feature", "properties": { "DIST_BORD": 153239.56, "TOT_P_2018": 285.0, "TOT_P_2006": 377.0, "GRD_ID": "CRS3035RES1000mN2473000E4454000", "TOT_P_2011": 285.0, "TOT_P_2021": 322.0, "Y_LLC": 2473000, "CNTR_ID": "IT", "NUTS2016_3": "ITH36", "NUTS2016_2": "ITH3", "NUTS2016_1": "ITH", "NUTS2016_0": "IT", "LAND_PC": 100.0, "X_LLC": 4454000, "NUTS2021_3": "ITH36", "NUTS2021_2": "ITH3", "DIST_COAST": 34276.39, "NUTS2021_1": "ITH", "NUTS2021_0": "IT", "NUTS2024_3": "ITH36", "NUTS2024_2": "ITH3", "NUTS2024_1": "ITH", "NUTS2024_0": "IT" }, "geometry": { "type": "Point", "coordinates": [ 11.701383683972312, 45.360012660160017 ] } },
{ "type": "Feature", "properties": { "DIST_BORD": 152245.01, "TOT_P_2018": 129.0, "TOT_P_2006": 93.0, "GRD_ID": "CRS3035RES1000mN2473000E4455000", "TOT_P_2011": 129.0, "TOT_P_2021": 111.0, "Y_LLC": 2473000, "CNTR_ID": "IT", "NUTS2016_3": "ITH36", "NUTS2016_2": "ITH3", "NUTS2016_1": "ITH", "NUTS2016_0": "IT", "LAND_PC": 100.0, "X_LLC": 4455000, "NUTS2021_3": "ITH36", "NUTS2021_2": "ITH3", "DIST_COAST": 33283.43, "NUTS2021_1": "ITH", "NUTS2021_0": "IT", "NUTS2024_3": "ITH36", "NUTS2024_2": "ITH3", "NUTS2024_1": "ITH", "NUTS2024_0": "IT" }, "geometry": { "type": "Point", "coordinates": [ 11.714124277399399, 45.359806356719758 ] } },
{ "type": "Feature", "properties": { "DIST_BORD": 151250.52, "TOT_P_2018": 27.0, "TOT_P_2006": 0.0, "GRD_ID": "CRS3035RES1000mN2473000E4456000", "TOT_P_2011": 27.0, "TOT_P_2021": 40.0, "Y_LLC": 2473000, "CNTR_ID": "IT", "NUTS2016_3": "ITH36", "NUTS2016_2": "ITH3", "NUTS2016_1": "ITH", "NUTS2016_0": "IT", "LAND_PC": 100.0, "X_LLC": 4456000, "NUTS2021_3": "ITH36", "NUTS2021_2": "ITH3", "DIST_COAST": 32290.89, "NUTS2021_1": "ITH", "NUTS2021_0": "IT", "NUTS2024_3": "ITH36", "NUTS2024_2": "ITH3", "NUTS2024_1": "ITH", "NUTS2024_0": "IT" }, "geometry": { "type": "Point", "coordinates": [ 11.726864784605931, 45.359598514470022 ] } },
{ "type": "Feature", "properties": { "DIST_BORD": 150256.11, "TOT_P_2018": 287.0, "TOT_P_2006": 42.0, "GRD_ID": "CRS3035RES1000mN2473000E4457000", "TOT_P_2011": 287.0, "TOT_P_2021": 278.0, "Y_LLC": 2473000, "CNTR_ID": "IT", "NUTS2016_3": "ITH36", "NUTS2016_2": "ITH3", "NUTS2016_1": "ITH", "NUTS2016_0": "IT", "LAND_PC": 100.0, "X_LLC": 4457000, "NUTS2021_3": "ITH36", "NUTS2021_2": "ITH3", "DIST_COAST": 31298.83, "NUTS2021_1": "ITH", "NUTS2021_0": "IT", "NUTS2024_3": "ITH36", "NUTS2024_2": "ITH3", "NUTS2024_1": "ITH", "NUTS2024_0": "IT" }, "geometry": { "type": "Point", "coordinates": [ 11.739605204914374, 45.359389133410311 ] } },
{ "type": "Feature", "properties": { "DIST_BORD": 149261.77, "TOT_P_2018": 74.0, "TOT_P_2006": 29.0, "GRD_ID": "CRS3035RES1000mN2473000E4458000", "TOT_P_2011": 74.0, "TOT_P_2021": 58.0, "Y_LLC": 2473000, "CNTR_ID": "IT", "NUTS2016_3": "ITH36", "NUTS2016_2": "ITH3", "NUTS2016_1": "ITH", "NUTS2016_0": "IT", "LAND_PC": 100.0, "X_LLC": 4458000, "NUTS2021_3": "ITH36", "NUTS2021_2": "ITH3", "DIST_COAST": 30307.3, "NUTS2021_1": "ITH", "NUTS2021_0": "IT", "NUTS2024_3": "ITH36", "NUTS2024_2": "ITH3", "NUTS2024_1": "ITH", "NUTS2024_0": "IT" }, "geometry": { "type": "Point", "coordinates": [ 11.7523455377437, 45.359178213542187 ] } },
{ "type": "Feature", "properties": { "DIST_BORD": 130385.83, "TOT_P_2018": 351.0, "TOT_P_2006": 366.0, "GRD_ID": "CRS3035RES1000mN2473000E4477000", "TOT_P_2011": 356.0, "TOT_P_2021": 323.0, "Y_LLC": 2473000, "CNTR_ID": "IT", "NUTS2016_3": "ITH35-ITH36", "NUTS2016_2": "ITH3", "NUTS2016_1": "ITH", "NUTS2016_0": "IT", "LAND_PC": 100.0, "X_LLC": 4477000, "NUTS2021_3": "ITH35-ITH36", "NUTS2021_2": "ITH3", "DIST_COAST": 11430.35, "NUTS2021_1": "ITH", "NUTS2021_0": "IT", "NUTS2024_3": "ITH35-ITH36", "NUTS2024_2": "ITH3", "NUTS2024_1": "ITH", "NUTS2024_0": "IT" }, "geometry": { "type": "Point", "coordinates": [ 11.994394384085433, 45.354878389791743 ] } },
{ "type": "Feature", "properties": { "DIST_BORD": 149545.27, "TOT_P_2018": 0.0, "TOT_P_2006": 338.0, "GRD_ID": "CRS3035RES1000mN2474000E4448000", "TOT_P_2011": 0.0, "TOT_P_2021": 9.0, "Y_LLC": 2474000, "CNTR_ID": "IT", "NUTS2016_3": "ITH32-ITH36", "NUTS2016_2": "ITH3", "NUTS2016_1": "ITH", "NUTS2016_0": "IT", "LAND_PC": 100.0, "X_LLC": 4448000, "NUTS2021_3": "ITH32-ITH36", "NUTS2021_2": "ITH3", "DIST_COAST": 40353.15, "NUTS2021_1": "ITH", "NUTS2021_0": "IT", "NUTS2024_3": "ITH32-ITH36", "NUTS2024_2": "ITH3", "NUTS2024_1": "ITH", "NUTS2024_0": "IT" }, "geometry": { "type": "Point", "coordinates": [ 11.625203485573618, 45.37022743524161 ] } },
{ "type": "Feature", "properties": { "DIST_BORD": 150308.94, "TOT_P_2018": 215.0, "TOT_P_2006": 386.0, "GRD_ID": "CRS3035RES1000mN2474000E4449000", "TOT_P_2011": 215.0, "TOT_P_2021": 138.0, "Y_LLC": 2474000, "CNTR_ID": "IT", "NUTS2016_3": "ITH32-ITH36", "NUTS2016_2": "ITH3", "NUTS2016_1": "ITH", "NUTS2016_0": "IT", "LAND_PC": 100.0, "X_LLC": 4449000, "NUTS2021_3": "ITH32-ITH36", "NUTS2021_2": "ITH3", "DIST_COAST": 39361.05, "NUTS2021_1": "ITH", "NUTS2021_0": "IT", "NUTS2024_3": "ITH32-ITH36", "NUTS2024_2": "ITH3", "NUTS2024_1": "ITH", "NUTS2024_0": "IT" }, "geometry": { "type": "Point", "coordinates": [ 11.637946660096089, 45.370030327871532 ] } },
{ "type": "Feature", "properties": { "DIST_BORD": 151075.38, "TOT_P_2018": 129.0, "TOT_P_2006": 37.0, "GRD_ID": "CRS3035RES1000mN2474000E4450000", "TOT_P_2011": 113.0, "TOT_P_2021": 177.0, "Y_LLC": 2474000, "CNTR_ID": "IT", "NUTS2016_3": "ITH36", "NUTS2016_2": "ITH3", "NUTS2016_1": "ITH", "NUTS2016_0": "IT", "LAND_PC": 100.0, "X_LLC": 4450000, "NUTS2021_3": "ITH36", "NUTS2021_2": "ITH3", "DIST_COAST": 38369.35, "NUTS2021_1": "ITH", "NUTS2021_0": "IT", "NUTS2024_3": "ITH36", "NUTS2024_2": "ITH3", "NUTS2024_1": "ITH", "NUTS2024_0": "IT" }, "geometry": { "type": "Point", "coordinates": [ 11.650689752303283, 45.369831681332876 ] } },
{ "type": "Feature", "properties": { "DIST_BORD": 151844.53, "TOT_P_2018": 435.0, "TOT_P_2006": 102.0, "GRD_ID": "CRS3035RES1000mN2474000E4451000", "TOT_P_2011": 435.0, "TOT_P_2021": 450.0, "Y_LLC": 2474000, "CNTR_ID": "IT", "NUTS2016_3": "ITH36", "NUTS2016_2": "ITH3", "NUTS2016_1": "ITH", "NUTS2016_0": "IT", "LAND_PC": 100.0, "X_LLC": 4451000, "NUTS2021_3": "ITH36", "NUTS2021_2": "ITH3", "DIST_COAST": 37378.1, "NUTS2021_1": "ITH", "NUTS2021_0": "IT", "NUTS2024_3": "ITH36", "NUTS2024_2": "ITH3", "NUTS2024_1": "ITH", "NUTS2024_0": "IT" }, "geometry": { "type": "Point", "coordinates": [ 11.663432761336635, 45.369631495478359 ] } },
{ "type": "Feature", "properties": { "DIST_BORD": 152616.36, "TOT_P_2018": 53.0, "TOT_P_2006": 24.0, "GRD_ID": "CRS3035RES1000mN2474000E4452000", "TOT_P_2011": 53.0, "TOT_P_2021": 116.0, "Y_LLC": 2474000, "CNTR_ID": "IT", "NUTS2016_3": "ITH36", "NUTS2016_2": "ITH3", "NUTS2016_1": "ITH", "NUTS2016_0": "IT", "LAND_PC": 100.0, "X_LLC": 4452000, "NUTS2021_3": "ITH36", "NUTS2021_2": "ITH3", "DIST_COAST": 36387.33, "NUTS2021_1": "ITH", "NUTS2021_0": "IT", "NUTS2024_3": "ITH36", "NUTS2024_2": "ITH3", "NUTS2024_1": "ITH", "NUTS2024_0": "IT" }, "geometry": { "type": "Point", "coordinates": [ 11.676175686680509, 45.369429770540776 ] } },
{ "type": "Feature", "properties": { "DIST_BORD": 153390.83, "TOT_P_2018": 3.0, "TOT_P_2006": 0.0, "GRD_ID": "CRS3035RES1000mN2474000E4453000", "TOT_P_2011": 41.0, "TOT_P_2021": 64.0, "Y_LLC": 2474000, "CNTR_ID": "IT", "NUTS2016_3": "ITH36", "NUTS2016_2": "ITH3", "NUTS2016_1": "ITH", "NUTS2016_0": "IT", "LAND_PC": 100.0, "X_LLC": 4453000, "NUTS2021_3": "ITH36", "NUTS2021_2": "ITH3", "DIST_COAST": 35397.08, "NUTS2021_1": "ITH", "NUTS2021_0": "IT", "NUTS2024_3": "ITH36", "NUTS2024_2": "ITH3", "NUTS2024_1": "ITH", "NUTS2024_0": "IT" }, "geometry": { "type": "Point", "coordinates": [ 11.688918527626425, 45.36922650644221 ] } },
{ "type": "Feature", "properties": { "DIST_BORD": 153138.93, "TOT_P_2018": 407.0, "TOT_P_2006": 612.0, "GRD_ID": "CRS3035RES1000mN2474000E4454000", "TOT_P_2011": 409.0, "TOT_P_2021": 477.0, "Y_LLC": 2474000, "CNTR_ID": "IT", "NUTS2016_3": "ITH36", "NUTS2016_2": "ITH3", "NUTS2016_1": "ITH", "NUTS2016_0": "IT", "LAND_PC": 100.0, "X_LLC": 4454000, "NUTS2021_3": "ITH36", "NUTS2021_2": "ITH3", "DIST_COAST": 34407.39, "NUTS2021_1": "ITH", "NUTS2021_0": "IT", "NUTS2024_3": "ITH36", "NUTS2024_2": "ITH3", "NUTS2024_1": "ITH", "NUTS2024_0": "IT" }, "geometry": { "type": "Point", "coordinates": [ 11.701661283511701, 45.369021703113496 ] } },
{ "type": "Feature", "properties": { "DIST_BORD": 152143.72, "TOT_P_2018": 1464.0, "TOT_P_2006": 1650.0, "GRD_ID": "CRS3035RES1000mN2474000E4455000", "TOT_P_2011": 1465.0, "TOT_P_2021": 1285.0, "Y_LLC": 2474000, "CNTR_ID": "IT", "NUTS2016_3": "ITH36", "NUTS2016_2": "ITH3", "NUTS2016_1": "ITH", "NUTS2016_0": "IT", "LAND_PC": 100.0, "X_LLC": 4455000, "NUTS2021_3": "ITH36", "NUTS2021_2": "ITH3", "DIST_COAST": 33418.32, "NUTS2021_1": "ITH", "NUTS2021_0": "IT", "NUTS2024_3": "ITH36", "NUTS2024_2": "ITH3", "NUTS2024_1": "ITH", "NUTS2024_0": "IT" }, "geometry": { "type": "Point", "coordinates": [ 11.714403953893154, 45.368815360773013 ] } },
{ "type": "Feature", "properties": { "DIST_BORD": 151148.57, "TOT_P_2018": 230.0, "TOT_P_2006": 50.0, "GRD_ID": "CRS3035RES1000mN2474000E4456000", "TOT_P_2011": 226.0, "TOT_P_2021": 289.0, "Y_LLC": 2474000, "CNTR_ID": "IT", "NUTS2016_3": "ITH36", "NUTS2016_2": "ITH3", "NUTS2016_1": "ITH", "NUTS2016_0": "IT", "LAND_PC": 100.0, "X_LLC": 4456000, "NUTS2021_3": "ITH36", "NUTS2021_2": "ITH3", "DIST_COAST": 32429.91, "NUTS2021_1": "ITH", "NUTS2021_0": "IT", "NUTS2024_3": "ITH36", "NUTS2024_2": "ITH3", "NUTS2024_1": "ITH", "NUTS2024_0": "IT" }, "geometry": { "type": "Point", "coordinates": [ 11.727146537916006, 45.368607479276747 ] } },
{ "type": "Feature", "properties": { "DIST_BORD": 150153.48, "TOT_P_2018": 513.0, "TOT_P_2006": 422.0, "GRD_ID": "CRS3035RES1000mN2474000E4457000", "TOT_P_2011": 479.0, "TOT_P_2021": 444.0, "Y_LLC": 2474000, "CNTR_ID": "IT", "NUTS2016_3": "ITH36", "NUTS2016_2": "ITH3", "NUTS2016_1": "ITH", "NUTS2016_0": "IT", "LAND_PC": 100.0, "X_LLC": 4457000, "NUTS2021_3": "ITH36", "NUTS2021_2": "ITH3", "DIST_COAST": 31442.24, "NUTS2021_1": "ITH", "NUTS2021_0": "IT", "NUTS2024_3": "ITH36", "NUTS2024_2": "ITH3", "NUTS2024_1": "ITH", "NUTS2024_0": "IT" }, "geometry": { "type": "Point", "coordinates": [ 11.739889035013654, 45.368398058664191 ] } },
{ "type": "Feature", "properties": { "DIST_BORD": 149158.46, "TOT_P_2018": 121.0, "TOT_P_2006": 21.0, "GRD_ID": "CRS3035RES1000mN2474000E4458000", "TOT_P_2011": 83.0, "TOT_P_2021": 150.0, "Y_LLC": 2474000, "CNTR_ID": "IT", "NUTS2016_3": "ITH36", "NUTS2016_2": "ITH3", "NUTS2016_1": "ITH", "NUTS2016_0": "IT", "LAND_PC": 100.0, "X_LLC": 4458000, "NUTS2021_3": "ITH36", "NUTS2021_2": "ITH3", "DIST_COAST": 30455.37, "NUTS2021_1": "ITH", "NUTS2021_0": "IT", "NUTS2024_3": "ITH36", "NUTS2024_2": "ITH3", "NUTS2024_1": "ITH", "NUTS2024_0": "IT" }, "geometry": { "type": "Point", "coordinates": [ 11.752631444468344, 45.368187098955147 ] } },
{ "type": "Feature", "properties": { "DIST_BORD": 131261.02, "TOT_P_2018": 887.0, "TOT_P_2006": 735.0, "GRD_ID": "CRS3035RES1000mN2474000E4476000", "TOT_P_2011": 869.0, "TOT_P_2021": 1022.0, "Y_LLC": 2474000, "CNTR_ID": "IT", "NUTS2016_3": "ITH35-ITH36", "NUTS2016_2": "ITH3", "NUTS2016_1": "ITH", "NUTS2016_0": "IT", "LAND_PC": 100.0, "X_LLC": 4476000, "NUTS2021_3": "ITH35-ITH36", "NUTS2021_2": "ITH3", "DIST_COAST": 12469.09, "NUTS2021_1": "ITH", "NUTS2021_0": "IT", "NUTS2024_3": "ITH35-ITH36", "NUTS2024_2": "ITH3", "NUTS2024_1": "ITH", "NUTS2024_0": "IT" }, "geometry": { "type": "Point", "coordinates": [ 11.981979112566584, 45.364126662187921 ] } },
{ "type": "Feature", "properties": { "DIST_BORD": 130267.55, "TOT_P_2018": 175.0, "TOT_P_2006": 67.0, "GRD_ID": "CRS3035RES1000mN2474000E4477000", "TOT_P_2011": 155.0, "TOT_P_2021": 194.0, "Y_LLC": 2474000, "CNTR_ID": "IT", "NUTS2016_3": "ITH35-ITH36", "NUTS2016_2": "ITH3", "NUTS2016_1": "ITH", "NUTS2016_0": "IT", "LAND_PC": 100.0, "X_LLC": 4477000, "NUTS2021_3": "ITH35-ITH36", "NUTS2021_2": "ITH3", "DIST_COAST": 11469.54, "NUTS2021_1": "ITH", "NUTS2021_0": "IT", "NUTS2024_3": "ITH35-ITH36", "NUTS2024_2": "ITH3", "NUTS2024_1": "ITH", "NUTS2024_0": "IT" }, "geometry": { "type": "Point", "coordinates": [ 11.994719736754162, 45.36388646336448 ] } },
{ "type": "Feature", "properties": { "DIST_BORD": 148899.97, "TOT_P_2018": 138.0, "TOT_P_2006": 161.0, "GRD_ID": "CRS3035RES1000mN2475000E4448000", "TOT_P_2011": 138.0, "TOT_P_2021": 114.0, "Y_LLC": 2475000, "CNTR_ID": "IT", "NUTS2016_3": "ITH32-ITH36", "NUTS2016_2": "ITH3", "NUTS2016_1": "ITH", "NUTS2016_0": "IT", "LAND_PC": 100.0, "X_LLC": 4448000, "NUTS2021_3": "ITH32-ITH36", "NUTS2021_2": "ITH3", "DIST_COAST": 40486.75, "NUTS2021_1": "ITH", "NUTS2021_0": "IT", "NUTS2024_3": "ITH32-ITH36", "NUTS2024_2": "ITH3", "NUTS2024_1": "ITH", "NUTS2024_0": "IT" }, "geometry": { "type": "Point", "coordinates": [ 11.625468735831623, 45.379236651176193 ] } },
{ "type": "Feature", "properties": { "DIST_BORD": 149666.94, "TOT_P_2018": 106.0, "TOT_P_2006": 52.0, "GRD_ID": "CRS3035RES1000mN2475000E4449000", "TOT_P_2011": 106.0, "TOT_P_2021": 98.0, "Y_LLC": 2475000, "CNTR_ID": "IT", "NUTS2016_3": "ITH32-ITH36", "NUTS2016_2": "ITH3", "NUTS2016_1": "ITH", "NUTS2016_0": "IT", "LAND_PC": 100.0, "X_LLC": 4449000, "NUTS2021_3": "ITH32-ITH36", "NUTS2021_2": "ITH3", "DIST_COAST": 39487.33, "NUTS2021_1": "ITH", "NUTS2021_0": "IT", "NUTS2024_3": "ITH32-ITH36", "NUTS2024_2": "ITH3", "NUTS2024_1": "ITH", "NUTS2024_0": "IT" }, "geometry": { "type": "Point", "coordinates": [ 11.638213988413833, 45.379039506551095 ] } },
{ "type": "Feature", "properties": { "DIST_BORD": 150436.65, "TOT_P_2018": 160.0, "TOT_P_2006": 68.0, "GRD_ID": "CRS3035RES1000mN2475000E4450000", "TOT_P_2011": 160.0, "TOT_P_2021": 169.0, "Y_LLC": 2475000, "CNTR_ID": "IT", "NUTS2016_3": "ITH36", "NUTS2016_2": "ITH3", "NUTS2016_1": "ITH", "NUTS2016_0": "IT", "LAND_PC": 100.0, "X_LLC": 4450000, "NUTS2021_3": "ITH36", "NUTS2021_2": "ITH3", "DIST_COAST": 38487.94, "NUTS2021_1": "ITH", "NUTS2021_0": "IT", "NUTS2024_3": "ITH36", "NUTS2024_2": "ITH3", "NUTS2024_1": "ITH", "NUTS2024_0": "IT" }, "geometry": { "type": "Point", "coordinates": [ 11.650959158637805, 45.378840822463935 ] } },
{ "type": "Feature", "properties": { "DIST_BORD": 151209.05, "TOT_P_2018": 49.0, "TOT_P_2006": 33.0, "GRD_ID": "CRS3035RES1000mN2475000E4451000", "TOT_P_2011": 49.0, "TOT_P_2021": 79.0, "Y_LLC": 2475000, "CNTR_ID": "IT", "NUTS2016_3": "ITH36", "NUTS2016_2": "ITH3", "NUTS2016_1": "ITH", "NUTS2016_0": "IT", "LAND_PC": 100.0, "X_LLC": 4451000, "NUTS2021_3": "ITH36", "NUTS2021_2": "ITH3", "DIST_COAST": 37488.58, "NUTS2021_1": "ITH", "NUTS2021_0": "IT", "NUTS2024_3": "ITH36", "NUTS2024_2": "ITH3", "NUTS2024_1": "ITH", "NUTS2024_0": "IT" }, "geometry": { "type": "Point", "coordinates": [ 11.663704245695204, 45.37864059890488 ] } },
{ "type": "Feature", "properties": { "DIST_BORD": 151984.11, "TOT_P_2018": 22.0, "TOT_P_2006": 12.0, "GRD_ID": "CRS3035RES1000mN2475000E4452000", "TOT_P_2011": 22.0, "TOT_P_2021": 32.0, "Y_LLC": 2475000, "CNTR_ID": "IT", "NUTS2016_3": "ITH36", "NUTS2016_2": "ITH3", "NUTS2016_1": "ITH", "NUTS2016_0": "IT", "LAND_PC": 100.0, "X_LLC": 4452000, "NUTS2021_3": "ITH36", "NUTS2021_2": "ITH3", "DIST_COAST": 36489.26, "NUTS2021_1": "ITH", "NUTS2021_0": "IT", "NUTS2024_3": "ITH36", "NUTS2024_2": "ITH3", "NUTS2024_1": "ITH", "NUTS2024_0": "IT" }, "geometry": { "type": "Point", "coordinates": [ 11.676449248946339, 45.37843883583345 ] } },
{ "type": "Feature", "properties": { "DIST_BORD": 152761.78, "TOT_P_2018": 60.0, "TOT_P_2006": 89.0, "GRD_ID": "CRS3035RES1000mN2475000E4453000", "TOT_P_2011": 62.0, "TOT_P_2021": 43.0, "Y_LLC": 2475000, "CNTR_ID": "IT", "NUTS2016_3": "ITH36", "NUTS2016_2": "ITH3", "NUTS2016_1": "ITH", "NUTS2016_0": "IT", "LAND_PC": 100.0, "X_LLC": 4453000, "NUTS2021_3": "ITH36", "NUTS2021_2": "ITH3", "DIST_COAST": 35489.98, "NUTS2021_1": "ITH", "NUTS2021_0": "IT", "NUTS2024_3": "ITH36", "NUTS2024_2": "ITH3", "NUTS2024_1": "ITH", "NUTS2024_0": "IT" }, "geometry": { "type": "Point", "coordinates": [ 11.689194167778606, 45.37823553330427 ] } },
{ "type": "Feature", "properties": { "DIST_BORD": 153044.77, "TOT_P_2018": 513.0, "TOT_P_2006": 528.0, "GRD_ID": "CRS3035RES1000mN2475000E4454000", "TOT_P_2011": 536.0, "TOT_P_2021": 533.0, "Y_LLC": 2475000, "CNTR_ID": "IT", "NUTS2016_3": "ITH36", "NUTS2016_2": "ITH3", "NUTS2016_1": "ITH", "NUTS2016_0": "IT", "LAND_PC": 100.0, "X_LLC": 4454000, "NUTS2021_3": "ITH36", "NUTS2021_2": "ITH3", "DIST_COAST": 34490.74, "NUTS2021_1": "ITH", "NUTS2021_0": "IT", "NUTS2024_3": "ITH36", "NUTS2024_2": "ITH3", "NUTS2024_1": "ITH", "NUTS2024_0": "IT" }, "geometry": { "type": "Point", "coordinates": [ 11.701939001482703, 45.378030691432542 ] } },
{ "type": "Feature", "properties": { "DIST_BORD": 152048.94, "TOT_P_2018": 921.0, "TOT_P_2006": 618.0, "GRD_ID": "CRS3035RES1000mN2475000E4455000", "TOT_P_2011": 966.0, "TOT_P_2021": 905.0, "Y_LLC": 2475000, "CNTR_ID": "IT", "NUTS2016_3": "ITH36", "NUTS2016_2": "ITH3", "NUTS2016_1": "ITH", "NUTS2016_0": "IT", "LAND_PC": 100.0, "X_LLC": 4455000, "NUTS2021_3": "ITH36", "NUTS2021_2": "ITH3", "DIST_COAST": 33491.54, "NUTS2021_1": "ITH", "NUTS2021_0": "IT", "NUTS2024_3": "ITH36", "NUTS2024_2": "ITH3", "NUTS2024_1": "ITH", "NUTS2024_0": "IT" }, "geometry": { "type": "Point", "coordinates": [ 11.714683749636347, 45.37782431002632 ] } },
{ "type": "Feature", "properties": { "DIST_BORD": 151053.16, "TOT_P_2018": 93.0, "TOT_P_2006": 0.0, "GRD_ID": "CRS3035RES1000mN2475000E4456000", "TOT_P_2011": 93.0, "TOT_P_2021": 133.0, "Y_LLC": 2475000, "CNTR_ID": "IT", "NUTS2016_3": "ITH36", "NUTS2016_2": "ITH3", "NUTS2016_1": "ITH", "NUTS2016_0": "IT", "LAND_PC": 100.0, "X_LLC": 4456000, "NUTS2021_3": "ITH36", "NUTS2021_2": "ITH3", "DIST_COAST": 32492.39, "NUTS2021_1": "ITH", "NUTS2021_0": "IT", "NUTS2024_3": "ITH36", "NUTS2024_2": "ITH3", "NUTS2024_1": "ITH", "NUTS2024_0": "IT" }, "geometry": { "type": "Point", "coordinates": [ 11.727428411311109, 45.377616389236593 ] } },
{ "type": "Feature", "properties": { "DIST_BORD": 150057.44, "TOT_P_2018": 1384.0, "TOT_P_2006": 1111.0, "GRD_ID": "CRS3035RES1000mN2475000E4457000", "TOT_P_2011": 1347.0, "TOT_P_2021": 1341.0, "Y_LLC": 2475000, "CNTR_ID": "IT", "NUTS2016_3": "ITH36", "NUTS2016_2": "ITH3", "NUTS2016_1": "ITH", "NUTS2016_0": "IT", "LAND_PC": 100.0, "X_LLC": 4457000, "NUTS2021_3": "ITH36", "NUTS2021_2": "ITH3", "DIST_COAST": 31493.3, "NUTS2021_1": "ITH", "NUTS2021_0": "IT", "NUTS2024_3": "ITH36", "NUTS2024_2": "ITH3", "NUTS2024_1": "ITH", "NUTS2024_0": "IT" }, "geometry": { "type": "Point", "coordinates": [ 11.740172986087616, 45.377406929065003 ] } },
{ "type": "Feature", "properties": { "DIST_BORD": 149061.78, "TOT_P_2018": 666.0, "TOT_P_2006": 586.0, "GRD_ID": "CRS3035RES1000mN2475000E4458000", "TOT_P_2011": 661.0, "TOT_P_2021": 651.0, "Y_LLC": 2475000, "CNTR_ID": "IT", "NUTS2016_3": "ITH36", "NUTS2016_2": "ITH3", "NUTS2016_1": "ITH", "NUTS2016_0": "IT", "LAND_PC": 100.0, "X_LLC": 4458000, "NUTS2021_3": "ITH36", "NUTS2021_2": "ITH3", "DIST_COAST": 30494.27, "NUTS2021_1": "ITH", "NUTS2021_0": "IT", "NUTS2024_3": "ITH36", "NUTS2024_2": "ITH3", "NUTS2024_1": "ITH", "NUTS2024_0": "IT" }, "geometry": { "type": "Point", "coordinates": [ 11.752917473165681, 45.377195929586705 ] } },
{ "type": "Feature", "properties": { "DIST_BORD": 148066.18, "TOT_P_2018": 1210.0, "TOT_P_2006": 1431.0, "GRD_ID": "CRS3035RES1000mN2475000E4459000", "TOT_P_2011": 1201.0, "TOT_P_2021": 1213.0, "Y_LLC": 2475000, "CNTR_ID": "IT", "NUTS2016_3": "ITH36", "NUTS2016_2": "ITH3", "NUTS2016_1": "ITH", "NUTS2016_0": "IT", "LAND_PC": 100.0, "X_LLC": 4459000, "NUTS2021_3": "ITH36", "NUTS2021_2": "ITH3", "DIST_COAST": 29495.3, "NUTS2021_1": "ITH", "NUTS2021_0": "IT", "NUTS2024_3": "ITH36", "NUTS2024_2": "ITH3", "NUTS2024_1": "ITH", "NUTS2024_0": "IT" }, "geometry": { "type": "Point", "coordinates": [ 11.765661872010201, 45.376983390690299 ] } },
{ "type": "Feature", "properties": { "DIST_BORD": 132145.55, "TOT_P_2018": 354.0, "TOT_P_2006": 431.0, "GRD_ID": "CRS3035RES1000mN2475000E4475000", "TOT_P_2011": 354.0, "TOT_P_2021": 295.0, "Y_LLC": 2475000, "CNTR_ID": "IT", "NUTS2016_3": "ITH35-ITH36", "NUTS2016_2": "ITH3", "NUTS2016_1": "ITH", "NUTS2016_0": "IT", "LAND_PC": 100.0, "X_LLC": 4475000, "NUTS2021_3": "ITH35-ITH36", "NUTS2021_2": "ITH3", "DIST_COAST": 13532.58, "NUTS2021_1": "ITH", "NUTS2021_0": "IT", "NUTS2024_3": "ITH35-ITH36", "NUTS2024_2": "ITH3", "NUTS2024_1": "ITH", "NUTS2024_0": "IT" }, "geometry": { "type": "Point", "coordinates": [ 11.96955972713222, 45.373373431052329 ] } },
{ "type": "Feature", "properties": { "DIST_BORD": 131151.15, "TOT_P_2018": 1024.0, "TOT_P_2006": 873.0, "GRD_ID": "CRS3035RES1000mN2475000E4476000", "TOT_P_2011": 995.0, "TOT_P_2021": 938.0, "Y_LLC": 2475000, "CNTR_ID": "IT", "NUTS2016_3": "ITH35-ITH36", "NUTS2016_2": "ITH3", "NUTS2016_1": "ITH", "NUTS2016_0": "IT", "LAND_PC": 100.0, "X_LLC": 4476000, "NUTS2021_3": "ITH35-ITH36", "NUTS2021_2": "ITH3", "DIST_COAST": 12538.06, "NUTS2021_1": "ITH", "NUTS2021_0": "IT", "NUTS2024_3": "ITH35-ITH36", "NUTS2024_2": "ITH3", "NUTS2024_1": "ITH", "NUTS2024_0": "IT" }, "geometry": { "type": "Point", "coordinates": [ 11.982302527576028, 45.373134725866755 ] } },
{ "type": "Feature", "properties": { "DIST_BORD": 130156.84, "TOT_P_2018": 538.0, "TOT_P_2006": 680.0, "GRD_ID": "CRS3035RES1000mN2475000E4477000", "TOT_P_2011": 530.0, "TOT_P_2021": 425.0, "Y_LLC": 2475000, "CNTR_ID": "IT", "NUTS2016_3": "ITH35-ITH36", "NUTS2016_2": "ITH3", "NUTS2016_1": "ITH", "NUTS2016_0": "IT", "LAND_PC": 100.0, "X_LLC": 4477000, "NUTS2021_3": "ITH35-ITH36", "NUTS2021_2": "ITH3", "DIST_COAST": 11544.5, "NUTS2021_1": "ITH", "NUTS2021_0": "IT", "NUTS2024_3": "ITH35-ITH36", "NUTS2024_2": "ITH3", "NUTS2024_1": "ITH", "NUTS2024_0": "IT" }, "geometry": { "type": "Point", "coordinates": [ 11.99504522820251, 45.372894481735557 ] } },
{ "type": "Feature", "properties": { "DIST_BORD": 129162.62, "TOT_P_2018": 651.0, "TOT_P_2006": 742.0, "GRD_ID": "CRS3035RES1000mN2475000E4478000", "TOT_P_2011": 653.0, "TOT_P_2021": 586.0, "Y_LLC": 2475000, "CNTR_ID": "IT", "NUTS2016_3": "ITH35-ITH36", "NUTS2016_2": "ITH3", "NUTS2016_1": "ITH", "NUTS2016_0": "IT", "LAND_PC": 100.0, "X_LLC": 4478000, "NUTS2021_3": "ITH35-ITH36", "NUTS2021_2": "ITH3", "DIST_COAST": 10552.15, "NUTS2021_1": "ITH", "NUTS2021_0": "IT", "NUTS2024_3": "ITH35-ITH36", "NUTS2024_2": "ITH3", "NUTS2024_1": "ITH", "NUTS2024_0": "IT" }, "geometry": { "type": "Point", "coordinates": [ 12.007787828307789, 45.372652698515374 ] } },
{ "type": "Feature", "properties": { "DIST_BORD": 148258.62, "TOT_P_2018": 7.0, "TOT_P_2006": 10.0, "GRD_ID": "CRS3035RES1000mN2476000E4448000", "TOT_P_2011": 23.0, "TOT_P_2021": 52.0, "Y_LLC": 2476000, "CNTR_ID": "IT", "NUTS2016_3": "ITH32-ITH36", "NUTS2016_2": "ITH3", "NUTS2016_1": "ITH", "NUTS2016_0": "IT", "LAND_PC": 100.0, "X_LLC": 4448000, "NUTS2021_3": "ITH32-ITH36", "NUTS2021_2": "ITH3", "DIST_COAST": 40532.72, "NUTS2021_1": "ITH", "NUTS2021_0": "IT", "NUTS2024_3": "ITH32-ITH36", "NUTS2024_2": "ITH3", "NUTS2024_1": "ITH", "NUTS2024_0": "IT" }, "geometry": { "type": "Point", "coordinates": [ 11.625734099176833, 45.388245812466423 ] } },
{ "type": "Feature", "properties": { "DIST_BORD": 149028.89, "TOT_P_2018": 79.0, "TOT_P_2006": 87.0, "GRD_ID": "CRS3035RES1000mN2476000E4449000", "TOT_P_2011": 75.0, "TOT_P_2021": 47.0, "Y_LLC": 2476000, "CNTR_ID": "IT", "NUTS2016_3": "ITH32-ITH36", "NUTS2016_2": "ITH3", "NUTS2016_1": "ITH", "NUTS2016_0": "IT", "LAND_PC": 100.0, "X_LLC": 4449000, "NUTS2021_3": "ITH32-ITH36", "NUTS2021_2": "ITH3", "DIST_COAST": 39534.47, "NUTS2021_1": "ITH", "NUTS2021_0": "IT", "NUTS2024_3": "ITH32-ITH36", "NUTS2024_2": "ITH3", "NUTS2024_1": "ITH", "NUTS2024_0": "IT" }, "geometry": { "type": "Point", "coordinates": [ 11.638481430756942, 45.388048630645045 ] } },
{ "type": "Feature", "properties": { "DIST_BORD": 149801.87, "TOT_P_2018": 1801.0, "TOT_P_2006": 1510.0, "GRD_ID": "CRS3035RES1000mN2476000E4450000", "TOT_P_2011": 1791.0, "TOT_P_2021": 1873.0, "Y_LLC": 2476000, "CNTR_ID": "IT", "NUTS2016_3": "ITH32-ITH36", "NUTS2016_2": "ITH3", "NUTS2016_1": "ITH", "NUTS2016_0": "IT", "LAND_PC": 100.0, "X_LLC": 4450000, "NUTS2021_3": "ITH32-ITH36", "NUTS2021_2": "ITH3", "DIST_COAST": 38536.3, "NUTS2021_1": "ITH", "NUTS2021_0": "IT", "NUTS2024_3": "ITH32-ITH36", "NUTS2024_2": "ITH3", "NUTS2024_1": "ITH", "NUTS2024_0": "IT" }, "geometry": { "type": "Point", "coordinates": [ 11.651228679923296, 45.387849909015522 ] } },
{ "type": "Feature", "properties": { "DIST_BORD": 150577.53, "TOT_P_2018": 81.0, "TOT_P_2006": 67.0, "GRD_ID": "CRS3035RES1000mN2476000E4451000", "TOT_P_2011": 81.0, "TOT_P_2021": 111.0, "Y_LLC": 2476000, "CNTR_ID": "IT", "NUTS2016_3": "ITH36", "NUTS2016_2": "ITH3", "NUTS2016_1": "ITH", "NUTS2016_0": "IT", "LAND_PC": 100.0, "X_LLC": 4451000, "NUTS2021_3": "ITH36", "NUTS2021_2": "ITH3", "DIST_COAST": 37538.23, "NUTS2021_1": "ITH", "NUTS2021_0": "IT", "NUTS2024_3": "ITH36", "NUTS2024_2": "ITH3", "NUTS2024_1": "ITH", "NUTS2024_0": "IT" }, "geometry": { "type": "Point", "coordinates": [ 11.663975845744135, 45.387649647581178 ] } },
{ "type": "Feature", "properties": { "DIST_BORD": 151355.82, "TOT_P_2018": 22.0, "TOT_P_2006": 0.0, "GRD_ID": "CRS3035RES1000mN2476000E4452000", "TOT_P_2011": 22.0, "TOT_P_2021": 13.0, "Y_LLC": 2476000, "CNTR_ID": "IT", "NUTS2016_3": "ITH36", "NUTS2016_2": "ITH3", "NUTS2016_1": "ITH", "NUTS2016_0": "IT", "LAND_PC": 100.0, "X_LLC": 4452000, "NUTS2021_3": "ITH36", "NUTS2021_2": "ITH3", "DIST_COAST": 36540.27, "NUTS2021_1": "ITH", "NUTS2021_0": "IT", "NUTS2024_3": "ITH36", "NUTS2024_2": "ITH3", "NUTS2024_1": "ITH", "NUTS2024_0": "IT" }, "geometry": { "type": "Point", "coordinates": [ 11.676722927921531, 45.387447846393862 ] } },
{ "type": "Feature", "properties": { "DIST_BORD": 152136.7, "TOT_P_2018": 39.0, "TOT_P_2006": 10.0, "GRD_ID": "CRS3035RES1000mN2476000E4453000", "TOT_P_2011": 41.0, "TOT_P_2021": 58.0, "Y_LLC": 2476000, "CNTR_ID": "IT", "NUTS2016_3": "ITH36", "NUTS2016_2": "ITH3", "NUTS2016_1": "ITH", "NUTS2016_0": "IT", "LAND_PC": 100.0, "X_LLC": 4453000, "NUTS2021_3": "ITH36", "NUTS2021_2": "ITH3", "DIST_COAST": 35542.42, "NUTS2021_1": "ITH", "NUTS2021_0": "IT", "NUTS2024_3": "ITH36", "NUTS2024_2": "ITH3", "NUTS2024_1": "ITH", "NUTS2024_0": "IT" }, "geometry": { "type": "Point", "coordinates": [ 11.689469925485053, 45.387244505449111 ] } },
{ "type": "Feature", "properties": { "DIST_BORD": 152920.14, "TOT_P_2018": 680.0, "TOT_P_2006": 733.0, "GRD_ID": "CRS3035RES1000mN2476000E4454000", "TOT_P_2011": 715.0, "TOT_P_2021": 672.0, "Y_LLC": 2476000, "CNTR_ID": "IT", "NUTS2016_3": "ITH36", "NUTS2016_2": "ITH3", "NUTS2016_1": "ITH", "NUTS2016_0": "IT", "LAND_PC": 100.0, "X_LLC": 4454000, "NUTS2021_3": "ITH36", "NUTS2021_2": "ITH3", "DIST_COAST": 34544.69, "NUTS2021_1": "ITH", "NUTS2021_0": "IT", "NUTS2024_3": "ITH36", "NUTS2024_2": "ITH3", "NUTS2024_1": "ITH", "NUTS2024_0": "IT" }, "geometry": { "type": "Point", "coordinates": [ 11.702216837902599, 45.387039624797239 ] } },
{ "type": "Feature", "properties": { "DIST_BORD": 151960.68, "TOT_P_2018": 225.0, "TOT_P_2006": 1560.0, "GRD_ID": "CRS3035RES1000mN2476000E4455000", "TOT_P_2011": 221.0, "TOT_P_2021": 219.0, "Y_LLC": 2476000, "CNTR_ID": "IT", "NUTS2016_3": "ITH36", "NUTS2016_2": "ITH3", "NUTS2016_1": "ITH", "NUTS2016_0": "IT", "LAND_PC": 100.0, "X_LLC": 4455000, "NUTS2021_3": "ITH36", "NUTS2021_2": "ITH3", "DIST_COAST": 33547.1, "NUTS2021_1": "ITH", "NUTS2021_0": "IT", "NUTS2024_3": "ITH36", "NUTS2024_2": "ITH3", "NUTS2024_1": "ITH", "NUTS2024_0": "IT" }, "geometry": { "type": "Point", "coordinates": [ 11.714963664633352, 45.386833204425955 ] } },
{ "type": "Feature", "properties": { "DIST_BORD": 150964.32, "TOT_P_2018": 184.0, "TOT_P_2006": 0.0, "GRD_ID": "CRS3035RES1000mN2476000E4456000", "TOT_P_2011": 173.0, "TOT_P_2021": 166.0, "Y_LLC": 2476000, "CNTR_ID": "IT", "NUTS2016_3": "ITH36", "NUTS2016_2": "ITH3", "NUTS2016_1": "ITH", "NUTS2016_0": "IT", "LAND_PC": 100.0, "X_LLC": 4456000, "NUTS2021_3": "ITH36", "NUTS2021_2": "ITH3", "DIST_COAST": 32549.66, "NUTS2021_1": "ITH", "NUTS2021_0": "IT", "NUTS2024_3": "ITH36", "NUTS2024_2": "ITH3", "NUTS2024_1": "ITH", "NUTS2024_0": "IT" }, "geometry": { "type": "Point", "coordinates": [ 11.727710404945613, 45.386625244407895 ] } },
{ "type": "Feature", "properties": { "DIST_BORD": 149968.02, "TOT_P_2018": 55.0, "TOT_P_2006": 0.0, "GRD_ID": "CRS3035RES1000mN2476000E4457000", "TOT_P_2011": 55.0, "TOT_P_2021": 90.0, "Y_LLC": 2476000, "CNTR_ID": "IT", "NUTS2016_3": "ITH36", "NUTS2016_2": "ITH3", "NUTS2016_1": "ITH", "NUTS2016_0": "IT", "LAND_PC": 100.0, "X_LLC": 4457000, "NUTS2021_3": "ITH36", "NUTS2021_2": "ITH3", "DIST_COAST": 31552.38, "NUTS2021_1": "ITH", "NUTS2021_0": "IT", "NUTS2024_3": "ITH36", "NUTS2024_2": "ITH3", "NUTS2024_1": "ITH", "NUTS2024_0": "IT" }, "geometry": { "type": "Point", "coordinates": [ 11.740457058263251, 45.38641574466353 ] } },
{ "type": "Feature", "properties": { "DIST_BORD": 148971.76, "TOT_P_2018": 23.0, "TOT_P_2006": 0.0, "GRD_ID": "CRS3035RES1000mN2476000E4458000", "TOT_P_2011": 28.0, "TOT_P_2021": 44.0, "Y_LLC": 2476000, "CNTR_ID": "IT", "NUTS2016_3": "ITH36", "NUTS2016_2": "ITH3", "NUTS2016_1": "ITH", "NUTS2016_0": "IT", "LAND_PC": 100.0, "X_LLC": 4458000, "NUTS2021_3": "ITH36", "NUTS2021_2": "ITH3", "DIST_COAST": 30555.28, "NUTS2021_1": "ITH", "NUTS2021_0": "IT", "NUTS2024_3": "ITH36", "NUTS2024_2": "ITH3", "NUTS2024_1": "ITH", "NUTS2024_0": "IT" }, "geometry": { "type": "Point", "coordinates": [ 11.753203623757441, 45.386204705247103 ] } },
{ "type": "Feature", "properties": { "DIST_BORD": 147975.55, "TOT_P_2018": 202.0, "TOT_P_2006": 253.0, "GRD_ID": "CRS3035RES1000mN2476000E4459000", "TOT_P_2011": 203.0, "TOT_P_2021": 259.0, "Y_LLC": 2476000, "CNTR_ID": "IT", "NUTS2016_3": "ITH36", "NUTS2016_2": "ITH3", "NUTS2016_1": "ITH", "NUTS2016_0": "IT", "LAND_PC": 100.0, "X_LLC": 4459000, "NUTS2021_3": "ITH36", "NUTS2021_2": "ITH3", "DIST_COAST": 29558.38, "NUTS2021_1": "ITH", "NUTS2021_0": "IT", "NUTS2024_3": "ITH36", "NUTS2024_2": "ITH3", "NUTS2024_1": "ITH", "NUTS2024_0": "IT" }, "geometry": { "type": "Point", "coordinates": [ 11.765950101085661, 45.385992126216458 ] } },
{ "type": "Feature", "properties": { "DIST_BORD": 146979.39, "TOT_P_2018": 975.0, "TOT_P_2006": 958.0, "GRD_ID": "CRS3035RES1000mN2476000E4460000", "TOT_P_2011": 953.0, "TOT_P_2021": 1046.0, "Y_LLC": 2476000, "CNTR_ID": "IT", "NUTS2016_3": "ITH36", "NUTS2016_2": "ITH3", "NUTS2016_1": "ITH", "NUTS2016_0": "IT", "LAND_PC": 100.0, "X_LLC": 4460000, "NUTS2021_3": "ITH36", "NUTS2021_2": "ITH3", "DIST_COAST": 28561.69, "NUTS2021_1": "ITH", "NUTS2021_0": "IT", "NUTS2024_3": "ITH36", "NUTS2024_2": "ITH3", "NUTS2024_1": "ITH", "NUTS2024_0": "IT" }, "geometry": { "type": "Point", "coordinates": [ 11.778696489402376, 45.385778007616928 ] } },
{ "type": "Feature", "properties": { "DIST_BORD": 145983.28, "TOT_P_2018": 3518.0, "TOT_P_2006": 2965.0, "GRD_ID": "CRS3035RES1000mN2476000E4461000", "TOT_P_2011": 3464.0, "TOT_P_2021": 3733.0, "Y_LLC": 2476000, "CNTR_ID": "IT", "NUTS2016_3": "ITH36", "NUTS2016_2": "ITH3", "NUTS2016_1": "ITH", "NUTS2016_0": "IT", "LAND_PC": 100.0, "X_LLC": 4461000, "NUTS2021_3": "ITH36", "NUTS2021_2": "ITH3", "DIST_COAST": 27565.24, "NUTS2021_1": "ITH", "NUTS2021_0": "IT", "NUTS2024_3": "ITH36", "NUTS2024_2": "ITH3", "NUTS2024_1": "ITH", "NUTS2024_0": "IT" }, "geometry": { "type": "Point", "coordinates": [ 11.791442787983769, 45.385562349284832 ] } },
{ "type": "Feature", "properties": { "DIST_BORD": 144987.23, "TOT_P_2018": 1690.0, "TOT_P_2006": 2286.0, "GRD_ID": "CRS3035RES1000mN2476000E4462000", "TOT_P_2011": 1683.0, "TOT_P_2021": 1530.0, "Y_LLC": 2476000, "CNTR_ID": "IT", "NUTS2016_3": "ITH36", "NUTS2016_2": "ITH3", "NUTS2016_1": "ITH", "NUTS2016_0": "IT", "LAND_PC": 100.0, "X_LLC": 4462000, "NUTS2021_3": "ITH36", "NUTS2021_2": "ITH3", "DIST_COAST": 26569.06, "NUTS2021_1": "ITH", "NUTS2021_0": "IT", "NUTS2024_3": "ITH36", "NUTS2024_2": "ITH3", "NUTS2024_1": "ITH", "NUTS2024_0": "IT" }, "geometry": { "type": "Point", "coordinates": [ 11.804188996563473, 45.385345151451851 ] } },
{ "type": "Feature", "properties": { "DIST_BORD": 133039.23, "TOT_P_2018": 476.0, "TOT_P_2006": 539.0, "GRD_ID": "CRS3035RES1000mN2476000E4474000", "TOT_P_2011": 462.0, "TOT_P_2021": 293.0, "Y_LLC": 2476000, "CNTR_ID": "IT", "NUTS2016_3": "ITH35-ITH36", "NUTS2016_2": "ITH3", "NUTS2016_1": "ITH", "NUTS2016_0": "IT", "LAND_PC": 100.0, "X_LLC": 4474000, "NUTS2021_3": "ITH35-ITH36", "NUTS2021_2": "ITH3", "DIST_COAST": 14594.57, "NUTS2021_1": "ITH", "NUTS2021_0": "IT", "NUTS2024_3": "ITH35-ITH36", "NUTS2024_2": "ITH3", "NUTS2024_1": "ITH", "NUTS2024_0": "IT" }, "geometry": { "type": "Point", "coordinates": [ 11.957136225745835, 45.38261869551485 ] } },
{ "type": "Feature", "properties": { "DIST_BORD": 132043.99, "TOT_P_2018": 1461.0, "TOT_P_2006": 1897.0, "GRD_ID": "CRS3035RES1000mN2476000E4475000", "TOT_P_2011": 1467.0, "TOT_P_2021": 1637.0, "Y_LLC": 2476000, "CNTR_ID": "IT", "NUTS2016_3": "ITH35-ITH36", "NUTS2016_2": "ITH3", "NUTS2016_1": "ITH", "NUTS2016_0": "IT", "LAND_PC": 100.0, "X_LLC": 4475000, "NUTS2021_3": "ITH35-ITH36", "NUTS2021_2": "ITH3", "DIST_COAST": 13594.62, "NUTS2021_1": "ITH", "NUTS2021_0": "IT", "NUTS2024_3": "ITH35-ITH36", "NUTS2024_2": "ITH3", "NUTS2024_1": "ITH", "NUTS2024_0": "IT" }, "geometry": { "type": "Point", "coordinates": [ 11.969881202638609, 45.382381484573536 ] } },
{ "type": "Feature", "properties": { "DIST_BORD": 131048.82, "TOT_P_2018": 296.0, "TOT_P_2006": 325.0, "GRD_ID": "CRS3035RES1000mN2476000E4476000", "TOT_P_2011": 291.0, "TOT_P_2021": 329.0, "Y_LLC": 2476000, "CNTR_ID": "IT", "NUTS2016_3": "ITH35-ITH36", "NUTS2016_2": "ITH3", "NUTS2016_1": "ITH", "NUTS2016_0": "IT", "LAND_PC": 100.0, "X_LLC": 4476000, "NUTS2021_3": "ITH35-ITH36", "NUTS2021_2": "ITH3", "DIST_COAST": 12594.69, "NUTS2021_1": "ITH", "NUTS2021_0": "IT", "NUTS2024_3": "ITH35-ITH36", "NUTS2024_2": "ITH3", "NUTS2024_1": "ITH", "NUTS2024_0": "IT" }, "geometry": { "type": "Point", "coordinates": [ 11.98262608039432, 45.382142734361821 ] } },
{ "type": "Feature", "properties": { "DIST_BORD": 148394.83, "TOT_P_2018": 116.0, "TOT_P_2006": 105.0, "GRD_ID": "CRS3035RES1000mN2477000E4449000", "TOT_P_2011": 112.0, "TOT_P_2021": 81.0, "Y_LLC": 2477000, "CNTR_ID": "IT", "NUTS2016_3": "ITH32-ITH36", "NUTS2016_2": "ITH3", "NUTS2016_1": "ITH", "NUTS2016_0": "IT", "LAND_PC": 100.0, "X_LLC": 4449000, "NUTS2021_3": "ITH32-ITH36", "NUTS2021_2": "ITH3", "DIST_COAST": 39602.94, "NUTS2021_1": "ITH", "NUTS2021_0": "IT", "NUTS2024_3": "ITH32-ITH36", "NUTS2024_2": "ITH3", "NUTS2024_1": "ITH", "NUTS2024_0": "IT" }, "geometry": { "type": "Point", "coordinates": [ 11.63874898722659, 45.397057700001319 ] } },
{ "type": "Feature", "properties": { "DIST_BORD": 149171.1, "TOT_P_2018": 241.0, "TOT_P_2006": 174.0, "GRD_ID": "CRS3035RES1000mN2477000E4450000", "TOT_P_2011": 241.0, "TOT_P_2021": 126.0, "Y_LLC": 2477000, "CNTR_ID": "IT", "NUTS2016_3": "ITH32-ITH36", "NUTS2016_2": "ITH3", "NUTS2016_1": "ITH", "NUTS2016_0": "IT", "LAND_PC": 100.0, "X_LLC": 4450000, "NUTS2021_3": "ITH32-ITH36", "NUTS2021_2": "ITH3", "DIST_COAST": 38603.18, "NUTS2021_1": "ITH", "NUTS2021_0": "IT", "NUTS2024_3": "ITH32-ITH36", "NUTS2024_2": "ITH3", "NUTS2024_1": "ITH", "NUTS2024_0": "IT" }, "geometry": { "type": "Point", "coordinates": [ 11.651498316137257, 45.396858940760715 ] } },
{ "type": "Feature", "properties": { "DIST_BORD": 149950.02, "TOT_P_2018": 128.0, "TOT_P_2006": 117.0, "GRD_ID": "CRS3035RES1000mN2477000E4451000", "TOT_P_2011": 128.0, "TOT_P_2021": 174.0, "Y_LLC": 2477000, "CNTR_ID": "IT", "NUTS2016_3": "ITH32-ITH36", "NUTS2016_2": "ITH3", "NUTS2016_1": "ITH", "NUTS2016_0": "IT", "LAND_PC": 100.0, "X_LLC": 4451000, "NUTS2021_3": "ITH32-ITH36", "NUTS2021_2": "ITH3", "DIST_COAST": 37603.43, "NUTS2021_1": "ITH", "NUTS2021_0": "IT", "NUTS2024_3": "ITH32-ITH36", "NUTS2024_2": "ITH3", "NUTS2024_1": "ITH", "NUTS2024_0": "IT" }, "geometry": { "type": "Point", "coordinates": [ 11.664247561742826, 45.396658641503244 ] } },
{ "type": "Feature", "properties": { "DIST_BORD": 150731.55, "TOT_P_2018": 59.0, "TOT_P_2006": 145.0, "GRD_ID": "CRS3035RES1000mN2477000E4452000", "TOT_P_2011": 59.0, "TOT_P_2021": 79.0, "Y_LLC": 2477000, "CNTR_ID": "IT", "NUTS2016_3": "ITH36", "NUTS2016_2": "ITH3", "NUTS2016_1": "ITH", "NUTS2016_0": "IT", "LAND_PC": 100.0, "X_LLC": 4452000, "NUTS2021_3": "ITH36", "NUTS2021_2": "ITH3", "DIST_COAST": 36603.69, "NUTS2021_1": "ITH", "NUTS2021_0": "IT", "NUTS2024_3": "ITH36", "NUTS2024_2": "ITH3", "NUTS2024_1": "ITH", "NUTS2024_0": "IT" }, "geometry": { "type": "Point", "coordinates": [ 11.676996723500492, 45.39645680224308 ] } },
{ "type": "Feature", "properties": { "DIST_BORD": 151515.65, "TOT_P_2018": 58.0, "TOT_P_2006": 140.0, "GRD_ID": "CRS3035RES1000mN2477000E4453000", "TOT_P_2011": 61.0, "TOT_P_2021": 78.0, "Y_LLC": 2477000, "CNTR_ID": "IT", "NUTS2016_3": "ITH36", "NUTS2016_2": "ITH3", "NUTS2016_1": "ITH", "NUTS2016_0": "IT", "LAND_PC": 100.0, "X_LLC": 4453000, "NUTS2021_3": "ITH36", "NUTS2021_2": "ITH3", "DIST_COAST": 35603.97, "NUTS2021_1": "ITH", "NUTS2021_0": "IT", "NUTS2024_3": "ITH36", "NUTS2024_2": "ITH3", "NUTS2024_1": "ITH", "NUTS2024_0": "IT" }, "geometry": { "type": "Point", "coordinates": [ 11.6897458007743, 45.396253422885458 ] } },
{ "type": "Feature", "properties": { "DIST_BORD": 152302.28, "TOT_P_2018": 243.0, "TOT_P_2006": 0.0, "GRD_ID": "CRS3035RES1000mN2477000E4454000", "TOT_P_2011": 246.0, "TOT_P_2021": 207.0, "Y_LLC": 2477000, "CNTR_ID": "IT", "NUTS2016_3": "ITH36", "NUTS2016_2": "ITH3", "NUTS2016_1": "ITH", "NUTS2016_0": "IT", "LAND_PC": 100.0, "X_LLC": 4454000, "NUTS2021_3": "ITH36", "NUTS2021_2": "ITH3", "DIST_COAST": 34604.27, "NUTS2021_1": "ITH", "NUTS2021_0": "IT", "NUTS2024_3": "ITH36", "NUTS2024_2": "ITH3", "NUTS2024_1": "ITH", "NUTS2024_0": "IT" }, "geometry": { "type": "Point", "coordinates": [ 11.702494792866466, 45.396048503516603 ] } },
{ "type": "Feature", "properties": { "DIST_BORD": 151878.96, "TOT_P_2018": 120.0, "TOT_P_2006": 764.0, "GRD_ID": "CRS3035RES1000mN2477000E4455000", "TOT_P_2011": 122.0, "TOT_P_2021": 119.0, "Y_LLC": 2477000, "CNTR_ID": "IT", "NUTS2016_3": "ITH36", "NUTS2016_2": "ITH3", "NUTS2016_1": "ITH", "NUTS2016_0": "IT", "LAND_PC": 100.0, "X_LLC": 4455000, "NUTS2021_3": "ITH36", "NUTS2021_2": "ITH3", "DIST_COAST": 33604.58, "NUTS2021_1": "ITH", "NUTS2021_0": "IT", "NUTS2024_3": "ITH36", "NUTS2024_2": "ITH3", "NUTS2024_1": "ITH", "NUTS2024_0": "IT" }, "geometry": { "type": "Point", "coordinates": [ 11.715243699037943, 45.395842044152801 ] } },
{ "type": "Feature", "properties": { "DIST_BORD": 150882.06, "TOT_P_2018": 93.0, "TOT_P_2006": 0.0, "GRD_ID": "CRS3035RES1000mN2477000E4456000", "TOT_P_2011": 98.0, "TOT_P_2021": 119.0, "Y_LLC": 2477000, "CNTR_ID": "IT", "NUTS2016_3": "ITH36", "NUTS2016_2": "ITH3", "NUTS2016_1": "ITH", "NUTS2016_0": "IT", "LAND_PC": 100.0, "X_LLC": 4456000, "NUTS2021_3": "ITH36", "NUTS2021_2": "ITH3", "DIST_COAST": 32604.91, "NUTS2021_1": "ITH", "NUTS2021_0": "IT", "NUTS2024_3": "ITH36", "NUTS2024_2": "ITH3", "NUTS2024_1": "ITH", "NUTS2024_0": "IT" }, "geometry": { "type": "Point", "coordinates": [ 11.727992518868371, 45.395634044764442 ] } },
{ "type": "Feature", "properties": { "DIST_BORD": 149885.21, "TOT_P_2018": 303.0, "TOT_P_2006": 0.0, "GRD_ID": "CRS3035RES1000mN2477000E4457000", "TOT_P_2011": 322.0, "TOT_P_2021": 354.0, "Y_LLC": 2477000, "CNTR_ID": "IT", "NUTS2016_3": "ITH36", "NUTS2016_2": "ITH3", "NUTS2016_1": "ITH", "NUTS2016_0": "IT", "LAND_PC": 100.0, "X_LLC": 4457000, "NUTS2021_3": "ITH36", "NUTS2021_2": "ITH3", "DIST_COAST": 31605.26, "NUTS2021_1": "ITH", "NUTS2021_0": "IT", "NUTS2024_3": "ITH36", "NUTS2024_2": "ITH3", "NUTS2024_1": "ITH", "NUTS2024_0": "IT" }, "geometry": { "type": "Point", "coordinates": [ 11.740741251567488, 45.39542450546314 ] } },
{ "type": "Feature", "properties": { "DIST_BORD": 148888.39, "TOT_P_2018": 450.0, "TOT_P_2006": 190.0, "GRD_ID": "CRS3035RES1000mN2477000E4458000", "TOT_P_2011": 448.0, "TOT_P_2021": 422.0, "Y_LLC": 2477000, "CNTR_ID": "IT", "NUTS2016_3": "ITH36", "NUTS2016_2": "ITH3", "NUTS2016_1": "ITH", "NUTS2016_0": "IT", "LAND_PC": 100.0, "X_LLC": 4458000, "NUTS2021_3": "ITH36", "NUTS2021_2": "ITH3", "DIST_COAST": 30605.63, "NUTS2021_1": "ITH", "NUTS2021_0": "IT", "NUTS2024_3": "ITH36", "NUTS2024_2": "ITH3", "NUTS2024_1": "ITH", "NUTS2024_0": "IT" }, "geometry": { "type": "Point", "coordinates": [ 11.75348989640424, 45.39521342614853 ] } },
{ "type": "Feature", "properties": { "DIST_BORD": 147891.62, "TOT_P_2018": 430.0, "TOT_P_2006": 242.0, "GRD_ID": "CRS3035RES1000mN2477000E4459000", "TOT_P_2011": 449.0, "TOT_P_2021": 372.0, "Y_LLC": 2477000, "CNTR_ID": "IT", "NUTS2016_3": "ITH36", "NUTS2016_2": "ITH3", "NUTS2016_1": "ITH", "NUTS2016_0": "IT", "LAND_PC": 100.0, "X_LLC": 4459000, "NUTS2021_3": "ITH36", "NUTS2021_2": "ITH3", "DIST_COAST": 29606.03, "NUTS2021_1": "ITH", "NUTS2021_0": "IT", "NUTS2024_3": "ITH36", "NUTS2024_2": "ITH3", "NUTS2024_1": "ITH", "NUTS2024_0": "IT" }, "geometry": { "type": "Point", "coordinates": [ 11.766238453098058, 45.395000806977471 ] } },
{ "type": "Feature", "properties": { "DIST_BORD": 146894.89, "TOT_P_2018": 1458.0, "TOT_P_2006": 2246.0, "GRD_ID": "CRS3035RES1000mN2477000E4460000", "TOT_P_2011": 1444.0, "TOT_P_2021": 1511.0, "Y_LLC": 2477000, "CNTR_ID": "IT", "NUTS2016_3": "ITH36", "NUTS2016_2": "ITH3", "NUTS2016_1": "ITH", "NUTS2016_0": "IT", "LAND_PC": 100.0, "X_LLC": 4460000, "NUTS2021_3": "ITH36", "NUTS2021_2": "ITH3", "DIST_COAST": 28606.46, "NUTS2021_1": "ITH", "NUTS2021_0": "IT", "NUTS2024_3": "ITH36", "NUTS2024_2": "ITH3", "NUTS2024_1": "ITH", "NUTS2024_0": "IT" }, "geometry": { "type": "Point", "coordinates": [ 11.778986920612029, 45.394786647848349 ] } },
{ "type": "Feature", "properties": { "DIST_BORD": 145898.21, "TOT_P_2018": 426.0, "TOT_P_2006": 251.0, "GRD_ID": "CRS3035RES1000mN2477000E4461000", "TOT_P_2011": 413.0, "TOT_P_2021": 630.0, "Y_LLC": 2477000, "CNTR_ID": "IT", "NUTS2016_3": "ITH36", "NUTS2016_2": "ITH3", "NUTS2016_1": "ITH", "NUTS2016_0": "IT", "LAND_PC": 100.0, "X_LLC": 4461000, "NUTS2021_3": "ITH36", "NUTS2021_2": "ITH3", "DIST_COAST": 27606.92, "NUTS2021_1": "ITH", "NUTS2021_0": "IT", "NUTS2024_3": "ITH36", "NUTS2024_2": "ITH3", "NUTS2024_1": "ITH", "NUTS2024_0": "IT" }, "geometry": { "type": "Point", "coordinates": [ 11.791735298399251, 45.394570948847331 ] } },
{ "type": "Feature", "properties": { "DIST_BORD": 144901.58, "TOT_P_2018": 3576.0, "TOT_P_2006": 3026.0, "GRD_ID": "CRS3035RES1000mN2477000E4462000", "TOT_P_2011": 3556.0, "TOT_P_2021": 3608.0, "Y_LLC": 2477000, "CNTR_ID": "IT", "NUTS2016_3": "ITH36", "NUTS2016_2": "ITH3", "NUTS2016_1": "ITH", "NUTS2016_0": "IT", "LAND_PC": 100.0, "X_LLC": 4462000, "NUTS2021_3": "ITH36", "NUTS2021_2": "ITH3", "DIST_COAST": 26607.39, "NUTS2021_1": "ITH", "NUTS2021_0": "IT", "NUTS2024_3": "ITH36", "NUTS2024_2": "ITH3", "NUTS2024_1": "ITH", "NUTS2024_0": "IT" }, "geometry": { "type": "Point", "coordinates": [ 11.804483586003494, 45.394353709932005 ] } },
{ "type": "Feature", "properties": { "DIST_BORD": 143904.99, "TOT_P_2018": 2220.0, "TOT_P_2006": 2027.0, "GRD_ID": "CRS3035RES1000mN2477000E4463000", "TOT_P_2011": 2173.0, "TOT_P_2021": 2247.0, "Y_LLC": 2477000, "CNTR_ID": "IT", "NUTS2016_3": "ITH36", "NUTS2016_2": "ITH3", "NUTS2016_1": "ITH", "NUTS2016_0": "IT", "LAND_PC": 100.0, "X_LLC": 4463000, "NUTS2021_3": "ITH36", "NUTS2021_2": "ITH3", "DIST_COAST": 25607.87, "NUTS2021_1": "ITH", "NUTS2021_0": "IT", "NUTS2024_3": "ITH36", "NUTS2024_2": "ITH3", "NUTS2024_1": "ITH", "NUTS2024_0": "IT" }, "geometry": { "type": "Point", "coordinates": [ 11.817231782722981, 45.394134931160345 ] } },
{ "type": "Feature", "properties": { "DIST_BORD": 131949.93, "TOT_P_2018": 2032.0, "TOT_P_2006": 1586.0, "GRD_ID": "CRS3035RES1000mN2477000E4475000", "TOT_P_2011": 1981.0, "TOT_P_2021": 2204.0, "Y_LLC": 2477000, "CNTR_ID": "IT", "NUTS2016_3": "ITH35-ITH36", "NUTS2016_2": "ITH3", "NUTS2016_1": "ITH", "NUTS2016_0": "IT", "LAND_PC": 100.0, "X_LLC": 4475000, "NUTS2021_3": "ITH35-ITH36", "NUTS2021_2": "ITH3", "DIST_COAST": 13613.59, "NUTS2021_1": "ITH", "NUTS2021_0": "IT", "NUTS2024_3": "ITH35-ITH36", "NUTS2024_2": "ITH3", "NUTS2024_1": "ITH", "NUTS2024_0": "IT" }, "geometry": { "type": "Point", "coordinates": [ 11.970202815232133, 45.391389483097477 ] } },
{ "type": "Feature", "properties": { "DIST_BORD": 130954.05, "TOT_P_2018": 834.0, "TOT_P_2006": 763.0, "GRD_ID": "CRS3035RES1000mN2477000E4476000", "TOT_P_2011": 833.0, "TOT_P_2021": 972.0, "Y_LLC": 2477000, "CNTR_ID": "IT", "NUTS2016_3": "ITH35-ITH36", "NUTS2016_2": "ITH3", "NUTS2016_1": "ITH", "NUTS2016_0": "IT", "LAND_PC": 100.0, "X_LLC": 4476000, "NUTS2021_3": "ITH35-ITH36", "NUTS2021_2": "ITH3", "DIST_COAST": 12614.06, "NUTS2021_1": "ITH", "NUTS2021_0": "IT", "NUTS2024_3": "ITH35-ITH36", "NUTS2024_2": "ITH3", "NUTS2024_1": "ITH", "NUTS2024_0": "IT" }, "geometry": { "type": "Point", "coordinates": [ 11.982949771252859, 45.391150687717321 ] } },
{ "type": "Feature", "properties": { "DIST_BORD": 148544.38, "TOT_P_2018": 60.0, "TOT_P_2006": 0.0, "GRD_ID": "CRS3035RES1000mN2478000E4450000", "TOT_P_2011": 60.0, "TOT_P_2021": 43.0, "Y_LLC": 2478000, "CNTR_ID": "IT", "NUTS2016_3": "ITH32-ITH36", "NUTS2016_2": "ITH3", "NUTS2016_1": "ITH", "NUTS2016_0": "IT", "LAND_PC": 100.0, "X_LLC": 4450000, "NUTS2021_3": "ITH32-ITH36", "NUTS2021_2": "ITH3", "DIST_COAST": 38632.54, "NUTS2021_1": "ITH", "NUTS2021_0": "IT", "NUTS2024_3": "ITH32-ITH36", "NUTS2024_2": "ITH3", "NUTS2024_1": "ITH", "NUTS2024_0": "IT" }, "geometry": { "type": "Point", "coordinates": [ 11.651768067355489, 45.405867918032399 ] } },
{ "type": "Feature", "properties": { "DIST_BORD": 149326.57, "TOT_P_2018": 80.0, "TOT_P_2006": 26.0, "GRD_ID": "CRS3035RES1000mN2478000E4451000", "TOT_P_2011": 80.0, "TOT_P_2021": 107.0, "Y_LLC": 2478000, "CNTR_ID": "IT", "NUTS2016_3": "ITH32-ITH36", "NUTS2016_2": "ITH3", "NUTS2016_1": "ITH", "NUTS2016_0": "IT", "LAND_PC": 100.0, "X_LLC": 4451000, "NUTS2021_3": "ITH32-ITH36", "NUTS2021_2": "ITH3", "DIST_COAST": 37633.01, "NUTS2021_1": "ITH", "NUTS2021_0": "IT", "NUTS2024_3": "ITH32-ITH36", "NUTS2024_2": "ITH3", "NUTS2024_1": "ITH", "NUTS2024_0": "IT" }, "geometry": { "type": "Point", "coordinates": [ 11.664519393652126, 45.405667580904243 ] } },
{ "type": "Feature", "properties": { "DIST_BORD": 150111.35, "TOT_P_2018": 127.0, "TOT_P_2006": 0.0, "GRD_ID": "CRS3035RES1000mN2478000E4452000", "TOT_P_2011": 60.0, "TOT_P_2021": 10.0, "Y_LLC": 2478000, "CNTR_ID": "IT", "NUTS2016_3": "ITH32-ITH36", "NUTS2016_2": "ITH3", "NUTS2016_1": "ITH", "NUTS2016_0": "IT", "LAND_PC": 100.0, "X_LLC": 4452000, "NUTS2021_3": "ITH32-ITH36", "NUTS2021_2": "ITH3", "DIST_COAST": 36633.49, "NUTS2021_1": "ITH", "NUTS2021_0": "IT", "NUTS2024_3": "ITH32-ITH36", "NUTS2024_2": "ITH3", "NUTS2024_1": "ITH", "NUTS2024_0": "IT" }, "geometry": { "type": "Point", "coordinates": [ 11.677270636000443, 45.405465703427325 ] } },
{ "type": "Feature", "properties": { "DIST_BORD": 150898.67, "TOT_P_2018": 897.0, "TOT_P_2006": 924.0, "GRD_ID": "CRS3035RES1000mN2478000E4453000", "TOT_P_2011": 933.0, "TOT_P_2021": 990.0, "Y_LLC": 2478000, "CNTR_ID": "IT", "NUTS2016_3": "ITH36", "NUTS2016_2": "ITH3", "NUTS2016_1": "ITH", "NUTS2016_0": "IT", "LAND_PC": 100.0, "X_LLC": 4453000, "NUTS2021_3": "ITH36", "NUTS2021_2": "ITH3", "DIST_COAST": 35633.97, "NUTS2021_1": "ITH", "NUTS2021_0": "IT", "NUTS2024_3": "ITH36", "NUTS2024_2": "ITH3", "NUTS2024_1": "ITH", "NUTS2024_0": "IT" }, "geometry": { "type": "Point", "coordinates": [ 11.69002179373553, 45.405262285645357 ] } },
{ "type": "Feature", "properties": { "DIST_BORD": 151688.5, "TOT_P_2018": 176.0, "TOT_P_2006": 91.0, "GRD_ID": "CRS3035RES1000mN2478000E4454000", "TOT_P_2011": 185.0, "TOT_P_2021": 120.0, "Y_LLC": 2478000, "CNTR_ID": "IT", "NUTS2016_3": "ITH36", "NUTS2016_2": "ITH3", "NUTS2016_1": "ITH", "NUTS2016_0": "IT", "LAND_PC": 100.0, "X_LLC": 4454000, "NUTS2021_3": "ITH36", "NUTS2021_2": "ITH3", "DIST_COAST": 34634.44, "NUTS2021_1": "ITH", "NUTS2021_0": "IT", "NUTS2024_3": "ITH36", "NUTS2024_2": "ITH3", "NUTS2024_1": "ITH", "NUTS2024_0": "IT" }, "geometry": { "type": "Point", "coordinates": [ 11.702772866359739, 45.405057327499598 ] } },
{ "type": "Feature", "properties": { "DIST_BORD": 151803.78, "TOT_P_2018": 92.0, "TOT_P_2006": 11.0, "GRD_ID": "CRS3035RES1000mN2478000E4455000", "TOT_P_2011": 73.0, "TOT_P_2021": 95.0, "Y_LLC": 2478000, "CNTR_ID": "IT", "NUTS2016_3": "ITH36", "NUTS2016_2": "ITH3", "NUTS2016_1": "ITH", "NUTS2016_0": "IT", "LAND_PC": 100.0, "X_LLC": 4455000, "NUTS2021_3": "ITH36", "NUTS2021_2": "ITH3", "DIST_COAST": 33634.92, "NUTS2021_1": "ITH", "NUTS2021_0": "IT", "NUTS2024_3": "ITH36", "NUTS2024_2": "ITH3", "NUTS2024_1": "ITH", "NUTS2024_0": "IT" }, "geometry": { "type": "Point", "coordinates": [ 11.715523852956149, 45.404850829145914 ] } },
{ "type": "Feature", "properties": { "DIST_BORD": 150806.38, "TOT_P_2018": 139.0, "TOT_P_2006": 11.0, "GRD_ID": "CRS3035RES1000mN2478000E4456000", "TOT_P_2011": 108.0, "TOT_P_2021": 178.0, "Y_LLC": 2478000, "CNTR_ID": "IT", "NUTS2016_3": "ITH36", "NUTS2016_2": "ITH3", "NUTS2016_1": "ITH", "NUTS2016_0": "IT", "LAND_PC": 100.0, "X_LLC": 4456000, "NUTS2021_3": "ITH36", "NUTS2021_2": "ITH3", "DIST_COAST": 32635.4, "NUTS2021_1": "ITH", "NUTS2021_0": "IT", "NUTS2024_3": "ITH36", "NUTS2024_2": "ITH3", "NUTS2024_1": "ITH", "NUTS2024_0": "IT" }, "geometry": { "type": "Point", "coordinates": [ 11.728274753092471, 45.404642790479031 ] } },
{ "type": "Feature", "properties": { "DIST_BORD": 149809.03, "TOT_P_2018": 1201.0, "TOT_P_2006": 1796.0, "GRD_ID": "CRS3035RES1000mN2478000E4457000", "TOT_P_2011": 1263.0, "TOT_P_2021": 1347.0, "Y_LLC": 2478000, "CNTR_ID": "IT", "NUTS2016_3": "ITH36", "NUTS2016_2": "ITH3", "NUTS2016_1": "ITH", "NUTS2016_0": "IT", "LAND_PC": 100.0, "X_LLC": 4457000, "NUTS2021_3": "ITH36", "NUTS2021_2": "ITH3", "DIST_COAST": 31635.87, "NUTS2021_1": "ITH", "NUTS2021_0": "IT", "NUTS2024_3": "ITH36", "NUTS2024_2": "ITH3", "NUTS2024_1": "ITH", "NUTS2024_0": "IT" }, "geometry": { "type": "Point", "coordinates": [ 11.741025566035452, 45.404433211541004 ] } },
{ "type": "Feature", "properties": { "DIST_BORD": 148811.7, "TOT_P_2018": 661.0, "TOT_P_2006": 985.0, "GRD_ID": "CRS3035RES1000mN2478000E4458000", "TOT_P_2011": 704.0, "TOT_P_2021": 627.0, "Y_LLC": 2478000, "CNTR_ID": "IT", "NUTS2016_3": "ITH36", "NUTS2016_2": "ITH3", "NUTS2016_1": "ITH", "NUTS2016_0": "IT", "LAND_PC": 100.0, "X_LLC": 4458000, "NUTS2021_3": "ITH36", "NUTS2021_2": "ITH3", "DIST_COAST": 30636.35, "NUTS2021_1": "ITH", "NUTS2021_0": "IT", "NUTS2024_3": "ITH36", "NUTS2024_2": "ITH3", "NUTS2024_1": "ITH", "NUTS2024_0": "IT" }, "geometry": { "type": "Point", "coordinates": [ 11.753776291275981, 45.404222092370915 ] } },
{ "type": "Feature", "properties": { "DIST_BORD": 147814.41, "TOT_P_2018": 96.0, "TOT_P_2006": 2.0, "GRD_ID": "CRS3035RES1000mN2478000E4459000", "TOT_P_2011": 98.0, "TOT_P_2021": 82.0, "Y_LLC": 2478000, "CNTR_ID": "IT", "NUTS2016_3": "ITH36", "NUTS2016_2": "ITH3", "NUTS2016_1": "ITH", "NUTS2016_0": "IT", "LAND_PC": 100.0, "X_LLC": 4459000, "NUTS2021_3": "ITH36", "NUTS2021_2": "ITH3", "DIST_COAST": 29636.82, "NUTS2021_1": "ITH", "NUTS2021_0": "IT", "NUTS2024_3": "ITH36", "NUTS2024_2": "ITH3", "NUTS2024_1": "ITH", "NUTS2024_0": "IT" }, "geometry": { "type": "Point", "coordinates": [ 11.766526927996077, 45.404009432974327 ] } },
{ "type": "Feature", "properties": { "DIST_BORD": 146817.16, "TOT_P_2018": 593.0, "TOT_P_2006": 3.0, "GRD_ID": "CRS3035RES1000mN2478000E4460000", "TOT_P_2011": 582.0, "TOT_P_2021": 578.0, "Y_LLC": 2478000, "CNTR_ID": "IT", "NUTS2016_3": "ITH36", "NUTS2016_2": "ITH3", "NUTS2016_1": "ITH", "NUTS2016_0": "IT", "LAND_PC": 100.0, "X_LLC": 4460000, "NUTS2021_3": "ITH36", "NUTS2021_2": "ITH3", "DIST_COAST": 28637.3, "NUTS2021_1": "ITH", "NUTS2021_0": "IT", "NUTS2024_3": "ITH36", "NUTS2024_2": "ITH3", "NUTS2024_1": "ITH", "NUTS2024_0": "IT" }, "geometry": { "type": "Point", "coordinates": [ 11.779277475713124, 45.403795233312927 ] } },
{ "type": "Feature", "properties": { "DIST_BORD": 145819.95, "TOT_P_2018": 5.0, "TOT_P_2006": 0.0, "GRD_ID": "CRS3035RES1000mN2478000E4461000", "TOT_P_2011": 40.0, "TOT_P_2021": 90.0, "Y_LLC": 2478000, "CNTR_ID": "IT", "NUTS2016_3": "ITH36", "NUTS2016_2": "ITH3", "NUTS2016_1": "ITH", "NUTS2016_0": "IT", "LAND_PC": 100.0, "X_LLC": 4461000, "NUTS2021_3": "ITH36", "NUTS2021_2": "ITH3", "DIST_COAST": 27637.78, "NUTS2021_1": "ITH", "NUTS2021_0": "IT", "NUTS2024_3": "ITH36", "NUTS2024_2": "ITH3", "NUTS2024_1": "ITH", "NUTS2024_0": "IT" }, "geometry": { "type": "Point", "coordinates": [ 11.792027933628701, 45.403579493568579 ] } },
{ "type": "Feature", "properties": { "DIST_BORD": 144822.77, "TOT_P_2018": 910.0, "TOT_P_2006": 418.0, "GRD_ID": "CRS3035RES1000mN2478000E4462000", "TOT_P_2011": 906.0, "TOT_P_2021": 962.0, "Y_LLC": 2478000, "CNTR_ID": "IT", "NUTS2016_3": "ITH36", "NUTS2016_2": "ITH3", "NUTS2016_1": "ITH", "NUTS2016_0": "IT", "LAND_PC": 100.0, "X_LLC": 4462000, "NUTS2021_3": "ITH36", "NUTS2021_2": "ITH3", "DIST_COAST": 26638.25, "NUTS2021_1": "ITH", "NUTS2021_0": "IT", "NUTS2024_3": "ITH36", "NUTS2024_2": "ITH3", "NUTS2024_1": "ITH", "NUTS2024_0": "IT" }, "geometry": { "type": "Point", "coordinates": [ 11.804778301211851, 45.403362213616589 ] } },
{ "type": "Feature", "properties": { "DIST_BORD": 143825.64, "TOT_P_2018": 229.0, "TOT_P_2006": 15.0, "GRD_ID": "CRS3035RES1000mN2478000E4463000", "TOT_P_2011": 164.0, "TOT_P_2021": 145.0, "Y_LLC": 2478000, "CNTR_ID": "IT", "NUTS2016_3": "ITH36", "NUTS2016_2": "ITH3", "NUTS2016_1": "ITH", "NUTS2016_0": "IT", "LAND_PC": 100.0, "X_LLC": 4463000, "NUTS2021_3": "ITH36", "NUTS2021_2": "ITH3", "DIST_COAST": 25638.73, "NUTS2021_1": "ITH", "NUTS2021_0": "IT", "NUTS2024_3": "ITH36", "NUTS2024_2": "ITH3", "NUTS2024_1": "ITH", "NUTS2024_0": "IT" }, "geometry": { "type": "Point", "coordinates": [ 11.817528577876914, 45.403143393471616 ] } },
{ "type": "Feature", "properties": { "DIST_BORD": 148707.23, "TOT_P_2018": 35.0, "TOT_P_2006": 1.0, "GRD_ID": "CRS3035RES1000mN2479000E4451000", "TOT_P_2011": 37.0, "TOT_P_2021": 81.0, "Y_LLC": 2479000, "CNTR_ID": "IT", "NUTS2016_3": "ITH32-ITH36", "NUTS2016_2": "ITH3", "NUTS2016_1": "ITH", "NUTS2016_0": "IT", "LAND_PC": 100.0, "X_LLC": 4451000, "NUTS2021_3": "ITH32-ITH36", "NUTS2021_2": "ITH3", "DIST_COAST": 37668.17, "NUTS2021_1": "ITH", "NUTS2021_0": "IT", "NUTS2024_3": "ITH32-ITH36", "NUTS2024_2": "ITH3", "NUTS2024_1": "ITH", "NUTS2024_0": "IT" }, "geometry": { "type": "Point", "coordinates": [ 11.664791341594412, 45.414676465767073 ] } },
{ "type": "Feature", "properties": { "DIST_BORD": 149495.26, "TOT_P_2018": 101.0, "TOT_P_2006": 269.0, "GRD_ID": "CRS3035RES1000mN2479000E4452000", "TOT_P_2011": 95.0, "TOT_P_2021": 80.0, "Y_LLC": 2479000, "CNTR_ID": "IT", "NUTS2016_3": "ITH32-ITH36", "NUTS2016_2": "ITH3", "NUTS2016_1": "ITH", "NUTS2016_0": "IT", "LAND_PC": 100.0, "X_LLC": 4452000, "NUTS2021_3": "ITH32-ITH36", "NUTS2021_2": "ITH3", "DIST_COAST": 36669.25, "NUTS2021_1": "ITH", "NUTS2021_0": "IT", "NUTS2024_3": "ITH32-ITH36", "NUTS2024_2": "ITH3", "NUTS2024_1": "ITH", "NUTS2024_0": "IT" }, "geometry": { "type": "Point", "coordinates": [ 11.677544665257839, 45.414474550058458 ] } },
{ "type": "Feature", "properties": { "DIST_BORD": 150285.81, "TOT_P_2018": 101.0, "TOT_P_2006": 133.0, "GRD_ID": "CRS3035RES1000mN2479000E4453000", "TOT_P_2011": 106.0, "TOT_P_2021": 124.0, "Y_LLC": 2479000, "CNTR_ID": "IT", "NUTS2016_3": "ITH32-ITH36", "NUTS2016_2": "ITH3", "NUTS2016_1": "ITH", "NUTS2016_0": "IT", "LAND_PC": 100.0, "X_LLC": 4453000, "NUTS2021_3": "ITH32-ITH36", "NUTS2021_2": "ITH3", "DIST_COAST": 35670.4, "NUTS2021_1": "ITH", "NUTS2021_0": "IT", "NUTS2024_3": "ITH32-ITH36", "NUTS2024_2": "ITH3", "NUTS2024_1": "ITH", "NUTS2024_0": "IT" }, "geometry": { "type": "Point", "coordinates": [ 11.690297904552054, 45.414271093823061 ] } },
{ "type": "Feature", "properties": { "DIST_BORD": 151078.84, "TOT_P_2018": 87.0, "TOT_P_2006": 81.0, "GRD_ID": "CRS3035RES1000mN2479000E4454000", "TOT_P_2011": 90.0, "TOT_P_2021": 108.0, "Y_LLC": 2479000, "CNTR_ID": "IT", "NUTS2016_3": "ITH36", "NUTS2016_2": "ITH3", "NUTS2016_1": "ITH", "NUTS2016_0": "IT", "LAND_PC": 100.0, "X_LLC": 4454000, "NUTS2021_3": "ITH36", "NUTS2021_2": "ITH3", "DIST_COAST": 34671.61, "NUTS2021_1": "ITH", "NUTS2021_0": "IT", "NUTS2024_3": "ITH36", "NUTS2024_2": "ITH3", "NUTS2024_1": "ITH", "NUTS2024_0": "IT" }, "geometry": { "type": "Point", "coordinates": [ 11.703051058347363, 45.414066097010206 ] } },
{ "type": "Feature", "properties": { "DIST_BORD": 151735.15, "TOT_P_2018": 434.0, "TOT_P_2006": 161.0, "GRD_ID": "CRS3035RES1000mN2479000E4455000", "TOT_P_2011": 425.0, "TOT_P_2021": 324.0, "Y_LLC": 2479000, "CNTR_ID": "IT", "NUTS2016_3": "ITH36", "NUTS2016_2": "ITH3", "NUTS2016_1": "ITH", "NUTS2016_0": "IT", "LAND_PC": 100.0, "X_LLC": 4455000, "NUTS2021_3": "ITH36", "NUTS2021_2": "ITH3", "DIST_COAST": 33672.9, "NUTS2021_1": "ITH", "NUTS2021_0": "IT", "NUTS2024_3": "ITH36", "NUTS2024_2": "ITH3", "NUTS2024_1": "ITH", "NUTS2024_0": "IT" }, "geometry": { "type": "Point", "coordinates": [ 11.715804126380181, 45.413859559530785 ] } },
{ "type": "Feature", "properties": { "DIST_BORD": 150737.3, "TOT_P_2018": 591.0, "TOT_P_2006": 408.0, "GRD_ID": "CRS3035RES1000mN2479000E4456000", "TOT_P_2011": 591.0, "TOT_P_2021": 628.0, "Y_LLC": 2479000, "CNTR_ID": "IT", "NUTS2016_3": "ITH36", "NUTS2016_2": "ITH3", "NUTS2016_1": "ITH", "NUTS2016_0": "IT", "LAND_PC": 100.0, "X_LLC": 4456000, "NUTS2021_3": "ITH36", "NUTS2021_2": "ITH3", "DIST_COAST": 32674.26, "NUTS2021_1": "ITH", "NUTS2021_0": "IT", "NUTS2024_3": "ITH36", "NUTS2024_2": "ITH3", "NUTS2024_1": "ITH", "NUTS2024_0": "IT" }, "geometry": { "type": "Point", "coordinates": [ 11.728557107704775, 45.413651481536732 ] } },
{ "type": "Feature", "properties": { "DIST_BORD": 149739.48, "TOT_P_2018": 478.0, "TOT_P_2006": 534.0, "GRD_ID": "CRS3035RES1000mN2479000E4457000", "TOT_P_2011": 484.0, "TOT_P_2021": 377.0, "Y_LLC": 2479000, "CNTR_ID": "IT", "NUTS2016_3": "ITH36", "NUTS2016_2": "ITH3", "NUTS2016_1": "ITH", "NUTS2016_0": "IT", "LAND_PC": 100.0, "X_LLC": 4457000, "NUTS2021_3": "ITH36", "NUTS2021_2": "ITH3", "DIST_COAST": 31675.71, "NUTS2021_1": "ITH", "NUTS2021_0": "IT", "NUTS2024_3": "ITH36", "NUTS2024_2": "ITH3", "NUTS2024_1": "ITH", "NUTS2024_0": "IT" }, "geometry": { "type": "Point", "coordinates": [ 11.74131000197454, 45.413441862937454 ] } },
{ "type": "Feature", "properties": { "DIST_BORD": 148741.69, "TOT_P_2018": 154.0, "TOT_P_2006": 15.0, "GRD_ID": "CRS3035RES1000mN2479000E4458000", "TOT_P_2011": 143.0, "TOT_P_2021": 150.0, "Y_LLC": 2479000, "CNTR_ID": "IT", "NUTS2016_3": "ITH36", "NUTS2016_2": "ITH3", "NUTS2016_1": "ITH", "NUTS2016_0": "IT", "LAND_PC": 100.0, "X_LLC": 4458000, "NUTS2021_3": "ITH36", "NUTS2021_2": "ITH3", "DIST_COAST": 30677.25, "NUTS2021_1": "ITH", "NUTS2021_0": "IT", "NUTS2024_3": "ITH36", "NUTS2024_2": "ITH3", "NUTS2024_1": "ITH", "NUTS2024_0": "IT" }, "geometry": { "type": "Point", "coordinates": [ 11.754062808204925, 45.413230703914117 ] } },
{ "type": "Feature", "properties": { "DIST_BORD": 147743.93, "TOT_P_2018": 32.0, "TOT_P_2006": 0.0, "GRD_ID": "CRS3035RES1000mN2479000E4459000", "TOT_P_2011": 33.0, "TOT_P_2021": 53.0, "Y_LLC": 2479000, "CNTR_ID": "IT", "NUTS2016_3": "ITH36", "NUTS2016_2": "ITH3", "NUTS2016_1": "ITH", "NUTS2016_0": "IT", "LAND_PC": 100.0, "X_LLC": 4459000, "NUTS2021_3": "ITH36", "NUTS2021_2": "ITH3", "DIST_COAST": 29678.9, "NUTS2021_1": "ITH", "NUTS2021_0": "IT", "NUTS2024_3": "ITH36", "NUTS2024_2": "ITH3", "NUTS2024_1": "ITH", "NUTS2024_0": "IT" }, "geometry": { "type": "Point", "coordinates": [ 11.766815526146164, 45.413018004256514 ] } },
{ "type": "Feature", "properties": { "DIST_BORD": 146746.2, "TOT_P_2018": 2.0, "TOT_P_2006": 0.0, "GRD_ID": "CRS3035RES1000mN2479000E4460000", "TOT_P_2011": 1.0, "TOT_P_2021": 80.0, "Y_LLC": 2479000, "CNTR_ID": "IT", "NUTS2016_3": "ITH36", "NUTS2016_2": "ITH3", "NUTS2016_1": "ITH", "NUTS2016_0": "IT", "LAND_PC": 100.0, "X_LLC": 4460000, "NUTS2021_3": "ITH36", "NUTS2021_2": "ITH3", "DIST_COAST": 28680.66, "NUTS2021_1": "ITH", "NUTS2021_0": "IT", "NUTS2024_3": "ITH36", "NUTS2024_2": "ITH3", "NUTS2024_1": "ITH", "NUTS2024_0": "IT" }, "geometry": { "type": "Point", "coordinates": [ 11.77956815476078, 45.412803764139305 ] } },
{ "type": "Feature", "properties": { "DIST_BORD": 145748.5, "TOT_P_2018": 223.0, "TOT_P_2006": 59.0, "GRD_ID": "CRS3035RES1000mN2479000E4461000", "TOT_P_2011": 208.0, "TOT_P_2021": 153.0, "Y_LLC": 2479000, "CNTR_ID": "IT", "NUTS2016_3": "ITH36", "NUTS2016_2": "ITH3", "NUTS2016_1": "ITH", "NUTS2016_0": "IT", "LAND_PC": 100.0, "X_LLC": 4461000, "NUTS2021_3": "ITH36", "NUTS2021_2": "ITH3", "DIST_COAST": 27682.55, "NUTS2021_1": "ITH", "NUTS2021_0": "IT", "NUTS2024_3": "ITH36", "NUTS2024_2": "ITH3", "NUTS2024_1": "ITH", "NUTS2024_0": "IT" }, "geometry": { "type": "Point", "coordinates": [ 11.792320693682878, 45.412587983587436 ] } },
{ "type": "Feature", "properties": { "DIST_BORD": 144750.84, "TOT_P_2018": 878.0, "TOT_P_2006": 879.0, "GRD_ID": "CRS3035RES1000mN2479000E4462000", "TOT_P_2011": 860.0, "TOT_P_2021": 808.0, "Y_LLC": 2479000, "CNTR_ID": "IT", "NUTS2016_3": "ITH36", "NUTS2016_2": "ITH3", "NUTS2016_1": "ITH", "NUTS2016_0": "IT", "LAND_PC": 100.0, "X_LLC": 4462000, "NUTS2021_3": "ITH36", "NUTS2021_2": "ITH3", "DIST_COAST": 26684.58, "NUTS2021_1": "ITH", "NUTS2021_0": "IT", "NUTS2024_3": "ITH36", "NUTS2024_2": "ITH3", "NUTS2024_1": "ITH", "NUTS2024_0": "IT" }, "geometry": { "type": "Point", "coordinates": [ 11.805073142091503, 45.412370662512458 ] } },
{ "type": "Feature", "properties": { "DIST_BORD": 143753.2, "TOT_P_2018": 3251.0, "TOT_P_2006": 3490.0, "GRD_ID": "CRS3035RES1000mN2479000E4463000", "TOT_P_2011": 3206.0, "TOT_P_2021": 3373.0, "Y_LLC": 2479000, "CNTR_ID": "IT", "NUTS2016_3": "ITH36", "NUTS2016_2": "ITH3", "NUTS2016_1": "ITH", "NUTS2016_0": "IT", "LAND_PC": 100.0, "X_LLC": 4463000, "NUTS2021_3": "ITH36", "NUTS2021_2": "ITH3", "DIST_COAST": 25686.77, "NUTS2021_1": "ITH", "NUTS2021_0": "IT", "NUTS2024_3": "ITH36", "NUTS2024_2": "ITH3", "NUTS2024_1": "ITH", "NUTS2024_0": "IT" }, "geometry": { "type": "Point", "coordinates": [ 11.817825499621433, 45.412151800994209 ] } },
{ "type": "Feature", "properties": { "DIST_BORD": 133778.8, "TOT_P_2018": 2202.0, "TOT_P_2006": 1747.0, "GRD_ID": "CRS3035RES1000mN2479000E4473000", "TOT_P_2011": 2174.0, "TOT_P_2021": 2553.0, "Y_LLC": 2479000, "CNTR_ID": "IT", "NUTS2016_3": "ITH36", "NUTS2016_2": "ITH3", "NUTS2016_1": "ITH", "NUTS2016_0": "IT", "LAND_PC": 100.0, "X_LLC": 4473000, "NUTS2021_3": "ITH36", "NUTS2021_2": "ITH3", "DIST_COAST": 15723.94, "NUTS2021_1": "ITH", "NUTS2021_0": "IT", "NUTS2024_3": "ITH36", "NUTS2024_2": "ITH3", "NUTS2024_1": "ITH", "NUTS2024_0": "IT" }, "geometry": { "type": "Point", "coordinates": [ 11.945343924132263, 45.409878465502246 ] } },
{ "type": "Feature", "properties": { "DIST_BORD": 132781.57, "TOT_P_2018": 762.0, "TOT_P_2006": 724.0, "GRD_ID": "CRS3035RES1000mN2479000E4474000", "TOT_P_2011": 767.0, "TOT_P_2021": 946.0, "Y_LLC": 2479000, "CNTR_ID": "IT", "NUTS2016_3": "ITH35-ITH36", "NUTS2016_2": "ITH3", "NUTS2016_1": "ITH", "NUTS2016_0": "IT", "LAND_PC": 100.0, "X_LLC": 4474000, "NUTS2021_3": "ITH35-ITH36", "NUTS2021_2": "ITH3", "DIST_COAST": 14730.43, "NUTS2021_1": "ITH", "NUTS2021_0": "IT", "NUTS2024_3": "ITH35-ITH36", "NUTS2024_2": "ITH3", "NUTS2024_1": "ITH", "NUTS2024_0": "IT" }, "geometry": { "type": "Point", "coordinates": [ 11.958095237453378, 45.409642660347842 ] } },
{ "type": "Feature", "properties": { "DIST_BORD": 131784.38, "TOT_P_2018": 1520.0, "TOT_P_2006": 1270.0, "GRD_ID": "CRS3035RES1000mN2479000E4475000", "TOT_P_2011": 1530.0, "TOT_P_2021": 1452.0, "Y_LLC": 2479000, "CNTR_ID": "IT", "NUTS2016_3": "ITH35-ITH36", "NUTS2016_2": "ITH3", "NUTS2016_1": "ITH", "NUTS2016_0": "IT", "LAND_PC": 100.0, "X_LLC": 4475000, "NUTS2021_3": "ITH35-ITH36", "NUTS2021_2": "ITH3", "DIST_COAST": 13737.86, "NUTS2021_1": "ITH", "NUTS2021_0": "IT", "NUTS2024_3": "ITH35-ITH36", "NUTS2024_2": "ITH3", "NUTS2024_1": "ITH", "NUTS2024_0": "IT" }, "geometry": { "type": "Point", "coordinates": [ 11.970846452047452, 45.409405314932798 ] } },
{ "type": "Feature", "properties": { "DIST_BORD": 130787.24, "TOT_P_2018": 728.0, "TOT_P_2006": 1375.0, "GRD_ID": "CRS3035RES1000mN2479000E4476000", "TOT_P_2011": 721.0, "TOT_P_2021": 716.0, "Y_LLC": 2479000, "CNTR_ID": "IT", "NUTS2016_3": "ITH35-ITH36", "NUTS2016_2": "ITH3", "NUTS2016_1": "ITH", "NUTS2016_0": "IT", "LAND_PC": 100.0, "X_LLC": 4476000, "NUTS2021_3": "ITH35-ITH36", "NUTS2021_2": "ITH3", "DIST_COAST": 12746.46, "NUTS2021_1": "ITH", "NUTS2021_0": "IT", "NUTS2024_3": "ITH35-ITH36", "NUTS2024_2": "ITH3", "NUTS2024_1": "ITH", "NUTS2024_0": "IT" }, "geometry": { "type": "Point", "coordinates": [ 11.983597567269006, 45.409166429341866 ] } },
{ "type": "Feature", "properties": { "DIST_BORD": 129790.14, "TOT_P_2018": 1468.0, "TOT_P_2006": 1477.0, "GRD_ID": "CRS3035RES1000mN2479000E4477000", "TOT_P_2011": 1451.0, "TOT_P_2021": 1566.0, "Y_LLC": 2479000, "CNTR_ID": "IT", "NUTS2016_3": "ITH35-ITH36", "NUTS2016_2": "ITH3", "NUTS2016_1": "ITH", "NUTS2016_0": "IT", "LAND_PC": 100.0, "X_LLC": 4477000, "NUTS2021_3": "ITH35-ITH36", "NUTS2021_2": "ITH3", "DIST_COAST": 11756.5, "NUTS2021_1": "ITH", "NUTS2021_0": "IT", "NUTS2024_3": "ITH35-ITH36", "NUTS2024_2": "ITH3", "NUTS2024_1": "ITH", "NUTS2024_0": "IT" }, "geometry": { "type": "Point", "coordinates": [ 11.996348582470945, 45.408926003496212 ] } },
{ "type": "Feature", "properties": { "DIST_BORD": 148883.34, "TOT_P_2018": 85.0, "TOT_P_2006": 50.0, "GRD_ID": "CRS3035RES1000mN2480000E4452000", "TOT_P_2011": 89.0, "TOT_P_2021": 100.0, "Y_LLC": 2480000, "CNTR_ID": "IT", "NUTS2016_3": "ITH32-ITH36", "NUTS2016_2": "ITH3", "NUTS2016_1": "ITH", "NUTS2016_0": "IT", "LAND_PC": 100.0, "X_LLC": 4452000, "NUTS2021_3": "ITH32-ITH36", "NUTS2021_2": "ITH3", "DIST_COAST": 36730.04, "NUTS2021_1": "ITH", "NUTS2021_0": "IT", "NUTS2024_3": "ITH32-ITH36", "NUTS2024_2": "ITH3", "NUTS2024_1": "ITH", "NUTS2024_0": "IT" }, "geometry": { "type": "Point", "coordinates": [ 11.677818811598479, 45.423483342219257 ] } },
{ "type": "Feature", "properties": { "DIST_BORD": 149677.12, "TOT_P_2018": 995.0, "TOT_P_2006": 1297.0, "GRD_ID": "CRS3035RES1000mN2480000E4453000", "TOT_P_2011": 1040.0, "TOT_P_2021": 1101.0, "Y_LLC": 2480000, "CNTR_ID": "IT", "NUTS2016_3": "ITH32-ITH36", "NUTS2016_2": "ITH3", "NUTS2016_1": "ITH", "NUTS2016_0": "IT", "LAND_PC": 100.0, "X_LLC": 4453000, "NUTS2021_3": "ITH32-ITH36", "NUTS2021_2": "ITH3", "DIST_COAST": 35732.89, "NUTS2021_1": "ITH", "NUTS2021_0": "IT", "NUTS2024_3": "ITH32-ITH36", "NUTS2024_2": "ITH3", "NUTS2024_1": "ITH", "NUTS2024_0": "IT" }, "geometry": { "type": "Point", "coordinates": [ 11.690574133097016, 45.423279847484828 ] } },
{ "type": "Feature", "properties": { "DIST_BORD": 150473.36, "TOT_P_2018": 127.0, "TOT_P_2006": 16.0, "GRD_ID": "CRS3035RES1000mN2480000E4454000", "TOT_P_2011": 130.0, "TOT_P_2021": 141.0, "Y_LLC": 2480000, "CNTR_ID": "IT", "NUTS2016_3": "ITH32-ITH36", "NUTS2016_2": "ITH3", "NUTS2016_1": "ITH", "NUTS2016_0": "IT", "LAND_PC": 100.0, "X_LLC": 4454000, "NUTS2021_3": "ITH32-ITH36", "NUTS2021_2": "ITH3", "DIST_COAST": 34735.9, "NUTS2021_1": "ITH", "NUTS2021_0": "IT", "NUTS2024_3": "ITH32-ITH36", "NUTS2024_2": "ITH3", "NUTS2024_1": "ITH", "NUTS2024_0": "IT" }, "geometry": { "type": "Point", "coordinates": [ 11.703329369199837, 45.423074811856409 ] } },
{ "type": "Feature", "properties": { "DIST_BORD": 151272.02, "TOT_P_2018": 99.0, "TOT_P_2006": 0.0, "GRD_ID": "CRS3035RES1000mN2480000E4455000", "TOT_P_2011": 86.0, "TOT_P_2021": 79.0, "Y_LLC": 2480000, "CNTR_ID": "IT", "NUTS2016_3": "ITH36", "NUTS2016_2": "ITH3", "NUTS2016_1": "ITH", "NUTS2016_0": "IT", "LAND_PC": 100.0, "X_LLC": 4455000, "NUTS2021_3": "ITH36", "NUTS2021_2": "ITH3", "DIST_COAST": 33739.09, "NUTS2021_1": "ITH", "NUTS2021_0": "IT", "NUTS2024_3": "ITH36", "NUTS2024_2": "ITH3", "NUTS2024_1": "ITH", "NUTS2024_0": "IT" }, "geometry": { "type": "Point", "coordinates": [ 11.716084519342626, 45.422868235339543 ] } },
{ "type": "Feature", "properties": { "DIST_BORD": 150674.83, "TOT_P_2018": 51.0, "TOT_P_2006": 0.0, "GRD_ID": "CRS3035RES1000mN2480000E4456000", "TOT_P_2011": 44.0, "TOT_P_2021": 96.0, "Y_LLC": 2480000, "CNTR_ID": "IT", "NUTS2016_3": "ITH36", "NUTS2016_2": "ITH3", "NUTS2016_1": "ITH", "NUTS2016_0": "IT", "LAND_PC": 100.0, "X_LLC": 4456000, "NUTS2021_3": "ITH36", "NUTS2021_2": "ITH3", "DIST_COAST": 32742.47, "NUTS2021_1": "ITH", "NUTS2021_0": "IT", "NUTS2024_3": "ITH36", "NUTS2024_2": "ITH3", "NUTS2024_1": "ITH", "NUTS2024_0": "IT" }, "geometry": { "type": "Point", "coordinates": [ 11.728839582873499, 45.422660117950166 ] } },
{ "type": "Feature", "properties": { "DIST_BORD": 149676.59, "TOT_P_2018": 36.0, "TOT_P_2006": 13.0, "GRD_ID": "CRS3035RES1000mN2480000E4457000", "TOT_P_2011": 38.0, "TOT_P_2021": 112.0, "Y_LLC": 2480000, "CNTR_ID": "IT", "NUTS2016_3": "ITH36", "NUTS2016_2": "ITH3", "NUTS2016_1": "ITH", "NUTS2016_0": "IT", "LAND_PC": 100.0, "X_LLC": 4457000, "NUTS2021_3": "ITH36", "NUTS2021_2": "ITH3", "DIST_COAST": 31746.06, "NUTS2021_1": "ITH", "NUTS2021_0": "IT", "NUTS2024_3": "ITH36", "NUTS2024_2": "ITH3", "NUTS2024_1": "ITH", "NUTS2024_0": "IT" }, "geometry": { "type": "Point", "coordinates": [ 11.741594559199742, 45.422450459807109 ] } },
{ "type": "Feature", "properties": { "DIST_BORD": 148678.38, "TOT_P_2018": 73.0, "TOT_P_2006": 0.0, "GRD_ID": "CRS3035RES1000mN2480000E4458000", "TOT_P_2011": 77.0, "TOT_P_2021": 162.0, "Y_LLC": 2480000, "CNTR_ID": "IT", "NUTS2016_3": "ITH36", "NUTS2016_2": "ITH3", "NUTS2016_1": "ITH", "NUTS2016_0": "IT", "LAND_PC": 100.0, "X_LLC": 4458000, "NUTS2021_3": "ITH36", "NUTS2021_2": "ITH3", "DIST_COAST": 30749.89, "NUTS2021_1": "ITH", "NUTS2021_0": "IT", "NUTS2024_3": "ITH36", "NUTS2024_2": "ITH3", "NUTS2024_1": "ITH", "NUTS2024_0": "IT" }, "geometry": { "type": "Point", "coordinates": [ 11.754349447436322, 45.422239260714974 ] } },
{ "type": "Feature", "properties": { "DIST_BORD": 147680.19, "TOT_P_2018": 326.0, "TOT_P_2006": 175.0, "GRD_ID": "CRS3035RES1000mN2480000E4459000", "TOT_P_2011": 338.0, "TOT_P_2021": 303.0, "Y_LLC": 2480000, "CNTR_ID": "IT", "NUTS2016_3": "ITH36", "NUTS2016_2": "ITH3", "NUTS2016_1": "ITH", "NUTS2016_0": "IT", "LAND_PC": 100.0, "X_LLC": 4459000, "NUTS2021_3": "ITH36", "NUTS2021_2": "ITH3", "DIST_COAST": 29753.97, "NUTS2021_1": "ITH", "NUTS2021_0": "IT", "NUTS2024_3": "ITH36", "NUTS2024_2": "ITH3", "NUTS2024_1": "ITH", "NUTS2024_0": "IT" }, "geometry": { "type": "Point", "coordinates": [ 11.767104247317473, 45.422026520945586 ] } },
{ "type": "Feature", "properties": { "DIST_BORD": 146682.03, "TOT_P_2018": 518.0, "TOT_P_2006": 451.0, "GRD_ID": "CRS3035RES1000mN2480000E4460000", "TOT_P_2011": 516.0, "TOT_P_2021": 469.0, "Y_LLC": 2480000, "CNTR_ID": "IT", "NUTS2016_3": "ITH36", "NUTS2016_2": "ITH3", "NUTS2016_1": "ITH", "NUTS2016_0": "IT", "LAND_PC": 100.0, "X_LLC": 4460000, "NUTS2021_3": "ITH36", "NUTS2021_2": "ITH3", "DIST_COAST": 28758.34, "NUTS2021_1": "ITH", "NUTS2021_0": "IT", "NUTS2024_3": "ITH36", "NUTS2024_2": "ITH3", "NUTS2024_1": "ITH", "NUTS2024_0": "IT" }, "geometry": { "type": "Point", "coordinates": [ 11.779858957920871, 45.421812240353347 ] } },
{ "type": "Feature", "properties": { "DIST_BORD": 145683.89, "TOT_P_2018": 251.0, "TOT_P_2006": 59.0, "GRD_ID": "CRS3035RES1000mN2480000E4461000", "TOT_P_2011": 243.0, "TOT_P_2021": 219.0, "Y_LLC": 2480000, "CNTR_ID": "IT", "NUTS2016_3": "ITH36", "NUTS2016_2": "ITH3", "NUTS2016_1": "ITH", "NUTS2016_0": "IT", "LAND_PC": 100.0, "X_LLC": 4461000, "NUTS2021_3": "ITH36", "NUTS2021_2": "ITH3", "DIST_COAST": 27763.02, "NUTS2021_1": "ITH", "NUTS2021_0": "IT", "NUTS2024_3": "ITH36", "NUTS2024_2": "ITH3", "NUTS2024_1": "ITH", "NUTS2024_0": "IT" }, "geometry": { "type": "Point", "coordinates": [ 11.792613578532437, 45.421596418857959 ] } },
{ "type": "Feature", "properties": { "DIST_BORD": 144685.78, "TOT_P_2018": 2480.0, "TOT_P_2006": 3265.0, "GRD_ID": "CRS3035RES1000mN2480000E4462000", "TOT_P_2011": 2391.0, "TOT_P_2021": 2348.0, "Y_LLC": 2480000, "CNTR_ID": "IT", "NUTS2016_3": "ITH36", "NUTS2016_2": "ITH3", "NUTS2016_1": "ITH", "NUTS2016_0": "IT", "LAND_PC": 100.0, "X_LLC": 4462000, "NUTS2021_3": "ITH36", "NUTS2021_2": "ITH3", "DIST_COAST": 26768.05, "NUTS2021_1": "ITH", "NUTS2021_0": "IT", "NUTS2024_3": "ITH36", "NUTS2024_2": "ITH3", "NUTS2024_1": "ITH", "NUTS2024_0": "IT" }, "geometry": { "type": "Point", "coordinates": [ 11.805368108912289, 45.421379056730146 ] } },
{ "type": "Feature", "properties": { "DIST_BORD": 143687.69, "TOT_P_2018": 4289.0, "TOT_P_2006": 3991.0, "GRD_ID": "CRS3035RES1000mN2480000E4463000", "TOT_P_2011": 4115.0, "TOT_P_2021": 3970.0, "Y_LLC": 2480000, "CNTR_ID": "IT", "NUTS2016_3": "ITH36", "NUTS2016_2": "ITH3", "NUTS2016_1": "ITH", "NUTS2016_0": "IT", "LAND_PC": 100.0, "X_LLC": 4463000, "NUTS2021_3": "ITH36", "NUTS2021_2": "ITH3", "DIST_COAST": 25773.47, "NUTS2021_1": "ITH", "NUTS2021_0": "IT", "NUTS2024_3": "ITH36", "NUTS2024_2": "ITH3", "NUTS2024_1": "ITH", "NUTS2024_0": "IT" }, "geometry": { "type": "Point", "coordinates": [ 11.818122548075216, 45.42116015388428 ] } },
{ "type": "Feature", "properties": { "DIST_BORD": 133708.4, "TOT_P_2018": 2657.0, "TOT_P_2006": 2269.0, "GRD_ID": "CRS3035RES1000mN2480000E4473000", "TOT_P_2011": 2640.0, "TOT_P_2021": 2963.0, "Y_LLC": 2480000, "CNTR_ID": "IT", "NUTS2016_3": "ITH36", "NUTS2016_2": "ITH3", "NUTS2016_1": "ITH", "NUTS2016_0": "IT", "LAND_PC": 100.0, "X_LLC": 4473000, "NUTS2021_3": "ITH36", "NUTS2021_2": "ITH3", "DIST_COAST": 15865.19, "NUTS2021_1": "ITH", "NUTS2021_0": "IT", "NUTS2024_3": "ITH36", "NUTS2024_2": "ITH3", "NUTS2024_1": "ITH", "NUTS2024_0": "IT" }, "geometry": { "type": "Point", "coordinates": [ 11.945661786471097, 45.418886388491842 ] } },
{ "type": "Feature", "properties": { "DIST_BORD": 132710.64, "TOT_P_2018": 1361.0, "TOT_P_2006": 1110.0, "GRD_ID": "CRS3035RES1000mN2480000E4474000", "TOT_P_2011": 1375.0, "TOT_P_2021": 1209.0, "Y_LLC": 2480000, "CNTR_ID": "IT", "NUTS2016_3": "ITH35-ITH36", "NUTS2016_2": "ITH3", "NUTS2016_1": "ITH", "NUTS2016_0": "IT", "LAND_PC": 100.0, "X_LLC": 4474000, "NUTS2021_3": "ITH35-ITH36", "NUTS2021_2": "ITH3", "DIST_COAST": 14881.11, "NUTS2021_1": "ITH", "NUTS2021_0": "IT", "NUTS2024_3": "ITH35-ITH36", "NUTS2024_2": "ITH3", "NUTS2024_1": "ITH", "NUTS2024_0": "IT" }, "geometry": { "type": "Point", "coordinates": [ 11.958415180814992, 45.418650538650873 ] } },
{ "type": "Feature", "properties": { "DIST_BORD": 131712.92, "TOT_P_2018": 895.0, "TOT_P_2006": 451.0, "GRD_ID": "CRS3035RES1000mN2480000E4475000", "TOT_P_2011": 895.0, "TOT_P_2021": 902.0, "Y_LLC": 2480000, "CNTR_ID": "IT", "NUTS2016_3": "ITH35-ITH36", "NUTS2016_2": "ITH3", "NUTS2016_1": "ITH", "NUTS2016_0": "IT", "LAND_PC": 100.0, "X_LLC": 4475000, "NUTS2021_3": "ITH35-ITH36", "NUTS2021_2": "ITH3", "DIST_COAST": 13899.31, "NUTS2021_1": "ITH", "NUTS2021_0": "IT", "NUTS2024_3": "ITH35-ITH36", "NUTS2024_2": "ITH3", "NUTS2024_1": "ITH", "NUTS2024_0": "IT" }, "geometry": { "type": "Point", "coordinates": [ 11.971168476453109, 45.418413148403801 ] } },
{ "type": "Feature", "properties": { "DIST_BORD": 130715.23, "TOT_P_2018": 664.0, "TOT_P_2006": 743.0, "GRD_ID": "CRS3035RES1000mN2480000E4476000", "TOT_P_2011": 672.0, "TOT_P_2021": 773.0, "Y_LLC": 2480000, "CNTR_ID": "IT", "NUTS2016_3": "ITH35-ITH36", "NUTS2016_2": "ITH3", "NUTS2016_1": "ITH", "NUTS2016_0": "IT", "LAND_PC": 100.0, "X_LLC": 4476000, "NUTS2021_3": "ITH35-ITH36", "NUTS2021_2": "ITH3", "DIST_COAST": 12920.3, "NUTS2021_1": "ITH", "NUTS2021_0": "IT", "NUTS2024_3": "ITH35-ITH36", "NUTS2024_2": "ITH3", "NUTS2024_1": "ITH", "NUTS2024_0": "IT" }, "geometry": { "type": "Point", "coordinates": [ 11.983921672524628, 45.418174217595997 ] } },
{ "type": "Feature", "properties": { "DIST_BORD": 149072.65, "TOT_P_2018": 402.0, "TOT_P_2006": 154.0, "GRD_ID": "CRS3035RES1000mN2481000E4453000", "TOT_P_2011": 349.0, "TOT_P_2021": 349.0, "Y_LLC": 2481000, "CNTR_ID": "IT", "NUTS2016_3": "ITH32-ITH36", "NUTS2016_2": "ITH3", "NUTS2016_1": "ITH", "NUTS2016_0": "IT", "LAND_PC": 100.0, "X_LLC": 4453000, "NUTS2021_3": "ITH32-ITH36", "NUTS2021_2": "ITH3", "DIST_COAST": 35823.2, "NUTS2021_1": "ITH", "NUTS2021_0": "IT", "NUTS2024_3": "ITH32-ITH36", "NUTS2024_2": "ITH3", "NUTS2024_1": "ITH", "NUTS2024_0": "IT" }, "geometry": { "type": "Point", "coordinates": [ 11.690850479537763, 45.432288546616881 ] } },
{ "type": "Feature", "properties": { "DIST_BORD": 149872.1, "TOT_P_2018": 36.0, "TOT_P_2006": 0.0, "GRD_ID": "CRS3035RES1000mN2481000E4454000", "TOT_P_2011": 31.0, "TOT_P_2021": 48.0, "Y_LLC": 2481000, "CNTR_ID": "IT", "NUTS2016_3": "ITH32-ITH36", "NUTS2016_2": "ITH3", "NUTS2016_1": "ITH", "NUTS2016_0": "IT", "LAND_PC": 100.0, "X_LLC": 4454000, "NUTS2021_3": "ITH32-ITH36", "NUTS2021_2": "ITH3", "DIST_COAST": 34828.79, "NUTS2021_1": "ITH", "NUTS2021_0": "IT", "NUTS2024_3": "ITH32-ITH36", "NUTS2024_2": "ITH3", "NUTS2024_1": "ITH", "NUTS2024_0": "IT" }, "geometry": { "type": "Point", "coordinates": [ 11.703607798810697, 45.432083472146722 ] } },
{ "type": "Feature", "properties": { "DIST_BORD": 150445.97, "TOT_P_2018": 0.0, "TOT_P_2006": 0.0, "GRD_ID": "CRS3035RES1000mN2481000E4455000", "TOT_P_2011": 0.0, "TOT_P_2021": 27.0, "Y_LLC": 2481000, "CNTR_ID": "IT", "NUTS2016_3": "ITH32-ITH36", "NUTS2016_2": "ITH3", "NUTS2016_1": "ITH", "NUTS2016_0": "IT", "LAND_PC": 100.0, "X_LLC": 4455000, "NUTS2021_3": "ITH32-ITH36", "NUTS2021_2": "ITH3", "DIST_COAST": 33834.71, "NUTS2021_1": "ITH", "NUTS2021_0": "IT", "NUTS2024_3": "ITH32-ITH36", "NUTS2024_2": "ITH3", "NUTS2024_1": "ITH", "NUTS2024_0": "IT" }, "geometry": { "type": "Point", "coordinates": [ 11.716365032029566, 45.431876856588993 ] } },
{ "type": "Feature", "properties": { "DIST_BORD": 150080.69, "TOT_P_2018": 44.0, "TOT_P_2006": 0.0, "GRD_ID": "CRS3035RES1000mN2481000E4456000", "TOT_P_2011": 41.0, "TOT_P_2021": 77.0, "Y_LLC": 2481000, "CNTR_ID": "IT", "NUTS2016_3": "ITH36", "NUTS2016_2": "ITH3", "NUTS2016_1": "ITH", "NUTS2016_0": "IT", "LAND_PC": 100.0, "X_LLC": 4456000, "NUTS2021_3": "ITH36", "NUTS2021_2": "ITH3", "DIST_COAST": 32841.0, "NUTS2021_1": "ITH", "NUTS2021_0": "IT", "NUTS2024_3": "ITH36", "NUTS2024_2": "ITH3", "NUTS2024_1": "ITH", "NUTS2024_0": "IT" }, "geometry": { "type": "Point", "coordinates": [ 11.729122178615226, 45.431668699875736 ] } },
{ "type": "Feature", "properties": { "DIST_BORD": 149569.06, "TOT_P_2018": 373.0, "TOT_P_2006": 0.0, "GRD_ID": "CRS3035RES1000mN2481000E4457000", "TOT_P_2011": 349.0, "TOT_P_2021": 210.0, "Y_LLC": 2481000, "CNTR_ID": "IT", "NUTS2016_3": "ITH36", "NUTS2016_2": "ITH3", "NUTS2016_1": "ITH", "NUTS2016_0": "IT", "LAND_PC": 100.0, "X_LLC": 4457000, "NUTS2021_3": "ITH36", "NUTS2021_2": "ITH3", "DIST_COAST": 31847.67, "NUTS2021_1": "ITH", "NUTS2021_0": "IT", "NUTS2024_3": "ITH36", "NUTS2024_2": "ITH3", "NUTS2024_1": "ITH", "NUTS2024_0": "IT" }, "geometry": { "type": "Point", "coordinates": [ 11.741879237854222, 45.431459002011366 ] } },
{ "type": "Feature", "properties": { "DIST_BORD": 148621.77, "TOT_P_2018": 95.0, "TOT_P_2006": 21.0, "GRD_ID": "CRS3035RES1000mN2481000E4458000", "TOT_P_2011": 90.0, "TOT_P_2021": 81.0, "Y_LLC": 2481000, "CNTR_ID": "IT", "NUTS2016_3": "ITH36", "NUTS2016_2": "ITH3", "NUTS2016_1": "ITH", "NUTS2016_0": "IT", "LAND_PC": 100.0, "X_LLC": 4458000, "NUTS2021_3": "ITH36", "NUTS2021_2": "ITH3", "DIST_COAST": 30854.78, "NUTS2021_1": "ITH", "NUTS2021_0": "IT", "NUTS2024_3": "ITH36", "NUTS2024_2": "ITH3", "NUTS2024_1": "ITH", "NUTS2024_0": "IT" }, "geometry": { "type": "Point", "coordinates": [ 11.754636208990766, 45.431247763080052 ] } },
{ "type": "Feature", "properties": { "DIST_BORD": 147623.2, "TOT_P_2018": 811.0, "TOT_P_2006": 632.0, "GRD_ID": "CRS3035RES1000mN2481000E4459000", "TOT_P_2011": 797.0, "TOT_P_2021": 762.0, "Y_LLC": 2481000, "CNTR_ID": "IT", "NUTS2016_3": "ITH36", "NUTS2016_2": "ITH3", "NUTS2016_1": "ITH", "NUTS2016_0": "IT", "LAND_PC": 100.0, "X_LLC": 4459000, "NUTS2021_3": "ITH36", "NUTS2021_2": "ITH3", "DIST_COAST": 29862.36, "NUTS2021_1": "ITH", "NUTS2021_0": "IT", "NUTS2024_3": "ITH36", "NUTS2024_2": "ITH3", "NUTS2024_1": "ITH", "NUTS2024_0": "IT" }, "geometry": { "type": "Point", "coordinates": [ 11.767393091767014, 45.431034982942663 ] } },
{ "type": "Feature", "properties": { "DIST_BORD": 146624.64, "TOT_P_2018": 875.0, "TOT_P_2006": 1080.0, "GRD_ID": "CRS3035RES1000mN2481000E4460000", "TOT_P_2011": 802.0, "TOT_P_2021": 1189.0, "Y_LLC": 2481000, "CNTR_ID": "IT", "NUTS2016_3": "ITH36", "NUTS2016_2": "ITH3", "NUTS2016_1": "ITH", "NUTS2016_0": "IT", "LAND_PC": 100.0, "X_LLC": 4460000, "NUTS2021_3": "ITH36", "NUTS2021_2": "ITH3", "DIST_COAST": 28870.47, "NUTS2021_1": "ITH", "NUTS2021_0": "IT", "NUTS2024_3": "ITH36", "NUTS2024_2": "ITH3", "NUTS2024_1": "ITH", "NUTS2024_0": "IT" }, "geometry": { "type": "Point", "coordinates": [ 11.780149885044871, 45.430820661759832 ] } },
{ "type": "Feature", "properties": { "DIST_BORD": 145626.11, "TOT_P_2018": 2409.0, "TOT_P_2006": 2677.0, "GRD_ID": "CRS3035RES1000mN2481000E4461000", "TOT_P_2011": 2277.0, "TOT_P_2021": 2442.0, "Y_LLC": 2481000, "CNTR_ID": "IT", "NUTS2016_3": "ITH36", "NUTS2016_2": "ITH3", "NUTS2016_1": "ITH", "NUTS2016_0": "IT", "LAND_PC": 100.0, "X_LLC": 4461000, "NUTS2021_3": "ITH36", "NUTS2021_2": "ITH3", "DIST_COAST": 27879.15, "NUTS2021_1": "ITH", "NUTS2021_0": "IT", "NUTS2024_3": "ITH36", "NUTS2024_2": "ITH3", "NUTS2024_1": "ITH", "NUTS2024_0": "IT" }, "geometry": { "type": "Point", "coordinates": [ 11.792906588612926, 45.430604799597162 ] } },
{ "type": "Feature", "properties": { "DIST_BORD": 144627.6, "TOT_P_2018": 620.0, "TOT_P_2006": 161.0, "GRD_ID": "CRS3035RES1000mN2481000E4462000", "TOT_P_2011": 553.0, "TOT_P_2021": 584.0, "Y_LLC": 2481000, "CNTR_ID": "IT", "NUTS2016_3": "ITH36", "NUTS2016_2": "ITH3", "NUTS2016_1": "ITH", "NUTS2016_0": "IT", "LAND_PC": 100.0, "X_LLC": 4462000, "NUTS2021_3": "ITH36", "NUTS2021_2": "ITH3", "DIST_COAST": 26888.48, "NUTS2021_1": "ITH", "NUTS2021_0": "IT", "NUTS2024_3": "ITH36", "NUTS2024_2": "ITH3", "NUTS2024_1": "ITH", "NUTS2024_0": "IT" }, "geometry": { "type": "Point", "coordinates": [ 11.805663201473656, 45.430387396366143 ] } },
{ "type": "Feature", "properties": { "DIST_BORD": 143629.11, "TOT_P_2018": 1043.0, "TOT_P_2006": 281.0, "GRD_ID": "CRS3035RES1000mN2481000E4463000", "TOT_P_2011": 952.0, "TOT_P_2021": 1242.0, "Y_LLC": 2481000, "CNTR_ID": "IT", "NUTS2016_3": "ITH36", "NUTS2016_2": "ITH3", "NUTS2016_1": "ITH", "NUTS2016_0": "IT", "LAND_PC": 100.0, "X_LLC": 4463000, "NUTS2021_3": "ITH36", "NUTS2021_2": "ITH3", "DIST_COAST": 25898.53, "NUTS2021_1": "ITH", "NUTS2021_0": "IT", "NUTS2024_3": "ITH36", "NUTS2024_2": "ITH3", "NUTS2024_1": "ITH", "NUTS2024_0": "IT" }, "geometry": { "type": "Point", "coordinates": [ 11.818419723285979, 45.430168452022677 ] } },
{ "type": "Feature", "properties": { "DIST_BORD": 132647.21, "TOT_P_2018": 2178.0, "TOT_P_2006": 3213.0, "GRD_ID": "CRS3035RES1000mN2481000E4474000", "TOT_P_2011": 2203.0, "TOT_P_2021": 2392.0, "Y_LLC": 2481000, "CNTR_ID": "IT", "NUTS2016_3": "ITH36", "NUTS2016_2": "ITH3", "NUTS2016_1": "ITH", "NUTS2016_0": "IT", "LAND_PC": 100.0, "X_LLC": 4474000, "NUTS2021_3": "ITH36", "NUTS2021_2": "ITH3", "DIST_COAST": 15096.67, "NUTS2021_1": "ITH", "NUTS2021_0": "IT", "NUTS2024_3": "ITH36", "NUTS2024_2": "ITH3", "NUTS2024_1": "ITH", "NUTS2024_0": "IT" }, "geometry": { "type": "Point", "coordinates": [ 11.958735260763259, 45.427658362169659 ] } },
{ "type": "Feature", "properties": { "DIST_BORD": 131649.01, "TOT_P_2018": 2812.0, "TOT_P_2006": 2808.0, "GRD_ID": "CRS3035RES1000mN2481000E4475000", "TOT_P_2011": 2386.0, "TOT_P_2021": 2470.0, "Y_LLC": 2481000, "CNTR_ID": "IT", "NUTS2016_3": "ITH35-ITH36", "NUTS2016_2": "ITH3", "NUTS2016_1": "ITH", "NUTS2016_0": "IT", "LAND_PC": 100.0, "X_LLC": 4475000, "NUTS2021_3": "ITH35-ITH36", "NUTS2021_2": "ITH3", "DIST_COAST": 14129.85, "NUTS2021_1": "ITH", "NUTS2021_0": "IT", "NUTS2024_3": "ITH35-ITH36", "NUTS2024_2": "ITH3", "NUTS2024_1": "ITH", "NUTS2024_0": "IT" }, "geometry": { "type": "Point", "coordinates": [ 11.971490638184342, 45.427420926991793 ] } },
{ "type": "Feature", "properties": { "DIST_BORD": 130650.83, "TOT_P_2018": 770.0, "TOT_P_2006": 873.0, "GRD_ID": "CRS3035RES1000mN2481000E4476000", "TOT_P_2011": 736.0, "TOT_P_2021": 800.0, "Y_LLC": 2481000, "CNTR_ID": "IT", "NUTS2016_3": "ITH35-ITH36", "NUTS2016_2": "ITH3", "NUTS2016_1": "ITH", "NUTS2016_0": "IT", "LAND_PC": 100.0, "X_LLC": 4476000, "NUTS2021_3": "ITH35-ITH36", "NUTS2021_2": "ITH3", "DIST_COAST": 13167.99, "NUTS2021_1": "ITH", "NUTS2021_0": "IT", "NUTS2024_3": "ITH35-ITH36", "NUTS2024_2": "ITH3", "NUTS2024_1": "ITH", "NUTS2024_0": "IT" }, "geometry": { "type": "Point", "coordinates": [ 11.984245916149384, 45.427181951021616 ] } },
{ "type": "Feature", "properties": { "DIST_BORD": 129652.68, "TOT_P_2018": 214.0, "TOT_P_2006": 95.0, "GRD_ID": "CRS3035RES1000mN2481000E4477000", "TOT_P_2011": 209.0, "TOT_P_2021": 147.0, "Y_LLC": 2481000, "CNTR_ID": "IT", "NUTS2016_3": "ITH35-ITH36", "NUTS2016_2": "ITH3", "NUTS2016_1": "ITH", "NUTS2016_0": "IT", "LAND_PC": 100.0, "X_LLC": 4477000, "NUTS2021_3": "ITH35-ITH36", "NUTS2021_2": "ITH3", "DIST_COAST": 12212.26, "NUTS2021_1": "ITH", "NUTS2021_0": "IT", "NUTS2024_3": "ITH35-ITH36", "NUTS2024_2": "ITH3", "NUTS2024_1": "ITH", "NUTS2024_0": "IT" }, "geometry": { "type": "Point", "coordinates": [ 11.997001093812758, 45.426941434270901 ] } },
{ "type": "Feature", "properties": { "DIST_BORD": 128654.56, "TOT_P_2018": 58.0, "TOT_P_2006": 26.0, "GRD_ID": "CRS3035RES1000mN2481000E4478000", "TOT_P_2011": 38.0, "TOT_P_2021": 63.0, "Y_LLC": 2481000, "CNTR_ID": "IT", "NUTS2016_3": "ITH35-ITH36", "NUTS2016_2": "ITH3", "NUTS2016_1": "ITH", "NUTS2016_0": "IT", "LAND_PC": 100.0, "X_LLC": 4478000, "NUTS2021_3": "ITH35-ITH36", "NUTS2021_2": "ITH3", "DIST_COAST": 11264.21, "NUTS2021_1": "ITH", "NUTS2021_0": "IT", "NUTS2024_3": "ITH35-ITH36", "NUTS2024_2": "ITH3", "NUTS2024_1": "ITH", "NUTS2024_0": "IT" }, "geometry": { "type": "Point", "coordinates": [ 12.009756170826408, 45.426699376780547 ] } },
{ "type": "Feature", "properties": { "DIST_BORD": 149275.12, "TOT_P_2018": 645.0, "TOT_P_2006": 218.0, "GRD_ID": "CRS3035RES1000mN2482000E4454000", "TOT_P_2011": 514.0, "TOT_P_2021": 652.0, "Y_LLC": 2482000, "CNTR_ID": "IT", "NUTS2016_3": "ITH32-ITH36", "NUTS2016_2": "ITH3", "NUTS2016_1": "ITH", "NUTS2016_0": "IT", "LAND_PC": 100.0, "X_LLC": 4454000, "NUTS2021_3": "ITH32-ITH36", "NUTS2021_2": "ITH3", "DIST_COAST": 34950.06, "NUTS2021_1": "ITH", "NUTS2021_0": "IT", "NUTS2024_3": "ITH32-ITH36", "NUTS2024_2": "ITH3", "NUTS2024_1": "ITH", "NUTS2024_0": "IT" }, "geometry": { "type": "Point", "coordinates": [ 11.703886347337987, 45.441092078147889 ] } },
{ "type": "Feature", "properties": { "DIST_BORD": 149516.67, "TOT_P_2018": 237.0, "TOT_P_2006": 174.0, "GRD_ID": "CRS3035RES1000mN2482000E4455000", "TOT_P_2011": 201.0, "TOT_P_2021": 353.0, "Y_LLC": 2482000, "CNTR_ID": "IT", "NUTS2016_3": "ITH32-ITH36", "NUTS2016_2": "ITH3", "NUTS2016_1": "ITH", "NUTS2016_0": "IT", "LAND_PC": 100.0, "X_LLC": 4455000, "NUTS2021_3": "ITH32-ITH36", "NUTS2021_2": "ITH3", "DIST_COAST": 33959.53, "NUTS2021_1": "ITH", "NUTS2021_0": "IT", "NUTS2024_3": "ITH32-ITH36", "NUTS2024_2": "ITH3", "NUTS2024_1": "ITH", "NUTS2024_0": "IT" }, "geometry": { "type": "Point", "coordinates": [ 11.716645664494262, 45.440885423476026 ] } },
{ "type": "Feature", "properties": { "DIST_BORD": 149149.1, "TOT_P_2018": 8.0, "TOT_P_2006": 84.0, "GRD_ID": "CRS3035RES1000mN2482000E4456000", "TOT_P_2011": 7.0, "TOT_P_2021": 45.0, "Y_LLC": 2482000, "CNTR_ID": "IT", "NUTS2016_3": "ITH36", "NUTS2016_2": "ITH3", "NUTS2016_1": "ITH", "NUTS2016_0": "IT", "LAND_PC": 100.0, "X_LLC": 4456000, "NUTS2021_3": "ITH36", "NUTS2021_2": "ITH3", "DIST_COAST": 32969.58, "NUTS2021_1": "ITH", "NUTS2021_0": "IT", "NUTS2024_3": "ITH36", "NUTS2024_2": "ITH3", "NUTS2024_1": "ITH", "NUTS2024_0": "IT" }, "geometry": { "type": "Point", "coordinates": [ 11.729404894917485, 45.440677227341162 ] } },
{ "type": "Feature", "properties": { "DIST_BORD": 148787.35, "TOT_P_2018": 294.0, "TOT_P_2006": 135.0, "GRD_ID": "CRS3035RES1000mN2482000E4457000", "TOT_P_2011": 268.0, "TOT_P_2021": 213.0, "Y_LLC": 2482000, "CNTR_ID": "IT", "NUTS2016_3": "ITH36", "NUTS2016_2": "ITH3", "NUTS2016_1": "ITH", "NUTS2016_0": "IT", "LAND_PC": 100.0, "X_LLC": 4457000, "NUTS2021_3": "ITH36", "NUTS2021_2": "ITH3", "DIST_COAST": 31980.25, "NUTS2021_1": "ITH", "NUTS2021_0": "IT", "NUTS2024_3": "ITH36", "NUTS2024_2": "ITH3", "NUTS2024_1": "ITH", "NUTS2024_0": "IT" }, "geometry": { "type": "Point", "coordinates": [ 11.742164037978913, 45.44046748977307 ] } },
{ "type": "Feature", "properties": { "DIST_BORD": 148222.81, "TOT_P_2018": 3032.0, "TOT_P_2006": 2899.0, "GRD_ID": "CRS3035RES1000mN2482000E4458000", "TOT_P_2011": 2928.0, "TOT_P_2021": 2934.0, "Y_LLC": 2482000, "CNTR_ID": "IT", "NUTS2016_3": "ITH36", "NUTS2016_2": "ITH3", "NUTS2016_1": "ITH", "NUTS2016_0": "IT", "LAND_PC": 100.0, "X_LLC": 4458000, "NUTS2021_3": "ITH36", "NUTS2021_2": "ITH3", "DIST_COAST": 30991.6, "NUTS2021_1": "ITH", "NUTS2021_0": "IT", "NUTS2024_3": "ITH36", "NUTS2024_2": "ITH3", "NUTS2024_1": "ITH", "NUTS2024_0": "IT" }, "geometry": { "type": "Point", "coordinates": [ 11.754923093032097, 45.440256210818724 ] } },
{ "type": "Feature", "properties": { "DIST_BORD": 147333.16, "TOT_P_2018": 2535.0, "TOT_P_2006": 1731.0, "GRD_ID": "CRS3035RES1000mN2482000E4459000", "TOT_P_2011": 2415.0, "TOT_P_2021": 2819.0, "Y_LLC": 2482000, "CNTR_ID": "IT", "NUTS2016_3": "ITH36", "NUTS2016_2": "ITH3", "NUTS2016_1": "ITH", "NUTS2016_0": "IT", "LAND_PC": 100.0, "X_LLC": 4459000, "NUTS2021_3": "ITH36", "NUTS2021_2": "ITH3", "DIST_COAST": 30003.71, "NUTS2021_1": "ITH", "NUTS2021_0": "IT", "NUTS2024_3": "ITH36", "NUTS2024_2": "ITH3", "NUTS2024_1": "ITH", "NUTS2024_0": "IT" }, "geometry": { "type": "Point", "coordinates": [ 11.767682059451788, 45.440043390477818 ] } },
{ "type": "Feature", "properties": { "DIST_BORD": 146444.92, "TOT_P_2018": 157.0, "TOT_P_2006": 189.0, "GRD_ID": "CRS3035RES1000mN2482000E4460000", "TOT_P_2011": 152.0, "TOT_P_2021": 154.0, "Y_LLC": 2482000, "CNTR_ID": "IT", "NUTS2016_3": "ITH36", "NUTS2016_2": "ITH3", "NUTS2016_1": "ITH", "NUTS2016_0": "IT", "LAND_PC": 100.0, "X_LLC": 4460000, "NUTS2021_3": "ITH36", "NUTS2021_2": "ITH3", "DIST_COAST": 29016.65, "NUTS2021_1": "ITH", "NUTS2021_0": "IT", "NUTS2024_3": "ITH36", "NUTS2024_2": "ITH3", "NUTS2024_1": "ITH", "NUTS2024_0": "IT" }, "geometry": { "type": "Point", "coordinates": [ 11.780440936475838, 45.439829028796098 ] } },
{ "type": "Feature", "properties": { "DIST_BORD": 145558.14, "TOT_P_2018": 1384.0, "TOT_P_2006": 1229.0, "GRD_ID": "CRS3035RES1000mN2482000E4461000", "TOT_P_2011": 1313.0, "TOT_P_2021": 1346.0, "Y_LLC": 2482000, "CNTR_ID": "IT", "NUTS2016_3": "ITH36", "NUTS2016_2": "ITH3", "NUTS2016_1": "ITH", "NUTS2016_0": "IT", "LAND_PC": 100.0, "X_LLC": 4461000, "NUTS2021_3": "ITH36", "NUTS2021_2": "ITH3", "DIST_COAST": 28030.5, "NUTS2021_1": "ITH", "NUTS2021_0": "IT", "NUTS2024_3": "ITH36", "NUTS2024_2": "ITH3", "NUTS2024_1": "ITH", "NUTS2024_0": "IT" }, "geometry": { "type": "Point", "coordinates": [ 11.793199723582777, 45.439613125784959 ] } },
{ "type": "Feature", "properties": { "DIST_BORD": 144576.32, "TOT_P_2018": 374.0, "TOT_P_2006": 157.0, "GRD_ID": "CRS3035RES1000mN2482000E4462000", "TOT_P_2011": 358.0, "TOT_P_2021": 462.0, "Y_LLC": 2482000, "CNTR_ID": "IT", "NUTS2016_3": "ITH36", "NUTS2016_2": "ITH3", "NUTS2016_1": "ITH", "NUTS2016_0": "IT", "LAND_PC": 100.0, "X_LLC": 4462000, "NUTS2021_3": "ITH36", "NUTS2021_2": "ITH3", "DIST_COAST": 27045.38, "NUTS2021_1": "ITH", "NUTS2021_0": "IT", "NUTS2024_3": "ITH36", "NUTS2024_2": "ITH3", "NUTS2024_1": "ITH", "NUTS2024_0": "IT" }, "geometry": { "type": "Point", "coordinates": [ 11.805958420059264, 45.439395681326978 ] } },
{ "type": "Feature", "properties": { "DIST_BORD": 143577.47, "TOT_P_2018": 402.0, "TOT_P_2006": 123.0, "GRD_ID": "CRS3035RES1000mN2482000E4463000", "TOT_P_2011": 361.0, "TOT_P_2021": 381.0, "Y_LLC": 2482000, "CNTR_ID": "IT", "NUTS2016_3": "ITH36", "NUTS2016_2": "ITH3", "NUTS2016_1": "ITH", "NUTS2016_0": "IT", "LAND_PC": 100.0, "X_LLC": 4463000, "NUTS2021_3": "ITH36", "NUTS2021_2": "ITH3", "DIST_COAST": 26061.38, "NUTS2021_1": "ITH", "NUTS2021_0": "IT", "NUTS2024_3": "ITH36", "NUTS2024_2": "ITH3", "NUTS2024_1": "ITH", "NUTS2024_0": "IT" }, "geometry": { "type": "Point", "coordinates": [ 11.818717025330843, 45.439176695602839 ] } },
{ "type": "Feature", "properties": { "DIST_BORD": 133589.95, "TOT_P_2018": 315.0, "TOT_P_2006": 93.0, "GRD_ID": "CRS3035RES1000mN2482000E4473000", "TOT_P_2011": 319.0, "TOT_P_2021": 267.0, "Y_LLC": 2482000, "CNTR_ID": "IT", "NUTS2016_3": "ITH36", "NUTS2016_2": "ITH3", "NUTS2016_1": "ITH", "NUTS2016_0": "IT", "LAND_PC": 100.0, "X_LLC": 4473000, "NUTS2021_3": "ITH36", "NUTS2021_2": "ITH3", "DIST_COAST": 16328.75, "NUTS2021_1": "ITH", "NUTS2021_0": "IT", "NUTS2024_3": "ITH36", "NUTS2024_2": "ITH3", "NUTS2024_1": "ITH", "NUTS2024_0": "IT" }, "geometry": { "type": "Point", "coordinates": [ 11.946297918083197, 45.436902069906303 ] } },
{ "type": "Feature", "properties": { "DIST_BORD": 132591.3, "TOT_P_2018": 1004.0, "TOT_P_2006": 1020.0, "GRD_ID": "CRS3035RES1000mN2482000E4474000", "TOT_P_2011": 1013.0, "TOT_P_2021": 1031.0, "Y_LLC": 2482000, "CNTR_ID": "IT", "NUTS2016_3": "ITH36", "NUTS2016_2": "ITH3", "NUTS2016_1": "ITH", "NUTS2016_0": "IT", "LAND_PC": 100.0, "X_LLC": 4474000, "NUTS2021_3": "ITH36", "NUTS2021_2": "ITH3", "DIST_COAST": 15374.37, "NUTS2021_1": "ITH", "NUTS2021_0": "IT", "NUTS2024_3": "ITH36", "NUTS2024_2": "ITH3", "NUTS2024_1": "ITH", "NUTS2024_0": "IT" }, "geometry": { "type": "Point", "coordinates": [ 11.959055477272928, 45.436666130897727 ] } },
{ "type": "Feature", "properties": { "DIST_BORD": 131592.67, "TOT_P_2018": 596.0, "TOT_P_2006": 577.0, "GRD_ID": "CRS3035RES1000mN2482000E4475000", "TOT_P_2011": 599.0, "TOT_P_2021": 637.0, "Y_LLC": 2482000, "CNTR_ID": "IT", "NUTS2016_3": "ITH35-ITH36", "NUTS2016_2": "ITH3", "NUTS2016_1": "ITH", "NUTS2016_0": "IT", "LAND_PC": 100.0, "X_LLC": 4475000, "NUTS2021_3": "ITH35-ITH36", "NUTS2021_2": "ITH3", "DIST_COAST": 14426.18, "NUTS2021_1": "ITH", "NUTS2021_0": "IT", "NUTS2024_3": "ITH35-ITH36", "NUTS2024_2": "ITH3", "NUTS2024_1": "ITH", "NUTS2024_0": "IT" }, "geometry": { "type": "Point", "coordinates": [ 11.971812937458774, 45.436428650749093 ] } },
{ "type": "Feature", "properties": { "DIST_BORD": 130594.06, "TOT_P_2018": 613.0, "TOT_P_2006": 414.0, "GRD_ID": "CRS3035RES1000mN2482000E4476000", "TOT_P_2011": 607.0, "TOT_P_2021": 560.0, "Y_LLC": 2482000, "CNTR_ID": "IT", "NUTS2016_3": "ITH35-ITH36", "NUTS2016_2": "ITH3", "NUTS2016_1": "ITH", "NUTS2016_0": "IT", "LAND_PC": 100.0, "X_LLC": 4476000, "NUTS2021_3": "ITH35-ITH36", "NUTS2021_2": "ITH3", "DIST_COAST": 13485.47, "NUTS2021_1": "ITH", "NUTS2021_0": "IT", "NUTS2024_3": "ITH35-ITH36", "NUTS2024_2": "ITH3", "NUTS2024_1": "ITH", "NUTS2024_0": "IT" }, "geometry": { "type": "Point", "coordinates": [ 11.984570298064659, 45.436189629547407 ] } },
{ "type": "Feature", "properties": { "DIST_BORD": 129595.48, "TOT_P_2018": 375.0, "TOT_P_2006": 147.0, "GRD_ID": "CRS3035RES1000mN2482000E4477000", "TOT_P_2011": 379.0, "TOT_P_2021": 449.0, "Y_LLC": 2482000, "CNTR_ID": "IT", "NUTS2016_3": "ITH35-ITH36", "NUTS2016_2": "ITH3", "NUTS2016_1": "ITH", "NUTS2016_0": "IT", "LAND_PC": 100.0, "X_LLC": 4477000, "NUTS2021_3": "ITH35-ITH36", "NUTS2021_2": "ITH3", "DIST_COAST": 12553.93, "NUTS2021_1": "ITH", "NUTS2021_0": "IT", "NUTS2024_3": "ITH35-ITH36", "NUTS2024_2": "ITH3", "NUTS2024_1": "ITH", "NUTS2024_0": "IT" }, "geometry": { "type": "Point", "coordinates": [ 11.997327558499572, 45.43594906729566 ] } },
{ "type": "Feature", "properties": { "DIST_BORD": 128596.91, "TOT_P_2018": 215.0, "TOT_P_2006": 162.0, "GRD_ID": "CRS3035RES1000mN2482000E4478000", "TOT_P_2011": 201.0, "TOT_P_2021": 200.0, "Y_LLC": 2482000, "CNTR_ID": "IT", "NUTS2016_3": "ITH35-ITH36", "NUTS2016_2": "ITH3", "NUTS2016_1": "ITH", "NUTS2016_0": "IT", "LAND_PC": 100.0, "X_LLC": 4478000, "NUTS2021_3": "ITH35-ITH36", "NUTS2021_2": "ITH3", "DIST_COAST": 11633.76, "NUTS2021_1": "ITH", "NUTS2021_0": "IT", "NUTS2024_3": "ITH35-ITH36", "NUTS2024_2": "ITH3", "NUTS2024_1": "ITH", "NUTS2024_0": "IT" }, "geometry": { "type": "Point", "coordinates": [ 12.010084717882739, 45.435706964014386 ] } },
{ "type": "Feature", "properties": { "DIST_BORD": 148682.47, "TOT_P_2018": 660.0, "TOT_P_2006": 633.0, "GRD_ID": "CRS3035RES1000mN2483000E4454000", "TOT_P_2011": 573.0, "TOT_P_2021": 451.0, "Y_LLC": 2483000, "CNTR_ID": "IT", "NUTS2016_3": "ITH32-ITH36", "NUTS2016_2": "ITH3", "NUTS2016_1": "ITH", "NUTS2016_0": "IT", "LAND_PC": 100.0, "X_LLC": 4454000, "NUTS2021_3": "ITH32-ITH36", "NUTS2021_2": "ITH3", "DIST_COAST": 35099.41, "NUTS2021_1": "ITH", "NUTS2021_0": "IT", "NUTS2024_3": "ITH32-ITH36", "NUTS2024_2": "ITH3", "NUTS2024_1": "ITH", "NUTS2024_0": "IT" }, "geometry": { "type": "Point", "coordinates": [ 11.704165014645589, 45.450100629672562 ] } },
{ "type": "Feature", "properties": { "DIST_BORD": 148588.28, "TOT_P_2018": 1538.0, "TOT_P_2006": 1948.0, "GRD_ID": "CRS3035RES1000mN2483000E4455000", "TOT_P_2011": 1318.0, "TOT_P_2021": 1344.0, "Y_LLC": 2483000, "CNTR_ID": "IT", "NUTS2016_3": "ITH32-ITH36", "NUTS2016_2": "ITH3", "NUTS2016_1": "ITH", "NUTS2016_0": "IT", "LAND_PC": 100.0, "X_LLC": 4455000, "NUTS2021_3": "ITH32-ITH36", "NUTS2021_2": "ITH3", "DIST_COAST": 34113.22, "NUTS2021_1": "ITH", "NUTS2021_0": "IT", "NUTS2024_3": "ITH32-ITH36", "NUTS2024_2": "ITH3", "NUTS2024_1": "ITH", "NUTS2024_0": "IT" }, "geometry": { "type": "Point", "coordinates": [ 11.716926416698806, 45.449893935835462 ] } },
{ "type": "Feature", "properties": { "DIST_BORD": 148218.41, "TOT_P_2018": 120.0, "TOT_P_2006": 154.0, "GRD_ID": "CRS3035RES1000mN2483000E4456000", "TOT_P_2011": 104.0, "TOT_P_2021": 90.0, "Y_LLC": 2483000, "CNTR_ID": "IT", "NUTS2016_3": "ITH32-ITH36", "NUTS2016_2": "ITH3", "NUTS2016_1": "ITH", "NUTS2016_0": "IT", "LAND_PC": 100.0, "X_LLC": 4456000, "NUTS2021_3": "ITH32-ITH36", "NUTS2021_2": "ITH3", "DIST_COAST": 33127.86, "NUTS2021_1": "ITH", "NUTS2021_0": "IT", "NUTS2024_3": "ITH32-ITH36", "NUTS2024_2": "ITH3", "NUTS2024_1": "ITH", "NUTS2024_0": "IT" }, "geometry": { "type": "Point", "coordinates": [ 11.729687731971058, 45.449685700314348 ] } },
{ "type": "Feature", "properties": { "DIST_BORD": 147854.39, "TOT_P_2018": 137.0, "TOT_P_2006": 54.0, "GRD_ID": "CRS3035RES1000mN2483000E4457000", "TOT_P_2011": 125.0, "TOT_P_2021": 130.0, "Y_LLC": 2483000, "CNTR_ID": "IT", "NUTS2016_3": "ITH36", "NUTS2016_2": "ITH3", "NUTS2016_1": "ITH", "NUTS2016_0": "IT", "LAND_PC": 100.0, "X_LLC": 4457000, "NUTS2021_3": "ITH36", "NUTS2021_2": "ITH3", "DIST_COAST": 32143.4, "NUTS2021_1": "ITH", "NUTS2021_0": "IT", "NUTS2024_3": "ITH36", "NUTS2024_2": "ITH3", "NUTS2024_1": "ITH", "NUTS2024_0": "IT" }, "geometry": { "type": "Point", "coordinates": [ 11.742448959795928, 45.449475923097602 ] } },
{ "type": "Feature", "properties": { "DIST_BORD": 147496.24, "TOT_P_2018": 1049.0, "TOT_P_2006": 1243.0, "GRD_ID": "CRS3035RES1000mN2483000E4458000", "TOT_P_2011": 991.0, "TOT_P_2021": 1177.0, "Y_LLC": 2483000, "CNTR_ID": "IT", "NUTS2016_3": "ITH36", "NUTS2016_2": "ITH3", "NUTS2016_1": "ITH", "NUTS2016_0": "IT", "LAND_PC": 100.0, "X_LLC": 4458000, "NUTS2021_3": "ITH36", "NUTS2021_2": "ITH3", "DIST_COAST": 31159.93, "NUTS2021_1": "ITH", "NUTS2021_0": "IT", "NUTS2024_3": "ITH36", "NUTS2024_2": "ITH3", "NUTS2024_1": "ITH", "NUTS2024_0": "IT" }, "geometry": { "type": "Point", "coordinates": [ 11.755210099483348, 45.449264604184187 ] } },
{ "type": "Feature", "properties": { "DIST_BORD": 146877.84, "TOT_P_2018": 588.0, "TOT_P_2006": 717.0, "GRD_ID": "CRS3035RES1000mN2483000E4459000", "TOT_P_2011": 552.0, "TOT_P_2021": 522.0, "Y_LLC": 2483000, "CNTR_ID": "IT", "NUTS2016_3": "ITH36", "NUTS2016_2": "ITH3", "NUTS2016_1": "ITH", "NUTS2016_0": "IT", "LAND_PC": 100.0, "X_LLC": 4459000, "NUTS2021_3": "ITH36", "NUTS2021_2": "ITH3", "DIST_COAST": 30177.55, "NUTS2021_1": "ITH", "NUTS2021_0": "IT", "NUTS2024_3": "ITH36", "NUTS2024_2": "ITH3", "NUTS2024_1": "ITH", "NUTS2024_0": "IT" }, "geometry": { "type": "Point", "coordinates": [ 11.767971150526863, 45.449051743590175 ] } },
{ "type": "Feature", "properties": { "DIST_BORD": 145986.84, "TOT_P_2018": 129.0, "TOT_P_2006": 59.0, "GRD_ID": "CRS3035RES1000mN2483000E4460000", "TOT_P_2011": 116.0, "TOT_P_2021": 86.0, "Y_LLC": 2483000, "CNTR_ID": "IT", "NUTS2016_3": "ITH36", "NUTS2016_2": "ITH3", "NUTS2016_1": "ITH", "NUTS2016_0": "IT", "LAND_PC": 100.0, "X_LLC": 4460000, "NUTS2021_3": "ITH36", "NUTS2021_2": "ITH3", "DIST_COAST": 29196.37, "NUTS2021_1": "ITH", "NUTS2021_0": "IT", "NUTS2024_3": "ITH36", "NUTS2024_2": "ITH3", "NUTS2024_1": "ITH", "NUTS2024_0": "IT" }, "geometry": { "type": "Point", "coordinates": [ 11.780732112135023, 45.448837341276203 ] } },
{ "type": "Feature", "properties": { "DIST_BORD": 145097.26, "TOT_P_2018": 636.0, "TOT_P_2006": 467.0, "GRD_ID": "CRS3035RES1000mN2483000E4461000", "TOT_P_2011": 571.0, "TOT_P_2021": 768.0, "Y_LLC": 2483000, "CNTR_ID": "IT", "NUTS2016_3": "ITH36", "NUTS2016_2": "ITH3", "NUTS2016_1": "ITH", "NUTS2016_0": "IT", "LAND_PC": 100.0, "X_LLC": 4461000, "NUTS2021_3": "ITH36", "NUTS2021_2": "ITH3", "DIST_COAST": 28216.5, "NUTS2021_1": "ITH", "NUTS2021_0": "IT", "NUTS2024_3": "ITH36", "NUTS2024_2": "ITH3", "NUTS2024_1": "ITH", "NUTS2024_0": "IT" }, "geometry": { "type": "Point", "coordinates": [ 11.793492983724008, 45.448621397289784 ] } },
{ "type": "Feature", "properties": { "DIST_BORD": 144209.12, "TOT_P_2018": 212.0, "TOT_P_2006": 170.0, "GRD_ID": "CRS3035RES1000mN2483000E4462000", "TOT_P_2011": 197.0, "TOT_P_2021": 228.0, "Y_LLC": 2483000, "CNTR_ID": "IT", "NUTS2016_3": "ITH36", "NUTS2016_2": "ITH3", "NUTS2016_1": "ITH", "NUTS2016_0": "IT", "LAND_PC": 100.0, "X_LLC": 4462000, "NUTS2021_3": "ITH36", "NUTS2021_2": "ITH3", "DIST_COAST": 27238.1, "NUTS2021_1": "ITH", "NUTS2021_0": "IT", "NUTS2024_3": "ITH36", "NUTS2024_2": "ITH3", "NUTS2024_1": "ITH", "NUTS2024_0": "IT" }, "geometry": { "type": "Point", "coordinates": [ 11.806253764712157, 45.44840391181085 ] } },
{ "type": "Feature", "properties": { "DIST_BORD": 143322.46, "TOT_P_2018": 1399.0, "TOT_P_2006": 441.0, "GRD_ID": "CRS3035RES1000mN2483000E4463000", "TOT_P_2011": 1318.0, "TOT_P_2021": 1375.0, "Y_LLC": 2483000, "CNTR_ID": "IT", "NUTS2016_3": "ITH36", "NUTS2016_2": "ITH3", "NUTS2016_1": "ITH", "NUTS2016_0": "IT", "LAND_PC": 100.0, "X_LLC": 4463000, "NUTS2021_3": "ITH36", "NUTS2021_2": "ITH3", "DIST_COAST": 26261.33, "NUTS2021_1": "ITH", "NUTS2021_0": "IT", "NUTS2024_3": "ITH36", "NUTS2024_2": "ITH3", "NUTS2024_1": "ITH", "NUTS2024_0": "IT" }, "geometry": { "type": "Point", "coordinates": [ 11.819014454324593, 45.448184884676216 ] } },
{ "type": "Feature", "properties": { "DIST_BORD": 135539.98, "TOT_P_2018": 1012.0, "TOT_P_2006": 673.0, "GRD_ID": "CRS3035RES1000mN2483000E4471000", "TOT_P_2011": 1059.0, "TOT_P_2021": 1272.0, "Y_LLC": 2483000, "CNTR_ID": "IT", "NUTS2016_3": "ITH36", "NUTS2016_2": "ITH3", "NUTS2016_1": "ITH", "NUTS2016_0": "IT", "LAND_PC": 100.0, "X_LLC": 4471000, "NUTS2021_3": "ITH36", "NUTS2021_2": "ITH3", "DIST_COAST": 18536.55, "NUTS2021_1": "ITH", "NUTS2021_0": "IT", "NUTS2024_3": "ITH36", "NUTS2024_2": "ITH3", "NUTS2024_1": "ITH", "NUTS2024_0": "IT" }, "geometry": { "type": "Point", "coordinates": [ 11.921096607466197, 45.446377171536945 ] } },
{ "type": "Feature", "properties": { "DIST_BORD": 134540.94, "TOT_P_2018": 584.0, "TOT_P_2006": 436.0, "GRD_ID": "CRS3035RES1000mN2483000E4472000", "TOT_P_2011": 575.0, "TOT_P_2021": 387.0, "Y_LLC": 2483000, "CNTR_ID": "IT", "NUTS2016_3": "ITH36", "NUTS2016_2": "ITH3", "NUTS2016_1": "ITH", "NUTS2016_0": "IT", "LAND_PC": 100.0, "X_LLC": 4472000, "NUTS2021_3": "ITH36", "NUTS2021_2": "ITH3", "DIST_COAST": 17588.26, "NUTS2021_1": "ITH", "NUTS2021_0": "IT", "NUTS2024_3": "ITH36", "NUTS2024_2": "ITH3", "NUTS2024_1": "ITH", "NUTS2024_0": "IT" }, "geometry": { "type": "Point", "coordinates": [ 11.933856446369965, 45.44614427074319 ] } },
{ "type": "Feature", "properties": { "DIST_BORD": 133541.91, "TOT_P_2018": 220.0, "TOT_P_2006": 94.0, "GRD_ID": "CRS3035RES1000mN2483000E4473000", "TOT_P_2011": 222.0, "TOT_P_2021": 198.0, "Y_LLC": 2483000, "CNTR_ID": "IT", "NUTS2016_3": "ITH36", "NUTS2016_2": "ITH3", "NUTS2016_1": "ITH", "NUTS2016_0": "IT", "LAND_PC": 100.0, "X_LLC": 4473000, "NUTS2021_3": "ITH36", "NUTS2021_2": "ITH3", "DIST_COAST": 16646.02, "NUTS2021_1": "ITH", "NUTS2021_0": "IT", "NUTS2024_3": "ITH36", "NUTS2024_2": "ITH3", "NUTS2024_1": "ITH", "NUTS2024_0": "IT" }, "geometry": { "type": "Point", "coordinates": [ 11.946616187709317, 45.445909828476807 ] } },
{ "type": "Feature", "properties": { "DIST_BORD": 132542.9, "TOT_P_2018": 379.0, "TOT_P_2006": 298.0, "GRD_ID": "CRS3035RES1000mN2483000E4474000", "TOT_P_2011": 359.0, "TOT_P_2021": 369.0, "Y_LLC": 2483000, "CNTR_ID": "IT", "NUTS2016_3": "ITH35-ITH36", "NUTS2016_2": "ITH3", "NUTS2016_1": "ITH", "NUTS2016_0": "IT", "LAND_PC": 100.0, "X_LLC": 4474000, "NUTS2021_3": "ITH35-ITH36", "NUTS2021_2": "ITH3", "DIST_COAST": 15710.93, "NUTS2021_1": "ITH", "NUTS2021_0": "IT", "NUTS2024_3": "ITH35-ITH36", "NUTS2024_2": "ITH3", "NUTS2024_1": "ITH", "NUTS2024_0": "IT" }, "geometry": { "type": "Point", "coordinates": [ 11.959375830439516, 45.44567384476283 ] } },
{ "type": "Feature", "properties": { "DIST_BORD": 131543.91, "TOT_P_2018": 859.0, "TOT_P_2006": 570.0, "GRD_ID": "CRS3035RES1000mN2483000E4475000", "TOT_P_2011": 794.0, "TOT_P_2021": 1012.0, "Y_LLC": 2483000, "CNTR_ID": "IT", "NUTS2016_3": "ITH35-ITH36", "NUTS2016_2": "ITH3", "NUTS2016_1": "ITH", "NUTS2016_0": "IT", "LAND_PC": 100.0, "X_LLC": 4475000, "NUTS2021_3": "ITH35-ITH36", "NUTS2021_2": "ITH3", "DIST_COAST": 14784.33, "NUTS2021_1": "ITH", "NUTS2021_0": "IT", "NUTS2024_3": "ITH35-ITH36", "NUTS2024_2": "ITH3", "NUTS2024_1": "ITH", "NUTS2024_0": "IT" }, "geometry": { "type": "Point", "coordinates": [ 11.972135374320242, 45.445436319708691 ] } },
{ "type": "Feature", "properties": { "DIST_BORD": 130544.93, "TOT_P_2018": 2182.0, "TOT_P_2006": 2195.0, "GRD_ID": "CRS3035RES1000mN2483000E4476000", "TOT_P_2011": 2160.0, "TOT_P_2021": 2185.0, "Y_LLC": 2483000, "CNTR_ID": "IT", "NUTS2016_3": "ITH35-ITH36", "NUTS2016_2": "ITH3", "NUTS2016_1": "ITH", "NUTS2016_0": "IT", "LAND_PC": 100.0, "X_LLC": 4476000, "NUTS2021_3": "ITH35-ITH36", "NUTS2021_2": "ITH3", "DIST_COAST": 13867.94, "NUTS2021_1": "ITH", "NUTS2021_0": "IT", "NUTS2024_3": "ITH35-ITH36", "NUTS2024_2": "ITH3", "NUTS2024_1": "ITH", "NUTS2024_0": "IT" }, "geometry": { "type": "Point", "coordinates": [ 11.98489481843367, 45.445197253294914 ] } },
{ "type": "Feature", "properties": { "DIST_BORD": 129545.96, "TOT_P_2018": 489.0, "TOT_P_2006": 444.0, "GRD_ID": "CRS3035RES1000mN2483000E4477000", "TOT_P_2011": 490.0, "TOT_P_2021": 619.0, "Y_LLC": 2483000, "CNTR_ID": "IT", "NUTS2016_3": "ITH35-ITH36", "NUTS2016_2": "ITH3", "NUTS2016_1": "ITH", "NUTS2016_0": "IT", "LAND_PC": 100.0, "X_LLC": 4477000, "NUTS2021_3": "ITH35-ITH36", "NUTS2021_2": "ITH3", "DIST_COAST": 12963.91, "NUTS2021_1": "ITH", "NUTS2021_0": "IT", "NUTS2024_3": "ITH35-ITH36", "NUTS2024_2": "ITH3", "NUTS2024_1": "ITH", "NUTS2024_0": "IT" }, "geometry": { "type": "Point", "coordinates": [ 11.997654162444517, 45.444956645519845 ] } },
{ "type": "Feature", "properties": { "DIST_BORD": 128547.01, "TOT_P_2018": 182.0, "TOT_P_2006": 132.0, "GRD_ID": "CRS3035RES1000mN2483000E4478000", "TOT_P_2011": 176.0, "TOT_P_2021": 363.0, "Y_LLC": 2483000, "CNTR_ID": "IT", "NUTS2016_3": "ITH35-ITH36", "NUTS2016_2": "ITH3", "NUTS2016_1": "ITH", "NUTS2016_0": "IT", "LAND_PC": 100.0, "X_LLC": 4478000, "NUTS2021_3": "ITH35-ITH36", "NUTS2021_2": "ITH3", "DIST_COAST": 12075.03, "NUTS2021_1": "ITH", "NUTS2021_0": "IT", "NUTS2024_3": "ITH35-ITH36", "NUTS2024_2": "ITH3", "NUTS2024_1": "ITH", "NUTS2024_0": "IT" }, "geometry": { "type": "Point", "coordinates": [ 12.010413405256399, 45.444714496411663 ] } },
{ "type": "Feature", "properties": { "DIST_BORD": 127548.08, "TOT_P_2018": 844.0, "TOT_P_2006": 386.0, "GRD_ID": "CRS3035RES1000mN2483000E4479000", "TOT_P_2011": 850.0, "TOT_P_2021": 635.0, "Y_LLC": 2483000, "CNTR_ID": "IT", "NUTS2016_3": "ITH35-ITH36", "NUTS2016_2": "ITH3", "NUTS2016_1": "ITH", "NUTS2016_0": "IT", "LAND_PC": 100.0, "X_LLC": 4479000, "NUTS2021_3": "ITH35-ITH36", "NUTS2021_2": "ITH3", "DIST_COAST": 11204.89, "NUTS2021_1": "ITH", "NUTS2021_0": "IT", "NUTS2024_3": "ITH35-ITH36", "NUTS2024_2": "ITH3", "NUTS2024_1": "ITH", "NUTS2024_0": "IT" }, "geometry": { "type": "Point", "coordinates": [ 12.023172546652448, 45.444470806007565 ] } },
{ "type": "Feature", "properties": { "DIST_BORD": 148031.56, "TOT_P_2018": 85.0, "TOT_P_2006": 9.0, "GRD_ID": "CRS3035RES1000mN2484000E4454000", "TOT_P_2011": 35.0, "TOT_P_2021": 35.0, "Y_LLC": 2484000, "CNTR_ID": "IT", "NUTS2016_3": "ITH32-ITH36", "NUTS2016_2": "ITH3", "NUTS2016_1": "ITH", "NUTS2016_0": "IT", "LAND_PC": 100.0, "X_LLC": 4454000, "NUTS2021_3": "ITH32-ITH36", "NUTS2021_2": "ITH3", "DIST_COAST": 35276.48, "NUTS2021_1": "ITH", "NUTS2021_0": "IT", "NUTS2024_3": "ITH32-ITH36", "NUTS2024_2": "ITH3", "NUTS2024_1": "ITH", "NUTS2024_0": "IT" }, "geometry": { "type": "Point", "coordinates": [ 11.704443801056065, 45.459109126844453 ] } },
{ "type": "Feature", "properties": { "DIST_BORD": 147660.83, "TOT_P_2018": 723.0, "TOT_P_2006": 494.0, "GRD_ID": "CRS3035RES1000mN2484000E4455000", "TOT_P_2011": 691.0, "TOT_P_2021": 544.0, "Y_LLC": 2484000, "CNTR_ID": "IT", "NUTS2016_3": "ITH32-ITH36", "NUTS2016_2": "ITH3", "NUTS2016_1": "ITH", "NUTS2016_0": "IT", "LAND_PC": 100.0, "X_LLC": 4455000, "NUTS2021_3": "ITH32-ITH36", "NUTS2021_2": "ITH3", "DIST_COAST": 34295.39, "NUTS2021_1": "ITH", "NUTS2021_0": "IT", "NUTS2024_3": "ITH32-ITH36", "NUTS2024_2": "ITH3", "NUTS2024_1": "ITH", "NUTS2024_0": "IT" }, "geometry": { "type": "Point", "coordinates": [ 11.717207288826527, 45.458902393982569 ] } },
{ "type": "Feature", "properties": { "DIST_BORD": 147288.63, "TOT_P_2018": 128.0, "TOT_P_2006": 94.0, "GRD_ID": "CRS3035RES1000mN2484000E4456000", "TOT_P_2011": 105.0, "TOT_P_2021": 101.0, "Y_LLC": 2484000, "CNTR_ID": "IT", "NUTS2016_3": "ITH32-ITH36", "NUTS2016_2": "ITH3", "NUTS2016_1": "ITH", "NUTS2016_0": "IT", "LAND_PC": 100.0, "X_LLC": 4456000, "NUTS2021_3": "ITH32-ITH36", "NUTS2021_2": "ITH3", "DIST_COAST": 33315.41, "NUTS2021_1": "ITH", "NUTS2021_0": "IT", "NUTS2024_3": "ITH32-ITH36", "NUTS2024_2": "ITH3", "NUTS2024_1": "ITH", "NUTS2024_0": "IT" }, "geometry": { "type": "Point", "coordinates": [ 11.729970689810443, 45.458694119044331 ] } },
{ "type": "Feature", "properties": { "DIST_BORD": 146922.3, "TOT_P_2018": 1016.0, "TOT_P_2006": 787.0, "GRD_ID": "CRS3035RES1000mN2484000E4457000", "TOT_P_2011": 966.0, "TOT_P_2021": 1046.0, "Y_LLC": 2484000, "CNTR_ID": "IT", "NUTS2016_3": "ITH32-ITH36", "NUTS2016_2": "ITH3", "NUTS2016_1": "ITH", "NUTS2016_0": "IT", "LAND_PC": 100.0, "X_LLC": 4457000, "NUTS2021_3": "ITH32-ITH36", "NUTS2021_2": "ITH3", "DIST_COAST": 32336.67, "NUTS2021_1": "ITH", "NUTS2021_0": "IT", "NUTS2024_3": "ITH32-ITH36", "NUTS2024_2": "ITH3", "NUTS2024_1": "ITH", "NUTS2024_0": "IT" }, "geometry": { "type": "Point", "coordinates": [ 11.742734003208653, 45.458484302100445 ] } },
{ "type": "Feature", "properties": { "DIST_BORD": 146561.88, "TOT_P_2018": 102.0, "TOT_P_2006": 195.0, "GRD_ID": "CRS3035RES1000mN2484000E4458000", "TOT_P_2011": 100.0, "TOT_P_2021": 148.0, "Y_LLC": 2484000, "CNTR_ID": "IT", "NUTS2016_3": "ITH32-ITH36", "NUTS2016_2": "ITH3", "NUTS2016_1": "ITH", "NUTS2016_0": "IT", "LAND_PC": 100.0, "X_LLC": 4458000, "NUTS2021_3": "ITH32-ITH36", "NUTS2021_2": "ITH3", "DIST_COAST": 31359.26, "NUTS2021_1": "ITH", "NUTS2021_0": "IT", "NUTS2024_3": "ITH32-ITH36", "NUTS2024_2": "ITH3", "NUTS2024_1": "ITH", "NUTS2024_0": "IT" }, "geometry": { "type": "Point", "coordinates": [ 11.75549722854231, 45.458272943099537 ] } },
{ "type": "Feature", "properties": { "DIST_BORD": 146207.41, "TOT_P_2018": 195.0, "TOT_P_2006": 209.0, "GRD_ID": "CRS3035RES1000mN2484000E4459000", "TOT_P_2011": 188.0, "TOT_P_2021": 235.0, "Y_LLC": 2484000, "CNTR_ID": "IT", "NUTS2016_3": "ITH36", "NUTS2016_2": "ITH3", "NUTS2016_1": "ITH", "NUTS2016_0": "IT", "LAND_PC": 100.0, "X_LLC": 4459000, "NUTS2021_3": "ITH36", "NUTS2021_2": "ITH3", "DIST_COAST": 30383.33, "NUTS2021_1": "ITH", "NUTS2021_0": "IT", "NUTS2024_3": "ITH36", "NUTS2024_2": "ITH3", "NUTS2024_1": "ITH", "NUTS2024_0": "IT" }, "geometry": { "type": "Point", "coordinates": [ 11.768260365057028, 45.45806004215104 ] } },
{ "type": "Feature", "properties": { "DIST_BORD": 145534.18, "TOT_P_2018": 372.0, "TOT_P_2006": 128.0, "GRD_ID": "CRS3035RES1000mN2484000E4460000", "TOT_P_2011": 359.0, "TOT_P_2021": 228.0, "Y_LLC": 2484000, "CNTR_ID": "IT", "NUTS2016_3": "ITH36", "NUTS2016_2": "ITH3", "NUTS2016_1": "ITH", "NUTS2016_0": "IT", "LAND_PC": 100.0, "X_LLC": 4460000, "NUTS2021_3": "ITH36", "NUTS2021_2": "ITH3", "DIST_COAST": 29409.01, "NUTS2021_1": "ITH", "NUTS2021_0": "IT", "NUTS2024_3": "ITH36", "NUTS2024_2": "ITH3", "NUTS2024_1": "ITH", "NUTS2024_0": "IT" }, "geometry": { "type": "Point", "coordinates": [ 11.781023412099763, 45.457845599342029 ] } },
{ "type": "Feature", "properties": { "DIST_BORD": 144641.82, "TOT_P_2018": 84.0, "TOT_P_2006": 38.0, "GRD_ID": "CRS3035RES1000mN2484000E4461000", "TOT_P_2011": 81.0, "TOT_P_2021": 93.0, "Y_LLC": 2484000, "CNTR_ID": "IT", "NUTS2016_3": "ITH36", "NUTS2016_2": "ITH3", "NUTS2016_1": "ITH", "NUTS2016_0": "IT", "LAND_PC": 100.0, "X_LLC": 4461000, "NUTS2021_3": "ITH36", "NUTS2021_2": "ITH3", "DIST_COAST": 28436.47, "NUTS2021_1": "ITH", "NUTS2021_0": "IT", "NUTS2024_3": "ITH36", "NUTS2024_2": "ITH3", "NUTS2024_1": "ITH", "NUTS2024_0": "IT" }, "geometry": { "type": "Point", "coordinates": [ 11.793786369124756, 45.457629614510275 ] } },
{ "type": "Feature", "properties": { "DIST_BORD": 143750.87, "TOT_P_2018": 98.0, "TOT_P_2006": 49.0, "GRD_ID": "CRS3035RES1000mN2484000E4462000", "TOT_P_2011": 75.0, "TOT_P_2021": 120.0, "Y_LLC": 2484000, "CNTR_ID": "IT", "NUTS2016_3": "ITH36", "NUTS2016_2": "ITH3", "NUTS2016_1": "ITH", "NUTS2016_0": "IT", "LAND_PC": 100.0, "X_LLC": 4462000, "NUTS2021_3": "ITH36", "NUTS2021_2": "ITH3", "DIST_COAST": 27465.91, "NUTS2021_1": "ITH", "NUTS2021_0": "IT", "NUTS2024_3": "ITH36", "NUTS2024_2": "ITH3", "NUTS2024_1": "ITH", "NUTS2024_0": "IT" }, "geometry": { "type": "Point", "coordinates": [ 11.806549235517039, 45.45741208777735 ] } },
{ "type": "Feature", "properties": { "DIST_BORD": 142861.36, "TOT_P_2018": 1615.0, "TOT_P_2006": 1242.0, "GRD_ID": "CRS3035RES1000mN2484000E4463000", "TOT_P_2011": 1548.0, "TOT_P_2021": 1706.0, "Y_LLC": 2484000, "CNTR_ID": "IT", "NUTS2016_3": "ITH36", "NUTS2016_2": "ITH3", "NUTS2016_1": "ITH", "NUTS2016_0": "IT", "LAND_PC": 100.0, "X_LLC": 4463000, "NUTS2021_3": "ITH36", "NUTS2021_2": "ITH3", "DIST_COAST": 26497.54, "NUTS2021_1": "ITH", "NUTS2021_0": "IT", "NUTS2024_3": "ITH36", "NUTS2024_2": "ITH3", "NUTS2024_1": "ITH", "NUTS2024_0": "IT" }, "geometry": { "type": "Point", "coordinates": [ 11.819312010303513, 45.457193019209392 ] } },
{ "type": "Feature", "properties": { "DIST_BORD": 141973.32, "TOT_P_2018": 546.0, "TOT_P_2006": 374.0, "GRD_ID": "CRS3035RES1000mN2484000E4464000", "TOT_P_2011": 488.0, "TOT_P_2021": 715.0, "Y_LLC": 2484000, "CNTR_ID": "IT", "NUTS2016_3": "ITH36", "NUTS2016_2": "ITH3", "NUTS2016_1": "ITH", "NUTS2016_0": "IT", "LAND_PC": 100.0, "X_LLC": 4464000, "NUTS2021_3": "ITH36", "NUTS2021_2": "ITH3", "DIST_COAST": 25531.6, "NUTS2021_1": "ITH", "NUTS2021_0": "IT", "NUTS2024_3": "ITH36", "NUTS2024_2": "ITH3", "NUTS2024_1": "ITH", "NUTS2024_0": "IT" }, "geometry": { "type": "Point", "coordinates": [ 11.832074693236857, 45.456972408694469 ] } },
{ "type": "Feature", "properties": { "DIST_BORD": 141086.78, "TOT_P_2018": 125.0, "TOT_P_2006": 107.0, "GRD_ID": "CRS3035RES1000mN2484000E4465000", "TOT_P_2011": 130.0, "TOT_P_2021": 101.0, "Y_LLC": 2484000, "CNTR_ID": "IT", "NUTS2016_3": "ITH36", "NUTS2016_2": "ITH3", "NUTS2016_1": "ITH", "NUTS2016_0": "IT", "LAND_PC": 100.0, "X_LLC": 4465000, "NUTS2021_3": "ITH36", "NUTS2021_2": "ITH3", "DIST_COAST": 24568.39, "NUTS2021_1": "ITH", "NUTS2021_0": "IT", "NUTS2024_3": "ITH36", "NUTS2024_2": "ITH3", "NUTS2024_1": "ITH", "NUTS2024_0": "IT" }, "geometry": { "type": "Point", "coordinates": [ 11.844837283585505, 45.456750256276827 ] } },
{ "type": "Feature", "properties": { "DIST_BORD": 140201.77, "TOT_P_2018": 209.0, "TOT_P_2006": 155.0, "GRD_ID": "CRS3035RES1000mN2484000E4466000", "TOT_P_2011": 205.0, "TOT_P_2021": 94.0, "Y_LLC": 2484000, "CNTR_ID": "IT", "NUTS2016_3": "ITH36", "NUTS2016_2": "ITH3", "NUTS2016_1": "ITH", "NUTS2016_0": "IT", "LAND_PC": 100.0, "X_LLC": 4466000, "NUTS2021_3": "ITH36", "NUTS2021_2": "ITH3", "DIST_COAST": 23608.25, "NUTS2021_1": "ITH", "NUTS2021_0": "IT", "NUTS2024_3": "ITH36", "NUTS2024_2": "ITH3", "NUTS2024_1": "ITH", "NUTS2024_0": "IT" }, "geometry": { "type": "Point", "coordinates": [ 11.857599780465517, 45.456526562111797 ] } },
{ "type": "Feature", "properties": { "DIST_BORD": 139318.32, "TOT_P_2018": 556.0, "TOT_P_2006": 287.0, "GRD_ID": "CRS3035RES1000mN2484000E4467000", "TOT_P_2011": 485.0, "TOT_P_2021": 662.0, "Y_LLC": 2484000, "CNTR_ID": "IT", "NUTS2016_3": "ITH36", "NUTS2016_2": "ITH3", "NUTS2016_1": "ITH", "NUTS2016_0": "IT", "LAND_PC": 100.0, "X_LLC": 4467000, "NUTS2021_3": "ITH36", "NUTS2021_2": "ITH3", "DIST_COAST": 22651.54, "NUTS2021_1": "ITH", "NUTS2021_0": "IT", "NUTS2024_3": "ITH36", "NUTS2024_2": "ITH3", "NUTS2024_1": "ITH", "NUTS2024_0": "IT" }, "geometry": { "type": "Point", "coordinates": [ 11.870362183564561, 45.456301325993678 ] } },
{ "type": "Feature", "properties": { "DIST_BORD": 138436.45, "TOT_P_2018": 3929.0, "TOT_P_2006": 4419.0, "GRD_ID": "CRS3035RES1000mN2484000E4468000", "TOT_P_2011": 3710.0, "TOT_P_2021": 3980.0, "Y_LLC": 2484000, "CNTR_ID": "IT", "NUTS2016_3": "ITH36", "NUTS2016_2": "ITH3", "NUTS2016_1": "ITH", "NUTS2016_0": "IT", "LAND_PC": 100.0, "X_LLC": 4468000, "NUTS2021_3": "ITH36", "NUTS2021_2": "ITH3", "DIST_COAST": 21698.75, "NUTS2021_1": "ITH", "NUTS2021_0": "IT", "NUTS2024_3": "ITH36", "NUTS2024_2": "ITH3", "NUTS2024_1": "ITH", "NUTS2024_0": "IT" }, "geometry": { "type": "Point", "coordinates": [ 11.883124492021594, 45.456074548121684 ] } },
{ "type": "Feature", "properties": { "DIST_BORD": 137498.72, "TOT_P_2018": 2875.0, "TOT_P_2006": 4035.0, "GRD_ID": "CRS3035RES1000mN2484000E4469000", "TOT_P_2011": 2947.0, "TOT_P_2021": 3180.0, "Y_LLC": 2484000, "CNTR_ID": "IT", "NUTS2016_3": "ITH36", "NUTS2016_2": "ITH3", "NUTS2016_1": "ITH", "NUTS2016_0": "IT", "LAND_PC": 100.0, "X_LLC": 4469000, "NUTS2021_3": "ITH36", "NUTS2021_2": "ITH3", "DIST_COAST": 20750.4, "NUTS2021_1": "ITH", "NUTS2021_0": "IT", "NUTS2024_3": "ITH36", "NUTS2024_2": "ITH3", "NUTS2024_1": "ITH", "NUTS2024_0": "IT" }, "geometry": { "type": "Point", "coordinates": [ 11.895886705298244, 45.455846228512371 ] } },
{ "type": "Feature", "properties": { "DIST_BORD": 136499.37, "TOT_P_2018": 2482.0, "TOT_P_2006": 2107.0, "GRD_ID": "CRS3035RES1000mN2484000E4470000", "TOT_P_2011": 2627.0, "TOT_P_2021": 2085.0, "Y_LLC": 2484000, "CNTR_ID": "IT", "NUTS2016_3": "ITH36", "NUTS2016_2": "ITH3", "NUTS2016_1": "ITH", "NUTS2016_0": "IT", "LAND_PC": 100.0, "X_LLC": 4470000, "NUTS2021_3": "ITH36", "NUTS2021_2": "ITH3", "DIST_COAST": 19807.13, "NUTS2021_1": "ITH", "NUTS2021_0": "IT", "NUTS2024_3": "ITH36", "NUTS2024_2": "ITH3", "NUTS2024_1": "ITH", "NUTS2024_0": "IT" }, "geometry": { "type": "Point", "coordinates": [ 11.908648822570724, 45.455616367062845 ] } },
{ "type": "Feature", "properties": { "DIST_BORD": 135500.02, "TOT_P_2018": 233.0, "TOT_P_2006": 150.0, "GRD_ID": "CRS3035RES1000mN2484000E4471000", "TOT_P_2011": 231.0, "TOT_P_2021": 327.0, "Y_LLC": 2484000, "CNTR_ID": "IT", "NUTS2016_3": "ITH36", "NUTS2016_2": "ITH3", "NUTS2016_1": "ITH", "NUTS2016_0": "IT", "LAND_PC": 100.0, "X_LLC": 4471000, "NUTS2021_3": "ITH36", "NUTS2021_2": "ITH3", "DIST_COAST": 18869.7, "NUTS2021_1": "ITH", "NUTS2021_0": "IT", "NUTS2024_3": "ITH36", "NUTS2024_2": "ITH3", "NUTS2024_1": "ITH", "NUTS2024_0": "IT" }, "geometry": { "type": "Point", "coordinates": [ 11.921410843352765, 45.455384963934542 ] } },
{ "type": "Feature", "properties": { "DIST_BORD": 134500.68, "TOT_P_2018": 75.0, "TOT_P_2006": 99.0, "GRD_ID": "CRS3035RES1000mN2484000E4472000", "TOT_P_2011": 80.0, "TOT_P_2021": 222.0, "Y_LLC": 2484000, "CNTR_ID": "IT", "NUTS2016_3": "ITH36", "NUTS2016_2": "ITH3", "NUTS2016_1": "ITH", "NUTS2016_0": "IT", "LAND_PC": 100.0, "X_LLC": 4472000, "NUTS2021_3": "ITH36", "NUTS2021_2": "ITH3", "DIST_COAST": 17939.03, "NUTS2021_1": "ITH", "NUTS2021_0": "IT", "NUTS2024_3": "ITH36", "NUTS2024_2": "ITH3", "NUTS2024_1": "ITH", "NUTS2024_0": "IT" }, "geometry": { "type": "Point", "coordinates": [ 11.934172767242879, 45.45515201896734 ] } },
{ "type": "Feature", "properties": { "DIST_BORD": 133501.36, "TOT_P_2018": 2.0, "TOT_P_2006": 25.0, "GRD_ID": "CRS3035RES1000mN2484000E4473000", "TOT_P_2011": 16.0, "TOT_P_2021": 87.0, "Y_LLC": 2484000, "CNTR_ID": "IT", "NUTS2016_3": "ITH36", "NUTS2016_2": "ITH3", "NUTS2016_1": "ITH", "NUTS2016_0": "IT", "LAND_PC": 100.0, "X_LLC": 4473000, "NUTS2021_3": "ITH36", "NUTS2021_2": "ITH3", "DIST_COAST": 17016.23, "NUTS2021_1": "ITH", "NUTS2021_0": "IT", "NUTS2024_3": "ITH36", "NUTS2024_2": "ITH3", "NUTS2024_1": "ITH", "NUTS2024_0": "IT" }, "geometry": { "type": "Point", "coordinates": [ 11.94693459295903, 45.454917532325133 ] } },
{ "type": "Feature", "properties": { "DIST_BORD": 132502.04, "TOT_P_2018": 146.0, "TOT_P_2006": 58.0, "GRD_ID": "CRS3035RES1000mN2484000E4474000", "TOT_P_2011": 148.0, "TOT_P_2021": 249.0, "Y_LLC": 2484000, "CNTR_ID": "IT", "NUTS2016_3": "ITH35-ITH36", "NUTS2016_2": "ITH3", "NUTS2016_1": "ITH", "NUTS2016_0": "IT", "LAND_PC": 100.0, "X_LLC": 4474000, "NUTS2021_3": "ITH35-ITH36", "NUTS2021_2": "ITH3", "DIST_COAST": 16102.65, "NUTS2021_1": "ITH", "NUTS2021_0": "IT", "NUTS2024_3": "ITH35-ITH36", "NUTS2024_2": "ITH3", "NUTS2024_1": "ITH", "NUTS2024_0": "IT" }, "geometry": { "type": "Point", "coordinates": [ 11.9596963205117, 45.454681504027903 ] } },
{ "type": "Feature", "properties": { "DIST_BORD": 131502.73, "TOT_P_2018": 121.0, "TOT_P_2006": 21.0, "GRD_ID": "CRS3035RES1000mN2484000E4475000", "TOT_P_2011": 122.0, "TOT_P_2021": 140.0, "Y_LLC": 2484000, "CNTR_ID": "IT", "NUTS2016_3": "ITH35-ITH36", "NUTS2016_2": "ITH3", "NUTS2016_1": "ITH", "NUTS2016_0": "IT", "LAND_PC": 100.0, "X_LLC": 4475000, "NUTS2021_3": "ITH35-ITH36", "NUTS2021_2": "ITH3", "DIST_COAST": 15199.95, "NUTS2021_1": "ITH", "NUTS2021_0": "IT", "NUTS2024_3": "ITH35-ITH36", "NUTS2024_2": "ITH3", "NUTS2024_1": "ITH", "NUTS2024_0": "IT" }, "geometry": { "type": "Point", "coordinates": [ 11.972457948831442, 45.454443934019061 ] } },
{ "type": "Feature", "properties": { "DIST_BORD": 146734.33, "TOT_P_2018": 445.0, "TOT_P_2006": 344.0, "GRD_ID": "CRS3035RES1000mN2485000E4455000", "TOT_P_2011": 431.0, "TOT_P_2021": 580.0, "Y_LLC": 2485000, "CNTR_ID": "IT", "NUTS2016_3": "ITH32-ITH36", "NUTS2016_2": "ITH3", "NUTS2016_1": "ITH", "NUTS2016_0": "IT", "LAND_PC": 100.0, "X_LLC": 4455000, "NUTS2021_3": "ITH32-ITH36", "NUTS2021_2": "ITH3", "DIST_COAST": 34505.59, "NUTS2021_1": "ITH", "NUTS2021_0": "IT", "NUTS2024_3": "ITH32-ITH36", "NUTS2024_2": "ITH3", "NUTS2024_1": "ITH", "NUTS2024_0": "IT" }, "geometry": { "type": "Point", "coordinates": [ 11.717488280917498, 45.467910797720563 ] } },
{ "type": "Feature", "properties": { "DIST_BORD": 146359.77, "TOT_P_2018": 9.0, "TOT_P_2006": 1.0, "GRD_ID": "CRS3035RES1000mN2485000E4456000", "TOT_P_2011": 9.0, "TOT_P_2021": 23.0, "Y_LLC": 2485000, "CNTR_ID": "IT", "NUTS2016_3": "ITH32-ITH36", "NUTS2016_2": "ITH3", "NUTS2016_1": "ITH", "NUTS2016_0": "IT", "LAND_PC": 100.0, "X_LLC": 4456000, "NUTS2021_3": "ITH32-ITH36", "NUTS2021_2": "ITH3", "DIST_COAST": 33531.76, "NUTS2021_1": "ITH", "NUTS2021_0": "IT", "NUTS2024_3": "ITH32-ITH36", "NUTS2024_2": "ITH3", "NUTS2024_1": "ITH", "NUTS2024_0": "IT" }, "geometry": { "type": "Point", "coordinates": [ 11.730253768477105, 45.46770248332993 ] } },
{ "type": "Feature", "properties": { "DIST_BORD": 145991.11, "TOT_P_2018": 129.0, "TOT_P_2006": 187.0, "GRD_ID": "CRS3035RES1000mN2485000E4457000", "TOT_P_2011": 81.0, "TOT_P_2021": 87.0, "Y_LLC": 2485000, "CNTR_ID": "IT", "NUTS2016_3": "ITH32-ITH36", "NUTS2016_2": "ITH3", "NUTS2016_1": "ITH", "NUTS2016_0": "IT", "LAND_PC": 100.0, "X_LLC": 4457000, "NUTS2021_3": "ITH32-ITH36", "NUTS2021_2": "ITH3", "DIST_COAST": 32559.51, "NUTS2021_1": "ITH", "NUTS2021_0": "IT", "NUTS2024_3": "ITH32-ITH36", "NUTS2024_2": "ITH3", "NUTS2024_1": "ITH", "NUTS2024_0": "IT" }, "geometry": { "type": "Point", "coordinates": [ 11.743019168394349, 45.467492626642816 ] } },
{ "type": "Feature", "properties": { "DIST_BORD": 145628.39, "TOT_P_2018": 140.0, "TOT_P_2006": 36.0, "GRD_ID": "CRS3035RES1000mN2485000E4458000", "TOT_P_2011": 132.0, "TOT_P_2021": 102.0, "Y_LLC": 2485000, "CNTR_ID": "IT", "NUTS2016_3": "ITH32-ITH36", "NUTS2016_2": "ITH3", "NUTS2016_1": "ITH", "NUTS2016_0": "IT", "LAND_PC": 100.0, "X_LLC": 4458000, "NUTS2021_3": "ITH32-ITH36", "NUTS2021_2": "ITH3", "DIST_COAST": 31589.0, "NUTS2021_1": "ITH", "NUTS2021_0": "IT", "NUTS2024_3": "ITH32-ITH36", "NUTS2024_2": "ITH3", "NUTS2024_1": "ITH", "NUTS2024_0": "IT" }, "geometry": { "type": "Point", "coordinates": [ 11.755784480148945, 45.467281227710274 ] } },
{ "type": "Feature", "properties": { "DIST_BORD": 145271.64, "TOT_P_2018": 90.0, "TOT_P_2006": 119.0, "GRD_ID": "CRS3035RES1000mN2485000E4459000", "TOT_P_2011": 79.0, "TOT_P_2021": 153.0, "Y_LLC": 2485000, "CNTR_ID": "IT", "NUTS2016_3": "ITH32-ITH36", "NUTS2016_2": "ITH3", "NUTS2016_1": "ITH", "NUTS2016_0": "IT", "LAND_PC": 100.0, "X_LLC": 4459000, "NUTS2021_3": "ITH32-ITH36", "NUTS2021_2": "ITH3", "DIST_COAST": 30620.39, "NUTS2021_1": "ITH", "NUTS2021_0": "IT", "NUTS2024_3": "ITH32-ITH36", "NUTS2024_2": "ITH3", "NUTS2024_1": "ITH", "NUTS2024_0": "IT" }, "geometry": { "type": "Point", "coordinates": [ 11.768549703047732, 45.467068286485684 ] } },
{ "type": "Feature", "properties": { "DIST_BORD": 144901.03, "TOT_P_2018": 672.0, "TOT_P_2006": 222.0, "GRD_ID": "CRS3035RES1000mN2485000E4460000", "TOT_P_2011": 632.0, "TOT_P_2021": 774.0, "Y_LLC": 2485000, "CNTR_ID": "IT", "NUTS2016_3": "ITH36", "NUTS2016_2": "ITH3", "NUTS2016_1": "ITH", "NUTS2016_0": "IT", "LAND_PC": 100.0, "X_LLC": 4460000, "NUTS2021_3": "ITH36", "NUTS2021_2": "ITH3", "DIST_COAST": 29653.86, "NUTS2021_1": "ITH", "NUTS2021_0": "IT", "NUTS2024_3": "ITH36", "NUTS2024_2": "ITH3", "NUTS2024_1": "ITH", "NUTS2024_0": "IT" }, "geometry": { "type": "Point", "coordinates": [ 11.781314836545249, 45.466853802984041 ] } },
{ "type": "Feature", "properties": { "DIST_BORD": 144191.87, "TOT_P_2018": 190.0, "TOT_P_2006": 26.0, "GRD_ID": "CRS3035RES1000mN2485000E4461000", "TOT_P_2011": 166.0, "TOT_P_2021": 181.0, "Y_LLC": 2485000, "CNTR_ID": "IT", "NUTS2016_3": "ITH36", "NUTS2016_2": "ITH3", "NUTS2016_1": "ITH", "NUTS2016_0": "IT", "LAND_PC": 100.0, "X_LLC": 4461000, "NUTS2021_3": "ITH36", "NUTS2021_2": "ITH3", "DIST_COAST": 28689.63, "NUTS2021_1": "ITH", "NUTS2021_0": "IT", "NUTS2024_3": "ITH36", "NUTS2024_2": "ITH3", "NUTS2024_1": "ITH", "NUTS2024_0": "IT" }, "geometry": { "type": "Point", "coordinates": [ 11.794079879867041, 45.46663777734198 ] } },
{ "type": "Feature", "properties": { "DIST_BORD": 143298.13, "TOT_P_2018": 506.0, "TOT_P_2006": 335.0, "GRD_ID": "CRS3035RES1000mN2485000E4462000", "TOT_P_2011": 488.0, "TOT_P_2021": 465.0, "Y_LLC": 2485000, "CNTR_ID": "IT", "NUTS2016_3": "ITH36", "NUTS2016_2": "ITH3", "NUTS2016_1": "ITH", "NUTS2016_0": "IT", "LAND_PC": 100.0, "X_LLC": 4462000, "NUTS2021_3": "ITH36", "NUTS2021_2": "ITH3", "DIST_COAST": 27727.93, "NUTS2021_1": "ITH", "NUTS2021_0": "IT", "NUTS2024_3": "ITH36", "NUTS2024_2": "ITH3", "NUTS2024_1": "ITH", "NUTS2024_0": "IT" }, "geometry": { "type": "Point", "coordinates": [ 11.806844832372747, 45.466420209357125 ] } },
{ "type": "Feature", "properties": { "DIST_BORD": 142405.79, "TOT_P_2018": 908.0, "TOT_P_2006": 1041.0, "GRD_ID": "CRS3035RES1000mN2485000E4463000", "TOT_P_2011": 874.0, "TOT_P_2021": 1216.0, "Y_LLC": 2485000, "CNTR_ID": "IT", "NUTS2016_3": "ITH36", "NUTS2016_2": "ITH3", "NUTS2016_1": "ITH", "NUTS2016_0": "IT", "LAND_PC": 100.0, "X_LLC": 4463000, "NUTS2021_3": "ITH36", "NUTS2021_2": "ITH3", "DIST_COAST": 26769.04, "NUTS2021_1": "ITH", "NUTS2021_0": "IT", "NUTS2024_3": "ITH36", "NUTS2024_2": "ITH3", "NUTS2024_1": "ITH", "NUTS2024_0": "IT" }, "geometry": { "type": "Point", "coordinates": [ 11.819609693396558, 45.466201099212455 ] } },
{ "type": "Feature", "properties": { "DIST_BORD": 141514.9, "TOT_P_2018": 156.0, "TOT_P_2006": 208.0, "GRD_ID": "CRS3035RES1000mN2485000E4464000", "TOT_P_2011": 163.0, "TOT_P_2021": 121.0, "Y_LLC": 2485000, "CNTR_ID": "IT", "NUTS2016_3": "ITH36", "NUTS2016_2": "ITH3", "NUTS2016_1": "ITH", "NUTS2016_0": "IT", "LAND_PC": 100.0, "X_LLC": 4464000, "NUTS2021_3": "ITH36", "NUTS2021_2": "ITH3", "DIST_COAST": 25813.27, "NUTS2021_1": "ITH", "NUTS2021_0": "IT", "NUTS2024_3": "ITH36", "NUTS2024_2": "ITH3", "NUTS2024_1": "ITH", "NUTS2024_0": "IT" }, "geometry": { "type": "Point", "coordinates": [ 11.8323744624221, 45.465980446952095 ] } },
{ "type": "Feature", "properties": { "DIST_BORD": 140625.47, "TOT_P_2018": 287.0, "TOT_P_2006": 418.0, "GRD_ID": "CRS3035RES1000mN2485000E4465000", "TOT_P_2011": 292.0, "TOT_P_2021": 496.0, "Y_LLC": 2485000, "CNTR_ID": "IT", "NUTS2016_3": "ITH36", "NUTS2016_2": "ITH3", "NUTS2016_1": "ITH", "NUTS2016_0": "IT", "LAND_PC": 100.0, "X_LLC": 4465000, "NUTS2021_3": "ITH36", "NUTS2021_2": "ITH3", "DIST_COAST": 24860.97, "NUTS2021_1": "ITH", "NUTS2021_0": "IT", "NUTS2024_3": "ITH36", "NUTS2024_2": "ITH3", "NUTS2024_1": "ITH", "NUTS2024_0": "IT" }, "geometry": { "type": "Point", "coordinates": [ 11.845139138787445, 45.465758252575846 ] } },
{ "type": "Feature", "properties": { "DIST_BORD": 139737.53, "TOT_P_2018": 126.0, "TOT_P_2006": 90.0, "GRD_ID": "CRS3035RES1000mN2485000E4466000", "TOT_P_2011": 131.0, "TOT_P_2021": 51.0, "Y_LLC": 2485000, "CNTR_ID": "IT", "NUTS2016_3": "ITH36", "NUTS2016_2": "ITH3", "NUTS2016_1": "ITH", "NUTS2016_0": "IT", "LAND_PC": 100.0, "X_LLC": 4466000, "NUTS2021_3": "ITH36", "NUTS2021_2": "ITH3", "DIST_COAST": 23912.57, "NUTS2021_1": "ITH", "NUTS2021_0": "IT", "NUTS2024_3": "ITH36", "NUTS2024_2": "ITH3", "NUTS2024_1": "ITH", "NUTS2024_0": "IT" }, "geometry": { "type": "Point", "coordinates": [ 11.857903721724272, 45.465534515953188 ] } },
{ "type": "Feature", "properties": { "DIST_BORD": 138851.13, "TOT_P_2018": 583.0, "TOT_P_2006": 337.0, "GRD_ID": "CRS3035RES1000mN2485000E4467000", "TOT_P_2011": 544.0, "TOT_P_2021": 481.0, "Y_LLC": 2485000, "CNTR_ID": "IT", "NUTS2016_3": "ITH36", "NUTS2016_2": "ITH3", "NUTS2016_1": "ITH", "NUTS2016_0": "IT", "LAND_PC": 100.0, "X_LLC": 4467000, "NUTS2021_3": "ITH36", "NUTS2021_2": "ITH3", "DIST_COAST": 22968.55, "NUTS2021_1": "ITH", "NUTS2021_0": "IT", "NUTS2024_3": "ITH36", "NUTS2024_2": "ITH3", "NUTS2024_1": "ITH", "NUTS2024_0": "IT" }, "geometry": { "type": "Point", "coordinates": [ 11.870668210718648, 45.465309237318785 ] } },
{ "type": "Feature", "properties": { "DIST_BORD": 137966.27, "TOT_P_2018": 1168.0, "TOT_P_2006": 684.0, "GRD_ID": "CRS3035RES1000mN2485000E4468000", "TOT_P_2011": 1058.0, "TOT_P_2021": 936.0, "Y_LLC": 2485000, "CNTR_ID": "IT", "NUTS2016_3": "ITH36", "NUTS2016_2": "ITH3", "NUTS2016_1": "ITH", "NUTS2016_0": "IT", "LAND_PC": 100.0, "X_LLC": 4468000, "NUTS2021_3": "ITH36", "NUTS2021_2": "ITH3", "DIST_COAST": 22029.47, "NUTS2021_1": "ITH", "NUTS2021_0": "IT", "NUTS2024_3": "ITH36", "NUTS2024_2": "ITH3", "NUTS2024_1": "ITH", "NUTS2024_0": "IT" }, "geometry": { "type": "Point", "coordinates": [ 11.883432604994796, 45.465082416514576 ] } },
{ "type": "Feature", "properties": { "DIST_BORD": 137083.0, "TOT_P_2018": 1812.0, "TOT_P_2006": 1383.0, "GRD_ID": "CRS3035RES1000mN2485000E4469000", "TOT_P_2011": 1819.0, "TOT_P_2021": 1633.0, "Y_LLC": 2485000, "CNTR_ID": "IT", "NUTS2016_3": "ITH36", "NUTS2016_2": "ITH3", "NUTS2016_1": "ITH", "NUTS2016_0": "IT", "LAND_PC": 100.0, "X_LLC": 4469000, "NUTS2021_3": "ITH36", "NUTS2021_2": "ITH3", "DIST_COAST": 21095.99, "NUTS2021_1": "ITH", "NUTS2021_0": "IT", "NUTS2024_3": "ITH36", "NUTS2024_2": "ITH3", "NUTS2024_1": "ITH", "NUTS2024_0": "IT" }, "geometry": { "type": "Point", "coordinates": [ 11.896196904047951, 45.464854053566661 ] } },
{ "type": "Feature", "properties": { "DIST_BORD": 136201.34, "TOT_P_2018": 1503.0, "TOT_P_2006": 1201.0, "GRD_ID": "CRS3035RES1000mN2485000E4470000", "TOT_P_2011": 1568.0, "TOT_P_2021": 1320.0, "Y_LLC": 2485000, "CNTR_ID": "IT", "NUTS2016_3": "ITH36", "NUTS2016_2": "ITH3", "NUTS2016_1": "ITH", "NUTS2016_0": "IT", "LAND_PC": 100.0, "X_LLC": 4470000, "NUTS2021_3": "ITH36", "NUTS2021_2": "ITH3", "DIST_COAST": 20168.89, "NUTS2021_1": "ITH", "NUTS2021_0": "IT", "NUTS2024_3": "ITH36", "NUTS2024_2": "ITH3", "NUTS2024_1": "ITH", "NUTS2024_0": "IT" }, "geometry": { "type": "Point", "coordinates": [ 11.90896110718878, 45.464624148658224 ] } },
{ "type": "Feature", "properties": { "DIST_BORD": 135321.32, "TOT_P_2018": 202.0, "TOT_P_2006": 160.0, "GRD_ID": "CRS3035RES1000mN2485000E4471000", "TOT_P_2011": 206.0, "TOT_P_2021": 205.0, "Y_LLC": 2485000, "CNTR_ID": "IT", "NUTS2016_3": "ITH36", "NUTS2016_2": "ITH3", "NUTS2016_1": "ITH", "NUTS2016_0": "IT", "LAND_PC": 100.0, "X_LLC": 4471000, "NUTS2021_3": "ITH36", "NUTS2021_2": "ITH3", "DIST_COAST": 19249.09, "NUTS2021_1": "ITH", "NUTS2021_0": "IT", "NUTS2024_3": "ITH36", "NUTS2024_2": "ITH3", "NUTS2024_1": "ITH", "NUTS2024_0": "IT" }, "geometry": { "type": "Point", "coordinates": [ 11.921725213557131, 45.464392701621286 ] } },
{ "type": "Feature", "properties": { "DIST_BORD": 134442.99, "TOT_P_2018": 314.0, "TOT_P_2006": 62.0, "GRD_ID": "CRS3035RES1000mN2485000E4472000", "TOT_P_2011": 274.0, "TOT_P_2021": 179.0, "Y_LLC": 2485000, "CNTR_ID": "IT", "NUTS2016_3": "ITH36", "NUTS2016_2": "ITH3", "NUTS2016_1": "ITH", "NUTS2016_0": "IT", "LAND_PC": 100.0, "X_LLC": 4472000, "NUTS2021_3": "ITH36", "NUTS2021_2": "ITH3", "DIST_COAST": 18337.68, "NUTS2021_1": "ITH", "NUTS2021_0": "IT", "NUTS2024_3": "ITH36", "NUTS2024_2": "ITH3", "NUTS2024_1": "ITH", "NUTS2024_0": "IT" }, "geometry": { "type": "Point", "coordinates": [ 11.93448922301423, 45.464159712600349 ] } },
{ "type": "Feature", "properties": { "DIST_BORD": 133468.28, "TOT_P_2018": 59.0, "TOT_P_2006": 17.0, "GRD_ID": "CRS3035RES1000mN2485000E4473000", "TOT_P_2011": 56.0, "TOT_P_2021": 188.0, "Y_LLC": 2485000, "CNTR_ID": "IT", "NUTS2016_3": "ITH36", "NUTS2016_2": "ITH3", "NUTS2016_1": "ITH", "NUTS2016_0": "IT", "LAND_PC": 100.0, "X_LLC": 4473000, "NUTS2021_3": "ITH36", "NUTS2021_2": "ITH3", "DIST_COAST": 17435.99, "NUTS2021_1": "ITH", "NUTS2021_0": "IT", "NUTS2024_3": "ITH36", "NUTS2024_2": "ITH3", "NUTS2024_1": "ITH", "NUTS2024_0": "IT" }, "geometry": { "type": "Point", "coordinates": [ 11.947253134360464, 45.463925181566601 ] } },
{ "type": "Feature", "properties": { "DIST_BORD": 132468.71, "TOT_P_2018": 1228.0, "TOT_P_2006": 1200.0, "GRD_ID": "CRS3035RES1000mN2485000E4474000", "TOT_P_2011": 1230.0, "TOT_P_2021": 1053.0, "Y_LLC": 2485000, "CNTR_ID": "IT", "NUTS2016_3": "ITH35-ITH36", "NUTS2016_2": "ITH3", "NUTS2016_1": "ITH", "NUTS2016_0": "IT", "LAND_PC": 100.0, "X_LLC": 4474000, "NUTS2021_3": "ITH35-ITH36", "NUTS2021_2": "ITH3", "DIST_COAST": 16545.61, "NUTS2021_1": "ITH", "NUTS2021_0": "IT", "NUTS2024_3": "ITH35-ITH36", "NUTS2024_2": "ITH3", "NUTS2024_1": "ITH", "NUTS2024_0": "IT" }, "geometry": { "type": "Point", "coordinates": [ 11.960016947346688, 45.46368910855908 ] } },
{ "type": "Feature", "properties": { "DIST_BORD": 131469.15, "TOT_P_2018": 336.0, "TOT_P_2006": 268.0, "GRD_ID": "CRS3035RES1000mN2485000E4475000", "TOT_P_2011": 328.0, "TOT_P_2021": 327.0, "Y_LLC": 2485000, "CNTR_ID": "IT", "NUTS2016_3": "ITH35-ITH36", "NUTS2016_2": "ITH3", "NUTS2016_1": "ITH", "NUTS2016_0": "IT", "LAND_PC": 100.0, "X_LLC": 4475000, "NUTS2021_3": "ITH35-ITH36", "NUTS2021_2": "ITH3", "DIST_COAST": 15668.45, "NUTS2021_1": "ITH", "NUTS2021_0": "IT", "NUTS2024_3": "ITH35-ITH36", "NUTS2024_2": "ITH3", "NUTS2024_1": "ITH", "NUTS2024_0": "IT" }, "geometry": { "type": "Point", "coordinates": [ 11.972780661146153, 45.463451493587527 ] } },
{ "type": "Feature", "properties": { "DIST_BORD": 144695.78, "TOT_P_2018": 42.0, "TOT_P_2006": 49.0, "GRD_ID": "CRS3035RES1000mN2486000E4458000", "TOT_P_2011": 38.0, "TOT_P_2021": 83.0, "Y_LLC": 2486000, "CNTR_ID": "IT", "NUTS2016_3": "ITH32-ITH36", "NUTS2016_2": "ITH3", "NUTS2016_1": "ITH", "NUTS2016_0": "IT", "LAND_PC": 100.0, "X_LLC": 4458000, "NUTS2021_3": "ITH32-ITH36", "NUTS2021_2": "ITH3", "DIST_COAST": 31848.5, "NUTS2021_1": "ITH", "NUTS2021_0": "IT", "NUTS2024_3": "ITH32-ITH36", "NUTS2024_2": "ITH3", "NUTS2024_1": "ITH", "NUTS2024_0": "IT" }, "geometry": { "type": "Point", "coordinates": [ 11.756071854453458, 45.476289457955659 ] } },
{ "type": "Feature", "properties": { "DIST_BORD": 143981.32, "TOT_P_2018": 171.0, "TOT_P_2006": 153.0, "GRD_ID": "CRS3035RES1000mN2486000E4460000", "TOT_P_2011": 130.0, "TOT_P_2021": 133.0, "Y_LLC": 2486000, "CNTR_ID": "IT", "NUTS2016_3": "ITH36", "NUTS2016_2": "ITH3", "NUTS2016_1": "ITH", "NUTS2016_0": "IT", "LAND_PC": 100.0, "X_LLC": 4460000, "NUTS2021_3": "ITH36", "NUTS2021_2": "ITH3", "DIST_COAST": 29930.15, "NUTS2021_1": "ITH", "NUTS2021_0": "IT", "NUTS2024_3": "ITH36", "NUTS2024_2": "ITH3", "NUTS2024_1": "ITH", "NUTS2024_0": "IT" }, "geometry": { "type": "Point", "coordinates": [ 11.781606385422476, 45.475861952366259 ] } },
{ "type": "Feature", "properties": { "DIST_BORD": 143590.41, "TOT_P_2018": 192.0, "TOT_P_2006": 21.0, "GRD_ID": "CRS3035RES1000mN2486000E4461000", "TOT_P_2011": 183.0, "TOT_P_2021": 138.0, "Y_LLC": 2486000, "CNTR_ID": "IT", "NUTS2016_3": "ITH36", "NUTS2016_2": "ITH3", "NUTS2016_1": "ITH", "NUTS2016_0": "IT", "LAND_PC": 100.0, "X_LLC": 4461000, "NUTS2021_3": "ITH36", "NUTS2021_2": "ITH3", "DIST_COAST": 28975.11, "NUTS2021_1": "ITH", "NUTS2021_0": "IT", "NUTS2024_3": "ITH36", "NUTS2024_2": "ITH3", "NUTS2024_1": "ITH", "NUTS2024_0": "IT" }, "geometry": { "type": "Point", "coordinates": [ 11.794373515847496, 45.475645885715132 ] } },
{ "type": "Feature", "properties": { "DIST_BORD": 142850.95, "TOT_P_2018": 384.0, "TOT_P_2006": 129.0, "GRD_ID": "CRS3035RES1000mN2486000E4462000", "TOT_P_2011": 376.0, "TOT_P_2021": 233.0, "Y_LLC": 2486000, "CNTR_ID": "IT", "NUTS2016_3": "ITH36", "NUTS2016_2": "ITH3", "NUTS2016_1": "ITH", "NUTS2016_0": "IT", "LAND_PC": 100.0, "X_LLC": 4462000, "NUTS2021_3": "ITH36", "NUTS2021_2": "ITH3", "DIST_COAST": 28023.21, "NUTS2021_1": "ITH", "NUTS2021_0": "IT", "NUTS2024_3": "ITH36", "NUTS2024_2": "ITH3", "NUTS2024_1": "ITH", "NUTS2024_0": "IT" }, "geometry": { "type": "Point", "coordinates": [ 11.807140555520347, 45.475428276635519 ] } },
{ "type": "Feature", "properties": { "DIST_BORD": 141955.81, "TOT_P_2018": 161.0, "TOT_P_2006": 104.0, "GRD_ID": "CRS3035RES1000mN2486000E4463000", "TOT_P_2011": 121.0, "TOT_P_2021": 237.0, "Y_LLC": 2486000, "CNTR_ID": "IT", "NUTS2016_3": "ITH36", "NUTS2016_2": "ITH3", "NUTS2016_1": "ITH", "NUTS2016_0": "IT", "LAND_PC": 100.0, "X_LLC": 4463000, "NUTS2021_3": "ITH36", "NUTS2021_2": "ITH3", "DIST_COAST": 27074.77, "NUTS2021_1": "ITH", "NUTS2021_0": "IT", "NUTS2024_3": "ITH36", "NUTS2024_2": "ITH3", "NUTS2024_1": "ITH", "NUTS2024_0": "IT" }, "geometry": { "type": "Point", "coordinates": [ 11.819907503682428, 45.475209125006216 ] } },
{ "type": "Feature", "properties": { "DIST_BORD": 141062.07, "TOT_P_2018": 187.0, "TOT_P_2006": 147.0, "GRD_ID": "CRS3035RES1000mN2486000E4464000", "TOT_P_2011": 185.0, "TOT_P_2021": 249.0, "Y_LLC": 2486000, "CNTR_ID": "IT", "NUTS2016_3": "ITH36", "NUTS2016_2": "ITH3", "NUTS2016_1": "ITH", "NUTS2016_0": "IT", "LAND_PC": 100.0, "X_LLC": 4464000, "NUTS2021_3": "ITH36", "NUTS2021_2": "ITH3", "DIST_COAST": 26130.19, "NUTS2021_1": "ITH", "NUTS2021_0": "IT", "NUTS2024_3": "ITH36", "NUTS2024_2": "ITH3", "NUTS2024_1": "ITH", "NUTS2024_0": "IT" }, "geometry": { "type": "Point", "coordinates": [ 11.832674359692497, 45.474988430938176 ] } },
{ "type": "Feature", "properties": { "DIST_BORD": 140169.77, "TOT_P_2018": 2822.0, "TOT_P_2006": 2819.0, "GRD_ID": "CRS3035RES1000mN2486000E4465000", "TOT_P_2011": 2945.0, "TOT_P_2021": 2827.0, "Y_LLC": 2486000, "CNTR_ID": "IT", "NUTS2016_3": "ITH36", "NUTS2016_2": "ITH3", "NUTS2016_1": "ITH", "NUTS2016_0": "IT", "LAND_PC": 100.0, "X_LLC": 4465000, "NUTS2021_3": "ITH36", "NUTS2021_2": "ITH3", "DIST_COAST": 25189.88, "NUTS2021_1": "ITH", "NUTS2021_0": "IT", "NUTS2024_3": "ITH36", "NUTS2024_2": "ITH3", "NUTS2024_1": "ITH", "NUTS2024_0": "IT" }, "geometry": { "type": "Point", "coordinates": [ 11.845441122928237, 45.474766194368243 ] } },
{ "type": "Feature", "properties": { "DIST_BORD": 139278.93, "TOT_P_2018": 1619.0, "TOT_P_2006": 1201.0, "GRD_ID": "CRS3035RES1000mN2486000E4466000", "TOT_P_2011": 1530.0, "TOT_P_2021": 1561.0, "Y_LLC": 2486000, "CNTR_ID": "IT", "NUTS2016_3": "ITH36", "NUTS2016_2": "ITH3", "NUTS2016_1": "ITH", "NUTS2016_0": "IT", "LAND_PC": 100.0, "X_LLC": 4466000, "NUTS2021_3": "ITH36", "NUTS2021_2": "ITH3", "DIST_COAST": 24254.34, "NUTS2021_1": "ITH", "NUTS2021_0": "IT", "NUTS2024_3": "ITH36", "NUTS2024_2": "ITH3", "NUTS2024_1": "ITH", "NUTS2024_0": "IT" }, "geometry": { "type": "Point", "coordinates": [ 11.858207792761469, 45.474542415445796 ] } },
{ "type": "Feature", "properties": { "DIST_BORD": 138389.58, "TOT_P_2018": 339.0, "TOT_P_2006": 22.0, "GRD_ID": "CRS3035RES1000mN2486000E4467000", "TOT_P_2011": 229.0, "TOT_P_2021": 264.0, "Y_LLC": 2486000, "CNTR_ID": "IT", "NUTS2016_3": "ITH36", "NUTS2016_2": "ITH3", "NUTS2016_1": "ITH", "NUTS2016_0": "IT", "LAND_PC": 100.0, "X_LLC": 4467000, "NUTS2021_3": "ITH36", "NUTS2021_2": "ITH3", "DIST_COAST": 23324.16, "NUTS2021_1": "ITH", "NUTS2021_0": "IT", "NUTS2024_3": "ITH36", "NUTS2024_2": "ITH3", "NUTS2024_1": "ITH", "NUTS2024_0": "IT" }, "geometry": { "type": "Point", "coordinates": [ 11.870974368527749, 45.474317094028365 ] } },
{ "type": "Feature", "properties": { "DIST_BORD": 137501.76, "TOT_P_2018": 382.0, "TOT_P_2006": 21.0, "GRD_ID": "CRS3035RES1000mN2486000E4468000", "TOT_P_2011": 291.0, "TOT_P_2021": 357.0, "Y_LLC": 2486000, "CNTR_ID": "IT", "NUTS2016_3": "ITH36", "NUTS2016_2": "ITH3", "NUTS2016_1": "ITH", "NUTS2016_0": "IT", "LAND_PC": 100.0, "X_LLC": 4468000, "NUTS2021_3": "ITH36", "NUTS2021_2": "ITH3", "DIST_COAST": 22399.99, "NUTS2021_1": "ITH", "NUTS2021_0": "IT", "NUTS2024_3": "ITH36", "NUTS2024_2": "ITH3", "NUTS2024_1": "ITH", "NUTS2024_0": "IT" }, "geometry": { "type": "Point", "coordinates": [ 11.883740849665756, 45.474090230293896 ] } },
{ "type": "Feature", "properties": { "DIST_BORD": 136615.48, "TOT_P_2018": 330.0, "TOT_P_2006": 87.0, "GRD_ID": "CRS3035RES1000mN2486000E4469000", "TOT_P_2011": 348.0, "TOT_P_2021": 401.0, "Y_LLC": 2486000, "CNTR_ID": "IT", "NUTS2016_3": "ITH36", "NUTS2016_2": "ITH3", "NUTS2016_1": "ITH", "NUTS2016_0": "IT", "LAND_PC": 100.0, "X_LLC": 4469000, "NUTS2021_3": "ITH36", "NUTS2021_2": "ITH3", "DIST_COAST": 21482.62, "NUTS2021_1": "ITH", "NUTS2021_0": "IT", "NUTS2024_3": "ITH36", "NUTS2024_2": "ITH3", "NUTS2024_1": "ITH", "NUTS2024_0": "IT" }, "geometry": { "type": "Point", "coordinates": [ 11.896507235327597, 45.473861824181718 ] } },
{ "type": "Feature", "properties": { "DIST_BORD": 135730.78, "TOT_P_2018": 273.0, "TOT_P_2006": 64.0, "GRD_ID": "CRS3035RES1000mN2486000E4470000", "TOT_P_2011": 276.0, "TOT_P_2021": 197.0, "Y_LLC": 2486000, "CNTR_ID": "IT", "NUTS2016_3": "ITH36", "NUTS2016_2": "ITH3", "NUTS2016_1": "ITH", "NUTS2016_0": "IT", "LAND_PC": 100.0, "X_LLC": 4470000, "NUTS2021_3": "ITH36", "NUTS2021_2": "ITH3", "DIST_COAST": 20572.94, "NUTS2021_1": "ITH", "NUTS2021_0": "IT", "NUTS2024_3": "ITH36", "NUTS2024_2": "ITH3", "NUTS2024_1": "ITH", "NUTS2024_0": "IT" }, "geometry": { "type": "Point", "coordinates": [ 11.909273525048546, 45.473631875718823 ] } },
{ "type": "Feature", "properties": { "DIST_BORD": 134847.7, "TOT_P_2018": 929.0, "TOT_P_2006": 1377.0, "GRD_ID": "CRS3035RES1000mN2486000E4471000", "TOT_P_2011": 917.0, "TOT_P_2021": 1207.0, "Y_LLC": 2486000, "CNTR_ID": "IT", "NUTS2016_3": "ITH36", "NUTS2016_2": "ITH3", "NUTS2016_1": "ITH", "NUTS2016_0": "IT", "LAND_PC": 100.0, "X_LLC": 4471000, "NUTS2021_3": "ITH36", "NUTS2021_2": "ITH3", "DIST_COAST": 19672.04, "NUTS2021_1": "ITH", "NUTS2021_0": "IT", "NUTS2024_3": "ITH36", "NUTS2024_2": "ITH3", "NUTS2024_1": "ITH", "NUTS2024_0": "IT" }, "geometry": { "type": "Point", "coordinates": [ 11.922039718146069, 45.47340038488354 ] } },
{ "type": "Feature", "properties": { "DIST_BORD": 133966.26, "TOT_P_2018": 361.0, "TOT_P_2006": 289.0, "GRD_ID": "CRS3035RES1000mN2486000E4472000", "TOT_P_2011": 339.0, "TOT_P_2021": 409.0, "Y_LLC": 2486000, "CNTR_ID": "IT", "NUTS2016_3": "ITH36", "NUTS2016_2": "ITH3", "NUTS2016_1": "ITH", "NUTS2016_0": "IT", "LAND_PC": 100.0, "X_LLC": 4472000, "NUTS2021_3": "ITH36", "NUTS2021_2": "ITH3", "DIST_COAST": 18781.17, "NUTS2021_1": "ITH", "NUTS2021_0": "IT", "NUTS2024_3": "ITH36", "NUTS2024_2": "ITH3", "NUTS2024_1": "ITH", "NUTS2024_0": "IT" }, "geometry": { "type": "Point", "coordinates": [ 11.934805813936448, 45.473167351720441 ] } },
{ "type": "Feature", "properties": { "DIST_BORD": 133086.5, "TOT_P_2018": 1500.0, "TOT_P_2006": 1202.0, "GRD_ID": "CRS3035RES1000mN2486000E4473000", "TOT_P_2011": 1461.0, "TOT_P_2021": 1538.0, "Y_LLC": 2486000, "CNTR_ID": "IT", "NUTS2016_3": "ITH36", "NUTS2016_2": "ITH3", "NUTS2016_1": "ITH", "NUTS2016_0": "IT", "LAND_PC": 100.0, "X_LLC": 4473000, "NUTS2021_3": "ITH36", "NUTS2021_2": "ITH3", "DIST_COAST": 17901.84, "NUTS2021_1": "ITH", "NUTS2021_0": "IT", "NUTS2024_3": "ITH36", "NUTS2024_2": "ITH3", "NUTS2024_1": "ITH", "NUTS2024_0": "IT" }, "geometry": { "type": "Point", "coordinates": [ 11.94757181180228, 45.472932776289319 ] } },
{ "type": "Feature", "properties": { "DIST_BORD": 132208.44, "TOT_P_2018": 970.0, "TOT_P_2006": 740.0, "GRD_ID": "CRS3035RES1000mN2486000E4474000", "TOT_P_2011": 971.0, "TOT_P_2021": 981.0, "Y_LLC": 2486000, "CNTR_ID": "IT", "NUTS2016_3": "ITH35-ITH36", "NUTS2016_2": "ITH3", "NUTS2016_1": "ITH", "NUTS2016_0": "IT", "LAND_PC": 100.0, "X_LLC": 4474000, "NUTS2021_3": "ITH35-ITH36", "NUTS2021_2": "ITH3", "DIST_COAST": 17035.82, "NUTS2021_1": "ITH", "NUTS2021_0": "IT", "NUTS2024_3": "ITH35-ITH36", "NUTS2024_2": "ITH3", "NUTS2024_1": "ITH", "NUTS2024_0": "IT" }, "geometry": { "type": "Point", "coordinates": [ 11.960337711123591, 45.47269665855174 ] } },
{ "type": "Feature", "properties": { "DIST_BORD": 131332.13, "TOT_P_2018": 210.0, "TOT_P_2006": 155.0, "GRD_ID": "CRS3035RES1000mN2486000E4475000", "TOT_P_2011": 211.0, "TOT_P_2021": 190.0, "Y_LLC": 2486000, "CNTR_ID": "IT", "NUTS2016_3": "ITH35-ITH36", "NUTS2016_2": "ITH3", "NUTS2016_1": "ITH", "NUTS2016_0": "IT", "LAND_PC": 100.0, "X_LLC": 4475000, "NUTS2021_3": "ITH35-ITH36", "NUTS2021_2": "ITH3", "DIST_COAST": 16185.25, "NUTS2021_1": "ITH", "NUTS2021_0": "IT", "NUTS2024_3": "ITH35-ITH36", "NUTS2024_2": "ITH3", "NUTS2024_1": "ITH", "NUTS2024_0": "IT" }, "geometry": { "type": "Point", "coordinates": [ 11.973103511250009, 45.472458998498396 ] } },
{ "type": "Feature", "properties": { "DIST_BORD": 143764.09, "TOT_P_2018": 302.0, "TOT_P_2006": 450.0, "GRD_ID": "CRS3035RES1000mN2487000E4458000", "TOT_P_2011": 328.0, "TOT_P_2021": 426.0, "Y_LLC": 2487000, "CNTR_ID": "IT", "NUTS2016_3": "ITH32-ITH36", "NUTS2016_2": "ITH3", "NUTS2016_1": "ITH", "NUTS2016_0": "IT", "LAND_PC": 100.0, "X_LLC": 4458000, "NUTS2021_3": "ITH32-ITH36", "NUTS2021_2": "ITH3", "DIST_COAST": 32137.03, "NUTS2021_1": "ITH", "NUTS2021_0": "IT", "NUTS2024_3": "ITH32-ITH36", "NUTS2024_2": "ITH3", "NUTS2024_1": "ITH", "NUTS2024_0": "IT" }, "geometry": { "type": "Point", "coordinates": [ 11.756359351668651, 45.485297634065518 ] } },
{ "type": "Feature", "properties": { "DIST_BORD": 143402.7, "TOT_P_2018": 124.0, "TOT_P_2006": 80.0, "GRD_ID": "CRS3035RES1000mN2487000E4459000", "TOT_P_2011": 115.0, "TOT_P_2021": 128.0, "Y_LLC": 2487000, "CNTR_ID": "IT", "NUTS2016_3": "ITH32-ITH36", "NUTS2016_2": "ITH3", "NUTS2016_1": "ITH", "NUTS2016_0": "IT", "LAND_PC": 100.0, "X_LLC": 4459000, "NUTS2021_3": "ITH32-ITH36", "NUTS2021_2": "ITH3", "DIST_COAST": 31185.45, "NUTS2021_1": "ITH", "NUTS2021_0": "IT", "NUTS2024_3": "ITH32-ITH36", "NUTS2024_2": "ITH3", "NUTS2024_1": "ITH", "NUTS2024_0": "IT" }, "geometry": { "type": "Point", "coordinates": [ 11.769128750083587, 45.485084612145791 ] } },
{ "type": "Feature", "properties": { "DIST_BORD": 143047.39, "TOT_P_2018": 93.0, "TOT_P_2006": 0.0, "GRD_ID": "CRS3035RES1000mN2487000E4460000", "TOT_P_2011": 90.0, "TOT_P_2021": 107.0, "Y_LLC": 2487000, "CNTR_ID": "IT", "NUTS2016_3": "ITH36", "NUTS2016_2": "ITH3", "NUTS2016_1": "ITH", "NUTS2016_0": "IT", "LAND_PC": 100.0, "X_LLC": 4460000, "NUTS2021_3": "ITH36", "NUTS2021_2": "ITH3", "DIST_COAST": 30236.99, "NUTS2021_1": "ITH", "NUTS2021_0": "IT", "NUTS2024_3": "ITH36", "NUTS2024_2": "ITH3", "NUTS2024_1": "ITH", "NUTS2024_0": "IT" }, "geometry": { "type": "Point", "coordinates": [ 11.781898058840362, 45.484870047388029 ] } },
{ "type": "Feature", "properties": { "DIST_BORD": 142669.26, "TOT_P_2018": 27.0, "TOT_P_2006": 0.0, "GRD_ID": "CRS3035RES1000mN2487000E4461000", "TOT_P_2011": 26.0, "TOT_P_2021": 71.0, "Y_LLC": 2487000, "CNTR_ID": "IT", "NUTS2016_3": "ITH36", "NUTS2016_2": "ITH3", "NUTS2016_1": "ITH", "NUTS2016_0": "IT", "LAND_PC": 100.0, "X_LLC": 4461000, "NUTS2021_3": "ITH36", "NUTS2021_2": "ITH3", "DIST_COAST": 29291.96, "NUTS2021_1": "ITH", "NUTS2021_0": "IT", "NUTS2024_3": "ITH36", "NUTS2024_2": "ITH3", "NUTS2024_1": "ITH", "NUTS2024_0": "IT" }, "geometry": { "type": "Point", "coordinates": [ 11.794667277360949, 45.484653939864096 ] } },
{ "type": "Feature", "properties": { "DIST_BORD": 142281.77, "TOT_P_2018": 361.0, "TOT_P_2006": 14.0, "GRD_ID": "CRS3035RES1000mN2487000E4462000", "TOT_P_2011": 334.0, "TOT_P_2021": 365.0, "Y_LLC": 2487000, "CNTR_ID": "IT", "NUTS2016_3": "ITH36", "NUTS2016_2": "ITH3", "NUTS2016_1": "ITH", "NUTS2016_0": "IT", "LAND_PC": 100.0, "X_LLC": 4462000, "NUTS2021_3": "ITH36", "NUTS2021_2": "ITH3", "DIST_COAST": 28350.7, "NUTS2021_1": "ITH", "NUTS2021_0": "IT", "NUTS2024_3": "ITH36", "NUTS2024_2": "ITH3", "NUTS2024_1": "ITH", "NUTS2024_0": "IT" }, "geometry": { "type": "Point", "coordinates": [ 11.80743640498795, 45.484436289532987 ] } },
{ "type": "Feature", "properties": { "DIST_BORD": 141511.46, "TOT_P_2018": 108.0, "TOT_P_2006": 70.0, "GRD_ID": "CRS3035RES1000mN2487000E4463000", "TOT_P_2011": 104.0, "TOT_P_2021": 138.0, "Y_LLC": 2487000, "CNTR_ID": "IT", "NUTS2016_3": "ITH36", "NUTS2016_2": "ITH3", "NUTS2016_1": "ITH", "NUTS2016_0": "IT", "LAND_PC": 100.0, "X_LLC": 4463000, "NUTS2021_3": "ITH36", "NUTS2021_2": "ITH3", "DIST_COAST": 27413.6, "NUTS2021_1": "ITH", "NUTS2021_0": "IT", "NUTS2024_3": "ITH36", "NUTS2024_2": "ITH3", "NUTS2024_1": "ITH", "NUTS2024_0": "IT" }, "geometry": { "type": "Point", "coordinates": [ 11.820205441134057, 45.484217096397153 ] } },
{ "type": "Feature", "properties": { "DIST_BORD": 140614.89, "TOT_P_2018": 1096.0, "TOT_P_2006": 998.0, "GRD_ID": "CRS3035RES1000mN2487000E4464000", "TOT_P_2011": 1144.0, "TOT_P_2021": 1238.0, "Y_LLC": 2487000, "CNTR_ID": "IT", "NUTS2016_3": "ITH36", "NUTS2016_2": "ITH3", "NUTS2016_1": "ITH", "NUTS2016_0": "IT", "LAND_PC": 100.0, "X_LLC": 4464000, "NUTS2021_3": "ITH36", "NUTS2021_2": "ITH3", "DIST_COAST": 26481.1, "NUTS2021_1": "ITH", "NUTS2021_0": "IT", "NUTS2024_3": "ITH36", "NUTS2024_2": "ITH3", "NUTS2024_1": "ITH", "NUTS2024_0": "IT" }, "geometry": { "type": "Point", "coordinates": [ 11.83297438505342, 45.483996360555437 ] } },
{ "type": "Feature", "properties": { "DIST_BORD": 139719.74, "TOT_P_2018": 1048.0, "TOT_P_2006": 769.0, "GRD_ID": "CRS3035RES1000mN2487000E4465000", "TOT_P_2011": 1085.0, "TOT_P_2021": 938.0, "Y_LLC": 2487000, "CNTR_ID": "IT", "NUTS2016_3": "ITH36", "NUTS2016_2": "ITH3", "NUTS2016_1": "ITH", "NUTS2016_0": "IT", "LAND_PC": 100.0, "X_LLC": 4465000, "NUTS2021_3": "ITH36", "NUTS2021_2": "ITH3", "DIST_COAST": 25553.7, "NUTS2021_1": "ITH", "NUTS2021_0": "IT", "NUTS2024_3": "ITH36", "NUTS2024_2": "ITH3", "NUTS2024_1": "ITH", "NUTS2024_0": "IT" }, "geometry": { "type": "Point", "coordinates": [ 11.845743236095375, 45.483774081905153 ] } },
{ "type": "Feature", "properties": { "DIST_BORD": 138826.01, "TOT_P_2018": 374.0, "TOT_P_2006": 1831.0, "GRD_ID": "CRS3035RES1000mN2487000E4466000", "TOT_P_2011": 351.0, "TOT_P_2021": 292.0, "Y_LLC": 2487000, "CNTR_ID": "IT", "NUTS2016_3": "ITH36", "NUTS2016_2": "ITH3", "NUTS2016_1": "ITH", "NUTS2016_0": "IT", "LAND_PC": 100.0, "X_LLC": 4466000, "NUTS2021_3": "ITH36", "NUTS2021_2": "ITH3", "DIST_COAST": 24631.99, "NUTS2021_1": "ITH", "NUTS2021_0": "IT", "NUTS2024_3": "ITH36", "NUTS2024_2": "ITH3", "NUTS2024_1": "ITH", "NUTS2024_0": "IT" }, "geometry": { "type": "Point", "coordinates": [ 11.85851199368836, 45.483550260556974 ] } },
{ "type": "Feature", "properties": { "DIST_BORD": 137933.74, "TOT_P_2018": 11.0, "TOT_P_2006": 5.0, "GRD_ID": "CRS3035RES1000mN2487000E4467000", "TOT_P_2011": 181.0, "TOT_P_2021": 285.0, "Y_LLC": 2487000, "CNTR_ID": "IT", "NUTS2016_3": "ITH36", "NUTS2016_2": "ITH3", "NUTS2016_1": "ITH", "NUTS2016_0": "IT", "LAND_PC": 100.0, "X_LLC": 4467000, "NUTS2021_3": "ITH36", "NUTS2021_2": "ITH3", "DIST_COAST": 23716.62, "NUTS2021_1": "ITH", "NUTS2021_0": "IT", "NUTS2024_3": "ITH36", "NUTS2024_2": "ITH3", "NUTS2024_1": "ITH", "NUTS2024_0": "IT" }, "geometry": { "type": "Point", "coordinates": [ 11.871280657232836, 45.483324896511824 ] } },
{ "type": "Feature", "properties": { "DIST_BORD": 137042.97, "TOT_P_2018": 445.0, "TOT_P_2006": 99.0, "GRD_ID": "CRS3035RES1000mN2487000E4468000", "TOT_P_2011": 423.0, "TOT_P_2021": 317.0, "Y_LLC": 2487000, "CNTR_ID": "IT", "NUTS2016_3": "ITH36", "NUTS2016_2": "ITH3", "NUTS2016_1": "ITH", "NUTS2016_0": "IT", "LAND_PC": 100.0, "X_LLC": 4468000, "NUTS2021_3": "ITH36", "NUTS2021_2": "ITH3", "DIST_COAST": 22808.36, "NUTS2021_1": "ITH", "NUTS2021_0": "IT", "NUTS2024_3": "ITH36", "NUTS2024_2": "ITH3", "NUTS2024_1": "ITH", "NUTS2024_0": "IT" }, "geometry": { "type": "Point", "coordinates": [ 11.884049225907626, 45.483097989763337 ] } },
{ "type": "Feature", "properties": { "DIST_BORD": 136153.7, "TOT_P_2018": 776.0, "TOT_P_2006": 935.0, "GRD_ID": "CRS3035RES1000mN2487000E4469000", "TOT_P_2011": 743.0, "TOT_P_2021": 709.0, "Y_LLC": 2487000, "CNTR_ID": "IT", "NUTS2016_3": "ITH36", "NUTS2016_2": "ITH3", "NUTS2016_1": "ITH", "NUTS2016_0": "IT", "LAND_PC": 100.0, "X_LLC": 4469000, "NUTS2021_3": "ITH36", "NUTS2021_2": "ITH3", "DIST_COAST": 21908.1, "NUTS2021_1": "ITH", "NUTS2021_0": "IT", "NUTS2024_3": "ITH36", "NUTS2024_2": "ITH3", "NUTS2024_1": "ITH", "NUTS2024_0": "IT" }, "geometry": { "type": "Point", "coordinates": [ 11.896817699198206, 45.482869540394113 ] } },
{ "type": "Feature", "properties": { "DIST_BORD": 135265.99, "TOT_P_2018": 352.0, "TOT_P_2006": 68.0, "GRD_ID": "CRS3035RES1000mN2487000E4470000", "TOT_P_2011": 350.0, "TOT_P_2021": 233.0, "Y_LLC": 2487000, "CNTR_ID": "IT", "NUTS2016_3": "ITH36", "NUTS2016_2": "ITH3", "NUTS2016_1": "ITH", "NUTS2016_0": "IT", "LAND_PC": 100.0, "X_LLC": 4470000, "NUTS2021_3": "ITH36", "NUTS2021_2": "ITH3", "DIST_COAST": 21016.85, "NUTS2021_1": "ITH", "NUTS2021_0": "IT", "NUTS2024_3": "ITH36", "NUTS2024_2": "ITH3", "NUTS2024_1": "ITH", "NUTS2024_0": "IT" }, "geometry": { "type": "Point", "coordinates": [ 11.909586076421249, 45.482639548274562 ] } },
{ "type": "Feature", "properties": { "DIST_BORD": 134379.85, "TOT_P_2018": 1202.0, "TOT_P_2006": 937.0, "GRD_ID": "CRS3035RES1000mN2487000E4471000", "TOT_P_2011": 1173.0, "TOT_P_2021": 1298.0, "Y_LLC": 2487000, "CNTR_ID": "IT", "NUTS2016_3": "ITH36", "NUTS2016_2": "ITH3", "NUTS2016_1": "ITH", "NUTS2016_0": "IT", "LAND_PC": 100.0, "X_LLC": 4471000, "NUTS2021_3": "ITH36", "NUTS2021_2": "ITH3", "DIST_COAST": 20135.82, "NUTS2021_1": "ITH", "NUTS2021_0": "IT", "NUTS2024_3": "ITH36", "NUTS2024_2": "ITH3", "NUTS2024_1": "ITH", "NUTS2024_0": "IT" }, "geometry": { "type": "Point", "coordinates": [ 11.922354356980838, 45.482408013636743 ] } },
{ "type": "Feature", "properties": { "DIST_BORD": 133495.32, "TOT_P_2018": 887.0, "TOT_P_2006": 1257.0, "GRD_ID": "CRS3035RES1000mN2487000E4472000", "TOT_P_2011": 854.0, "TOT_P_2021": 713.0, "Y_LLC": 2487000, "CNTR_ID": "IT", "NUTS2016_3": "ITH36", "NUTS2016_2": "ITH3", "NUTS2016_1": "ITH", "NUTS2016_0": "IT", "LAND_PC": 100.0, "X_LLC": 4472000, "NUTS2021_3": "ITH36", "NUTS2021_2": "ITH3", "DIST_COAST": 19266.41, "NUTS2021_1": "ITH", "NUTS2021_0": "IT", "NUTS2024_3": "ITH36", "NUTS2024_2": "ITH3", "NUTS2024_1": "ITH", "NUTS2024_0": "IT" }, "geometry": { "type": "Point", "coordinates": [ 11.935122540204441, 45.48217493635071 ] } },
{ "type": "Feature", "properties": { "DIST_BORD": 132612.43, "TOT_P_2018": 253.0, "TOT_P_2006": 24.0, "GRD_ID": "CRS3035RES1000mN2487000E4473000", "TOT_P_2011": 208.0, "TOT_P_2021": 240.0, "Y_LLC": 2487000, "CNTR_ID": "IT", "NUTS2016_3": "ITH36", "NUTS2016_2": "ITH3", "NUTS2016_1": "ITH", "NUTS2016_0": "IT", "LAND_PC": 100.0, "X_LLC": 4473000, "NUTS2021_3": "ITH36", "NUTS2021_2": "ITH3", "DIST_COAST": 18410.26, "NUTS2021_1": "ITH", "NUTS2021_0": "IT", "NUTS2024_3": "ITH36", "NUTS2024_2": "ITH3", "NUTS2024_1": "ITH", "NUTS2024_0": "IT" }, "geometry": { "type": "Point", "coordinates": [ 11.947890625281584, 45.481940316435441 ] } },
{ "type": "Feature", "properties": { "DIST_BORD": 131731.22, "TOT_P_2018": 208.0, "TOT_P_2006": 152.0, "GRD_ID": "CRS3035RES1000mN2487000E4474000", "TOT_P_2011": 210.0, "TOT_P_2021": 244.0, "Y_LLC": 2487000, "CNTR_ID": "IT", "NUTS2016_3": "ITH35-ITH36", "NUTS2016_2": "ITH3", "NUTS2016_1": "ITH", "NUTS2016_0": "IT", "LAND_PC": 100.0, "X_LLC": 4474000, "NUTS2021_3": "ITH35-ITH36", "NUTS2021_2": "ITH3", "DIST_COAST": 17569.32, "NUTS2021_1": "ITH", "NUTS2021_0": "IT", "NUTS2024_3": "ITH35-ITH36", "NUTS2024_2": "ITH3", "NUTS2024_1": "ITH", "NUTS2024_0": "IT" }, "geometry": { "type": "Point", "coordinates": [ 11.96065861192208, 45.481704153971734 ] } },
{ "type": "Feature", "properties": { "DIST_BORD": 130851.71, "TOT_P_2018": 295.0, "TOT_P_2006": 78.0, "GRD_ID": "CRS3035RES1000mN2487000E4475000", "TOT_P_2011": 297.0, "TOT_P_2021": 304.0, "Y_LLC": 2487000, "CNTR_ID": "IT", "NUTS2016_3": "ITH35-ITH36", "NUTS2016_2": "ITH3", "NUTS2016_1": "ITH", "NUTS2016_0": "IT", "LAND_PC": 100.0, "X_LLC": 4475000, "NUTS2021_3": "ITH35-ITH36", "NUTS2021_2": "ITH3", "DIST_COAST": 16745.87, "NUTS2021_1": "ITH", "NUTS2021_0": "IT", "NUTS2024_3": "ITH35-ITH36", "NUTS2024_2": "ITH3", "NUTS2024_1": "ITH", "NUTS2024_0": "IT" }, "geometry": { "type": "Point", "coordinates": [ 11.973426499246846, 45.481466448968419 ] } },
{ "type": "Feature", "properties": { "DIST_BORD": 129973.94, "TOT_P_2018": 339.0, "TOT_P_2006": 286.0, "GRD_ID": "CRS3035RES1000mN2487000E4476000", "TOT_P_2011": 336.0, "TOT_P_2021": 328.0, "Y_LLC": 2487000, "CNTR_ID": "IT", "NUTS2016_3": "ITH35-ITH36", "NUTS2016_2": "ITH3", "NUTS2016_1": "ITH", "NUTS2016_0": "IT", "LAND_PC": 100.0, "X_LLC": 4476000, "NUTS2021_3": "ITH35-ITH36", "NUTS2021_2": "ITH3", "DIST_COAST": 15942.63, "NUTS2021_1": "ITH", "NUTS2021_0": "IT", "NUTS2024_3": "ITH35-ITH36", "NUTS2024_2": "ITH3", "NUTS2024_1": "ITH", "NUTS2024_0": "IT" }, "geometry": { "type": "Point", "coordinates": [ 11.986194286519002, 45.481227201418363 ] } },
{ "type": "Feature", "properties": { "DIST_BORD": 143203.12, "TOT_P_2018": 102.0, "TOT_P_2006": 143.0, "GRD_ID": "CRS3035RES1000mN2488000E4457000", "TOT_P_2011": 111.0, "TOT_P_2021": 62.0, "Y_LLC": 2488000, "CNTR_ID": "IT", "NUTS2016_3": "ITH32-ITH36", "NUTS2016_2": "ITH3", "NUTS2016_1": "ITH", "NUTS2016_0": "IT", "LAND_PC": 100.0, "X_LLC": 4457000, "NUTS2021_3": "ITH32-ITH36", "NUTS2021_2": "ITH3", "DIST_COAST": 33399.22, "NUTS2021_1": "ITH", "NUTS2021_0": "IT", "NUTS2024_3": "ITH32-ITH36", "NUTS2024_2": "ITH3", "NUTS2024_1": "ITH", "NUTS2024_0": "IT" }, "geometry": { "type": "Point", "coordinates": [ 11.743875395189598, 45.494517275118589 ] } },
{ "type": "Feature", "properties": { "DIST_BORD": 142833.31, "TOT_P_2018": 788.0, "TOT_P_2006": 333.0, "GRD_ID": "CRS3035RES1000mN2488000E4458000", "TOT_P_2011": 849.0, "TOT_P_2021": 820.0, "Y_LLC": 2488000, "CNTR_ID": "IT", "NUTS2016_3": "ITH32-ITH36", "NUTS2016_2": "ITH3", "NUTS2016_1": "ITH", "NUTS2016_0": "IT", "LAND_PC": 100.0, "X_LLC": 4458000, "NUTS2021_3": "ITH32-ITH36", "NUTS2021_2": "ITH3", "DIST_COAST": 32453.83, "NUTS2021_1": "ITH", "NUTS2021_0": "IT", "NUTS2024_3": "ITH32-ITH36", "NUTS2024_2": "ITH3", "NUTS2024_1": "ITH", "NUTS2024_0": "IT" }, "geometry": { "type": "Point", "coordinates": [ 11.756646971587124, 45.494305755961932 ] } },
{ "type": "Feature", "properties": { "DIST_BORD": 142469.56, "TOT_P_2018": 200.0, "TOT_P_2006": 68.0, "GRD_ID": "CRS3035RES1000mN2488000E4459000", "TOT_P_2011": 215.0, "TOT_P_2021": 143.0, "Y_LLC": 2488000, "CNTR_ID": "IT", "NUTS2016_3": "ITH32-ITH36", "NUTS2016_2": "ITH3", "NUTS2016_1": "ITH", "NUTS2016_0": "IT", "LAND_PC": 100.0, "X_LLC": 4459000, "NUTS2021_3": "ITH32-ITH36", "NUTS2021_2": "ITH3", "DIST_COAST": 31511.81, "NUTS2021_1": "ITH", "NUTS2021_0": "IT", "NUTS2024_3": "ITH32-ITH36", "NUTS2024_2": "ITH3", "NUTS2024_1": "ITH", "NUTS2024_0": "IT" }, "geometry": { "type": "Point", "coordinates": [ 11.76941845909975, 45.494092693627429 ] } },
{ "type": "Feature", "properties": { "DIST_BORD": 142111.92, "TOT_P_2018": 191.0, "TOT_P_2006": 69.0, "GRD_ID": "CRS3035RES1000mN2488000E4460000", "TOT_P_2011": 184.0, "TOT_P_2021": 334.0, "Y_LLC": 2488000, "CNTR_ID": "IT", "NUTS2016_3": "ITH36", "NUTS2016_2": "ITH3", "NUTS2016_1": "ITH", "NUTS2016_0": "IT", "LAND_PC": 100.0, "X_LLC": 4460000, "NUTS2021_3": "ITH36", "NUTS2021_2": "ITH3", "DIST_COAST": 30573.48, "NUTS2021_1": "ITH", "NUTS2021_0": "IT", "NUTS2024_3": "ITH36", "NUTS2024_2": "ITH3", "NUTS2024_1": "ITH", "NUTS2024_0": "IT" }, "geometry": { "type": "Point", "coordinates": [ 11.782189856939892, 45.493878088242219 ] } },
{ "type": "Feature", "properties": { "DIST_BORD": 141749.18, "TOT_P_2018": 3306.0, "TOT_P_2006": 4340.0, "GRD_ID": "CRS3035RES1000mN2488000E4461000", "TOT_P_2011": 3159.0, "TOT_P_2021": 3125.0, "Y_LLC": 2488000, "CNTR_ID": "IT", "NUTS2016_3": "ITH36", "NUTS2016_2": "ITH3", "NUTS2016_1": "ITH", "NUTS2016_0": "IT", "LAND_PC": 100.0, "X_LLC": 4461000, "NUTS2021_3": "ITH36", "NUTS2021_2": "ITH3", "DIST_COAST": 29639.17, "NUTS2021_1": "ITH", "NUTS2021_0": "IT", "NUTS2024_3": "ITH36", "NUTS2024_2": "ITH3", "NUTS2024_1": "ITH", "NUTS2024_0": "IT" }, "geometry": { "type": "Point", "coordinates": [ 11.794961164419888, 45.493661939753977 ] } },
{ "type": "Feature", "properties": { "DIST_BORD": 141359.17, "TOT_P_2018": 295.0, "TOT_P_2006": 384.0, "GRD_ID": "CRS3035RES1000mN2488000E4462000", "TOT_P_2011": 237.0, "TOT_P_2021": 282.0, "Y_LLC": 2488000, "CNTR_ID": "IT", "NUTS2016_3": "ITH36", "NUTS2016_2": "ITH3", "NUTS2016_1": "ITH", "NUTS2016_0": "IT", "LAND_PC": 100.0, "X_LLC": 4462000, "NUTS2021_3": "ITH36", "NUTS2021_2": "ITH3", "DIST_COAST": 28709.3, "NUTS2021_1": "ITH", "NUTS2021_0": "IT", "NUTS2024_3": "ITH36", "NUTS2024_2": "ITH3", "NUTS2024_1": "ITH", "NUTS2024_0": "IT" }, "geometry": { "type": "Point", "coordinates": [ 11.807732380883422, 45.493444248151619 ] } },
{ "type": "Feature", "properties": { "DIST_BORD": 140975.18, "TOT_P_2018": 272.0, "TOT_P_2006": 64.0, "GRD_ID": "CRS3035RES1000mN2488000E4463000", "TOT_P_2011": 281.0, "TOT_P_2021": 327.0, "Y_LLC": 2488000, "CNTR_ID": "IT", "NUTS2016_3": "ITH36", "NUTS2016_2": "ITH3", "NUTS2016_1": "ITH", "NUTS2016_0": "IT", "LAND_PC": 100.0, "X_LLC": 4463000, "NUTS2021_3": "ITH36", "NUTS2021_2": "ITH3", "DIST_COAST": 27784.3, "NUTS2021_1": "ITH", "NUTS2021_0": "IT", "NUTS2024_3": "ITH36", "NUTS2024_2": "ITH3", "NUTS2024_1": "ITH", "NUTS2024_0": "IT" }, "geometry": { "type": "Point", "coordinates": [ 11.820503505928585, 45.493225013503704 ] } },
{ "type": "Feature", "properties": { "DIST_BORD": 140173.43, "TOT_P_2018": 159.0, "TOT_P_2006": 179.0, "GRD_ID": "CRS3035RES1000mN2488000E4464000", "TOT_P_2011": 166.0, "TOT_P_2021": 117.0, "Y_LLC": 2488000, "CNTR_ID": "IT", "NUTS2016_3": "ITH36", "NUTS2016_2": "ITH3", "NUTS2016_1": "ITH", "NUTS2016_0": "IT", "LAND_PC": 100.0, "X_LLC": 4464000, "NUTS2021_3": "ITH36", "NUTS2021_2": "ITH3", "DIST_COAST": 26864.67, "NUTS2021_1": "ITH", "NUTS2021_0": "IT", "NUTS2024_3": "ITH36", "NUTS2024_2": "ITH3", "NUTS2024_1": "ITH", "NUTS2024_0": "IT" }, "geometry": { "type": "Point", "coordinates": [ 11.833274538558506, 45.493004235751975 ] } },
{ "type": "Feature", "properties": { "DIST_BORD": 139275.43, "TOT_P_2018": 4.0, "TOT_P_2006": 0.0, "GRD_ID": "CRS3035RES1000mN2488000E4465000", "TOT_P_2011": 4.0, "TOT_P_2021": 6.0, "Y_LLC": 2488000, "CNTR_ID": "IT", "NUTS2016_3": "ITH36", "NUTS2016_2": "ITH3", "NUTS2016_1": "ITH", "NUTS2016_0": "IT", "LAND_PC": 100.0, "X_LLC": 4465000, "NUTS2021_3": "ITH36", "NUTS2021_2": "ITH3", "DIST_COAST": 25950.99, "NUTS2021_1": "ITH", "NUTS2021_0": "IT", "NUTS2024_3": "ITH36", "NUTS2024_2": "ITH3", "NUTS2024_1": "ITH", "NUTS2024_0": "IT" }, "geometry": { "type": "Point", "coordinates": [ 11.84604547837659, 45.492781915068861 ] } },
{ "type": "Feature", "properties": { "DIST_BORD": 138378.84, "TOT_P_2018": 308.0, "TOT_P_2006": 95.0, "GRD_ID": "CRS3035RES1000mN2488000E4466000", "TOT_P_2011": 284.0, "TOT_P_2021": 333.0, "Y_LLC": 2488000, "CNTR_ID": "IT", "NUTS2016_3": "ITH36", "NUTS2016_2": "ITH3", "NUTS2016_1": "ITH", "NUTS2016_0": "IT", "LAND_PC": 100.0, "X_LLC": 4466000, "NUTS2021_3": "ITH36", "NUTS2021_2": "ITH3", "DIST_COAST": 25043.9, "NUTS2021_1": "ITH", "NUTS2021_0": "IT", "NUTS2024_3": "ITH36", "NUTS2024_2": "ITH3", "NUTS2024_1": "ITH", "NUTS2024_0": "IT" }, "geometry": { "type": "Point", "coordinates": [ 11.858816324676338, 45.492558051298637 ] } },
{ "type": "Feature", "properties": { "DIST_BORD": 137483.67, "TOT_P_2018": 16.0, "TOT_P_2006": 0.0, "GRD_ID": "CRS3035RES1000mN2488000E4467000", "TOT_P_2011": 87.0, "TOT_P_2021": 193.0, "Y_LLC": 2488000, "CNTR_ID": "IT", "NUTS2016_3": "ITH36", "NUTS2016_2": "ITH3", "NUTS2016_1": "ITH", "NUTS2016_0": "IT", "LAND_PC": 100.0, "X_LLC": 4467000, "NUTS2021_3": "ITH36", "NUTS2021_2": "ITH3", "DIST_COAST": 24144.15, "NUTS2021_1": "ITH", "NUTS2021_0": "IT", "NUTS2024_3": "ITH36", "NUTS2024_2": "ITH3", "NUTS2024_1": "ITH", "NUTS2024_0": "IT" }, "geometry": { "type": "Point", "coordinates": [ 11.871587076670126, 45.492332644541158 ] } },
{ "type": "Feature", "properties": { "DIST_BORD": 136589.96, "TOT_P_2018": 15.0, "TOT_P_2006": 0.0, "GRD_ID": "CRS3035RES1000mN2488000E4468000", "TOT_P_2011": 116.0, "TOT_P_2021": 116.0, "Y_LLC": 2488000, "CNTR_ID": "IT", "NUTS2016_3": "ITH36", "NUTS2016_2": "ITH3", "NUTS2016_1": "ITH", "NUTS2016_0": "IT", "LAND_PC": 100.0, "X_LLC": 4468000, "NUTS2021_3": "ITH36", "NUTS2021_2": "ITH3", "DIST_COAST": 23252.6, "NUTS2021_1": "ITH", "NUTS2021_0": "IT", "NUTS2024_3": "ITH36", "NUTS2024_2": "ITH3", "NUTS2024_1": "ITH", "NUTS2024_0": "IT" }, "geometry": { "type": "Point", "coordinates": [ 11.884357733925754, 45.492105694836184 ] } },
{ "type": "Feature", "properties": { "DIST_BORD": 135697.72, "TOT_P_2018": 103.0, "TOT_P_2006": 11.0, "GRD_ID": "CRS3035RES1000mN2488000E4469000", "TOT_P_2011": 101.0, "TOT_P_2021": 135.0, "Y_LLC": 2488000, "CNTR_ID": "IT", "NUTS2016_3": "ITH36", "NUTS2016_2": "ITH3", "NUTS2016_1": "ITH", "NUTS2016_0": "IT", "LAND_PC": 100.0, "X_LLC": 4469000, "NUTS2021_3": "ITH36", "NUTS2021_2": "ITH3", "DIST_COAST": 22370.22, "NUTS2021_1": "ITH", "NUTS2021_0": "IT", "NUTS2024_3": "ITH36", "NUTS2024_2": "ITH3", "NUTS2024_1": "ITH", "NUTS2024_0": "IT" }, "geometry": { "type": "Point", "coordinates": [ 11.897128295751875, 45.491877202122964 ] } },
{ "type": "Feature", "properties": { "DIST_BORD": 134807.01, "TOT_P_2018": 495.0, "TOT_P_2006": 168.0, "GRD_ID": "CRS3035RES1000mN2488000E4470000", "TOT_P_2011": 484.0, "TOT_P_2021": 327.0, "Y_LLC": 2488000, "CNTR_ID": "IT", "NUTS2016_3": "ITH36", "NUTS2016_2": "ITH3", "NUTS2016_1": "ITH", "NUTS2016_0": "IT", "LAND_PC": 100.0, "X_LLC": 4470000, "NUTS2021_3": "ITH36", "NUTS2021_2": "ITH3", "DIST_COAST": 21498.14, "NUTS2021_1": "ITH", "NUTS2021_0": "IT", "NUTS2024_3": "ITH36", "NUTS2024_2": "ITH3", "NUTS2024_1": "ITH", "NUTS2024_0": "IT" }, "geometry": { "type": "Point", "coordinates": [ 11.909898761312039, 45.491647166528765 ] } },
{ "type": "Feature", "properties": { "DIST_BORD": 133917.83, "TOT_P_2018": 80.0, "TOT_P_2006": 13.0, "GRD_ID": "CRS3035RES1000mN2488000E4471000", "TOT_P_2011": 63.0, "TOT_P_2021": 103.0, "Y_LLC": 2488000, "CNTR_ID": "IT", "NUTS2016_3": "ITH36", "NUTS2016_2": "ITH3", "NUTS2016_1": "ITH", "NUTS2016_0": "IT", "LAND_PC": 100.0, "X_LLC": 4471000, "NUTS2021_3": "ITH36", "NUTS2021_2": "ITH3", "DIST_COAST": 20637.66, "NUTS2021_1": "ITH", "NUTS2021_0": "IT", "NUTS2024_3": "ITH36", "NUTS2024_2": "ITH3", "NUTS2024_1": "ITH", "NUTS2024_0": "IT" }, "geometry": { "type": "Point", "coordinates": [ 11.922669130296427, 45.491415587944694 ] } },
{ "type": "Feature", "properties": { "DIST_BORD": 133030.23, "TOT_P_2018": 679.0, "TOT_P_2006": 1017.0, "GRD_ID": "CRS3035RES1000mN2488000E4472000", "TOT_P_2011": 663.0, "TOT_P_2021": 858.0, "Y_LLC": 2488000, "CNTR_ID": "IT", "NUTS2016_3": "ITH36", "NUTS2016_2": "ITH3", "NUTS2016_1": "ITH", "NUTS2016_0": "IT", "LAND_PC": 100.0, "X_LLC": 4472000, "NUTS2021_3": "ITH36", "NUTS2021_2": "ITH3", "DIST_COAST": 19790.31, "NUTS2021_1": "ITH", "NUTS2021_0": "IT", "NUTS2024_3": "ITH36", "NUTS2024_2": "ITH3", "NUTS2024_1": "ITH", "NUTS2024_0": "IT" }, "geometry": { "type": "Point", "coordinates": [ 11.935439401664656, 45.491182466502735 ] } },
{ "type": "Feature", "properties": { "DIST_BORD": 132144.23, "TOT_P_2018": 547.0, "TOT_P_2006": 300.0, "GRD_ID": "CRS3035RES1000mN2488000E4473000", "TOT_P_2011": 526.0, "TOT_P_2021": 645.0, "Y_LLC": 2488000, "CNTR_ID": "IT", "NUTS2016_3": "ITH36", "NUTS2016_2": "ITH3", "NUTS2016_1": "ITH", "NUTS2016_0": "IT", "LAND_PC": 100.0, "X_LLC": 4473000, "NUTS2021_3": "ITH36", "NUTS2021_2": "ITH3", "DIST_COAST": 18957.84, "NUTS2021_1": "ITH", "NUTS2021_0": "IT", "NUTS2024_3": "ITH36", "NUTS2024_2": "ITH3", "NUTS2024_1": "ITH", "NUTS2024_0": "IT" }, "geometry": { "type": "Point", "coordinates": [ 11.948209575154266, 45.490947802174439 ] } },
{ "type": "Feature", "properties": { "DIST_BORD": 131259.87, "TOT_P_2018": 481.0, "TOT_P_2006": 401.0, "GRD_ID": "CRS3035RES1000mN2488000E4474000", "TOT_P_2011": 378.0, "TOT_P_2021": 297.0, "Y_LLC": 2488000, "CNTR_ID": "IT", "NUTS2016_3": "ITH36", "NUTS2016_2": "ITH3", "NUTS2016_1": "ITH", "NUTS2016_0": "IT", "LAND_PC": 100.0, "X_LLC": 4474000, "NUTS2021_3": "ITH36", "NUTS2021_2": "ITH3", "DIST_COAST": 18142.29, "NUTS2021_1": "ITH", "NUTS2021_0": "IT", "NUTS2024_3": "ITH36", "NUTS2024_2": "ITH3", "NUTS2024_1": "ITH", "NUTS2024_0": "IT" }, "geometry": { "type": "Point", "coordinates": [ 11.96097964984933, 45.490711595022319 ] } },
{ "type": "Feature", "properties": { "DIST_BORD": 130377.19, "TOT_P_2018": 1643.0, "TOT_P_2006": 2221.0, "GRD_ID": "CRS3035RES1000mN2488000E4475000", "TOT_P_2011": 1615.0, "TOT_P_2021": 1659.0, "Y_LLC": 2488000, "CNTR_ID": "IT", "NUTS2016_3": "ITH35-ITH36", "NUTS2016_2": "ITH3", "NUTS2016_1": "ITH", "NUTS2016_0": "IT", "LAND_PC": 100.0, "X_LLC": 4475000, "NUTS2021_3": "ITH35-ITH36", "NUTS2021_2": "ITH3", "DIST_COAST": 17346.07, "NUTS2021_1": "ITH", "NUTS2021_0": "IT", "NUTS2024_3": "ITH35-ITH36", "NUTS2024_2": "ITH3", "NUTS2024_1": "ITH", "NUTS2024_0": "IT" }, "geometry": { "type": "Point", "coordinates": [ 11.973749625179046, 45.490473844967703 ] } },
{ "type": "Feature", "properties": { "DIST_BORD": 129496.21, "TOT_P_2018": 1139.0, "TOT_P_2006": 701.0, "GRD_ID": "CRS3035RES1000mN2488000E4476000", "TOT_P_2011": 1121.0, "TOT_P_2021": 1055.0, "Y_LLC": 2488000, "CNTR_ID": "IT", "NUTS2016_3": "ITH35-ITH36", "NUTS2016_2": "ITH3", "NUTS2016_1": "ITH", "NUTS2016_0": "IT", "LAND_PC": 100.0, "X_LLC": 4476000, "NUTS2021_3": "ITH35-ITH36", "NUTS2021_2": "ITH3", "DIST_COAST": 16571.94, "NUTS2021_1": "ITH", "NUTS2021_0": "IT", "NUTS2024_3": "ITH35-ITH36", "NUTS2024_2": "ITH3", "NUTS2024_1": "ITH", "NUTS2024_0": "IT" }, "geometry": { "type": "Point", "coordinates": [ 11.986519500522446, 45.490234552041713 ] } },
{ "type": "Feature", "properties": { "DIST_BORD": 142275.71, "TOT_P_2018": 199.0, "TOT_P_2006": 267.0, "GRD_ID": "CRS3035RES1000mN2489000E4457000", "TOT_P_2011": 213.0, "TOT_P_2021": 204.0, "Y_LLC": 2489000, "CNTR_ID": "IT", "NUTS2016_3": "ITH32-ITH36", "NUTS2016_2": "ITH3", "NUTS2016_1": "ITH", "NUTS2016_0": "IT", "LAND_PC": 100.0, "X_LLC": 4457000, "NUTS2021_3": "ITH32-ITH36", "NUTS2021_2": "ITH3", "DIST_COAST": 33733.8, "NUTS2021_1": "ITH", "NUTS2021_0": "IT", "NUTS2024_3": "ITH32-ITH36", "NUTS2024_2": "ITH3", "NUTS2024_1": "ITH", "NUTS2024_0": "IT" }, "geometry": { "type": "Point", "coordinates": [ 11.744161048030582, 45.503525382957996 ] } },
{ "type": "Feature", "properties": { "DIST_BORD": 141903.48, "TOT_P_2018": 39.0, "TOT_P_2006": 0.0, "GRD_ID": "CRS3035RES1000mN2489000E4458000", "TOT_P_2011": 43.0, "TOT_P_2021": 51.0, "Y_LLC": 2489000, "CNTR_ID": "IT", "NUTS2016_3": "ITH32-ITH36", "NUTS2016_2": "ITH3", "NUTS2016_1": "ITH", "NUTS2016_0": "IT", "LAND_PC": 100.0, "X_LLC": 4458000, "NUTS2021_3": "ITH32-ITH36", "NUTS2021_2": "ITH3", "DIST_COAST": 32798.06, "NUTS2021_1": "ITH", "NUTS2021_0": "IT", "NUTS2024_3": "ITH32-ITH36", "NUTS2024_2": "ITH3", "NUTS2024_1": "ITH", "NUTS2024_0": "IT" }, "geometry": { "type": "Point", "coordinates": [ 11.756934714513795, 45.503313823700488 ] } },
{ "type": "Feature", "properties": { "DIST_BORD": 141537.34, "TOT_P_2018": 4.0, "TOT_P_2006": 10.0, "GRD_ID": "CRS3035RES1000mN2489000E4459000", "TOT_P_2011": 6.0, "TOT_P_2021": 52.0, "Y_LLC": 2489000, "CNTR_ID": "IT", "NUTS2016_3": "ITH32-ITH36", "NUTS2016_2": "ITH3", "NUTS2016_1": "ITH", "NUTS2016_0": "IT", "LAND_PC": 100.0, "X_LLC": 4459000, "NUTS2021_3": "ITH32-ITH36", "NUTS2021_2": "ITH3", "DIST_COAST": 31866.22, "NUTS2021_1": "ITH", "NUTS2021_0": "IT", "NUTS2024_3": "ITH32-ITH36", "NUTS2024_2": "ITH3", "NUTS2024_1": "ITH", "NUTS2024_0": "IT" }, "geometry": { "type": "Point", "coordinates": [ 11.769708291924907, 45.503100721080067 ] } },
{ "type": "Feature", "properties": { "DIST_BORD": 141177.34, "TOT_P_2018": 19.0, "TOT_P_2006": 0.0, "GRD_ID": "CRS3035RES1000mN2489000E4460000", "TOT_P_2011": 18.0, "TOT_P_2021": 25.0, "Y_LLC": 2489000, "CNTR_ID": "IT", "NUTS2016_3": "ITH36", "NUTS2016_2": "ITH3", "NUTS2016_1": "ITH", "NUTS2016_0": "IT", "LAND_PC": 100.0, "X_LLC": 4460000, "NUTS2021_3": "ITH36", "NUTS2021_2": "ITH3", "DIST_COAST": 30938.64, "NUTS2021_1": "ITH", "NUTS2021_0": "IT", "NUTS2024_3": "ITH36", "NUTS2024_2": "ITH3", "NUTS2024_1": "ITH", "NUTS2024_0": "IT" }, "geometry": { "type": "Point", "coordinates": [ 11.782481779712194, 45.502886074990627 ] } },
{ "type": "Feature", "properties": { "DIST_BORD": 140823.52, "TOT_P_2018": 173.0, "TOT_P_2006": 158.0, "GRD_ID": "CRS3035RES1000mN2489000E4461000", "TOT_P_2011": 156.0, "TOT_P_2021": 148.0, "Y_LLC": 2489000, "CNTR_ID": "IT", "NUTS2016_3": "ITH36", "NUTS2016_2": "ITH3", "NUTS2016_1": "ITH", "NUTS2016_0": "IT", "LAND_PC": 100.0, "X_LLC": 4461000, "NUTS2021_3": "ITH36", "NUTS2021_2": "ITH3", "DIST_COAST": 30015.71, "NUTS2021_1": "ITH", "NUTS2021_0": "IT", "NUTS2024_3": "ITH36", "NUTS2024_2": "ITH3", "NUTS2024_1": "ITH", "NUTS2024_0": "IT" }, "geometry": { "type": "Point", "coordinates": [ 11.795255177036255, 45.502669885450494 ] } },
{ "type": "Feature", "properties": { "DIST_BORD": 140437.63, "TOT_P_2018": 1.0, "TOT_P_2006": 11.0, "GRD_ID": "CRS3035RES1000mN2489000E4462000", "TOT_P_2011": 1.0, "TOT_P_2021": 96.0, "Y_LLC": 2489000, "CNTR_ID": "IT", "NUTS2016_3": "ITH36", "NUTS2016_2": "ITH3", "NUTS2016_1": "ITH", "NUTS2016_0": "IT", "LAND_PC": 100.0, "X_LLC": 4462000, "NUTS2021_3": "ITH36", "NUTS2021_2": "ITH3", "DIST_COAST": 29097.87, "NUTS2021_1": "ITH", "NUTS2021_0": "IT", "NUTS2024_3": "ITH36", "NUTS2024_2": "ITH3", "NUTS2024_1": "ITH", "NUTS2024_0": "IT" }, "geometry": { "type": "Point", "coordinates": [ 11.808028483366378, 45.502452152610786 ] } },
{ "type": "Feature", "properties": { "DIST_BORD": 140051.11, "TOT_P_2018": 347.0, "TOT_P_2006": 382.0, "GRD_ID": "CRS3035RES1000mN2489000E4463000", "TOT_P_2011": 337.0, "TOT_P_2021": 476.0, "Y_LLC": 2489000, "CNTR_ID": "IT", "NUTS2016_3": "ITH36", "NUTS2016_2": "ITH3", "NUTS2016_1": "ITH", "NUTS2016_0": "IT", "LAND_PC": 100.0, "X_LLC": 4463000, "NUTS2021_3": "ITH36", "NUTS2021_2": "ITH3", "DIST_COAST": 28185.62, "NUTS2021_1": "ITH", "NUTS2021_0": "IT", "NUTS2024_3": "ITH36", "NUTS2024_2": "ITH3", "NUTS2024_1": "ITH", "NUTS2024_0": "IT" }, "geometry": { "type": "Point", "coordinates": [ 11.820801698101503, 45.502232876447373 ] } },
{ "type": "Feature", "properties": { "DIST_BORD": 139670.67, "TOT_P_2018": 149.0, "TOT_P_2006": 100.0, "GRD_ID": "CRS3035RES1000mN2489000E4464000", "TOT_P_2011": 145.0, "TOT_P_2021": 95.0, "Y_LLC": 2489000, "CNTR_ID": "IT", "NUTS2016_3": "ITH36", "NUTS2016_2": "ITH3", "NUTS2016_1": "ITH", "NUTS2016_0": "IT", "LAND_PC": 100.0, "X_LLC": 4464000, "NUTS2021_3": "ITH36", "NUTS2021_2": "ITH3", "DIST_COAST": 27279.52, "NUTS2021_1": "ITH", "NUTS2021_0": "IT", "NUTS2024_3": "ITH36", "NUTS2024_2": "ITH3", "NUTS2024_1": "ITH", "NUTS2024_0": "IT" }, "geometry": { "type": "Point", "coordinates": [ 11.833574820376429, 45.502012056911326 ] } },
{ "type": "Feature", "properties": { "DIST_BORD": 138836.91, "TOT_P_2018": 5.0, "TOT_P_2006": 16.0, "GRD_ID": "CRS3035RES1000mN2489000E4465000", "TOT_P_2011": 50.0, "TOT_P_2021": 106.0, "Y_LLC": 2489000, "CNTR_ID": "IT", "NUTS2016_3": "ITH36", "NUTS2016_2": "ITH3", "NUTS2016_1": "ITH", "NUTS2016_0": "IT", "LAND_PC": 100.0, "X_LLC": 4465000, "NUTS2021_3": "ITH36", "NUTS2021_2": "ITH3", "DIST_COAST": 26380.21, "NUTS2021_1": "ITH", "NUTS2021_0": "IT", "NUTS2024_3": "ITH36", "NUTS2024_2": "ITH3", "NUTS2024_1": "ITH", "NUTS2024_0": "IT" }, "geometry": { "type": "Point", "coordinates": [ 11.846347849790591, 45.501789694001801 ] } },
{ "type": "Feature", "properties": { "DIST_BORD": 137937.47, "TOT_P_2018": 929.0, "TOT_P_2006": 579.0, "GRD_ID": "CRS3035RES1000mN2489000E4466000", "TOT_P_2011": 857.0, "TOT_P_2021": 739.0, "Y_LLC": 2489000, "CNTR_ID": "IT", "NUTS2016_3": "ITH36", "NUTS2016_2": "ITH3", "NUTS2016_1": "ITH", "NUTS2016_0": "IT", "LAND_PC": 100.0, "X_LLC": 4466000, "NUTS2021_3": "ITH36", "NUTS2021_2": "ITH3", "DIST_COAST": 25488.41, "NUTS2021_1": "ITH", "NUTS2021_0": "IT", "NUTS2024_3": "ITH36", "NUTS2024_2": "ITH3", "NUTS2024_1": "ITH", "NUTS2024_0": "IT" }, "geometry": { "type": "Point", "coordinates": [ 11.859120785612527, 45.50156578783259 ] } },
{ "type": "Feature", "properties": { "DIST_BORD": 137039.41, "TOT_P_2018": 237.0, "TOT_P_2006": 23.0, "GRD_ID": "CRS3035RES1000mN2489000E4467000", "TOT_P_2011": 225.0, "TOT_P_2021": 271.0, "Y_LLC": 2489000, "CNTR_ID": "IT", "NUTS2016_3": "ITH36", "NUTS2016_2": "ITH3", "NUTS2016_1": "ITH", "NUTS2016_0": "IT", "LAND_PC": 100.0, "X_LLC": 4467000, "NUTS2021_3": "ITH36", "NUTS2021_2": "ITH3", "DIST_COAST": 24604.92, "NUTS2021_1": "ITH", "NUTS2021_0": "IT", "NUTS2024_3": "ITH36", "NUTS2024_2": "ITH3", "NUTS2024_1": "ITH", "NUTS2024_0": "IT" }, "geometry": { "type": "Point", "coordinates": [ 11.871893627153215, 45.501340338352406 ] } },
{ "type": "Feature", "properties": { "DIST_BORD": 136142.78, "TOT_P_2018": 221.0, "TOT_P_2006": 45.0, "GRD_ID": "CRS3035RES1000mN2489000E4468000", "TOT_P_2011": 202.0, "TOT_P_2021": 176.0, "Y_LLC": 2489000, "CNTR_ID": "IT", "NUTS2016_3": "ITH36", "NUTS2016_2": "ITH3", "NUTS2016_1": "ITH", "NUTS2016_0": "IT", "LAND_PC": 100.0, "X_LLC": 4468000, "NUTS2021_3": "ITH36", "NUTS2021_2": "ITH3", "DIST_COAST": 23730.68, "NUTS2021_1": "ITH", "NUTS2021_0": "IT", "NUTS2024_3": "ITH36", "NUTS2024_2": "ITH3", "NUTS2024_1": "ITH", "NUTS2024_0": "IT" }, "geometry": { "type": "Point", "coordinates": [ 11.884666373842558, 45.501113345619693 ] } },
{ "type": "Feature", "properties": { "DIST_BORD": 135247.6, "TOT_P_2018": 641.0, "TOT_P_2006": 544.0, "GRD_ID": "CRS3035RES1000mN2489000E4469000", "TOT_P_2011": 627.0, "TOT_P_2021": 485.0, "Y_LLC": 2489000, "CNTR_ID": "IT", "NUTS2016_3": "ITH36", "NUTS2016_2": "ITH3", "NUTS2016_1": "ITH", "NUTS2016_0": "IT", "LAND_PC": 100.0, "X_LLC": 4469000, "NUTS2021_3": "ITH36", "NUTS2021_2": "ITH3", "DIST_COAST": 22866.76, "NUTS2021_1": "ITH", "NUTS2021_0": "IT", "NUTS2024_3": "ITH36", "NUTS2024_2": "ITH3", "NUTS2024_1": "ITH", "NUTS2024_0": "IT" }, "geometry": { "type": "Point", "coordinates": [ 11.897439024950932, 45.500884809557036 ] } },
{ "type": "Feature", "properties": { "DIST_BORD": 134353.9, "TOT_P_2018": 1517.0, "TOT_P_2006": 1482.0, "GRD_ID": "CRS3035RES1000mN2489000E4470000", "TOT_P_2011": 1474.0, "TOT_P_2021": 1674.0, "Y_LLC": 2489000, "CNTR_ID": "IT", "NUTS2016_3": "ITH36", "NUTS2016_2": "ITH3", "NUTS2016_1": "ITH", "NUTS2016_0": "IT", "LAND_PC": 100.0, "X_LLC": 4470000, "NUTS2021_3": "ITH36", "NUTS2021_2": "ITH3", "DIST_COAST": 22014.35, "NUTS2021_1": "ITH", "NUTS2021_0": "IT", "NUTS2024_3": "ITH36", "NUTS2024_2": "ITH3", "NUTS2024_1": "ITH", "NUTS2024_0": "IT" }, "geometry": { "type": "Point", "coordinates": [ 11.910211579893017, 45.500654730331057 ] } },
{ "type": "Feature", "properties": { "DIST_BORD": 133461.7, "TOT_P_2018": 740.0, "TOT_P_2006": 546.0, "GRD_ID": "CRS3035RES1000mN2489000E4471000", "TOT_P_2011": 723.0, "TOT_P_2021": 911.0, "Y_LLC": 2489000, "CNTR_ID": "IT", "NUTS2016_3": "ITH36", "NUTS2016_2": "ITH3", "NUTS2016_1": "ITH", "NUTS2016_0": "IT", "LAND_PC": 100.0, "X_LLC": 4471000, "NUTS2021_3": "ITH36", "NUTS2021_2": "ITH3", "DIST_COAST": 21174.87, "NUTS2021_1": "ITH", "NUTS2021_0": "IT", "NUTS2024_3": "ITH36", "NUTS2024_2": "ITH3", "NUTS2024_1": "ITH", "NUTS2024_0": "IT" }, "geometry": { "type": "Point", "coordinates": [ 11.922984038054414, 45.500423107931802 ] } },
{ "type": "Feature", "properties": { "DIST_BORD": 132571.05, "TOT_P_2018": 664.0, "TOT_P_2006": 418.0, "GRD_ID": "CRS3035RES1000mN2489000E4472000", "TOT_P_2011": 641.0, "TOT_P_2021": 622.0, "Y_LLC": 2489000, "CNTR_ID": "IT", "NUTS2016_3": "ITH36", "NUTS2016_2": "ITH3", "NUTS2016_1": "ITH", "NUTS2016_0": "IT", "LAND_PC": 100.0, "X_LLC": 4472000, "NUTS2021_3": "ITH36", "NUTS2021_2": "ITH3", "DIST_COAST": 20349.9, "NUTS2021_1": "ITH", "NUTS2021_0": "IT", "NUTS2024_3": "ITH36", "NUTS2024_2": "ITH3", "NUTS2024_1": "ITH", "NUTS2024_0": "IT" }, "geometry": { "type": "Point", "coordinates": [ 11.935756398611076, 45.50018994226933 ] } },
{ "type": "Feature", "properties": { "DIST_BORD": 131681.96, "TOT_P_2018": 205.0, "TOT_P_2006": 132.0, "GRD_ID": "CRS3035RES1000mN2489000E4473000", "TOT_P_2011": 200.0, "TOT_P_2021": 364.0, "Y_LLC": 2489000, "CNTR_ID": "IT", "NUTS2016_3": "ITH36", "NUTS2016_2": "ITH3", "NUTS2016_1": "ITH", "NUTS2016_0": "IT", "LAND_PC": 100.0, "X_LLC": 4473000, "NUTS2021_3": "ITH36", "NUTS2021_2": "ITH3", "DIST_COAST": 19541.28, "NUTS2021_1": "ITH", "NUTS2021_0": "IT", "NUTS2024_3": "ITH36", "NUTS2024_2": "ITH3", "NUTS2024_1": "ITH", "NUTS2024_0": "IT" }, "geometry": { "type": "Point", "coordinates": [ 11.948528661186787, 45.499955233467276 ] } },
{ "type": "Feature", "properties": { "DIST_BORD": 130794.48, "TOT_P_2018": 175.0, "TOT_P_2006": 88.0, "GRD_ID": "CRS3035RES1000mN2489000E4474000", "TOT_P_2011": 169.0, "TOT_P_2021": 204.0, "Y_LLC": 2489000, "CNTR_ID": "IT", "NUTS2016_3": "ITH36", "NUTS2016_2": "ITH3", "NUTS2016_1": "ITH", "NUTS2016_0": "IT", "LAND_PC": 100.0, "X_LLC": 4474000, "NUTS2021_3": "ITH36", "NUTS2021_2": "ITH3", "DIST_COAST": 18751.13, "NUTS2021_1": "ITH", "NUTS2021_0": "IT", "NUTS2024_3": "ITH36", "NUTS2024_2": "ITH3", "NUTS2024_1": "ITH", "NUTS2024_0": "IT" }, "geometry": { "type": "Point", "coordinates": [ 11.961300824994481, 45.499718981465819 ] } },
{ "type": "Feature", "properties": { "DIST_BORD": 129908.63, "TOT_P_2018": 345.0, "TOT_P_2006": 174.0, "GRD_ID": "CRS3035RES1000mN2489000E4475000", "TOT_P_2011": 336.0, "TOT_P_2021": 328.0, "Y_LLC": 2489000, "CNTR_ID": "IT", "NUTS2016_3": "ITH35-ITH36", "NUTS2016_2": "ITH3", "NUTS2016_1": "ITH", "NUTS2016_0": "IT", "LAND_PC": 100.0, "X_LLC": 4475000, "NUTS2021_3": "ITH35-ITH36", "NUTS2021_2": "ITH3", "DIST_COAST": 17981.88, "NUTS2021_1": "ITH", "NUTS2021_0": "IT", "NUTS2024_3": "ITH35-ITH36", "NUTS2024_2": "ITH3", "NUTS2024_1": "ITH", "NUTS2024_0": "IT" }, "geometry": { "type": "Point", "coordinates": [ 11.974072889257267, 45.499481186406193 ] } },
{ "type": "Feature", "properties": { "DIST_BORD": 129024.45, "TOT_P_2018": 432.0, "TOT_P_2006": 153.0, "GRD_ID": "CRS3035RES1000mN2489000E4476000", "TOT_P_2011": 435.0, "TOT_P_2021": 507.0, "Y_LLC": 2489000, "CNTR_ID": "IT", "NUTS2016_3": "ITH35-ITH36", "NUTS2016_2": "ITH3", "NUTS2016_1": "ITH", "NUTS2016_0": "IT", "LAND_PC": 100.0, "X_LLC": 4476000, "NUTS2021_3": "ITH35-ITH36", "NUTS2021_2": "ITH3", "DIST_COAST": 17236.34, "NUTS2021_1": "ITH", "NUTS2021_0": "IT", "NUTS2024_3": "ITH35-ITH36", "NUTS2024_2": "ITH3", "NUTS2024_1": "ITH", "NUTS2024_0": "IT" }, "geometry": { "type": "Point", "coordinates": [ 11.986844853506218, 45.499241848194906 ] } },
{ "type": "Feature", "properties": { "DIST_BORD": 141349.28, "TOT_P_2018": 521.0, "TOT_P_2006": 534.0, "GRD_ID": "CRS3035RES1000mN2490000E4457000", "TOT_P_2011": 563.0, "TOT_P_2021": 547.0, "Y_LLC": 2490000, "CNTR_ID": "IT", "NUTS2016_3": "ITH32-ITH36", "NUTS2016_2": "ITH3", "NUTS2016_1": "ITH", "NUTS2016_0": "IT", "LAND_PC": 100.0, "X_LLC": 4457000, "NUTS2021_3": "ITH32-ITH36", "NUTS2021_2": "ITH3", "DIST_COAST": 34094.45, "NUTS2021_1": "ITH", "NUTS2021_0": "IT", "NUTS2024_3": "ITH32-ITH36", "NUTS2024_2": "ITH3", "NUTS2024_1": "ITH", "NUTS2024_0": "IT" }, "geometry": { "type": "Point", "coordinates": [ 11.744446823043004, 45.512533436729164 ] } },
{ "type": "Feature", "properties": { "DIST_BORD": 140974.61, "TOT_P_2018": 139.0, "TOT_P_2006": 49.0, "GRD_ID": "CRS3035RES1000mN2490000E4458000", "TOT_P_2011": 152.0, "TOT_P_2021": 99.0, "Y_LLC": 2490000, "CNTR_ID": "IT", "NUTS2016_3": "ITH32-ITH36", "NUTS2016_2": "ITH3", "NUTS2016_1": "ITH", "NUTS2016_0": "IT", "LAND_PC": 100.0, "X_LLC": 4458000, "NUTS2021_3": "ITH32-ITH36", "NUTS2021_2": "ITH3", "DIST_COAST": 33168.88, "NUTS2021_1": "ITH", "NUTS2021_0": "IT", "NUTS2024_3": "ITH32-ITH36", "NUTS2024_2": "ITH3", "NUTS2024_1": "ITH", "NUTS2024_0": "IT" }, "geometry": { "type": "Point", "coordinates": [ 11.757222580372737, 45.512321837408052 ] } },
{ "type": "Feature", "properties": { "DIST_BORD": 140606.05, "TOT_P_2018": 0.0, "TOT_P_2006": 0.0, "GRD_ID": "CRS3035RES1000mN2490000E4459000", "TOT_P_2011": 0.0, "TOT_P_2021": 27.0, "Y_LLC": 2490000, "CNTR_ID": "IT", "NUTS2016_3": "ITH32-ITH36", "NUTS2016_2": "ITH3", "NUTS2016_1": "ITH", "NUTS2016_0": "IT", "LAND_PC": 100.0, "X_LLC": 4459000, "NUTS2021_3": "ITH32-ITH36", "NUTS2021_2": "ITH3", "DIST_COAST": 32247.76, "NUTS2021_1": "ITH", "NUTS2021_0": "IT", "NUTS2024_3": "ITH32-ITH36", "NUTS2024_2": "ITH3", "NUTS2024_1": "ITH", "NUTS2024_0": "IT" }, "geometry": { "type": "Point", "coordinates": [ 11.769998248757002, 45.512108694321377 ] } },
{ "type": "Feature", "properties": { "DIST_BORD": 140243.66, "TOT_P_2018": 167.0, "TOT_P_2006": 0.0, "GRD_ID": "CRS3035RES1000mN2490000E4460000", "TOT_P_2011": 161.0, "TOT_P_2021": 138.0, "Y_LLC": 2490000, "CNTR_ID": "IT", "NUTS2016_3": "ITH32-ITH36", "NUTS2016_2": "ITH3", "NUTS2016_1": "ITH", "NUTS2016_0": "IT", "LAND_PC": 100.0, "X_LLC": 4460000, "NUTS2021_3": "ITH32-ITH36", "NUTS2021_2": "ITH3", "DIST_COAST": 31331.47, "NUTS2021_1": "ITH", "NUTS2021_0": "IT", "NUTS2024_3": "ITH32-ITH36", "NUTS2024_2": "ITH3", "NUTS2024_1": "ITH", "NUTS2024_0": "IT" }, "geometry": { "type": "Point", "coordinates": [ 11.782773827224071, 45.511894007539716 ] } },
{ "type": "Feature", "properties": { "DIST_BORD": 139887.47, "TOT_P_2018": 24.0, "TOT_P_2006": 0.0, "GRD_ID": "CRS3035RES1000mN2490000E4461000", "TOT_P_2011": 25.0, "TOT_P_2021": 141.0, "Y_LLC": 2490000, "CNTR_ID": "IT", "NUTS2016_3": "ITH36", "NUTS2016_2": "ITH3", "NUTS2016_1": "ITH", "NUTS2016_0": "IT", "LAND_PC": 100.0, "X_LLC": 4461000, "NUTS2021_3": "ITH36", "NUTS2021_2": "ITH3", "DIST_COAST": 30420.46, "NUTS2021_1": "ITH", "NUTS2021_0": "IT", "NUTS2024_3": "ITH36", "NUTS2024_2": "ITH3", "NUTS2024_1": "ITH", "NUTS2024_0": "IT" }, "geometry": { "type": "Point", "coordinates": [ 11.795549315327802, 45.511677777104474 ] } },
{ "type": "Feature", "properties": { "DIST_BORD": 139517.17, "TOT_P_2018": 0.0, "TOT_P_2006": 0.0, "GRD_ID": "CRS3035RES1000mN2490000E4462000", "TOT_P_2011": 0.0, "TOT_P_2021": 68.0, "Y_LLC": 2490000, "CNTR_ID": "IT", "NUTS2016_3": "ITH36", "NUTS2016_2": "ITH3", "NUTS2016_1": "ITH", "NUTS2016_0": "IT", "LAND_PC": 100.0, "X_LLC": 4462000, "NUTS2021_3": "ITH36", "NUTS2021_2": "ITH3", "DIST_COAST": 29515.21, "NUTS2021_1": "ITH", "NUTS2021_0": "IT", "NUTS2024_3": "ITH36", "NUTS2024_2": "ITH3", "NUTS2024_1": "ITH", "NUTS2024_0": "IT" }, "geometry": { "type": "Point", "coordinates": [ 11.808324712375139, 45.511460002967588 ] } },
{ "type": "Feature", "properties": { "DIST_BORD": 139128.09, "TOT_P_2018": 588.0, "TOT_P_2006": 550.0, "GRD_ID": "CRS3035RES1000mN2490000E4463000", "TOT_P_2011": 572.0, "TOT_P_2021": 481.0, "Y_LLC": 2490000, "CNTR_ID": "IT", "NUTS2016_3": "ITH36", "NUTS2016_2": "ITH3", "NUTS2016_1": "ITH", "NUTS2016_0": "IT", "LAND_PC": 100.0, "X_LLC": 4463000, "NUTS2021_3": "ITH36", "NUTS2021_2": "ITH3", "DIST_COAST": 28616.27, "NUTS2021_1": "ITH", "NUTS2021_0": "IT", "NUTS2024_3": "ITH36", "NUTS2024_2": "ITH3", "NUTS2024_1": "ITH", "NUTS2024_0": "IT" }, "geometry": { "type": "Point", "coordinates": [ 11.821100017681934, 45.511240685131874 ] } },
{ "type": "Feature", "properties": { "DIST_BORD": 138745.13, "TOT_P_2018": 337.0, "TOT_P_2006": 144.0, "GRD_ID": "CRS3035RES1000mN2490000E4464000", "TOT_P_2011": 328.0, "TOT_P_2021": 231.0, "Y_LLC": 2490000, "CNTR_ID": "IT", "NUTS2016_3": "ITH36", "NUTS2016_2": "ITH3", "NUTS2016_1": "ITH", "NUTS2016_0": "IT", "LAND_PC": 100.0, "X_LLC": 4464000, "NUTS2021_3": "ITH36", "NUTS2021_2": "ITH3", "DIST_COAST": 27724.25, "NUTS2021_1": "ITH", "NUTS2021_0": "IT", "NUTS2024_3": "ITH36", "NUTS2024_2": "ITH3", "NUTS2024_1": "ITH", "NUTS2024_0": "IT" }, "geometry": { "type": "Point", "coordinates": [ 11.833875230587692, 45.511019823749336 ] } },
{ "type": "Feature", "properties": { "DIST_BORD": 138368.33, "TOT_P_2018": 633.0, "TOT_P_2006": 285.0, "GRD_ID": "CRS3035RES1000mN2490000E4465000", "TOT_P_2011": 634.0, "TOT_P_2021": 608.0, "Y_LLC": 2490000, "CNTR_ID": "IT", "NUTS2016_3": "ITH36", "NUTS2016_2": "ITH3", "NUTS2016_1": "ITH", "NUTS2016_0": "IT", "LAND_PC": 100.0, "X_LLC": 4465000, "NUTS2021_3": "ITH36", "NUTS2021_2": "ITH3", "DIST_COAST": 26839.85, "NUTS2021_1": "ITH", "NUTS2021_0": "IT", "NUTS2024_3": "ITH36", "NUTS2024_2": "ITH3", "NUTS2024_1": "ITH", "NUTS2024_0": "IT" }, "geometry": { "type": "Point", "coordinates": [ 11.846650350433729, 45.51079741871574 ] } },
{ "type": "Feature", "properties": { "DIST_BORD": 137501.95, "TOT_P_2018": 601.0, "TOT_P_2006": 431.0, "GRD_ID": "CRS3035RES1000mN2490000E4466000", "TOT_P_2011": 592.0, "TOT_P_2021": 529.0, "Y_LLC": 2490000, "CNTR_ID": "IT", "NUTS2016_3": "ITH36", "NUTS2016_2": "ITH3", "NUTS2016_1": "ITH", "NUTS2016_0": "IT", "LAND_PC": 100.0, "X_LLC": 4466000, "NUTS2021_3": "ITH36", "NUTS2021_2": "ITH3", "DIST_COAST": 25963.83, "NUTS2021_1": "ITH", "NUTS2021_0": "IT", "NUTS2024_3": "ITH36", "NUTS2024_2": "ITH3", "NUTS2024_1": "ITH", "NUTS2024_0": "IT" }, "geometry": { "type": "Point", "coordinates": [ 11.859425376698558, 45.510573470030714 ] } },
{ "type": "Feature", "properties": { "DIST_BORD": 136601.03, "TOT_P_2018": 144.0, "TOT_P_2006": 57.0, "GRD_ID": "CRS3035RES1000mN2490000E4467000", "TOT_P_2011": 133.0, "TOT_P_2021": 179.0, "Y_LLC": 2490000, "CNTR_ID": "IT", "NUTS2016_3": "ITH36", "NUTS2016_2": "ITH3", "NUTS2016_1": "ITH", "NUTS2016_0": "IT", "LAND_PC": 100.0, "X_LLC": 4467000, "NUTS2021_3": "ITH36", "NUTS2021_2": "ITH3", "DIST_COAST": 25097.09, "NUTS2021_1": "ITH", "NUTS2021_0": "IT", "NUTS2024_3": "ITH36", "NUTS2024_2": "ITH3", "NUTS2024_1": "ITH", "NUTS2024_0": "IT" }, "geometry": { "type": "Point", "coordinates": [ 11.872200308604757, 45.510347977864512 ] } },
{ "type": "Feature", "properties": { "DIST_BORD": 135701.51, "TOT_P_2018": 321.0, "TOT_P_2006": 136.0, "GRD_ID": "CRS3035RES1000mN2490000E4468000", "TOT_P_2011": 317.0, "TOT_P_2021": 305.0, "Y_LLC": 2490000, "CNTR_ID": "IT", "NUTS2016_3": "ITH36", "NUTS2016_2": "ITH3", "NUTS2016_1": "ITH", "NUTS2016_0": "IT", "LAND_PC": 100.0, "X_LLC": 4468000, "NUTS2021_3": "ITH36", "NUTS2021_2": "ITH3", "DIST_COAST": 24240.61, "NUTS2021_1": "ITH", "NUTS2021_0": "IT", "NUTS2024_3": "ITH36", "NUTS2024_2": "ITH3", "NUTS2024_1": "ITH", "NUTS2024_0": "IT" }, "geometry": { "type": "Point", "coordinates": [ 11.884975145707433, 45.510120942053746 ] } },
{ "type": "Feature", "properties": { "DIST_BORD": 134803.39, "TOT_P_2018": 699.0, "TOT_P_2006": 524.0, "GRD_ID": "CRS3035RES1000mN2490000E4469000", "TOT_P_2011": 684.0, "TOT_P_2021": 651.0, "Y_LLC": 2490000, "CNTR_ID": "IT", "NUTS2016_3": "ITH36", "NUTS2016_2": "ITH3", "NUTS2016_1": "ITH", "NUTS2016_0": "IT", "LAND_PC": 100.0, "X_LLC": 4469000, "NUTS2021_3": "ITH36", "NUTS2021_2": "ITH3", "DIST_COAST": 23395.52, "NUTS2021_1": "ITH", "NUTS2021_0": "IT", "NUTS2024_3": "ITH36", "NUTS2024_2": "ITH3", "NUTS2024_1": "ITH", "NUTS2024_0": "IT" }, "geometry": { "type": "Point", "coordinates": [ 11.897749886998584, 45.50989236279942 ] } },
{ "type": "Feature", "properties": { "DIST_BORD": 133906.73, "TOT_P_2018": 689.0, "TOT_P_2006": 718.0, "GRD_ID": "CRS3035RES1000mN2490000E4470000", "TOT_P_2011": 641.0, "TOT_P_2021": 682.0, "Y_LLC": 2490000, "CNTR_ID": "IT", "NUTS2016_3": "ITH36", "NUTS2016_2": "ITH3", "NUTS2016_1": "ITH", "NUTS2016_0": "IT", "LAND_PC": 100.0, "X_LLC": 4470000, "NUTS2021_3": "ITH36", "NUTS2021_2": "ITH3", "DIST_COAST": 22563.1, "NUTS2021_1": "ITH", "NUTS2021_0": "IT", "NUTS2024_3": "ITH36", "NUTS2024_2": "ITH3", "NUTS2024_1": "ITH", "NUTS2024_0": "IT" }, "geometry": { "type": "Point", "coordinates": [ 11.910524532168631, 45.509662239963177 ] } },
{ "type": "Feature", "properties": { "DIST_BORD": 133011.53, "TOT_P_2018": 560.0, "TOT_P_2006": 740.0, "GRD_ID": "CRS3035RES1000mN2490000E4471000", "TOT_P_2011": 499.0, "TOT_P_2021": 531.0, "Y_LLC": 2490000, "CNTR_ID": "IT", "NUTS2016_3": "ITH36", "NUTS2016_2": "ITH3", "NUTS2016_1": "ITH", "NUTS2016_0": "IT", "LAND_PC": 100.0, "X_LLC": 4471000, "NUTS2021_3": "ITH36", "NUTS2021_2": "ITH3", "DIST_COAST": 21744.81, "NUTS2021_1": "ITH", "NUTS2021_0": "IT", "NUTS2024_3": "ITH36", "NUTS2024_2": "ITH3", "NUTS2024_1": "ITH", "NUTS2024_0": "IT" }, "geometry": { "type": "Point", "coordinates": [ 11.923299080391393, 45.509430573563826 ] } },
{ "type": "Feature", "properties": { "DIST_BORD": 132117.84, "TOT_P_2018": 278.0, "TOT_P_2006": 204.0, "GRD_ID": "CRS3035RES1000mN2490000E4472000", "TOT_P_2011": 268.0, "TOT_P_2021": 212.0, "Y_LLC": 2490000, "CNTR_ID": "IT", "NUTS2016_3": "ITH36", "NUTS2016_2": "ITH3", "NUTS2016_1": "ITH", "NUTS2016_0": "IT", "LAND_PC": 100.0, "X_LLC": 4472000, "NUTS2021_3": "ITH36", "NUTS2021_2": "ITH3", "DIST_COAST": 20942.31, "NUTS2021_1": "ITH", "NUTS2021_0": "IT", "NUTS2024_3": "ITH36", "NUTS2024_2": "ITH3", "NUTS2024_1": "ITH", "NUTS2024_0": "IT" }, "geometry": { "type": "Point", "coordinates": [ 11.936073531026123, 45.509197363716247 ] } },
{ "type": "Feature", "properties": { "DIST_BORD": 131225.69, "TOT_P_2018": 417.0, "TOT_P_2006": 209.0, "GRD_ID": "CRS3035RES1000mN2490000E4473000", "TOT_P_2011": 408.0, "TOT_P_2021": 523.0, "Y_LLC": 2490000, "CNTR_ID": "IT", "NUTS2016_3": "ITH36", "NUTS2016_2": "ITH3", "NUTS2016_1": "ITH", "NUTS2016_0": "IT", "LAND_PC": 100.0, "X_LLC": 4473000, "NUTS2021_3": "ITH36", "NUTS2021_2": "ITH3", "DIST_COAST": 20157.47, "NUTS2021_1": "ITH", "NUTS2021_0": "IT", "NUTS2024_3": "ITH36", "NUTS2024_2": "ITH3", "NUTS2024_1": "ITH", "NUTS2024_0": "IT" }, "geometry": { "type": "Point", "coordinates": [ 11.94884788363489, 45.508962610394576 ] } },
{ "type": "Feature", "properties": { "DIST_BORD": 130335.1, "TOT_P_2018": 963.0, "TOT_P_2006": 1016.0, "GRD_ID": "CRS3035RES1000mN2490000E4474000", "TOT_P_2011": 936.0, "TOT_P_2021": 799.0, "Y_LLC": 2490000, "CNTR_ID": "IT", "NUTS2016_3": "ITH36", "NUTS2016_2": "ITH3", "NUTS2016_1": "ITH", "NUTS2016_0": "IT", "LAND_PC": 100.0, "X_LLC": 4474000, "NUTS2021_3": "ITH36", "NUTS2021_2": "ITH3", "DIST_COAST": 19392.44, "NUTS2021_1": "ITH", "NUTS2021_0": "IT", "NUTS2024_3": "ITH36", "NUTS2024_2": "ITH3", "NUTS2024_1": "ITH", "NUTS2024_0": "IT" }, "geometry": { "type": "Point", "coordinates": [ 11.961622137312652, 45.508726313687667 ] } },
{ "type": "Feature", "properties": { "DIST_BORD": 129446.1, "TOT_P_2018": 567.0, "TOT_P_2006": 593.0, "GRD_ID": "CRS3035RES1000mN2490000E4475000", "TOT_P_2011": 566.0, "TOT_P_2021": 602.0, "Y_LLC": 2490000, "CNTR_ID": "IT", "NUTS2016_3": "ITH35-ITH36", "NUTS2016_2": "ITH3", "NUTS2016_1": "ITH", "NUTS2016_0": "IT", "LAND_PC": 100.0, "X_LLC": 4475000, "NUTS2021_3": "ITH35-ITH36", "NUTS2021_2": "ITH3", "DIST_COAST": 18649.66, "NUTS2021_1": "ITH", "NUTS2021_0": "IT", "NUTS2024_3": "ITH35-ITH36", "NUTS2024_2": "ITH3", "NUTS2024_1": "ITH", "NUTS2024_0": "IT" }, "geometry": { "type": "Point", "coordinates": [ 11.97439629152576, 45.508488473447251 ] } },
{ "type": "Feature", "properties": { "DIST_BORD": 128558.74, "TOT_P_2018": 221.0, "TOT_P_2006": 78.0, "GRD_ID": "CRS3035RES1000mN2490000E4476000", "TOT_P_2011": 223.0, "TOT_P_2021": 318.0, "Y_LLC": 2490000, "CNTR_ID": "IT", "NUTS2016_3": "ITH35-ITH36", "NUTS2016_2": "ITH3", "NUTS2016_1": "ITH", "NUTS2016_0": "IT", "LAND_PC": 100.0, "X_LLC": 4476000, "NUTS2021_3": "ITH35-ITH36", "NUTS2021_2": "ITH3", "DIST_COAST": 17931.9, "NUTS2021_1": "ITH", "NUTS2021_0": "IT", "NUTS2024_3": "ITH35-ITH36", "NUTS2024_2": "ITH3", "NUTS2024_1": "ITH", "NUTS2024_0": "IT" }, "geometry": { "type": "Point", "coordinates": [ 11.987170345570942, 45.508249089885283 ] } },
{ "type": "Feature", "properties": { "DIST_BORD": 127673.05, "TOT_P_2018": 63.0, "TOT_P_2006": 100.0, "GRD_ID": "CRS3035RES1000mN2490000E4477000", "TOT_P_2011": 92.0, "TOT_P_2021": 167.0, "Y_LLC": 2490000, "CNTR_ID": "IT", "NUTS2016_3": "ITH35-ITH36", "NUTS2016_2": "ITH3", "NUTS2016_1": "ITH", "NUTS2016_0": "IT", "LAND_PC": 100.0, "X_LLC": 4477000, "NUTS2021_3": "ITH35-ITH36", "NUTS2021_2": "ITH3", "DIST_COAST": 17242.29, "NUTS2021_1": "ITH", "NUTS2021_0": "IT", "NUTS2024_3": "ITH35-ITH36", "NUTS2024_2": "ITH3", "NUTS2024_1": "ITH", "NUTS2024_0": "IT" }, "geometry": { "type": "Point", "coordinates": [ 11.999944298935608, 45.508008162896225 ] } },
{ "type": "Feature", "properties": { "DIST_BORD": 139675.71, "TOT_P_2018": 4.0, "TOT_P_2006": 3.0, "GRD_ID": "CRS3035RES1000mN2491000E4459000", "TOT_P_2011": 38.0, "TOT_P_2021": 69.0, "Y_LLC": 2491000, "CNTR_ID": "IT", "NUTS2016_3": "ITH32-ITH36", "NUTS2016_2": "ITH3", "NUTS2016_1": "ITH", "NUTS2016_0": "IT", "LAND_PC": 100.0, "X_LLC": 4459000, "NUTS2021_3": "ITH32-ITH36", "NUTS2021_2": "ITH3", "DIST_COAST": 32655.47, "NUTS2021_1": "ITH", "NUTS2021_0": "IT", "NUTS2024_3": "ITH32-ITH36", "NUTS2024_2": "ITH3", "NUTS2024_1": "ITH", "NUTS2024_0": "IT" }, "geometry": { "type": "Point", "coordinates": [ 11.770288329459405, 45.52111661359028 ] } },
{ "type": "Feature", "properties": { "DIST_BORD": 139310.9, "TOT_P_2018": 43.0, "TOT_P_2006": 347.0, "GRD_ID": "CRS3035RES1000mN2491000E4460000", "TOT_P_2011": 42.0, "TOT_P_2021": 149.0, "Y_LLC": 2491000, "CNTR_ID": "IT", "NUTS2016_3": "ITH32-ITH36", "NUTS2016_2": "ITH3", "NUTS2016_1": "ITH", "NUTS2016_0": "IT", "LAND_PC": 100.0, "X_LLC": 4460000, "NUTS2021_3": "ITH32-ITH36", "NUTS2021_2": "ITH3", "DIST_COAST": 31750.96, "NUTS2021_1": "ITH", "NUTS2021_0": "IT", "NUTS2024_3": "ITH32-ITH36", "NUTS2024_2": "ITH3", "NUTS2024_1": "ITH", "NUTS2024_0": "IT" }, "geometry": { "type": "Point", "coordinates": [ 11.783065999656182, 45.520901886108149 ] } },
{ "type": "Feature", "properties": { "DIST_BORD": 138952.32, "TOT_P_2018": 184.0, "TOT_P_2006": 679.0, "GRD_ID": "CRS3035RES1000mN2491000E4461000", "TOT_P_2011": 175.0, "TOT_P_2021": 211.0, "Y_LLC": 2491000, "CNTR_ID": "IT", "NUTS2016_3": "ITH36", "NUTS2016_2": "ITH3", "NUTS2016_1": "ITH", "NUTS2016_0": "IT", "LAND_PC": 100.0, "X_LLC": 4461000, "NUTS2021_3": "ITH36", "NUTS2021_2": "ITH3", "DIST_COAST": 30852.33, "NUTS2021_1": "ITH", "NUTS2021_0": "IT", "NUTS2024_3": "ITH36", "NUTS2024_2": "ITH3", "NUTS2024_1": "ITH", "NUTS2024_0": "IT" }, "geometry": { "type": "Point", "coordinates": [ 11.79584357936788, 45.520685614655989 ] } },
{ "type": "Feature", "properties": { "DIST_BORD": 138597.81, "TOT_P_2018": 1117.0, "TOT_P_2006": 1253.0, "GRD_ID": "CRS3035RES1000mN2491000E4462000", "TOT_P_2011": 1082.0, "TOT_P_2021": 994.0, "Y_LLC": 2491000, "CNTR_ID": "IT", "NUTS2016_3": "ITH36", "NUTS2016_2": "ITH3", "NUTS2016_1": "ITH", "NUTS2016_0": "IT", "LAND_PC": 100.0, "X_LLC": 4462000, "NUTS2021_3": "ITH36", "NUTS2021_2": "ITH3", "DIST_COAST": 29960.13, "NUTS2021_1": "ITH", "NUTS2021_0": "IT", "NUTS2024_3": "ITH36", "NUTS2024_2": "ITH3", "NUTS2024_1": "ITH", "NUTS2024_0": "IT" }, "geometry": { "type": "Point", "coordinates": [ 11.808621067920638, 45.52046779920525 ] } },
{ "type": "Feature", "properties": { "DIST_BORD": 138206.14, "TOT_P_2018": 39.0, "TOT_P_2006": 105.0, "GRD_ID": "CRS3035RES1000mN2491000E4463000", "TOT_P_2011": 40.0, "TOT_P_2021": 130.0, "Y_LLC": 2491000, "CNTR_ID": "IT", "NUTS2016_3": "ITH36", "NUTS2016_2": "ITH3", "NUTS2016_1": "ITH", "NUTS2016_0": "IT", "LAND_PC": 100.0, "X_LLC": 4463000, "NUTS2021_3": "ITH36", "NUTS2021_2": "ITH3", "DIST_COAST": 29074.95, "NUTS2021_1": "ITH", "NUTS2021_0": "IT", "NUTS2024_3": "ITH36", "NUTS2024_2": "ITH3", "NUTS2024_1": "ITH", "NUTS2024_0": "IT" }, "geometry": { "type": "Point", "coordinates": [ 11.821398464830235, 45.520248439864247 ] } },
{ "type": "Feature", "properties": { "DIST_BORD": 137820.62, "TOT_P_2018": 426.0, "TOT_P_2006": 817.0, "GRD_ID": "CRS3035RES1000mN2491000E4464000", "TOT_P_2011": 429.0, "TOT_P_2021": 578.0, "Y_LLC": 2491000, "CNTR_ID": "IT", "NUTS2016_3": "ITH36", "NUTS2016_2": "ITH3", "NUTS2016_1": "ITH", "NUTS2016_0": "IT", "LAND_PC": 100.0, "X_LLC": 4464000, "NUTS2021_3": "ITH36", "NUTS2021_2": "ITH3", "DIST_COAST": 28197.45, "NUTS2021_1": "ITH", "NUTS2021_0": "IT", "NUTS2024_3": "ITH36", "NUTS2024_2": "ITH3", "NUTS2024_1": "ITH", "NUTS2024_0": "IT" }, "geometry": { "type": "Point", "coordinates": [ 11.834175769178595, 45.520027536522797 ] } },
{ "type": "Feature", "properties": { "DIST_BORD": 137441.29, "TOT_P_2018": 558.0, "TOT_P_2006": 101.0, "GRD_ID": "CRS3035RES1000mN2491000E4465000", "TOT_P_2011": 547.0, "TOT_P_2021": 468.0, "Y_LLC": 2491000, "CNTR_ID": "IT", "NUTS2016_3": "ITH36", "NUTS2016_2": "ITH3", "NUTS2016_1": "ITH", "NUTS2016_0": "IT", "LAND_PC": 100.0, "X_LLC": 4465000, "NUTS2021_3": "ITH36", "NUTS2021_2": "ITH3", "DIST_COAST": 27328.36, "NUTS2021_1": "ITH", "NUTS2021_0": "IT", "NUTS2024_3": "ITH36", "NUTS2024_2": "ITH3", "NUTS2024_1": "ITH", "NUTS2024_0": "IT" }, "geometry": { "type": "Point", "coordinates": [ 11.846952980460477, 45.519805089290244 ] } },
{ "type": "Feature", "properties": { "DIST_BORD": 137068.2, "TOT_P_2018": 429.0, "TOT_P_2006": 224.0, "GRD_ID": "CRS3035RES1000mN2491000E4466000", "TOT_P_2011": 425.0, "TOT_P_2021": 404.0, "Y_LLC": 2491000, "CNTR_ID": "IT", "NUTS2016_3": "ITH36", "NUTS2016_2": "ITH3", "NUTS2016_1": "ITH", "NUTS2016_0": "IT", "LAND_PC": 100.0, "X_LLC": 4466000, "NUTS2021_3": "ITH36", "NUTS2021_2": "ITH3", "DIST_COAST": 26468.52, "NUTS2021_1": "ITH", "NUTS2021_0": "IT", "NUTS2024_3": "ITH36", "NUTS2024_2": "ITH3", "NUTS2024_1": "ITH", "NUTS2024_0": "IT" }, "geometry": { "type": "Point", "coordinates": [ 11.859730097982801, 45.519581098234895 ] } },
{ "type": "Feature", "properties": { "DIST_BORD": 136168.59, "TOT_P_2018": 469.0, "TOT_P_2006": 336.0, "GRD_ID": "CRS3035RES1000mN2491000E4467000", "TOT_P_2011": 477.0, "TOT_P_2021": 301.0, "Y_LLC": 2491000, "CNTR_ID": "IT", "NUTS2016_3": "ITH36", "NUTS2016_2": "ITH3", "NUTS2016_1": "ITH", "NUTS2016_0": "IT", "LAND_PC": 100.0, "X_LLC": 4467000, "NUTS2021_3": "ITH36", "NUTS2021_2": "ITH3", "DIST_COAST": 25618.86, "NUTS2021_1": "ITH", "NUTS2021_0": "IT", "NUTS2024_3": "ITH36", "NUTS2024_2": "ITH3", "NUTS2024_1": "ITH", "NUTS2024_0": "IT" }, "geometry": { "type": "Point", "coordinates": [ 11.872507121298211, 45.519355563210233 ] } },
{ "type": "Feature", "properties": { "DIST_BORD": 135266.18, "TOT_P_2018": 1276.0, "TOT_P_2006": 845.0, "GRD_ID": "CRS3035RES1000mN2491000E4468000", "TOT_P_2011": 1316.0, "TOT_P_2021": 1375.0, "Y_LLC": 2491000, "CNTR_ID": "IT", "NUTS2016_3": "ITH36", "NUTS2016_2": "ITH3", "NUTS2016_1": "ITH", "NUTS2016_0": "IT", "LAND_PC": 100.0, "X_LLC": 4468000, "NUTS2021_3": "ITH36", "NUTS2021_2": "ITH3", "DIST_COAST": 24780.42, "NUTS2021_1": "ITH", "NUTS2021_0": "IT", "NUTS2024_3": "ITH36", "NUTS2024_2": "ITH3", "NUTS2024_1": "ITH", "NUTS2024_0": "IT" }, "geometry": { "type": "Point", "coordinates": [ 11.885284049430419, 45.519128484388176 ] } },
{ "type": "Feature", "properties": { "DIST_BORD": 134365.16, "TOT_P_2018": 480.0, "TOT_P_2006": 94.0, "GRD_ID": "CRS3035RES1000mN2491000E4469000", "TOT_P_2011": 456.0, "TOT_P_2021": 384.0, "Y_LLC": 2491000, "CNTR_ID": "IT", "NUTS2016_3": "ITH36", "NUTS2016_2": "ITH3", "NUTS2016_1": "ITH", "NUTS2016_0": "IT", "LAND_PC": 100.0, "X_LLC": 4469000, "NUTS2021_3": "ITH36", "NUTS2021_2": "ITH3", "DIST_COAST": 23954.38, "NUTS2021_1": "ITH", "NUTS2021_0": "IT", "NUTS2024_3": "ITH36", "NUTS2024_2": "ITH3", "NUTS2024_1": "ITH", "NUTS2024_0": "IT" }, "geometry": { "type": "Point", "coordinates": [ 11.898060881964872, 45.518899861739115 ] } },
{ "type": "Feature", "properties": { "DIST_BORD": 133465.55, "TOT_P_2018": 417.0, "TOT_P_2006": 261.0, "GRD_ID": "CRS3035RES1000mN2491000E4470000", "TOT_P_2011": 407.0, "TOT_P_2021": 318.0, "Y_LLC": 2491000, "CNTR_ID": "IT", "NUTS2016_3": "ITH36", "NUTS2016_2": "ITH3", "NUTS2016_1": "ITH", "NUTS2016_0": "IT", "LAND_PC": 100.0, "X_LLC": 4470000, "NUTS2021_3": "ITH36", "NUTS2021_2": "ITH3", "DIST_COAST": 23142.07, "NUTS2021_1": "ITH", "NUTS2021_0": "IT", "NUTS2024_3": "ITH36", "NUTS2024_2": "ITH3", "NUTS2024_1": "ITH", "NUTS2024_0": "IT" }, "geometry": { "type": "Point", "coordinates": [ 11.91083761814879, 45.518669695230344 ] } },
{ "type": "Feature", "properties": { "DIST_BORD": 132567.38, "TOT_P_2018": 241.0, "TOT_P_2006": 357.0, "GRD_ID": "CRS3035RES1000mN2491000E4471000", "TOT_P_2011": 228.0, "TOT_P_2021": 258.0, "Y_LLC": 2491000, "CNTR_ID": "IT", "NUTS2016_3": "ITH36", "NUTS2016_2": "ITH3", "NUTS2016_1": "ITH", "NUTS2016_0": "IT", "LAND_PC": 100.0, "X_LLC": 4471000, "NUTS2021_3": "ITH36", "NUTS2021_2": "ITH3", "DIST_COAST": 22345.0, "NUTS2021_1": "ITH", "NUTS2021_0": "IT", "NUTS2024_3": "ITH36", "NUTS2024_2": "ITH3", "NUTS2024_1": "ITH", "NUTS2024_0": "IT" }, "geometry": { "type": "Point", "coordinates": [ 11.923614257449126, 45.51843798497277 ] } },
{ "type": "Feature", "properties": { "DIST_BORD": 131670.67, "TOT_P_2018": 574.0, "TOT_P_2006": 417.0, "GRD_ID": "CRS3035RES1000mN2491000E4472000", "TOT_P_2011": 561.0, "TOT_P_2021": 722.0, "Y_LLC": 2491000, "CNTR_ID": "IT", "NUTS2016_3": "ITH36", "NUTS2016_2": "ITH3", "NUTS2016_1": "ITH", "NUTS2016_0": "IT", "LAND_PC": 100.0, "X_LLC": 4472000, "NUTS2021_3": "ITH36", "NUTS2021_2": "ITH3", "DIST_COAST": 21564.83, "NUTS2021_1": "ITH", "NUTS2021_0": "IT", "NUTS2024_3": "ITH36", "NUTS2024_2": "ITH3", "NUTS2024_1": "ITH", "NUTS2024_0": "IT" }, "geometry": { "type": "Point", "coordinates": [ 11.936390799032553, 45.518204730934251 ] } },
{ "type": "Feature", "properties": { "DIST_BORD": 130775.47, "TOT_P_2018": 340.0, "TOT_P_2006": 53.0, "GRD_ID": "CRS3035RES1000mN2491000E4473000", "TOT_P_2011": 320.0, "TOT_P_2021": 351.0, "Y_LLC": 2491000, "CNTR_ID": "IT", "NUTS2016_3": "ITH36", "NUTS2016_2": "ITH3", "NUTS2016_1": "ITH", "NUTS2016_0": "IT", "LAND_PC": 100.0, "X_LLC": 4473000, "NUTS2021_3": "ITH36", "NUTS2021_2": "ITH3", "DIST_COAST": 20803.49, "NUTS2021_1": "ITH", "NUTS2021_0": "IT", "NUTS2024_3": "ITH36", "NUTS2024_2": "ITH3", "NUTS2024_1": "ITH", "NUTS2024_0": "IT" }, "geometry": { "type": "Point", "coordinates": [ 11.949167242543863, 45.517969933138396 ] } },
{ "type": "Feature", "properties": { "DIST_BORD": 129881.79, "TOT_P_2018": 492.0, "TOT_P_2006": 133.0, "GRD_ID": "CRS3035RES1000mN2491000E4474000", "TOT_P_2011": 443.0, "TOT_P_2021": 333.0, "Y_LLC": 2491000, "CNTR_ID": "IT", "NUTS2016_3": "ITH36", "NUTS2016_2": "ITH3", "NUTS2016_1": "ITH", "NUTS2016_0": "IT", "LAND_PC": 100.0, "X_LLC": 4474000, "NUTS2021_3": "ITH36", "NUTS2021_2": "ITH3", "DIST_COAST": 20063.11, "NUTS2021_1": "ITH", "NUTS2021_0": "IT", "NUTS2024_3": "ITH36", "NUTS2024_2": "ITH3", "NUTS2024_1": "ITH", "NUTS2024_0": "IT" }, "geometry": { "type": "Point", "coordinates": [ 11.961943587010678, 45.517733591487499 ] } },
{ "type": "Feature", "properties": { "DIST_BORD": 128989.67, "TOT_P_2018": 171.0, "TOT_P_2006": 23.0, "GRD_ID": "CRS3035RES1000mN2491000E4475000", "TOT_P_2011": 147.0, "TOT_P_2021": 202.0, "Y_LLC": 2491000, "CNTR_ID": "IT", "NUTS2016_3": "ITH35-ITH36", "NUTS2016_2": "ITH3", "NUTS2016_1": "ITH", "NUTS2016_0": "IT", "LAND_PC": 100.0, "X_LLC": 4475000, "NUTS2021_3": "ITH35-ITH36", "NUTS2021_2": "ITH3", "DIST_COAST": 19346.11, "NUTS2021_1": "ITH", "NUTS2021_0": "IT", "NUTS2024_3": "ITH35-ITH36", "NUTS2024_2": "ITH3", "NUTS2024_1": "ITH", "NUTS2024_0": "IT" }, "geometry": { "type": "Point", "coordinates": [ 11.974719831993928, 45.517495706240844 ] } },
{ "type": "Feature", "properties": { "DIST_BORD": 128099.15, "TOT_P_2018": 228.0, "TOT_P_2006": 87.0, "GRD_ID": "CRS3035RES1000mN2491000E4476000", "TOT_P_2011": 204.0, "TOT_P_2021": 323.0, "Y_LLC": 2491000, "CNTR_ID": "IT", "NUTS2016_3": "ITH35-ITH36", "NUTS2016_2": "ITH3", "NUTS2016_1": "ITH", "NUTS2016_0": "IT", "LAND_PC": 100.0, "X_LLC": 4476000, "NUTS2021_3": "ITH35-ITH36", "NUTS2021_2": "ITH3", "DIST_COAST": 18655.16, "NUTS2021_1": "ITH", "NUTS2021_0": "IT", "NUTS2024_3": "ITH35-ITH36", "NUTS2024_2": "ITH3", "NUTS2024_1": "ITH", "NUTS2024_0": "IT" }, "geometry": { "type": "Point", "coordinates": [ 11.987495976737936, 45.51725627721445 ] } },
{ "type": "Feature", "properties": { "DIST_BORD": 139119.83, "TOT_P_2018": 0.0, "TOT_P_2006": 0.0, "GRD_ID": "CRS3035RES1000mN2492000E4458000", "TOT_P_2011": 0.0, "TOT_P_2021": 50.0, "Y_LLC": 2492000, "CNTR_ID": "IT", "NUTS2016_3": "ITH32-ITH36", "NUTS2016_2": "ITH3", "NUTS2016_1": "ITH", "NUTS2016_0": "IT", "LAND_PC": 100.0, "X_LLC": 4458000, "NUTS2021_3": "ITH32-ITH36", "NUTS2021_2": "ITH3", "DIST_COAST": 33986.74, "NUTS2021_1": "ITH", "NUTS2021_0": "IT", "NUTS2024_3": "ITH32-ITH36", "NUTS2024_2": "ITH3", "NUTS2024_1": "ITH", "NUTS2024_0": "IT" }, "geometry": { "type": "Point", "coordinates": [ 11.757798681530241, 45.530337702780677 ] } },
{ "type": "Feature", "properties": { "DIST_BORD": 138746.34, "TOT_P_2018": 13.0, "TOT_P_2006": 0.0, "GRD_ID": "CRS3035RES1000mN2492000E4459000", "TOT_P_2011": 132.0, "TOT_P_2021": 223.0, "Y_LLC": 2492000, "CNTR_ID": "IT", "NUTS2016_3": "ITH32-ITH36", "NUTS2016_2": "ITH3", "NUTS2016_1": "ITH", "NUTS2016_0": "IT", "LAND_PC": 100.0, "X_LLC": 4459000, "NUTS2021_3": "ITH32-ITH36", "NUTS2021_2": "ITH3", "DIST_COAST": 33088.39, "NUTS2021_1": "ITH", "NUTS2021_0": "IT", "NUTS2024_3": "ITH32-ITH36", "NUTS2024_2": "ITH3", "NUTS2024_1": "ITH", "NUTS2024_0": "IT" }, "geometry": { "type": "Point", "coordinates": [ 11.770578534123612, 45.530124478866711 ] } },
{ "type": "Feature", "properties": { "DIST_BORD": 138379.08, "TOT_P_2018": 408.0, "TOT_P_2006": 451.0, "GRD_ID": "CRS3035RES1000mN2492000E4460000", "TOT_P_2011": 397.0, "TOT_P_2021": 259.0, "Y_LLC": 2492000, "CNTR_ID": "IT", "NUTS2016_3": "ITH32-ITH36", "NUTS2016_2": "ITH3", "NUTS2016_1": "ITH", "NUTS2016_0": "IT", "LAND_PC": 100.0, "X_LLC": 4460000, "NUTS2021_3": "ITH32-ITH36", "NUTS2021_2": "ITH3", "DIST_COAST": 32196.04, "NUTS2021_1": "ITH", "NUTS2021_0": "IT", "NUTS2024_3": "ITH32-ITH36", "NUTS2024_2": "ITH3", "NUTS2024_1": "ITH", "NUTS2024_0": "IT" }, "geometry": { "type": "Point", "coordinates": [ 11.783358297039044, 45.529909710677167 ] } },
{ "type": "Feature", "properties": { "DIST_BORD": 138018.08, "TOT_P_2018": 424.0, "TOT_P_2006": 600.0, "GRD_ID": "CRS3035RES1000mN2492000E4461000", "TOT_P_2011": 391.0, "TOT_P_2021": 293.0, "Y_LLC": 2492000, "CNTR_ID": "IT", "NUTS2016_3": "ITH36", "NUTS2016_2": "ITH3", "NUTS2016_1": "ITH", "NUTS2016_0": "IT", "LAND_PC": 100.0, "X_LLC": 4461000, "NUTS2021_3": "ITH36", "NUTS2021_2": "ITH3", "DIST_COAST": 31310.19, "NUTS2021_1": "ITH", "NUTS2021_0": "IT", "NUTS2024_3": "ITH36", "NUTS2024_2": "ITH3", "NUTS2024_1": "ITH", "NUTS2024_0": "IT" }, "geometry": { "type": "Point", "coordinates": [ 11.796137969306779, 45.529693398154834 ] } },
{ "type": "Feature", "properties": { "DIST_BORD": 137663.4, "TOT_P_2018": 231.0, "TOT_P_2006": 229.0, "GRD_ID": "CRS3035RES1000mN2492000E4462000", "TOT_P_2011": 225.0, "TOT_P_2021": 92.0, "Y_LLC": 2492000, "CNTR_ID": "IT", "NUTS2016_3": "ITH36", "NUTS2016_2": "ITH3", "NUTS2016_1": "ITH", "NUTS2016_0": "IT", "LAND_PC": 100.0, "X_LLC": 4462000, "NUTS2021_3": "ITH36", "NUTS2021_2": "ITH3", "DIST_COAST": 30431.42, "NUTS2021_1": "ITH", "NUTS2021_0": "IT", "NUTS2024_3": "ITH36", "NUTS2024_2": "ITH3", "NUTS2024_1": "ITH", "NUTS2024_0": "IT" }, "geometry": { "type": "Point", "coordinates": [ 11.808917550312222, 45.529475541422855 ] } },
{ "type": "Feature", "properties": { "DIST_BORD": 137285.29, "TOT_P_2018": 108.0, "TOT_P_2006": 38.0, "GRD_ID": "CRS3035RES1000mN2492000E4463000", "TOT_P_2011": 107.0, "TOT_P_2021": 95.0, "Y_LLC": 2492000, "CNTR_ID": "IT", "NUTS2016_3": "ITH36", "NUTS2016_2": "ITH3", "NUTS2016_1": "ITH", "NUTS2016_0": "IT", "LAND_PC": 100.0, "X_LLC": 4463000, "NUTS2021_3": "ITH36", "NUTS2021_2": "ITH3", "DIST_COAST": 29560.36, "NUTS2021_1": "ITH", "NUTS2021_0": "IT", "NUTS2024_3": "ITH36", "NUTS2024_2": "ITH3", "NUTS2024_1": "ITH", "NUTS2024_0": "IT" }, "geometry": { "type": "Point", "coordinates": [ 11.821697039540572, 45.529256140443131 ] } },
{ "type": "Feature", "properties": { "DIST_BORD": 136897.17, "TOT_P_2018": 810.0, "TOT_P_2006": 917.0, "GRD_ID": "CRS3035RES1000mN2492000E4464000", "TOT_P_2011": 817.0, "TOT_P_2021": 657.0, "Y_LLC": 2492000, "CNTR_ID": "IT", "NUTS2016_3": "ITH36", "NUTS2016_2": "ITH3", "NUTS2016_1": "ITH", "NUTS2016_0": "IT", "LAND_PC": 100.0, "X_LLC": 4464000, "NUTS2021_3": "ITH36", "NUTS2021_2": "ITH3", "DIST_COAST": 28697.7, "NUTS2021_1": "ITH", "NUTS2021_0": "IT", "NUTS2024_3": "ITH36", "NUTS2024_2": "ITH3", "NUTS2024_1": "ITH", "NUTS2024_0": "IT" }, "geometry": { "type": "Point", "coordinates": [ 11.834476436235917, 45.529035195216977 ] } },
{ "type": "Feature", "properties": { "DIST_BORD": 136515.27, "TOT_P_2018": 59.0, "TOT_P_2006": 60.0, "GRD_ID": "CRS3035RES1000mN2492000E4465000", "TOT_P_2011": 47.0, "TOT_P_2021": 188.0, "Y_LLC": 2492000, "CNTR_ID": "IT", "NUTS2016_3": "ITH36", "NUTS2016_2": "ITH3", "NUTS2016_1": "ITH", "NUTS2016_0": "IT", "LAND_PC": 100.0, "X_LLC": 4465000, "NUTS2021_3": "ITH36", "NUTS2021_2": "ITH3", "DIST_COAST": 27844.23, "NUTS2021_1": "ITH", "NUTS2021_0": "IT", "NUTS2024_3": "ITH36", "NUTS2024_2": "ITH3", "NUTS2024_1": "ITH", "NUTS2024_0": "IT" }, "geometry": { "type": "Point", "coordinates": [ 11.847255739945975, 45.528812705785477 ] } },
{ "type": "Feature", "properties": { "DIST_BORD": 136139.65, "TOT_P_2018": 211.0, "TOT_P_2006": 0.0, "GRD_ID": "CRS3035RES1000mN2492000E4466000", "TOT_P_2011": 169.0, "TOT_P_2021": 207.0, "Y_LLC": 2492000, "CNTR_ID": "IT", "NUTS2016_3": "ITH36", "NUTS2016_2": "ITH3", "NUTS2016_1": "ITH", "NUTS2016_0": "IT", "LAND_PC": 100.0, "X_LLC": 4466000, "NUTS2021_3": "ITH36", "NUTS2021_2": "ITH3", "DIST_COAST": 27000.82, "NUTS2021_1": "ITH", "NUTS2021_0": "IT", "NUTS2024_3": "ITH36", "NUTS2024_2": "ITH3", "NUTS2024_1": "ITH", "NUTS2024_0": "IT" }, "geometry": { "type": "Point", "coordinates": [ 11.860034949518059, 45.528588672247267 ] } },
{ "type": "Feature", "properties": { "DIST_BORD": 135742.13, "TOT_P_2018": 302.0, "TOT_P_2006": 232.0, "GRD_ID": "CRS3035RES1000mN2492000E4467000", "TOT_P_2011": 312.0, "TOT_P_2021": 106.0, "Y_LLC": 2492000, "CNTR_ID": "IT", "NUTS2016_3": "ITH36", "NUTS2016_2": "ITH3", "NUTS2016_1": "ITH", "NUTS2016_0": "IT", "LAND_PC": 100.0, "X_LLC": 4467000, "NUTS2021_3": "ITH36", "NUTS2021_2": "ITH3", "DIST_COAST": 26168.45, "NUTS2021_1": "ITH", "NUTS2021_0": "IT", "NUTS2024_3": "ITH36", "NUTS2024_2": "ITH3", "NUTS2024_1": "ITH", "NUTS2024_0": "IT" }, "geometry": { "type": "Point", "coordinates": [ 11.872814065072461, 45.528363094440387 ] } },
{ "type": "Feature", "properties": { "DIST_BORD": 134836.87, "TOT_P_2018": 152.0, "TOT_P_2006": 71.0, "GRD_ID": "CRS3035RES1000mN2492000E4468000", "TOT_P_2011": 152.0, "TOT_P_2021": 354.0, "Y_LLC": 2492000, "CNTR_ID": "IT", "NUTS2016_3": "ITH36", "NUTS2016_2": "ITH3", "NUTS2016_1": "ITH", "NUTS2016_0": "IT", "LAND_PC": 100.0, "X_LLC": 4468000, "NUTS2021_3": "ITH36", "NUTS2021_2": "ITH3", "DIST_COAST": 25348.2, "NUTS2021_1": "ITH", "NUTS2021_0": "IT", "NUTS2024_3": "ITH36", "NUTS2024_2": "ITH3", "NUTS2024_1": "ITH", "NUTS2024_0": "IT" }, "geometry": { "type": "Point", "coordinates": [ 11.885593085324064, 45.528135972582312 ] } },
{ "type": "Feature", "properties": { "DIST_BORD": 133932.96, "TOT_P_2018": 81.0, "TOT_P_2006": 15.0, "GRD_ID": "CRS3035RES1000mN2492000E4469000", "TOT_P_2011": 79.0, "TOT_P_2021": 224.0, "Y_LLC": 2492000, "CNTR_ID": "IT", "NUTS2016_3": "ITH36", "NUTS2016_2": "ITH3", "NUTS2016_1": "ITH", "NUTS2016_0": "IT", "LAND_PC": 100.0, "X_LLC": 4469000, "NUTS2021_3": "ITH36", "NUTS2021_2": "ITH3", "DIST_COAST": 24541.28, "NUTS2021_1": "ITH", "NUTS2021_0": "IT", "NUTS2024_3": "ITH36", "NUTS2024_2": "ITH3", "NUTS2024_1": "ITH", "NUTS2024_0": "IT" }, "geometry": { "type": "Point", "coordinates": [ 11.898372009868952, 45.527907306539106 ] } },
{ "type": "Feature", "properties": { "DIST_BORD": 133030.43, "TOT_P_2018": 108.0, "TOT_P_2006": 207.0, "GRD_ID": "CRS3035RES1000mN2492000E4470000", "TOT_P_2011": 112.0, "TOT_P_2021": 224.0, "Y_LLC": 2492000, "CNTR_ID": "IT", "NUTS2016_3": "ITH36", "NUTS2016_2": "ITH3", "NUTS2016_1": "ITH", "NUTS2016_0": "IT", "LAND_PC": 100.0, "X_LLC": 4470000, "NUTS2021_3": "ITH36", "NUTS2021_2": "ITH3", "DIST_COAST": 23749.05, "NUTS2021_1": "ITH", "NUTS2021_0": "IT", "NUTS2024_3": "ITH36", "NUTS2024_2": "ITH3", "NUTS2024_1": "ITH", "NUTS2024_0": "IT" }, "geometry": { "type": "Point", "coordinates": [ 11.911150838080573, 45.527677096406187 ] } },
{ "type": "Feature", "properties": { "DIST_BORD": 132129.3, "TOT_P_2018": 153.0, "TOT_P_2006": 200.0, "GRD_ID": "CRS3035RES1000mN2492000E4471000", "TOT_P_2011": 157.0, "TOT_P_2021": 122.0, "Y_LLC": 2492000, "CNTR_ID": "IT", "NUTS2016_3": "ITH36", "NUTS2016_2": "ITH3", "NUTS2016_1": "ITH", "NUTS2016_0": "IT", "LAND_PC": 100.0, "X_LLC": 4471000, "NUTS2021_3": "ITH36", "NUTS2021_2": "ITH3", "DIST_COAST": 22973.04, "NUTS2021_1": "ITH", "NUTS2021_0": "IT", "NUTS2024_3": "ITH36", "NUTS2024_2": "ITH3", "NUTS2024_1": "ITH", "NUTS2024_0": "IT" }, "geometry": { "type": "Point", "coordinates": [ 11.92392956920814, 45.527445342191598 ] } },
{ "type": "Feature", "properties": { "DIST_BORD": 131229.6, "TOT_P_2018": 60.0, "TOT_P_2006": 0.0, "GRD_ID": "CRS3035RES1000mN2492000E4472000", "TOT_P_2011": 59.0, "TOT_P_2021": 93.0, "Y_LLC": 2492000, "CNTR_ID": "IT", "NUTS2016_3": "ITH36", "NUTS2016_2": "ITH3", "NUTS2016_1": "ITH", "NUTS2016_0": "IT", "LAND_PC": 100.0, "X_LLC": 4472000, "NUTS2021_3": "ITH36", "NUTS2021_2": "ITH3", "DIST_COAST": 22214.95, "NUTS2021_1": "ITH", "NUTS2021_0": "IT", "NUTS2024_3": "ITH36", "NUTS2024_2": "ITH3", "NUTS2024_1": "ITH", "NUTS2024_0": "IT" }, "geometry": { "type": "Point", "coordinates": [ 11.936708202705473, 45.527212043896803 ] } },
{ "type": "Feature", "properties": { "DIST_BORD": 130331.36, "TOT_P_2018": 165.0, "TOT_P_2006": 46.0, "GRD_ID": "CRS3035RES1000mN2492000E4473000", "TOT_P_2011": 160.0, "TOT_P_2021": 238.0, "Y_LLC": 2492000, "CNTR_ID": "IT", "NUTS2016_3": "ITH36", "NUTS2016_2": "ITH3", "NUTS2016_1": "ITH", "NUTS2016_0": "IT", "LAND_PC": 100.0, "X_LLC": 4473000, "NUTS2021_3": "ITH36", "NUTS2021_2": "ITH3", "DIST_COAST": 21476.67, "NUTS2021_1": "ITH", "NUTS2021_0": "IT", "NUTS2024_3": "ITH36", "NUTS2024_2": "ITH3", "NUTS2024_1": "ITH", "NUTS2024_0": "IT" }, "geometry": { "type": "Point", "coordinates": [ 11.949486737964538, 45.526977201525099 ] } },
{ "type": "Feature", "properties": { "DIST_BORD": 129434.62, "TOT_P_2018": 372.0, "TOT_P_2006": 520.0, "GRD_ID": "CRS3035RES1000mN2492000E4474000", "TOT_P_2011": 362.0, "TOT_P_2021": 339.0, "Y_LLC": 2492000, "CNTR_ID": "IT", "NUTS2016_3": "ITH36", "NUTS2016_2": "ITH3", "NUTS2016_1": "ITH", "NUTS2016_0": "IT", "LAND_PC": 100.0, "X_LLC": 4474000, "NUTS2021_3": "ITH36", "NUTS2021_2": "ITH3", "DIST_COAST": 20760.31, "NUTS2021_1": "ITH", "NUTS2021_0": "IT", "NUTS2024_3": "ITH36", "NUTS2024_2": "ITH3", "NUTS2024_1": "ITH", "NUTS2024_0": "IT" }, "geometry": { "type": "Point", "coordinates": [ 11.962265174199947, 45.526740815165503 ] } },
{ "type": "Feature", "properties": { "DIST_BORD": 128539.4, "TOT_P_2018": 104.0, "TOT_P_2006": 127.0, "GRD_ID": "CRS3035RES1000mN2492000E4475000", "TOT_P_2011": 96.0, "TOT_P_2021": 269.0, "Y_LLC": 2492000, "CNTR_ID": "IT", "NUTS2016_3": "ITH35-ITH36", "NUTS2016_2": "ITH3", "NUTS2016_1": "ITH", "NUTS2016_0": "IT", "LAND_PC": 100.0, "X_LLC": 4475000, "NUTS2021_3": "ITH35-ITH36", "NUTS2021_2": "ITH3", "DIST_COAST": 20068.23, "NUTS2021_1": "ITH", "NUTS2021_0": "IT", "NUTS2024_3": "ITH35-ITH36", "NUTS2024_2": "ITH3", "NUTS2024_1": "ITH", "NUTS2024_0": "IT" }, "geometry": { "type": "Point", "coordinates": [ 11.975043510761086, 45.52650288472887 ] } },
{ "type": "Feature", "properties": { "DIST_BORD": 127645.73, "TOT_P_2018": 1065.0, "TOT_P_2006": 1007.0, "GRD_ID": "CRS3035RES1000mN2492000E4476000", "TOT_P_2011": 1045.0, "TOT_P_2021": 894.0, "Y_LLC": 2492000, "CNTR_ID": "IT", "NUTS2016_3": "ITH35-ITH36", "NUTS2016_2": "ITH3", "NUTS2016_1": "ITH", "NUTS2016_0": "IT", "LAND_PC": 100.0, "X_LLC": 4476000, "NUTS2021_3": "ITH35-ITH36", "NUTS2021_2": "ITH3", "DIST_COAST": 19403.01, "NUTS2021_1": "ITH", "NUTS2021_0": "IT", "NUTS2024_3": "ITH35-ITH36", "NUTS2024_2": "ITH3", "NUTS2024_1": "ITH", "NUTS2024_0": "IT" }, "geometry": { "type": "Point", "coordinates": [ 11.987821747113433, 45.526263410338508 ] } },
{ "type": "Feature", "properties": { "DIST_BORD": 126753.66, "TOT_P_2018": 465.0, "TOT_P_2006": 347.0, "GRD_ID": "CRS3035RES1000mN2492000E4477000", "TOT_P_2011": 427.0, "TOT_P_2021": 401.0, "Y_LLC": 2492000, "CNTR_ID": "IT", "NUTS2016_3": "ITH35-ITH36", "NUTS2016_2": "ITH3", "NUTS2016_1": "ITH", "NUTS2016_0": "IT", "LAND_PC": 100.0, "X_LLC": 4477000, "NUTS2021_3": "ITH35-ITH36", "NUTS2021_2": "ITH3", "DIST_COAST": 18767.53, "NUTS2021_1": "ITH", "NUTS2021_0": "IT", "NUTS2024_3": "ITH35-ITH36", "NUTS2024_2": "ITH3", "NUTS2024_1": "ITH", "NUTS2024_0": "IT" }, "geometry": { "type": "Point", "coordinates": [ 12.000599882693125, 45.526022391955166 ] } },
{ "type": "Feature", "properties": { "DIST_BORD": 124974.41, "TOT_P_2018": 118.0, "TOT_P_2006": 14.0, "GRD_ID": "CRS3035RES1000mN2492000E4479000", "TOT_P_2011": 101.0, "TOT_P_2021": 185.0, "Y_LLC": 2492000, "CNTR_ID": "IT", "NUTS2016_3": "ITH35-ITH36", "NUTS2016_2": "ITH3", "NUTS2016_1": "ITH", "NUTS2016_0": "IT", "LAND_PC": 100.0, "X_LLC": 4479000, "NUTS2021_3": "ITH35-ITH36", "NUTS2021_2": "ITH3", "DIST_COAST": 17598.49, "NUTS2021_1": "ITH", "NUTS2021_0": "IT", "NUTS2024_3": "ITH35-ITH36", "NUTS2024_2": "ITH3", "NUTS2024_1": "ITH", "NUTS2024_0": "IT" }, "geometry": { "type": "Point", "coordinates": [ 12.026155848253088, 45.525535723346138 ] } },
{ "type": "Feature", "properties": { "DIST_BORD": 140497.9, "TOT_P_2018": 193.0, "TOT_P_2006": 209.0, "GRD_ID": "CRS3035RES1000mN2493000E4451000", "TOT_P_2011": 200.0, "TOT_P_2021": 223.0, "Y_LLC": 2493000, "CNTR_ID": "IT", "NUTS2016_3": "ITH32-ITH36", "NUTS2016_2": "ITH3", "NUTS2016_1": "ITH", "NUTS2016_0": "IT", "LAND_PC": 100.0, "X_LLC": 4451000, "NUTS2021_3": "ITH32-ITH36", "NUTS2021_2": "ITH3", "DIST_COAST": 40784.28, "NUTS2021_1": "ITH", "NUTS2021_0": "IT", "NUTS2024_3": "ITH32-ITH36", "NUTS2024_2": "ITH3", "NUTS2024_1": "ITH", "NUTS2024_0": "IT" }, "geometry": { "type": "Point", "coordinates": [ 11.668610828638251, 45.540795155609551 ] } },
{ "type": "Feature", "properties": { "DIST_BORD": 138556.37, "TOT_P_2018": 13.0, "TOT_P_2006": 0.0, "GRD_ID": "CRS3035RES1000mN2493000E4457000", "TOT_P_2011": 13.0, "TOT_P_2021": 20.0, "Y_LLC": 2493000, "CNTR_ID": "IT", "NUTS2016_3": "ITH32-ITH36", "NUTS2016_2": "ITH3", "NUTS2016_1": "ITH", "NUTS2016_0": "IT", "LAND_PC": 100.0, "X_LLC": 4457000, "NUTS2021_3": "ITH32-ITH36", "NUTS2021_2": "ITH3", "DIST_COAST": 35324.46, "NUTS2021_1": "ITH", "NUTS2021_0": "IT", "NUTS2024_3": "ITH32-ITH36", "NUTS2024_2": "ITH3", "NUTS2024_1": "ITH", "NUTS2024_0": "IT" }, "geometry": { "type": "Point", "coordinates": [ 11.745304881238777, 45.539557274426606 ] } },
{ "type": "Feature", "properties": { "DIST_BORD": 138193.95, "TOT_P_2018": 94.0, "TOT_P_2006": 16.0, "GRD_ID": "CRS3035RES1000mN2493000E4458000", "TOT_P_2011": 91.0, "TOT_P_2021": 167.0, "Y_LLC": 2493000, "CNTR_ID": "IT", "NUTS2016_3": "ITH32-ITH36", "NUTS2016_2": "ITH3", "NUTS2016_1": "ITH", "NUTS2016_0": "IT", "LAND_PC": 100.0, "X_LLC": 4458000, "NUTS2021_3": "ITH32-ITH36", "NUTS2021_2": "ITH3", "DIST_COAST": 34431.97, "NUTS2021_1": "ITH", "NUTS2021_0": "IT", "NUTS2024_3": "ITH32-ITH36", "NUTS2024_2": "ITH3", "NUTS2024_1": "ITH", "NUTS2024_0": "IT" }, "geometry": { "type": "Point", "coordinates": [ 11.75808691685943, 45.539345554659484 ] } },
{ "type": "Feature", "properties": { "DIST_BORD": 137817.96, "TOT_P_2018": 990.0, "TOT_P_2006": 766.0, "GRD_ID": "CRS3035RES1000mN2493000E4459000", "TOT_P_2011": 959.0, "TOT_P_2021": 383.0, "Y_LLC": 2493000, "CNTR_ID": "IT", "NUTS2016_3": "ITH32-ITH36", "NUTS2016_2": "ITH3", "NUTS2016_1": "ITH", "NUTS2016_0": "IT", "LAND_PC": 100.0, "X_LLC": 4459000, "NUTS2021_3": "ITH32-ITH36", "NUTS2021_2": "ITH3", "DIST_COAST": 33545.55, "NUTS2021_1": "ITH", "NUTS2021_0": "IT", "NUTS2024_3": "ITH32-ITH36", "NUTS2024_2": "ITH3", "NUTS2024_1": "ITH", "NUTS2024_0": "IT" }, "geometry": { "type": "Point", "coordinates": [ 11.770868863082224, 45.539132290232928 ] } },
{ "type": "Feature", "properties": { "DIST_BORD": 137448.22, "TOT_P_2018": 2028.0, "TOT_P_2006": 3480.0, "GRD_ID": "CRS3035RES1000mN2493000E4460000", "TOT_P_2011": 1966.0, "TOT_P_2021": 2587.0, "Y_LLC": 2493000, "CNTR_ID": "IT", "NUTS2016_3": "ITH36", "NUTS2016_2": "ITH3", "NUTS2016_1": "ITH", "NUTS2016_0": "IT", "LAND_PC": 100.0, "X_LLC": 4460000, "NUTS2021_3": "ITH36", "NUTS2021_2": "ITH3", "DIST_COAST": 32665.68, "NUTS2021_1": "ITH", "NUTS2021_0": "IT", "NUTS2024_3": "ITH36", "NUTS2024_2": "ITH3", "NUTS2024_1": "ITH", "NUTS2024_0": "IT" }, "geometry": { "type": "Point", "coordinates": [ 11.78365071936163, 45.538917481227777 ] } },
{ "type": "Feature", "properties": { "DIST_BORD": 137084.77, "TOT_P_2018": 981.0, "TOT_P_2006": 911.0, "GRD_ID": "CRS3035RES1000mN2493000E4461000", "TOT_P_2011": 977.0, "TOT_P_2021": 1009.0, "Y_LLC": 2493000, "CNTR_ID": "IT", "NUTS2016_3": "ITH36", "NUTS2016_2": "ITH3", "NUTS2016_1": "ITH", "NUTS2016_0": "IT", "LAND_PC": 100.0, "X_LLC": 4461000, "NUTS2021_3": "ITH36", "NUTS2021_2": "ITH3", "DIST_COAST": 31792.93, "NUTS2021_1": "ITH", "NUTS2021_0": "IT", "NUTS2024_3": "ITH36", "NUTS2024_2": "ITH3", "NUTS2024_1": "ITH", "NUTS2024_0": "IT" }, "geometry": { "type": "Point", "coordinates": [ 11.796432485043313, 45.538701127751551 ] } },
{ "type": "Feature", "properties": { "DIST_BORD": 136727.67, "TOT_P_2018": 454.0, "TOT_P_2006": 505.0, "GRD_ID": "CRS3035RES1000mN2493000E4462000", "TOT_P_2011": 482.0, "TOT_P_2021": 408.0, "Y_LLC": 2493000, "CNTR_ID": "IT", "NUTS2016_3": "ITH36", "NUTS2016_2": "ITH3", "NUTS2016_1": "ITH", "NUTS2016_0": "IT", "LAND_PC": 100.0, "X_LLC": 4462000, "NUTS2021_3": "ITH36", "NUTS2021_2": "ITH3", "DIST_COAST": 30927.88, "NUTS2021_1": "ITH", "NUTS2021_0": "IT", "NUTS2024_3": "ITH36", "NUTS2024_2": "ITH3", "NUTS2024_1": "ITH", "NUTS2024_0": "IT" }, "geometry": { "type": "Point", "coordinates": [ 11.809214159472653, 45.538483229638004 ] } },
{ "type": "Feature", "properties": { "DIST_BORD": 136365.55, "TOT_P_2018": 1817.0, "TOT_P_2006": 2792.0, "GRD_ID": "CRS3035RES1000mN2493000E4463000", "TOT_P_2011": 1828.0, "TOT_P_2021": 1532.0, "Y_LLC": 2493000, "CNTR_ID": "IT", "NUTS2016_3": "ITH36", "NUTS2016_2": "ITH3", "NUTS2016_1": "ITH", "NUTS2016_0": "IT", "LAND_PC": 100.0, "X_LLC": 4463000, "NUTS2021_3": "ITH36", "NUTS2021_2": "ITH3", "DIST_COAST": 30071.19, "NUTS2021_1": "ITH", "NUTS2021_0": "IT", "NUTS2024_3": "ITH36", "NUTS2024_2": "ITH3", "NUTS2024_1": "ITH", "NUTS2024_0": "IT" }, "geometry": { "type": "Point", "coordinates": [ 11.821995741963587, 45.53826378698141 ] } },
{ "type": "Feature", "properties": { "DIST_BORD": 135974.81, "TOT_P_2018": 396.0, "TOT_P_2006": 302.0, "GRD_ID": "CRS3035RES1000mN2493000E4464000", "TOT_P_2011": 399.0, "TOT_P_2021": 390.0, "Y_LLC": 2493000, "CNTR_ID": "IT", "NUTS2016_3": "ITH36", "NUTS2016_2": "ITH3", "NUTS2016_1": "ITH", "NUTS2016_0": "IT", "LAND_PC": 100.0, "X_LLC": 4464000, "NUTS2021_3": "ITH36", "NUTS2021_2": "ITH3", "DIST_COAST": 29223.62, "NUTS2021_1": "ITH", "NUTS2021_0": "IT", "NUTS2024_3": "ITH36", "NUTS2024_2": "ITH3", "NUTS2024_1": "ITH", "NUTS2024_0": "IT" }, "geometry": { "type": "Point", "coordinates": [ 11.83477723191942, 45.538042799906208 ] } },
{ "type": "Feature", "properties": { "DIST_BORD": 135590.31, "TOT_P_2018": 394.0, "TOT_P_2006": 30.0, "GRD_ID": "CRS3035RES1000mN2493000E4465000", "TOT_P_2011": 397.0, "TOT_P_2021": 293.0, "Y_LLC": 2493000, "CNTR_ID": "IT", "NUTS2016_3": "ITH36", "NUTS2016_2": "ITH3", "NUTS2016_1": "ITH", "NUTS2016_0": "IT", "LAND_PC": 100.0, "X_LLC": 4465000, "NUTS2021_3": "ITH36", "NUTS2021_2": "ITH3", "DIST_COAST": 28385.97, "NUTS2021_1": "ITH", "NUTS2021_0": "IT", "NUTS2024_3": "ITH36", "NUTS2024_2": "ITH3", "NUTS2024_1": "ITH", "NUTS2024_0": "IT" }, "geometry": { "type": "Point", "coordinates": [ 11.847558628755312, 45.537820268348959 ] } },
{ "type": "Feature", "properties": { "DIST_BORD": 135212.12, "TOT_P_2018": 57.0, "TOT_P_2006": 29.0, "GRD_ID": "CRS3035RES1000mN2493000E4466000", "TOT_P_2011": 63.0, "TOT_P_2021": 175.0, "Y_LLC": 2493000, "CNTR_ID": "IT", "NUTS2016_3": "ITH36", "NUTS2016_2": "ITH3", "NUTS2016_1": "ITH", "NUTS2016_0": "IT", "LAND_PC": 100.0, "X_LLC": 4466000, "NUTS2021_3": "ITH36", "NUTS2021_2": "ITH3", "DIST_COAST": 27559.14, "NUTS2021_1": "ITH", "NUTS2021_0": "IT", "NUTS2024_3": "ITH36", "NUTS2024_2": "ITH3", "NUTS2024_1": "ITH", "NUTS2024_0": "IT" }, "geometry": { "type": "Point", "coordinates": [ 11.860339931574652, 45.537596192179073 ] } },
{ "type": "Feature", "properties": { "DIST_BORD": 134840.28, "TOT_P_2018": 1069.0, "TOT_P_2006": 1009.0, "GRD_ID": "CRS3035RES1000mN2493000E4467000", "TOT_P_2011": 1053.0, "TOT_P_2021": 839.0, "Y_LLC": 2493000, "CNTR_ID": "IT", "NUTS2016_3": "ITH36", "NUTS2016_2": "ITH3", "NUTS2016_1": "ITH", "NUTS2016_0": "IT", "LAND_PC": 100.0, "X_LLC": 4467000, "NUTS2021_3": "ITH36", "NUTS2021_2": "ITH3", "DIST_COAST": 26744.15, "NUTS2021_1": "ITH", "NUTS2021_0": "IT", "NUTS2024_3": "ITH36", "NUTS2024_2": "ITH3", "NUTS2024_1": "ITH", "NUTS2024_0": "IT" }, "geometry": { "type": "Point", "coordinates": [ 11.873121140066749, 45.537370571692854 ] } },
{ "type": "Feature", "properties": { "DIST_BORD": 134413.63, "TOT_P_2018": 475.0, "TOT_P_2006": 319.0, "GRD_ID": "CRS3035RES1000mN2493000E4468000", "TOT_P_2011": 472.0, "TOT_P_2021": 742.0, "Y_LLC": 2493000, "CNTR_ID": "IT", "NUTS2016_3": "ITH36", "NUTS2016_2": "ITH3", "NUTS2016_1": "ITH", "NUTS2016_0": "IT", "LAND_PC": 100.0, "X_LLC": 4468000, "NUTS2021_3": "ITH36", "NUTS2021_2": "ITH3", "DIST_COAST": 25942.11, "NUTS2021_1": "ITH", "NUTS2021_0": "IT", "NUTS2024_3": "ITH36", "NUTS2024_2": "ITH3", "NUTS2024_1": "ITH", "NUTS2024_0": "IT" }, "geometry": { "type": "Point", "coordinates": [ 11.885902253383389, 45.53714340664223 ] } },
{ "type": "Feature", "properties": { "DIST_BORD": 133506.85, "TOT_P_2018": 515.0, "TOT_P_2006": 425.0, "GRD_ID": "CRS3035RES1000mN2493000E4469000", "TOT_P_2011": 532.0, "TOT_P_2021": 389.0, "Y_LLC": 2493000, "CNTR_ID": "IT", "NUTS2016_3": "ITH36", "NUTS2016_2": "ITH3", "NUTS2016_1": "ITH", "NUTS2016_0": "IT", "LAND_PC": 100.0, "X_LLC": 4469000, "NUTS2021_3": "ITH36", "NUTS2021_2": "ITH3", "DIST_COAST": 25154.25, "NUTS2021_1": "ITH", "NUTS2021_0": "IT", "NUTS2024_3": "ITH36", "NUTS2024_2": "ITH3", "NUTS2024_1": "ITH", "NUTS2024_0": "IT" }, "geometry": { "type": "Point", "coordinates": [ 11.898683270830276, 45.536914697219899 ] } },
{ "type": "Feature", "properties": { "DIST_BORD": 132601.42, "TOT_P_2018": 1047.0, "TOT_P_2006": 1168.0, "GRD_ID": "CRS3035RES1000mN2493000E4470000", "TOT_P_2011": 1070.0, "TOT_P_2021": 1175.0, "Y_LLC": 2493000, "CNTR_ID": "IT", "NUTS2016_3": "ITH36", "NUTS2016_2": "ITH3", "NUTS2016_1": "ITH", "NUTS2016_0": "IT", "LAND_PC": 100.0, "X_LLC": 4470000, "NUTS2021_3": "ITH36", "NUTS2021_2": "ITH3", "DIST_COAST": 24381.95, "NUTS2021_1": "ITH", "NUTS2021_0": "IT", "NUTS2024_3": "ITH36", "NUTS2024_2": "ITH3", "NUTS2024_1": "ITH", "NUTS2024_0": "IT" }, "geometry": { "type": "Point", "coordinates": [ 11.911464191862624, 45.536684443402343 ] } },
{ "type": "Feature", "properties": { "DIST_BORD": 131697.35, "TOT_P_2018": 342.0, "TOT_P_2006": 558.0, "GRD_ID": "CRS3035RES1000mN2493000E4471000", "TOT_P_2011": 348.0, "TOT_P_2021": 121.0, "Y_LLC": 2493000, "CNTR_ID": "IT", "NUTS2016_3": "ITH36", "NUTS2016_2": "ITH3", "NUTS2016_1": "ITH", "NUTS2016_0": "IT", "LAND_PC": 100.0, "X_LLC": 4471000, "NUTS2021_3": "ITH36", "NUTS2021_2": "ITH3", "DIST_COAST": 23626.74, "NUTS2021_1": "ITH", "NUTS2021_0": "IT", "NUTS2024_3": "ITH36", "NUTS2024_2": "ITH3", "NUTS2024_1": "ITH", "NUTS2024_0": "IT" }, "geometry": { "type": "Point", "coordinates": [ 11.924245015859876, 45.536452645205863 ] } },
{ "type": "Feature", "properties": { "DIST_BORD": 130794.68, "TOT_P_2018": 1463.0, "TOT_P_2006": 1290.0, "GRD_ID": "CRS3035RES1000mN2493000E4472000", "TOT_P_2011": 1435.0, "TOT_P_2021": 1426.0, "Y_LLC": 2493000, "CNTR_ID": "IT", "NUTS2016_3": "ITH36", "NUTS2016_2": "ITH3", "NUTS2016_1": "ITH", "NUTS2016_0": "IT", "LAND_PC": 100.0, "X_LLC": 4472000, "NUTS2021_3": "ITH36", "NUTS2021_2": "ITH3", "DIST_COAST": 22890.3, "NUTS2021_1": "ITH", "NUTS2021_0": "IT", "NUTS2024_3": "ITH36", "NUTS2024_2": "ITH3", "NUTS2024_1": "ITH", "NUTS2024_0": "IT" }, "geometry": { "type": "Point", "coordinates": [ 11.937025742178712, 45.536219302633349 ] } },
{ "type": "Feature", "properties": { "DIST_BORD": 129893.44, "TOT_P_2018": 394.0, "TOT_P_2006": 378.0, "GRD_ID": "CRS3035RES1000mN2493000E4473000", "TOT_P_2011": 383.0, "TOT_P_2021": 419.0, "Y_LLC": 2493000, "CNTR_ID": "IT", "NUTS2016_3": "ITH36", "NUTS2016_2": "ITH3", "NUTS2016_1": "ITH", "NUTS2016_0": "IT", "LAND_PC": 100.0, "X_LLC": 4473000, "NUTS2021_3": "ITH36", "NUTS2021_2": "ITH3", "DIST_COAST": 22174.52, "NUTS2021_1": "ITH", "NUTS2021_0": "IT", "NUTS2024_3": "ITH36", "NUTS2024_2": "ITH3", "NUTS2024_1": "ITH", "NUTS2024_0": "IT" }, "geometry": { "type": "Point", "coordinates": [ 11.949806369946955, 45.53598441572251 ] } },
{ "type": "Feature", "properties": { "DIST_BORD": 128993.65, "TOT_P_2018": 1440.0, "TOT_P_2006": 1502.0, "GRD_ID": "CRS3035RES1000mN2493000E4474000", "TOT_P_2011": 1418.0, "TOT_P_2021": 1203.0, "Y_LLC": 2493000, "CNTR_ID": "IT", "NUTS2016_3": "ITH36", "NUTS2016_2": "ITH3", "NUTS2016_1": "ITH", "NUTS2016_0": "IT", "LAND_PC": 100.0, "X_LLC": 4474000, "NUTS2021_3": "ITH36", "NUTS2021_2": "ITH3", "DIST_COAST": 21481.44, "NUTS2021_1": "ITH", "NUTS2021_0": "IT", "NUTS2024_3": "ITH36", "NUTS2024_2": "ITH3", "NUTS2024_1": "ITH", "NUTS2024_0": "IT" }, "geometry": { "type": "Point", "coordinates": [ 11.962586898815465, 45.535747984500304 ] } },
{ "type": "Feature", "properties": { "DIST_BORD": 128095.35, "TOT_P_2018": 512.0, "TOT_P_2006": 628.0, "GRD_ID": "CRS3035RES1000mN2493000E4475000", "TOT_P_2011": 485.0, "TOT_P_2021": 833.0, "Y_LLC": 2493000, "CNTR_ID": "IT", "NUTS2016_3": "ITH36", "NUTS2016_2": "ITH3", "NUTS2016_1": "ITH", "NUTS2016_0": "IT", "LAND_PC": 100.0, "X_LLC": 4475000, "NUTS2021_3": "ITH36", "NUTS2021_2": "ITH3", "DIST_COAST": 20813.35, "NUTS2021_1": "ITH", "NUTS2021_0": "IT", "NUTS2024_3": "ITH36", "NUTS2024_2": "ITH3", "NUTS2024_1": "ITH", "NUTS2024_0": "IT" }, "geometry": { "type": "Point", "coordinates": [ 11.975367327983944, 45.535510008972182 ] } },
{ "type": "Feature", "properties": { "DIST_BORD": 127198.56, "TOT_P_2018": 747.0, "TOT_P_2006": 486.0, "GRD_ID": "CRS3035RES1000mN2493000E4476000", "TOT_P_2011": 727.0, "TOT_P_2021": 672.0, "Y_LLC": 2493000, "CNTR_ID": "IT", "NUTS2016_3": "ITH35-ITH36", "NUTS2016_2": "ITH3", "NUTS2016_1": "ITH", "NUTS2016_0": "IT", "LAND_PC": 100.0, "X_LLC": 4476000, "NUTS2021_3": "ITH35-ITH36", "NUTS2021_2": "ITH3", "DIST_COAST": 20172.73, "NUTS2021_1": "ITH", "NUTS2021_0": "IT", "NUTS2024_3": "ITH35-ITH36", "NUTS2024_2": "ITH3", "NUTS2024_1": "ITH", "NUTS2024_0": "IT" }, "geometry": { "type": "Point", "coordinates": [ 11.988147656852366, 45.535270489180881 ] } },
{ "type": "Feature", "properties": { "DIST_BORD": 126303.33, "TOT_P_2018": 172.0, "TOT_P_2006": 103.0, "GRD_ID": "CRS3035RES1000mN2493000E4477000", "TOT_P_2011": 169.0, "TOT_P_2021": 182.0, "Y_LLC": 2493000, "CNTR_ID": "IT", "NUTS2016_3": "ITH35-ITH36", "NUTS2016_2": "ITH3", "NUTS2016_1": "ITH", "NUTS2016_0": "IT", "LAND_PC": 100.0, "X_LLC": 4477000, "NUTS2021_3": "ITH35-ITH36", "NUTS2021_2": "ITH3", "DIST_COAST": 19562.26, "NUTS2021_1": "ITH", "NUTS2021_0": "IT", "NUTS2024_3": "ITH35-ITH36", "NUTS2024_2": "ITH3", "NUTS2024_1": "ITH", "NUTS2024_0": "IT" }, "geometry": { "type": "Point", "coordinates": [ 12.000927884765302, 45.535029425065439 ] } },
{ "type": "Feature", "properties": { "DIST_BORD": 125409.68, "TOT_P_2018": 402.0, "TOT_P_2006": 322.0, "GRD_ID": "CRS3035RES1000mN2493000E4478000", "TOT_P_2011": 382.0, "TOT_P_2021": 438.0, "Y_LLC": 2493000, "CNTR_ID": "IT", "NUTS2016_3": "ITH35-ITH36", "NUTS2016_2": "ITH3", "NUTS2016_1": "ITH", "NUTS2016_0": "IT", "LAND_PC": 100.0, "X_LLC": 4478000, "NUTS2021_3": "ITH35-ITH36", "NUTS2021_2": "ITH3", "DIST_COAST": 18984.87, "NUTS2021_1": "ITH", "NUTS2021_0": "IT", "NUTS2024_3": "ITH35-ITH36", "NUTS2024_2": "ITH3", "NUTS2024_1": "ITH", "NUTS2024_0": "IT" }, "geometry": { "type": "Point", "coordinates": [ 12.013708010995494, 45.534786816743029 ] } },
{ "type": "Feature", "properties": { "DIST_BORD": 124517.65, "TOT_P_2018": 603.0, "TOT_P_2006": 361.0, "GRD_ID": "CRS3035RES1000mN2493000E4479000", "TOT_P_2011": 585.0, "TOT_P_2021": 515.0, "Y_LLC": 2493000, "CNTR_ID": "IT", "NUTS2016_3": "ITH35-ITH36", "NUTS2016_2": "ITH3", "NUTS2016_1": "ITH", "NUTS2016_0": "IT", "LAND_PC": 100.0, "X_LLC": 4479000, "NUTS2021_3": "ITH35-ITH36", "NUTS2021_2": "ITH3", "DIST_COAST": 18443.66, "NUTS2021_1": "ITH", "NUTS2021_0": "IT", "NUTS2024_3": "ITH35-ITH36", "NUTS2024_2": "ITH3", "NUTS2024_1": "ITH", "NUTS2024_0": "IT" }, "geometry": { "type": "Point", "coordinates": [ 12.026488034944732, 45.534542664147111 ] } },
{ "type": "Feature", "properties": { "DIST_BORD": 139111.76, "TOT_P_2018": 99.0, "TOT_P_2006": 22.0, "GRD_ID": "CRS3035RES1000mN2494000E4450000", "TOT_P_2011": 101.0, "TOT_P_2021": 20.0, "Y_LLC": 2494000, "CNTR_ID": "IT", "NUTS2016_3": "ITH32-ITH36", "NUTS2016_2": "ITH3", "NUTS2016_1": "ITH", "NUTS2016_0": "IT", "LAND_PC": 100.0, "X_LLC": 4450000, "NUTS2021_3": "ITH32-ITH36", "NUTS2021_2": "ITH3", "DIST_COAST": 42096.04, "NUTS2021_1": "ITH", "NUTS2021_0": "IT", "NUTS2024_3": "ITH32-ITH36", "NUTS2024_2": "ITH3", "NUTS2024_1": "ITH", "NUTS2024_0": "IT" }, "geometry": { "type": "Point", "coordinates": [ 11.656099787177912, 45.550004173899993 ] } },
{ "type": "Feature", "properties": { "DIST_BORD": 139937.98, "TOT_P_2018": 303.0, "TOT_P_2006": 758.0, "GRD_ID": "CRS3035RES1000mN2494000E4451000", "TOT_P_2011": 325.0, "TOT_P_2021": 273.0, "Y_LLC": 2494000, "CNTR_ID": "IT", "NUTS2016_3": "ITH32-ITH36", "NUTS2016_2": "ITH3", "NUTS2016_1": "ITH", "NUTS2016_0": "IT", "LAND_PC": 100.0, "X_LLC": 4451000, "NUTS2021_3": "ITH32-ITH36", "NUTS2021_2": "ITH3", "DIST_COAST": 41180.33, "NUTS2021_1": "ITH", "NUTS2021_0": "IT", "NUTS2024_3": "ITH32-ITH36", "NUTS2024_2": "ITH3", "NUTS2024_1": "ITH", "NUTS2024_0": "IT" }, "geometry": { "type": "Point", "coordinates": [ 11.668884524592672, 45.549803228728408 ] } },
{ "type": "Feature", "properties": { "DIST_BORD": 138754.18, "TOT_P_2018": 65.0, "TOT_P_2006": 267.0, "GRD_ID": "CRS3035RES1000mN2494000E4454000", "TOT_P_2011": 70.0, "TOT_P_2021": 81.0, "Y_LLC": 2494000, "CNTR_ID": "IT", "NUTS2016_3": "ITH32-ITH36", "NUTS2016_2": "ITH3", "NUTS2016_1": "ITH", "NUTS2016_0": "IT", "LAND_PC": 100.0, "X_LLC": 4454000, "NUTS2021_3": "ITH32-ITH36", "NUTS2021_2": "ITH3", "DIST_COAST": 38458.41, "NUTS2021_1": "ITH", "NUTS2021_0": "IT", "NUTS2024_3": "ITH32-ITH36", "NUTS2024_2": "ITH3", "NUTS2024_1": "ITH", "NUTS2024_0": "IT" }, "geometry": { "type": "Point", "coordinates": [ 11.707238225542739, 45.549191122987516 ] } },
{ "type": "Feature", "properties": { "DIST_BORD": 138371.78, "TOT_P_2018": 96.0, "TOT_P_2006": 0.0, "GRD_ID": "CRS3035RES1000mN2494000E4455000", "TOT_P_2011": 103.0, "TOT_P_2021": 60.0, "Y_LLC": 2494000, "CNTR_ID": "IT", "NUTS2016_3": "ITH32-ITH36", "NUTS2016_2": "ITH3", "NUTS2016_1": "ITH", "NUTS2016_0": "IT", "LAND_PC": 100.0, "X_LLC": 4455000, "NUTS2021_3": "ITH32-ITH36", "NUTS2021_2": "ITH3", "DIST_COAST": 37560.52, "NUTS2021_1": "ITH", "NUTS2021_0": "IT", "NUTS2024_3": "ITH32-ITH36", "NUTS2024_2": "ITH3", "NUTS2024_1": "ITH", "NUTS2024_0": "IT" }, "geometry": { "type": "Point", "coordinates": [ 11.720022619758192, 45.548983997809223 ] } },
{ "type": "Feature", "properties": { "DIST_BORD": 137625.59, "TOT_P_2018": 0.0, "TOT_P_2006": 23.0, "GRD_ID": "CRS3035RES1000mN2494000E4457000", "TOT_P_2011": 0.0, "TOT_P_2021": 104.0, "Y_LLC": 2494000, "CNTR_ID": "IT", "NUTS2016_3": "ITH32-ITH36", "NUTS2016_2": "ITH3", "NUTS2016_1": "ITH", "NUTS2016_0": "IT", "LAND_PC": 100.0, "X_LLC": 4457000, "NUTS2021_3": "ITH32-ITH36", "NUTS2021_2": "ITH3", "DIST_COAST": 35780.99, "NUTS2021_1": "ITH", "NUTS2021_0": "IT", "NUTS2024_3": "ITH32-ITH36", "NUTS2024_2": "ITH3", "NUTS2024_1": "ITH", "NUTS2024_0": "IT" }, "geometry": { "type": "Point", "coordinates": [ 11.745591145402814, 45.548565112611563 ] } },
{ "type": "Feature", "properties": { "DIST_BORD": 137261.91, "TOT_P_2018": 6.0, "TOT_P_2006": 14.0, "GRD_ID": "CRS3035RES1000mN2494000E4458000", "TOT_P_2011": 98.0, "TOT_P_2021": 107.0, "Y_LLC": 2494000, "CNTR_ID": "IT", "NUTS2016_3": "ITH32-ITH36", "NUTS2016_2": "ITH3", "NUTS2016_1": "ITH", "NUTS2016_0": "IT", "LAND_PC": 100.0, "X_LLC": 4458000, "NUTS2021_3": "ITH32-ITH36", "NUTS2021_2": "ITH3", "DIST_COAST": 34900.18, "NUTS2021_1": "ITH", "NUTS2021_0": "IT", "NUTS2024_3": "ITH32-ITH36", "NUTS2024_2": "ITH3", "NUTS2024_1": "ITH", "NUTS2024_0": "IT" }, "geometry": { "type": "Point", "coordinates": [ 11.758375275443642, 45.548353352653514 ] } },
{ "type": "Feature", "properties": { "DIST_BORD": 136890.59, "TOT_P_2018": 349.0, "TOT_P_2006": 277.0, "GRD_ID": "CRS3035RES1000mN2494000E4459000", "TOT_P_2011": 339.0, "TOT_P_2021": 418.0, "Y_LLC": 2494000, "CNTR_ID": "IT", "NUTS2016_3": "ITH32-ITH36", "NUTS2016_2": "ITH3", "NUTS2016_1": "ITH", "NUTS2016_0": "IT", "LAND_PC": 100.0, "X_LLC": 4459000, "NUTS2021_3": "ITH32-ITH36", "NUTS2021_2": "ITH3", "DIST_COAST": 34025.96, "NUTS2021_1": "ITH", "NUTS2021_0": "IT", "NUTS2024_3": "ITH32-ITH36", "NUTS2024_2": "ITH3", "NUTS2024_1": "ITH", "NUTS2024_0": "IT" }, "geometry": { "type": "Point", "coordinates": [ 11.771159316131229, 45.548140047790511 ] } },
{ "type": "Feature", "properties": { "DIST_BORD": 136518.33, "TOT_P_2018": 352.0, "TOT_P_2006": 297.0, "GRD_ID": "CRS3035RES1000mN2494000E4460000", "TOT_P_2011": 342.0, "TOT_P_2021": 238.0, "Y_LLC": 2494000, "CNTR_ID": "IT", "NUTS2016_3": "ITH36", "NUTS2016_2": "ITH3", "NUTS2016_1": "ITH", "NUTS2016_0": "IT", "LAND_PC": 100.0, "X_LLC": 4460000, "NUTS2021_3": "ITH36", "NUTS2021_2": "ITH3", "DIST_COAST": 33158.84, "NUTS2021_1": "ITH", "NUTS2021_0": "IT", "NUTS2024_3": "ITH36", "NUTS2024_2": "ITH3", "NUTS2024_1": "ITH", "NUTS2024_0": "IT" }, "geometry": { "type": "Point", "coordinates": [ 11.783943266790045, 45.547925198067915 ] } },
{ "type": "Feature", "properties": { "DIST_BORD": 136152.4, "TOT_P_2018": 61.0, "TOT_P_2006": 0.0, "GRD_ID": "CRS3035RES1000mN2494000E4461000", "TOT_P_2011": 62.0, "TOT_P_2021": 99.0, "Y_LLC": 2494000, "CNTR_ID": "IT", "NUTS2016_3": "ITH36", "NUTS2016_2": "ITH3", "NUTS2016_1": "ITH", "NUTS2016_0": "IT", "LAND_PC": 100.0, "X_LLC": 4461000, "NUTS2021_3": "ITH36", "NUTS2021_2": "ITH3", "DIST_COAST": 32299.41, "NUTS2021_1": "ITH", "NUTS2021_0": "IT", "NUTS2024_3": "ITH36", "NUTS2024_2": "ITH3", "NUTS2024_1": "ITH", "NUTS2024_0": "IT" }, "geometry": { "type": "Point", "coordinates": [ 11.796727126823592, 45.547708803420164 ] } },
{ "type": "Feature", "properties": { "DIST_BORD": 135792.85, "TOT_P_2018": 824.0, "TOT_P_2006": 1341.0, "GRD_ID": "CRS3035RES1000mN2494000E4462000", "TOT_P_2011": 872.0, "TOT_P_2021": 807.0, "Y_LLC": 2494000, "CNTR_ID": "IT", "NUTS2016_3": "ITH36", "NUTS2016_2": "ITH3", "NUTS2016_1": "ITH", "NUTS2016_0": "IT", "LAND_PC": 100.0, "X_LLC": 4462000, "NUTS2021_3": "ITH36", "NUTS2021_2": "ITH3", "DIST_COAST": 31448.3, "NUTS2021_1": "ITH", "NUTS2021_0": "IT", "NUTS2024_3": "ITH36", "NUTS2024_2": "ITH3", "NUTS2024_1": "ITH", "NUTS2024_0": "IT" }, "geometry": { "type": "Point", "coordinates": [ 11.809510895456253, 45.547490864011273 ] } },
{ "type": "Feature", "properties": { "DIST_BORD": 135439.73, "TOT_P_2018": 687.0, "TOT_P_2006": 520.0, "GRD_ID": "CRS3035RES1000mN2494000E4463000", "TOT_P_2011": 699.0, "TOT_P_2021": 721.0, "Y_LLC": 2494000, "CNTR_ID": "IT", "NUTS2016_3": "ITH36", "NUTS2016_2": "ITH3", "NUTS2016_1": "ITH", "NUTS2016_0": "IT", "LAND_PC": 100.0, "X_LLC": 4463000, "NUTS2021_3": "ITH36", "NUTS2021_2": "ITH3", "DIST_COAST": 30606.19, "NUTS2021_1": "ITH", "NUTS2021_0": "IT", "NUTS2024_3": "ITH36", "NUTS2024_2": "ITH3", "NUTS2024_1": "ITH", "NUTS2024_0": "IT" }, "geometry": { "type": "Point", "coordinates": [ 11.822294572220477, 45.547271379764801 ] } },
{ "type": "Feature", "properties": { "DIST_BORD": 135053.55, "TOT_P_2018": 1071.0, "TOT_P_2006": 2127.0, "GRD_ID": "CRS3035RES1000mN2494000E4464000", "TOT_P_2011": 1143.0, "TOT_P_2021": 1207.0, "Y_LLC": 2494000, "CNTR_ID": "IT", "NUTS2016_3": "ITH36", "NUTS2016_2": "ITH3", "NUTS2016_1": "ITH", "NUTS2016_0": "IT", "LAND_PC": 100.0, "X_LLC": 4464000, "NUTS2021_3": "ITH36", "NUTS2021_2": "ITH3", "DIST_COAST": 29773.85, "NUTS2021_1": "ITH", "NUTS2021_0": "IT", "NUTS2024_3": "ITH36", "NUTS2024_2": "ITH3", "NUTS2024_1": "ITH", "NUTS2024_0": "IT" }, "geometry": { "type": "Point", "coordinates": [ 11.835078156209155, 45.54705035064611 ] } },
{ "type": "Feature", "properties": { "DIST_BORD": 134666.42, "TOT_P_2018": 580.0, "TOT_P_2006": 631.0, "GRD_ID": "CRS3035RES1000mN2494000E4465000", "TOT_P_2011": 617.0, "TOT_P_2021": 580.0, "Y_LLC": 2494000, "CNTR_ID": "IT", "NUTS2016_3": "ITH36", "NUTS2016_2": "ITH3", "NUTS2016_1": "ITH", "NUTS2016_0": "IT", "LAND_PC": 100.0, "X_LLC": 4465000, "NUTS2021_3": "ITH36", "NUTS2021_2": "ITH3", "DIST_COAST": 28952.12, "NUTS2021_1": "ITH", "NUTS2021_0": "IT", "NUTS2024_3": "ITH36", "NUTS2024_2": "ITH3", "NUTS2024_1": "ITH", "NUTS2024_0": "IT" }, "geometry": { "type": "Point", "coordinates": [ 11.847861647148898, 45.546827776758839 ] } },
{ "type": "Feature", "properties": { "DIST_BORD": 134285.63, "TOT_P_2018": 308.0, "TOT_P_2006": 89.0, "GRD_ID": "CRS3035RES1000mN2494000E4466000", "TOT_P_2011": 306.0, "TOT_P_2021": 300.0, "Y_LLC": 2494000, "CNTR_ID": "IT", "NUTS2016_3": "ITH36", "NUTS2016_2": "ITH3", "NUTS2016_1": "ITH", "NUTS2016_0": "IT", "LAND_PC": 100.0, "X_LLC": 4466000, "NUTS2021_3": "ITH36", "NUTS2021_2": "ITH3", "DIST_COAST": 28141.93, "NUTS2021_1": "ITH", "NUTS2021_0": "IT", "NUTS2024_3": "ITH36", "NUTS2024_2": "ITH3", "NUTS2024_1": "ITH", "NUTS2024_0": "IT" }, "geometry": { "type": "Point", "coordinates": [ 11.860645044076586, 45.546603658169261 ] } },
{ "type": "Feature", "properties": { "DIST_BORD": 133911.22, "TOT_P_2018": 1052.0, "TOT_P_2006": 910.0, "GRD_ID": "CRS3035RES1000mN2494000E4467000", "TOT_P_2011": 1023.0, "TOT_P_2021": 1028.0, "Y_LLC": 2494000, "CNTR_ID": "IT", "NUTS2016_3": "ITH36", "NUTS2016_2": "ITH3", "NUTS2016_1": "ITH", "NUTS2016_0": "IT", "LAND_PC": 100.0, "X_LLC": 4467000, "NUTS2021_3": "ITH36", "NUTS2021_2": "ITH3", "DIST_COAST": 27344.32, "NUTS2021_1": "ITH", "NUTS2021_0": "IT", "NUTS2024_3": "ITH36", "NUTS2024_2": "ITH3", "NUTS2024_1": "ITH", "NUTS2024_0": "IT" }, "geometry": { "type": "Point", "coordinates": [ 11.873428346429918, 45.546377994810122 ] } },
{ "type": "Feature", "properties": { "DIST_BORD": 133543.24, "TOT_P_2018": 875.0, "TOT_P_2006": 443.0, "GRD_ID": "CRS3035RES1000mN2494000E4468000", "TOT_P_2011": 904.0, "TOT_P_2021": 800.0, "Y_LLC": 2494000, "CNTR_ID": "IT", "NUTS2016_3": "ITH36", "NUTS2016_2": "ITH3", "NUTS2016_1": "ITH", "NUTS2016_0": "IT", "LAND_PC": 100.0, "X_LLC": 4468000, "NUTS2021_3": "ITH36", "NUTS2021_2": "ITH3", "DIST_COAST": 26560.4, "NUTS2021_1": "ITH", "NUTS2021_0": "IT", "NUTS2024_3": "ITH36", "NUTS2024_2": "ITH3", "NUTS2024_1": "ITH", "NUTS2024_0": "IT" }, "geometry": { "type": "Point", "coordinates": [ 11.886211553590808, 45.546150786711188 ] } },
{ "type": "Feature", "properties": { "DIST_BORD": 133086.89, "TOT_P_2018": 458.0, "TOT_P_2006": 169.0, "GRD_ID": "CRS3035RES1000mN2494000E4469000", "TOT_P_2011": 475.0, "TOT_P_2021": 418.0, "Y_LLC": 2494000, "CNTR_ID": "IT", "NUTS2016_3": "ITH36", "NUTS2016_2": "ITH3", "NUTS2016_1": "ITH", "NUTS2016_0": "IT", "LAND_PC": 100.0, "X_LLC": 4469000, "NUTS2021_3": "ITH36", "NUTS2021_2": "ITH3", "DIST_COAST": 25791.43, "NUTS2021_1": "ITH", "NUTS2021_0": "IT", "NUTS2024_3": "ITH36", "NUTS2024_2": "ITH3", "NUTS2024_1": "ITH", "NUTS2024_0": "IT" }, "geometry": { "type": "Point", "coordinates": [ 11.898994664910271, 45.545922033892253 ] } },
{ "type": "Feature", "properties": { "DIST_BORD": 132178.58, "TOT_P_2018": 910.0, "TOT_P_2006": 1114.0, "GRD_ID": "CRS3035RES1000mN2494000E4470000", "TOT_P_2011": 927.0, "TOT_P_2021": 1195.0, "Y_LLC": 2494000, "CNTR_ID": "IT", "NUTS2016_3": "ITH36", "NUTS2016_2": "ITH3", "NUTS2016_1": "ITH", "NUTS2016_0": "IT", "LAND_PC": 100.0, "X_LLC": 4470000, "NUTS2021_3": "ITH36", "NUTS2021_2": "ITH3", "DIST_COAST": 25038.8, "NUTS2021_1": "ITH", "NUTS2021_0": "IT", "NUTS2024_3": "ITH36", "NUTS2024_2": "ITH3", "NUTS2024_1": "ITH", "NUTS2024_0": "IT" }, "geometry": { "type": "Point", "coordinates": [ 11.911777679770859, 45.545691736369058 ] } },
{ "type": "Feature", "properties": { "DIST_BORD": 131271.6, "TOT_P_2018": 318.0, "TOT_P_2006": 1178.0, "GRD_ID": "CRS3035RES1000mN2494000E4471000", "TOT_P_2011": 319.0, "TOT_P_2021": 167.0, "Y_LLC": 2494000, "CNTR_ID": "IT", "NUTS2016_3": "ITH36", "NUTS2016_2": "ITH3", "NUTS2016_1": "ITH", "NUTS2016_0": "IT", "LAND_PC": 100.0, "X_LLC": 4471000, "NUTS2021_3": "ITH36", "NUTS2021_2": "ITH3", "DIST_COAST": 24304.0, "NUTS2021_1": "ITH", "NUTS2021_0": "IT", "NUTS2024_3": "ITH36", "NUTS2024_2": "ITH3", "NUTS2024_1": "ITH", "NUTS2024_0": "IT" }, "geometry": { "type": "Point", "coordinates": [ 11.924560597427867, 45.545459894185484 ] } },
{ "type": "Feature", "properties": { "DIST_BORD": 130365.99, "TOT_P_2018": 183.0, "TOT_P_2006": 130.0, "GRD_ID": "CRS3035RES1000mN2494000E4472000", "TOT_P_2011": 177.0, "TOT_P_2021": 268.0, "Y_LLC": 2494000, "CNTR_ID": "IT", "NUTS2016_3": "ITH36", "NUTS2016_2": "ITH3", "NUTS2016_1": "ITH", "NUTS2016_0": "IT", "LAND_PC": 100.0, "X_LLC": 4472000, "NUTS2021_3": "ITH36", "NUTS2021_2": "ITH3", "DIST_COAST": 23588.72, "NUTS2021_1": "ITH", "NUTS2021_0": "IT", "NUTS2024_3": "ITH36", "NUTS2024_2": "ITH3", "NUTS2024_1": "ITH", "NUTS2024_0": "IT" }, "geometry": { "type": "Point", "coordinates": [ 11.937343417331238, 45.545226507373677 ] } },
{ "type": "Feature", "properties": { "DIST_BORD": 129461.76, "TOT_P_2018": 160.0, "TOT_P_2006": 49.0, "GRD_ID": "CRS3035RES1000mN2494000E4473000", "TOT_P_2011": 151.0, "TOT_P_2021": 212.0, "Y_LLC": 2494000, "CNTR_ID": "IT", "NUTS2016_3": "ITH36", "NUTS2016_2": "ITH3", "NUTS2016_1": "ITH", "NUTS2016_0": "IT", "LAND_PC": 100.0, "X_LLC": 4473000, "NUTS2021_3": "ITH36", "NUTS2021_2": "ITH3", "DIST_COAST": 22894.78, "NUTS2021_1": "ITH", "NUTS2021_0": "IT", "NUTS2024_3": "ITH36", "NUTS2024_2": "ITH3", "NUTS2024_1": "ITH", "NUTS2024_0": "IT" }, "geometry": { "type": "Point", "coordinates": [ 11.950126138747851, 45.544991575899516 ] } },
{ "type": "Feature", "properties": { "DIST_BORD": 128558.95, "TOT_P_2018": 516.0, "TOT_P_2006": 156.0, "GRD_ID": "CRS3035RES1000mN2494000E4474000", "TOT_P_2011": 493.0, "TOT_P_2021": 172.0, "Y_LLC": 2494000, "CNTR_ID": "IT", "NUTS2016_3": "ITH36", "NUTS2016_2": "ITH3", "NUTS2016_1": "ITH", "NUTS2016_0": "IT", "LAND_PC": 100.0, "X_LLC": 4474000, "NUTS2021_3": "ITH36", "NUTS2021_2": "ITH3", "DIST_COAST": 22224.18, "NUTS2021_1": "ITH", "NUTS2021_0": "IT", "NUTS2024_3": "ITH36", "NUTS2024_2": "ITH3", "NUTS2024_1": "ITH", "NUTS2024_0": "IT" }, "geometry": { "type": "Point", "coordinates": [ 11.962908761097559, 45.544755099748592 ] } },
{ "type": "Feature", "properties": { "DIST_BORD": 127657.59, "TOT_P_2018": 131.0, "TOT_P_2006": 80.0, "GRD_ID": "CRS3035RES1000mN2494000E4475000", "TOT_P_2011": 121.0, "TOT_P_2021": 182.0, "Y_LLC": 2494000, "CNTR_ID": "IT", "NUTS2016_3": "ITH36", "NUTS2016_2": "ITH3", "NUTS2016_1": "ITH", "NUTS2016_0": "IT", "LAND_PC": 100.0, "X_LLC": 4475000, "NUTS2021_3": "ITH36", "NUTS2021_2": "ITH3", "DIST_COAST": 21579.1, "NUTS2021_1": "ITH", "NUTS2021_0": "IT", "NUTS2024_3": "ITH36", "NUTS2024_2": "ITH3", "NUTS2024_1": "ITH", "NUTS2024_0": "IT" }, "geometry": { "type": "Point", "coordinates": [ 11.975691283688352, 45.544517079092699 ] } },
{ "type": "Feature", "properties": { "DIST_BORD": 126757.71, "TOT_P_2018": 202.0, "TOT_P_2006": 119.0, "GRD_ID": "CRS3035RES1000mN2494000E4476000", "TOT_P_2011": 194.0, "TOT_P_2021": 246.0, "Y_LLC": 2494000, "CNTR_ID": "IT", "NUTS2016_3": "ITH35-ITH36", "NUTS2016_2": "ITH3", "NUTS2016_1": "ITH", "NUTS2016_0": "IT", "LAND_PC": 100.0, "X_LLC": 4476000, "NUTS2021_3": "ITH35-ITH36", "NUTS2021_2": "ITH3", "DIST_COAST": 20961.89, "NUTS2021_1": "ITH", "NUTS2021_0": "IT", "NUTS2024_3": "ITH35-ITH36", "NUTS2024_2": "ITH3", "NUTS2024_1": "ITH", "NUTS2024_0": "IT" }, "geometry": { "type": "Point", "coordinates": [ 11.988473705943788, 45.5442775138293 ] } },
{ "type": "Feature", "properties": { "DIST_BORD": 125859.34, "TOT_P_2018": 180.0, "TOT_P_2006": 73.0, "GRD_ID": "CRS3035RES1000mN2494000E4477000", "TOT_P_2011": 172.0, "TOT_P_2021": 298.0, "Y_LLC": 2494000, "CNTR_ID": "IT", "NUTS2016_3": "ITH35-ITH36", "NUTS2016_2": "ITH3", "NUTS2016_1": "ITH", "NUTS2016_0": "IT", "LAND_PC": 100.0, "X_LLC": 4477000, "NUTS2021_3": "ITH35-ITH36", "NUTS2021_2": "ITH3", "DIST_COAST": 20375.08, "NUTS2021_1": "ITH", "NUTS2021_0": "IT", "NUTS2024_3": "ITH35-ITH36", "NUTS2024_2": "ITH3", "NUTS2024_1": "ITH", "NUTS2024_0": "IT" }, "geometry": { "type": "Point", "coordinates": [ 12.001256027136261, 45.544036403972385 ] } },
{ "type": "Feature", "properties": { "DIST_BORD": 124962.51, "TOT_P_2018": 222.0, "TOT_P_2006": 162.0, "GRD_ID": "CRS3035RES1000mN2494000E4478000", "TOT_P_2011": 199.0, "TOT_P_2021": 200.0, "Y_LLC": 2494000, "CNTR_ID": "IT", "NUTS2016_3": "ITH35-ITH36", "NUTS2016_2": "ITH3", "NUTS2016_1": "ITH", "NUTS2016_0": "IT", "LAND_PC": 100.0, "X_LLC": 4478000, "NUTS2021_3": "ITH35-ITH36", "NUTS2021_2": "ITH3", "DIST_COAST": 19821.38, "NUTS2021_1": "ITH", "NUTS2021_0": "IT", "NUTS2024_3": "ITH35-ITH36", "NUTS2024_2": "ITH3", "NUTS2024_1": "ITH", "NUTS2024_0": "IT" }, "geometry": { "type": "Point", "coordinates": [ 12.014038246623768, 45.5437937496093 ] } },
{ "type": "Feature", "properties": { "DIST_BORD": 124067.26, "TOT_P_2018": 118.0, "TOT_P_2006": 13.0, "GRD_ID": "CRS3035RES1000mN2494000E4479000", "TOT_P_2011": 114.0, "TOT_P_2021": 202.0, "Y_LLC": 2494000, "CNTR_ID": "IT", "NUTS2016_3": "ITH35-ITH36", "NUTS2016_2": "ITH3", "NUTS2016_1": "ITH", "NUTS2016_0": "IT", "LAND_PC": 100.0, "X_LLC": 4479000, "NUTS2021_3": "ITH35-ITH36", "NUTS2021_2": "ITH3", "DIST_COAST": 19303.64, "NUTS2021_1": "ITH", "NUTS2021_0": "IT", "NUTS2024_3": "ITH35-ITH36", "NUTS2024_2": "ITH3", "NUTS2024_1": "ITH", "NUTS2024_0": "IT" }, "geometry": { "type": "Point", "coordinates": [ 12.026820363778878, 45.543549550723924 ] } },
{ "type": "Feature", "properties": { "DIST_BORD": 139023.65, "TOT_P_2018": 88.0, "TOT_P_2006": 55.0, "GRD_ID": "CRS3035RES1000mN2495000E4451000", "TOT_P_2011": 94.0, "TOT_P_2021": 20.0, "Y_LLC": 2495000, "CNTR_ID": "IT", "NUTS2016_3": "ITH32-ITH36", "NUTS2016_2": "ITH3", "NUTS2016_1": "ITH", "NUTS2016_0": "IT", "LAND_PC": 100.0, "X_LLC": 4451000, "NUTS2021_3": "ITH32-ITH36", "NUTS2021_2": "ITH3", "DIST_COAST": 41596.65, "NUTS2021_1": "ITH", "NUTS2021_0": "IT", "NUTS2024_3": "ITH32-ITH36", "NUTS2024_2": "ITH3", "NUTS2024_1": "ITH", "NUTS2024_0": "IT" }, "geometry": { "type": "Point", "coordinates": [ 11.669158337710423, 45.558811248107425 ] } },
{ "type": "Feature", "properties": { "DIST_BORD": 138620.36, "TOT_P_2018": 282.0, "TOT_P_2006": 127.0, "GRD_ID": "CRS3035RES1000mN2495000E4452000", "TOT_P_2011": 302.0, "TOT_P_2021": 337.0, "Y_LLC": 2495000, "CNTR_ID": "IT", "NUTS2016_3": "ITH32-ITH36", "NUTS2016_2": "ITH3", "NUTS2016_1": "ITH", "NUTS2016_0": "IT", "LAND_PC": 100.0, "X_LLC": 4452000, "NUTS2021_3": "ITH32-ITH36", "NUTS2021_2": "ITH3", "DIST_COAST": 40694.29, "NUTS2021_1": "ITH", "NUTS2021_0": "IT", "NUTS2024_3": "ITH32-ITH36", "NUTS2024_2": "ITH3", "NUTS2024_1": "ITH", "NUTS2024_0": "IT" }, "geometry": { "type": "Point", "coordinates": [ 11.681945086119745, 45.558608719460821 ] } },
{ "type": "Feature", "properties": { "DIST_BORD": 138223.12, "TOT_P_2018": 151.0, "TOT_P_2006": 16.0, "GRD_ID": "CRS3035RES1000mN2495000E4453000", "TOT_P_2011": 145.0, "TOT_P_2021": 111.0, "Y_LLC": 2495000, "CNTR_ID": "IT", "NUTS2016_3": "ITH32-ITH36", "NUTS2016_2": "ITH3", "NUTS2016_1": "ITH", "NUTS2016_0": "IT", "LAND_PC": 100.0, "X_LLC": 4453000, "NUTS2021_3": "ITH32-ITH36", "NUTS2021_2": "ITH3", "DIST_COAST": 39796.58, "NUTS2021_1": "ITH", "NUTS2021_0": "IT", "NUTS2024_3": "ITH32-ITH36", "NUTS2024_2": "ITH3", "NUTS2024_1": "ITH", "NUTS2024_0": "IT" }, "geometry": { "type": "Point", "coordinates": [ 11.694731748892078, 45.558404645482568 ] } },
{ "type": "Feature", "properties": { "DIST_BORD": 137832.0, "TOT_P_2018": 544.0, "TOT_P_2006": 144.0, "GRD_ID": "CRS3035RES1000mN2495000E4454000", "TOT_P_2011": 583.0, "TOT_P_2021": 639.0, "Y_LLC": 2495000, "CNTR_ID": "IT", "NUTS2016_3": "ITH32-ITH36", "NUTS2016_2": "ITH3", "NUTS2016_1": "ITH", "NUTS2016_0": "IT", "LAND_PC": 100.0, "X_LLC": 4454000, "NUTS2021_3": "ITH32-ITH36", "NUTS2021_2": "ITH3", "DIST_COAST": 38903.87, "NUTS2021_1": "ITH", "NUTS2021_0": "IT", "NUTS2024_3": "ITH32-ITH36", "NUTS2024_2": "ITH3", "NUTS2024_1": "ITH", "NUTS2024_0": "IT" }, "geometry": { "type": "Point", "coordinates": [ 11.70751832564601, 45.558199026239279 ] } },
{ "type": "Feature", "properties": { "DIST_BORD": 137447.03, "TOT_P_2018": 56.0, "TOT_P_2006": 0.0, "GRD_ID": "CRS3035RES1000mN2495000E4455000", "TOT_P_2011": 60.0, "TOT_P_2021": 52.0, "Y_LLC": 2495000, "CNTR_ID": "IT", "NUTS2016_3": "ITH32-ITH36", "NUTS2016_2": "ITH3", "NUTS2016_1": "ITH", "NUTS2016_0": "IT", "LAND_PC": 100.0, "X_LLC": 4455000, "NUTS2021_3": "ITH32-ITH36", "NUTS2021_2": "ITH3", "DIST_COAST": 38016.5, "NUTS2021_1": "ITH", "NUTS2021_0": "IT", "NUTS2024_3": "ITH32-ITH36", "NUTS2024_2": "ITH3", "NUTS2024_1": "ITH", "NUTS2024_0": "IT" }, "geometry": { "type": "Point", "coordinates": [ 11.720304815412412, 45.557991861733321 ] } },
{ "type": "Feature", "properties": { "DIST_BORD": 137068.28, "TOT_P_2018": 150.0, "TOT_P_2006": 0.0, "GRD_ID": "CRS3035RES1000mN2495000E4456000", "TOT_P_2011": 95.0, "TOT_P_2021": 74.0, "Y_LLC": 2495000, "CNTR_ID": "IT", "NUTS2016_3": "ITH32-ITH36", "NUTS2016_2": "ITH3", "NUTS2016_1": "ITH", "NUTS2016_0": "IT", "LAND_PC": 100.0, "X_LLC": 4456000, "NUTS2021_3": "ITH32-ITH36", "NUTS2021_2": "ITH3", "DIST_COAST": 37134.86, "NUTS2021_1": "ITH", "NUTS2021_0": "IT", "NUTS2024_3": "ITH32-ITH36", "NUTS2024_2": "ITH3", "NUTS2024_1": "ITH", "NUTS2024_0": "IT" }, "geometry": { "type": "Point", "coordinates": [ 11.733091217804377, 45.557783151991174 ] } },
{ "type": "Feature", "properties": { "DIST_BORD": 136695.8, "TOT_P_2018": 930.0, "TOT_P_2006": 17.0, "GRD_ID": "CRS3035RES1000mN2495000E4457000", "TOT_P_2011": 455.0, "TOT_P_2021": 240.0, "Y_LLC": 2495000, "CNTR_ID": "IT", "NUTS2016_3": "ITH32-ITH36", "NUTS2016_2": "ITH3", "NUTS2016_1": "ITH", "NUTS2016_0": "IT", "LAND_PC": 100.0, "X_LLC": 4457000, "NUTS2021_3": "ITH32-ITH36", "NUTS2021_2": "ITH3", "DIST_COAST": 36259.36, "NUTS2021_1": "ITH", "NUTS2021_0": "IT", "NUTS2024_3": "ITH32-ITH36", "NUTS2024_2": "ITH3", "NUTS2024_1": "ITH", "NUTS2024_0": "IT" }, "geometry": { "type": "Point", "coordinates": [ 11.745877532023734, 45.557572897020336 ] } },
{ "type": "Feature", "properties": { "DIST_BORD": 136329.64, "TOT_P_2018": 294.0, "TOT_P_2006": 0.0, "GRD_ID": "CRS3035RES1000mN2495000E4458000", "TOT_P_2011": 286.0, "TOT_P_2021": 466.0, "Y_LLC": 2495000, "CNTR_ID": "IT", "NUTS2016_3": "ITH32-ITH36", "NUTS2016_2": "ITH3", "NUTS2016_1": "ITH", "NUTS2016_0": "IT", "LAND_PC": 100.0, "X_LLC": 4458000, "NUTS2021_3": "ITH32-ITH36", "NUTS2021_2": "ITH3", "DIST_COAST": 35390.46, "NUTS2021_1": "ITH", "NUTS2021_0": "IT", "NUTS2024_3": "ITH32-ITH36", "NUTS2024_2": "ITH3", "NUTS2024_1": "ITH", "NUTS2024_0": "IT" }, "geometry": { "type": "Point", "coordinates": [ 11.758663757434022, 45.557361096807696 ] } },
{ "type": "Feature", "properties": { "DIST_BORD": 135964.25, "TOT_P_2018": 24.0, "TOT_P_2006": 0.0, "GRD_ID": "CRS3035RES1000mN2495000E4459000", "TOT_P_2011": 23.0, "TOT_P_2021": 102.0, "Y_LLC": 2495000, "CNTR_ID": "IT", "NUTS2016_3": "ITH36", "NUTS2016_2": "ITH3", "NUTS2016_1": "ITH", "NUTS2016_0": "IT", "LAND_PC": 100.0, "X_LLC": 4459000, "NUTS2021_3": "ITH36", "NUTS2021_2": "ITH3", "DIST_COAST": 34528.65, "NUTS2021_1": "ITH", "NUTS2021_0": "IT", "NUTS2024_3": "ITH36", "NUTS2024_2": "ITH3", "NUTS2024_1": "ITH", "NUTS2024_0": "IT" }, "geometry": { "type": "Point", "coordinates": [ 11.771449893491068, 45.557147751474339 ] } },
{ "type": "Feature", "properties": { "DIST_BORD": 135589.45, "TOT_P_2018": 105.0, "TOT_P_2006": 0.0, "GRD_ID": "CRS3035RES1000mN2495000E4460000", "TOT_P_2011": 102.0, "TOT_P_2021": 58.0, "Y_LLC": 2495000, "CNTR_ID": "IT", "NUTS2016_3": "ITH36", "NUTS2016_2": "ITH3", "NUTS2016_1": "ITH", "NUTS2016_0": "IT", "LAND_PC": 97.46, "X_LLC": 4460000, "NUTS2021_3": "ITH36", "NUTS2021_2": "ITH3", "DIST_COAST": 33674.48, "NUTS2021_1": "ITH", "NUTS2021_0": "IT", "NUTS2024_3": "ITH36", "NUTS2024_2": "ITH3", "NUTS2024_1": "ITH", "NUTS2024_0": "IT" }, "geometry": { "type": "Point", "coordinates": [ 11.78423593940699, 45.556932860934594 ] } },
{ "type": "Feature", "properties": { "DIST_BORD": 135221.0, "TOT_P_2018": 25.0, "TOT_P_2006": 0.0, "GRD_ID": "CRS3035RES1000mN2495000E4461000", "TOT_P_2011": 26.0, "TOT_P_2021": 127.0, "Y_LLC": 2495000, "CNTR_ID": "IT", "NUTS2016_3": "ITH36", "NUTS2016_2": "ITH3", "NUTS2016_1": "ITH", "NUTS2016_0": "IT", "LAND_PC": 88.83, "X_LLC": 4461000, "NUTS2021_3": "ITH36", "NUTS2021_2": "ITH3", "DIST_COAST": 32828.56, "NUTS2021_1": "ITH", "NUTS2021_0": "IT", "NUTS2024_3": "ITH36", "NUTS2024_2": "ITH3", "NUTS2024_1": "ITH", "NUTS2024_0": "IT" }, "geometry": { "type": "Point", "coordinates": [ 11.797021894571904, 45.55671642528435 ] } },
{ "type": "Feature", "properties": { "DIST_BORD": 134858.97, "TOT_P_2018": 169.0, "TOT_P_2006": 98.0, "GRD_ID": "CRS3035RES1000mN2495000E4462000", "TOT_P_2011": 166.0, "TOT_P_2021": 163.0, "Y_LLC": 2495000, "CNTR_ID": "IT", "NUTS2016_3": "ITH36", "NUTS2016_2": "ITH3", "NUTS2016_1": "ITH", "NUTS2016_0": "IT", "LAND_PC": 100.0, "X_LLC": 4462000, "NUTS2021_3": "ITH36", "NUTS2021_2": "ITH3", "DIST_COAST": 31991.52, "NUTS2021_1": "ITH", "NUTS2021_0": "IT", "NUTS2024_3": "ITH36", "NUTS2024_2": "ITH3", "NUTS2024_1": "ITH", "NUTS2024_0": "IT" }, "geometry": { "type": "Point", "coordinates": [ 11.809807758468516, 45.5564984444825 ] } },
{ "type": "Feature", "properties": { "DIST_BORD": 134503.39, "TOT_P_2018": 268.0, "TOT_P_2006": 91.0, "GRD_ID": "CRS3035RES1000mN2495000E4463000", "TOT_P_2011": 274.0, "TOT_P_2021": 331.0, "Y_LLC": 2495000, "CNTR_ID": "IT", "NUTS2016_3": "ITH36", "NUTS2016_2": "ITH3", "NUTS2016_1": "ITH", "NUTS2016_0": "IT", "LAND_PC": 100.0, "X_LLC": 4463000, "NUTS2021_3": "ITH36", "NUTS2021_2": "ITH3", "DIST_COAST": 31164.09, "NUTS2021_1": "ITH", "NUTS2021_0": "IT", "NUTS2024_3": "ITH36", "NUTS2024_2": "ITH3", "NUTS2024_1": "ITH", "NUTS2024_0": "IT" }, "geometry": { "type": "Point", "coordinates": [ 11.822593530203045, 45.556278918535675 ] } },
{ "type": "Feature", "properties": { "DIST_BORD": 134133.42, "TOT_P_2018": 387.0, "TOT_P_2006": 374.0, "GRD_ID": "CRS3035RES1000mN2495000E4464000", "TOT_P_2011": 415.0, "TOT_P_2021": 402.0, "Y_LLC": 2495000, "CNTR_ID": "IT", "NUTS2016_3": "ITH36", "NUTS2016_2": "ITH3", "NUTS2016_1": "ITH", "NUTS2016_0": "IT", "LAND_PC": 100.0, "X_LLC": 4464000, "NUTS2021_3": "ITH36", "NUTS2021_2": "ITH3", "DIST_COAST": 30347.06, "NUTS2021_1": "ITH", "NUTS2021_0": "IT", "NUTS2024_3": "ITH36", "NUTS2024_2": "ITH3", "NUTS2024_1": "ITH", "NUTS2024_0": "IT" }, "geometry": { "type": "Point", "coordinates": [ 11.835379209354731, 45.556057847526844 ] } },
{ "type": "Feature", "properties": { "DIST_BORD": 133743.63, "TOT_P_2018": 174.0, "TOT_P_2006": 47.0, "GRD_ID": "CRS3035RES1000mN2495000E4465000", "TOT_P_2011": 74.0, "TOT_P_2021": 326.0, "Y_LLC": 2495000, "CNTR_ID": "IT", "NUTS2016_3": "ITH36", "NUTS2016_2": "ITH3", "NUTS2016_1": "ITH", "NUTS2016_0": "IT", "LAND_PC": 100.0, "X_LLC": 4465000, "NUTS2021_3": "ITH36", "NUTS2021_2": "ITH3", "DIST_COAST": 29541.28, "NUTS2021_1": "ITH", "NUTS2021_0": "IT", "NUTS2024_3": "ITH36", "NUTS2024_2": "ITH3", "NUTS2024_1": "ITH", "NUTS2024_0": "IT" }, "geometry": { "type": "Point", "coordinates": [ 11.848164795155851, 45.555835231431949 ] } },
{ "type": "Feature", "properties": { "DIST_BORD": 133360.2, "TOT_P_2018": 47.0, "TOT_P_2006": 0.0, "GRD_ID": "CRS3035RES1000mN2495000E4466000", "TOT_P_2011": 70.0, "TOT_P_2021": 80.0, "Y_LLC": 2495000, "CNTR_ID": "IT", "NUTS2016_3": "ITH36", "NUTS2016_2": "ITH3", "NUTS2016_1": "ITH", "NUTS2016_0": "IT", "LAND_PC": 100.0, "X_LLC": 4466000, "NUTS2021_3": "ITH36", "NUTS2021_2": "ITH3", "DIST_COAST": 28747.7, "NUTS2021_1": "ITH", "NUTS2021_0": "IT", "NUTS2024_3": "ITH36", "NUTS2024_2": "ITH3", "NUTS2024_1": "ITH", "NUTS2024_0": "IT" }, "geometry": { "type": "Point", "coordinates": [ 11.860950286984636, 45.555611070253249 ] } },
{ "type": "Feature", "properties": { "DIST_BORD": 132983.18, "TOT_P_2018": 178.0, "TOT_P_2006": 36.0, "GRD_ID": "CRS3035RES1000mN2495000E4467000", "TOT_P_2011": 161.0, "TOT_P_2021": 253.0, "Y_LLC": 2495000, "CNTR_ID": "IT", "NUTS2016_3": "ITH36", "NUTS2016_2": "ITH3", "NUTS2016_1": "ITH", "NUTS2016_0": "IT", "LAND_PC": 100.0, "X_LLC": 4467000, "NUTS2021_3": "ITH36", "NUTS2021_2": "ITH3", "DIST_COAST": 27967.37, "NUTS2021_1": "ITH", "NUTS2021_0": "IT", "NUTS2024_3": "ITH36", "NUTS2024_2": "ITH3", "NUTS2024_1": "ITH", "NUTS2024_0": "IT" }, "geometry": { "type": "Point", "coordinates": [ 11.87373568424772, 45.555385364012075 ] } },
{ "type": "Feature", "properties": { "DIST_BORD": 132612.63, "TOT_P_2018": 322.0, "TOT_P_2006": 40.0, "GRD_ID": "CRS3035RES1000mN2495000E4468000", "TOT_P_2011": 278.0, "TOT_P_2021": 339.0, "Y_LLC": 2495000, "CNTR_ID": "IT", "NUTS2016_3": "ITH36", "NUTS2016_2": "ITH3", "NUTS2016_1": "ITH", "NUTS2016_0": "IT", "LAND_PC": 100.0, "X_LLC": 4468000, "NUTS2021_3": "ITH36", "NUTS2021_2": "ITH3", "DIST_COAST": 27201.41, "NUTS2021_1": "ITH", "NUTS2021_0": "IT", "NUTS2024_3": "ITH36", "NUTS2024_2": "ITH3", "NUTS2024_1": "ITH", "NUTS2024_0": "IT" }, "geometry": { "type": "Point", "coordinates": [ 11.886520986216979, 45.555158112817423 ] } },
{ "type": "Feature", "properties": { "DIST_BORD": 132248.61, "TOT_P_2018": 220.0, "TOT_P_2006": 62.0, "GRD_ID": "CRS3035RES1000mN2495000E4469000", "TOT_P_2011": 194.0, "TOT_P_2021": 238.0, "Y_LLC": 2495000, "CNTR_ID": "IT", "NUTS2016_3": "ITH36", "NUTS2016_2": "ITH3", "NUTS2016_1": "ITH", "NUTS2016_0": "IT", "LAND_PC": 100.0, "X_LLC": 4469000, "NUTS2021_3": "ITH36", "NUTS2021_2": "ITH3", "DIST_COAST": 26451.09, "NUTS2021_1": "ITH", "NUTS2021_0": "IT", "NUTS2024_3": "ITH36", "NUTS2024_2": "ITH3", "NUTS2024_1": "ITH", "NUTS2024_0": "IT" }, "geometry": { "type": "Point", "coordinates": [ 11.899306192223785, 45.554929316538512 ] } },
{ "type": "Feature", "properties": { "DIST_BORD": 131761.98, "TOT_P_2018": 401.0, "TOT_P_2006": 281.0, "GRD_ID": "CRS3035RES1000mN2495000E4470000", "TOT_P_2011": 373.0, "TOT_P_2021": 411.0, "Y_LLC": 2495000, "CNTR_ID": "IT", "NUTS2016_3": "ITH36", "NUTS2016_2": "ITH3", "NUTS2016_1": "ITH", "NUTS2016_0": "IT", "LAND_PC": 100.0, "X_LLC": 4470000, "NUTS2021_3": "ITH36", "NUTS2021_2": "ITH3", "DIST_COAST": 25717.76, "NUTS2021_1": "ITH", "NUTS2021_0": "IT", "NUTS2024_3": "ITH36", "NUTS2024_2": "ITH3", "NUTS2024_1": "ITH", "NUTS2024_0": "IT" }, "geometry": { "type": "Point", "coordinates": [ 11.91209130178313, 45.554698975366293 ] } },
{ "type": "Feature", "properties": { "DIST_BORD": 130852.11, "TOT_P_2018": 434.0, "TOT_P_2006": 516.0, "GRD_ID": "CRS3035RES1000mN2495000E4471000", "TOT_P_2011": 399.0, "TOT_P_2021": 276.0, "Y_LLC": 2495000, "CNTR_ID": "IT", "NUTS2016_3": "ITH36", "NUTS2016_2": "ITH3", "NUTS2016_1": "ITH", "NUTS2016_0": "IT", "LAND_PC": 100.0, "X_LLC": 4471000, "NUTS2021_3": "ITH36", "NUTS2021_2": "ITH3", "DIST_COAST": 25002.93, "NUTS2021_1": "ITH", "NUTS2021_0": "IT", "NUTS2024_3": "ITH36", "NUTS2024_2": "ITH3", "NUTS2024_1": "ITH", "NUTS2024_0": "IT" }, "geometry": { "type": "Point", "coordinates": [ 11.924876313880878, 45.554467089138335 ] } },
{ "type": "Feature", "properties": { "DIST_BORD": 129943.57, "TOT_P_2018": 359.0, "TOT_P_2006": 546.0, "GRD_ID": "CRS3035RES1000mN2495000E4472000", "TOT_P_2011": 356.0, "TOT_P_2021": 267.0, "Y_LLC": 2495000, "CNTR_ID": "IT", "NUTS2016_3": "ITH36", "NUTS2016_2": "ITH3", "NUTS2016_1": "ITH", "NUTS2016_0": "IT", "LAND_PC": 100.0, "X_LLC": 4472000, "NUTS2021_3": "ITH36", "NUTS2021_2": "ITH3", "DIST_COAST": 24308.22, "NUTS2021_1": "ITH", "NUTS2021_0": "IT", "NUTS2024_3": "ITH36", "NUTS2024_2": "ITH3", "NUTS2024_1": "ITH", "NUTS2024_0": "IT" }, "geometry": { "type": "Point", "coordinates": [ 11.937661228426473, 45.554233657982614 ] } },
{ "type": "Feature", "properties": { "DIST_BORD": 129036.38, "TOT_P_2018": 75.0, "TOT_P_2006": 140.0, "GRD_ID": "CRS3035RES1000mN2495000E4473000", "TOT_P_2011": 65.0, "TOT_P_2021": 109.0, "Y_LLC": 2495000, "CNTR_ID": "IT", "NUTS2016_3": "ITH36", "NUTS2016_2": "ITH3", "NUTS2016_1": "ITH", "NUTS2016_0": "IT", "LAND_PC": 100.0, "X_LLC": 4473000, "NUTS2021_3": "ITH36", "NUTS2021_2": "ITH3", "DIST_COAST": 23635.42, "NUTS2021_1": "ITH", "NUTS2021_0": "IT", "NUTS2024_3": "ITH36", "NUTS2024_2": "ITH3", "NUTS2024_1": "ITH", "NUTS2024_0": "IT" }, "geometry": { "type": "Point", "coordinates": [ 11.950446044284336, 45.55399868190873 ] } },
{ "type": "Feature", "properties": { "DIST_BORD": 128130.58, "TOT_P_2018": 208.0, "TOT_P_2006": 245.0, "GRD_ID": "CRS3035RES1000mN2495000E4474000", "TOT_P_2011": 197.0, "TOT_P_2021": 303.0, "Y_LLC": 2495000, "CNTR_ID": "IT", "NUTS2016_3": "ITH36", "NUTS2016_2": "ITH3", "NUTS2016_1": "ITH", "NUTS2016_0": "IT", "LAND_PC": 100.0, "X_LLC": 4474000, "NUTS2021_3": "ITH36", "NUTS2021_2": "ITH3", "DIST_COAST": 22986.44, "NUTS2021_1": "ITH", "NUTS2021_0": "IT", "NUTS2024_3": "ITH36", "NUTS2024_2": "ITH3", "NUTS2024_1": "ITH", "NUTS2024_0": "IT" }, "geometry": { "type": "Point", "coordinates": [ 11.963230761090889, 45.553762161000982 ] } },
{ "type": "Feature", "properties": { "DIST_BORD": 127226.18, "TOT_P_2018": 200.0, "TOT_P_2006": 373.0, "GRD_ID": "CRS3035RES1000mN2495000E4475000", "TOT_P_2011": 184.0, "TOT_P_2021": 267.0, "Y_LLC": 2495000, "CNTR_ID": "IT", "NUTS2016_3": "ITH36", "NUTS2016_2": "ITH3", "NUTS2016_1": "ITH", "NUTS2016_0": "IT", "LAND_PC": 100.0, "X_LLC": 4475000, "NUTS2021_3": "ITH36", "NUTS2021_2": "ITH3", "DIST_COAST": 22363.35, "NUTS2021_1": "ITH", "NUTS2021_0": "IT", "NUTS2024_3": "ITH36", "NUTS2024_2": "ITH3", "NUTS2024_1": "ITH", "NUTS2024_0": "IT" }, "geometry": { "type": "Point", "coordinates": [ 11.976015377950304, 45.553524095064105 ] } },
{ "type": "Feature", "properties": { "DIST_BORD": 126323.23, "TOT_P_2018": 426.0, "TOT_P_2006": 175.0, "GRD_ID": "CRS3035RES1000mN2495000E4476000", "TOT_P_2011": 394.0, "TOT_P_2021": 233.0, "Y_LLC": 2495000, "CNTR_ID": "IT", "NUTS2016_3": "ITH36", "NUTS2016_2": "ITH3", "NUTS2016_1": "ITH", "NUTS2016_0": "IT", "LAND_PC": 100.0, "X_LLC": 4476000, "NUTS2021_3": "ITH36", "NUTS2021_2": "ITH3", "DIST_COAST": 21768.39, "NUTS2021_1": "ITH", "NUTS2021_0": "IT", "NUTS2024_3": "ITH36", "NUTS2024_2": "ITH3", "NUTS2024_1": "ITH", "NUTS2024_0": "IT" }, "geometry": { "type": "Point", "coordinates": [ 11.98879989446724, 45.55328448427516 ] } },
{ "type": "Feature", "properties": { "DIST_BORD": 125421.74, "TOT_P_2018": 1023.0, "TOT_P_2006": 1013.0, "GRD_ID": "CRS3035RES1000mN2495000E4477000", "TOT_P_2011": 968.0, "TOT_P_2021": 1248.0, "Y_LLC": 2495000, "CNTR_ID": "IT", "NUTS2016_3": "ITH36", "NUTS2016_2": "ITH3", "NUTS2016_1": "ITH", "NUTS2016_0": "IT", "LAND_PC": 100.0, "X_LLC": 4477000, "NUTS2021_3": "ITH36", "NUTS2021_2": "ITH3", "DIST_COAST": 21203.91, "NUTS2021_1": "ITH", "NUTS2021_0": "IT", "NUTS2024_3": "ITH36", "NUTS2024_2": "ITH3", "NUTS2024_1": "ITH", "NUTS2024_0": "IT" }, "geometry": { "type": "Point", "coordinates": [ 12.001584309870537, 45.553043328710466 ] } },
{ "type": "Feature", "properties": { "DIST_BORD": 124521.77, "TOT_P_2018": 1151.0, "TOT_P_2006": 1573.0, "GRD_ID": "CRS3035RES1000mN2495000E4478000", "TOT_P_2011": 1090.0, "TOT_P_2021": 866.0, "Y_LLC": 2495000, "CNTR_ID": "IT", "NUTS2016_3": "ITH35-ITH36", "NUTS2016_2": "ITH3", "NUTS2016_1": "ITH", "NUTS2016_0": "IT", "LAND_PC": 100.0, "X_LLC": 4478000, "NUTS2021_3": "ITH35-ITH36", "NUTS2021_2": "ITH3", "DIST_COAST": 20672.43, "NUTS2021_1": "ITH", "NUTS2021_0": "IT", "NUTS2024_3": "ITH35-ITH36", "NUTS2024_2": "ITH3", "NUTS2024_1": "ITH", "NUTS2024_0": "IT" }, "geometry": { "type": "Point", "coordinates": [ 12.014368623481046, 45.552800628237847 ] } },
{ "type": "Feature", "properties": { "DIST_BORD": 123623.33, "TOT_P_2018": 780.0, "TOT_P_2006": 834.0, "GRD_ID": "CRS3035RES1000mN2495000E4479000", "TOT_P_2011": 749.0, "TOT_P_2021": 861.0, "Y_LLC": 2495000, "CNTR_ID": "IT", "NUTS2016_3": "ITH35-ITH36", "NUTS2016_2": "ITH3", "NUTS2016_1": "ITH", "NUTS2016_0": "IT", "LAND_PC": 100.0, "X_LLC": 4479000, "NUTS2021_3": "ITH35-ITH36", "NUTS2021_2": "ITH3", "DIST_COAST": 20176.53, "NUTS2021_1": "ITH", "NUTS2021_0": "IT", "NUTS2024_3": "ITH35-ITH36", "NUTS2024_2": "ITH3", "NUTS2024_1": "ITH", "NUTS2024_0": "IT" }, "geometry": { "type": "Point", "coordinates": [ 12.02715283477383, 45.552556383034428 ] } },
{ "type": "Feature", "properties": { "DIST_BORD": 137704.55, "TOT_P_2018": 51.0, "TOT_P_2006": 116.0, "GRD_ID": "CRS3035RES1000mN2496000E4452000", "TOT_P_2011": 55.0, "TOT_P_2021": 61.0, "Y_LLC": 2496000, "CNTR_ID": "IT", "NUTS2016_3": "ITH32-ITH36", "NUTS2016_2": "ITH3", "NUTS2016_1": "ITH", "NUTS2016_0": "IT", "LAND_PC": 100.0, "X_LLC": 4452000, "NUTS2021_3": "ITH32-ITH36", "NUTS2021_2": "ITH3", "DIST_COAST": 41139.84, "NUTS2021_1": "ITH", "NUTS2021_0": "IT", "NUTS2024_3": "ITH32-ITH36", "NUTS2024_2": "ITH3", "NUTS2024_1": "ITH", "NUTS2024_0": "IT" }, "geometry": { "type": "Point", "coordinates": [ 11.682221112912123, 45.567616646851697 ] } },
{ "type": "Feature", "properties": { "DIST_BORD": 137304.66, "TOT_P_2018": 34.0, "TOT_P_2006": 0.0, "GRD_ID": "CRS3035RES1000mN2496000E4453000", "TOT_P_2011": 36.0, "TOT_P_2021": 75.0, "Y_LLC": 2496000, "CNTR_ID": "IT", "NUTS2016_3": "ITH32-ITH36", "NUTS2016_2": "ITH3", "NUTS2016_1": "ITH", "NUTS2016_0": "IT", "LAND_PC": 100.0, "X_LLC": 4453000, "NUTS2021_3": "ITH32-ITH36", "NUTS2021_2": "ITH3", "DIST_COAST": 40252.08, "NUTS2021_1": "ITH", "NUTS2021_0": "IT", "NUTS2024_3": "ITH32-ITH36", "NUTS2024_2": "ITH3", "NUTS2024_1": "ITH", "NUTS2024_0": "IT" }, "geometry": { "type": "Point", "coordinates": [ 11.695009872421222, 45.567412534087815 ] } },
{ "type": "Feature", "properties": { "DIST_BORD": 136910.91, "TOT_P_2018": 40.0, "TOT_P_2006": 4.0, "GRD_ID": "CRS3035RES1000mN2496000E4454000", "TOT_P_2011": 43.0, "TOT_P_2021": 58.0, "Y_LLC": 2496000, "CNTR_ID": "IT", "NUTS2016_3": "ITH32-ITH36", "NUTS2016_2": "ITH3", "NUTS2016_1": "ITH", "NUTS2016_0": "IT", "LAND_PC": 100.0, "X_LLC": 4454000, "NUTS2021_3": "ITH32-ITH36", "NUTS2021_2": "ITH3", "DIST_COAST": 39369.7, "NUTS2021_1": "ITH", "NUTS2021_0": "IT", "NUTS2024_3": "ITH32-ITH36", "NUTS2024_2": "ITH3", "NUTS2024_1": "ITH", "NUTS2024_0": "IT" }, "geometry": { "type": "Point", "coordinates": [ 11.707798545520291, 45.567206875751438 ] } },
{ "type": "Feature", "properties": { "DIST_BORD": 136523.35, "TOT_P_2018": 100.0, "TOT_P_2006": 65.0, "GRD_ID": "CRS3035RES1000mN2496000E4455000", "TOT_P_2011": 105.0, "TOT_P_2021": 62.0, "Y_LLC": 2496000, "CNTR_ID": "IT", "NUTS2016_3": "ITH32-ITH36", "NUTS2016_2": "ITH3", "NUTS2016_1": "ITH", "NUTS2016_0": "IT", "LAND_PC": 100.0, "X_LLC": 4455000, "NUTS2021_3": "ITH32-ITH36", "NUTS2021_2": "ITH3", "DIST_COAST": 38493.07, "NUTS2021_1": "ITH", "NUTS2021_0": "IT", "NUTS2024_3": "ITH32-ITH36", "NUTS2024_2": "ITH3", "NUTS2024_1": "ITH", "NUTS2024_0": "IT" }, "geometry": { "type": "Point", "coordinates": [ 11.720587131850721, 45.566999671952729 ] } },
{ "type": "Feature", "properties": { "DIST_BORD": 136142.03, "TOT_P_2018": 131.0, "TOT_P_2006": 0.0, "GRD_ID": "CRS3035RES1000mN2496000E4456000", "TOT_P_2011": 127.0, "TOT_P_2021": 114.0, "Y_LLC": 2496000, "CNTR_ID": "IT", "NUTS2016_3": "ITH32-ITH36", "NUTS2016_2": "ITH3", "NUTS2016_1": "ITH", "NUTS2016_0": "IT", "LAND_PC": 100.0, "X_LLC": 4456000, "NUTS2021_3": "ITH32-ITH36", "NUTS2021_2": "ITH3", "DIST_COAST": 37622.6, "NUTS2021_1": "ITH", "NUTS2021_0": "IT", "NUTS2024_3": "ITH32-ITH36", "NUTS2024_2": "ITH3", "NUTS2024_1": "ITH", "NUTS2024_0": "IT" }, "geometry": { "type": "Point", "coordinates": [ 11.733375630585094, 45.566790922572388 ] } },
{ "type": "Feature", "properties": { "DIST_BORD": 135767.01, "TOT_P_2018": 178.0, "TOT_P_2006": 13.0, "GRD_ID": "CRS3035RES1000mN2496000E4457000", "TOT_P_2011": 173.0, "TOT_P_2021": 208.0, "Y_LLC": 2496000, "CNTR_ID": "IT", "NUTS2016_3": "ITH32-ITH36", "NUTS2016_2": "ITH3", "NUTS2016_1": "ITH", "NUTS2016_0": "IT", "LAND_PC": 100.0, "X_LLC": 4457000, "NUTS2021_3": "ITH32-ITH36", "NUTS2021_2": "ITH3", "DIST_COAST": 36758.71, "NUTS2021_1": "ITH", "NUTS2021_0": "IT", "NUTS2024_3": "ITH32-ITH36", "NUTS2024_2": "ITH3", "NUTS2024_1": "ITH", "NUTS2024_0": "IT" }, "geometry": { "type": "Point", "coordinates": [ 11.746164041227352, 45.566580627660933 ] } },
{ "type": "Feature", "properties": { "DIST_BORD": 135398.33, "TOT_P_2018": 68.0, "TOT_P_2006": 76.0, "GRD_ID": "CRS3035RES1000mN2496000E4458000", "TOT_P_2011": 66.0, "TOT_P_2021": 127.0, "Y_LLC": 2496000, "CNTR_ID": "IT", "NUTS2016_3": "ITH36", "NUTS2016_2": "ITH3", "NUTS2016_1": "ITH", "NUTS2016_0": "IT", "LAND_PC": 100.0, "X_LLC": 4458000, "NUTS2021_3": "ITH36", "NUTS2021_2": "ITH3", "DIST_COAST": 35901.9, "NUTS2021_1": "ITH", "NUTS2021_0": "IT", "NUTS2024_3": "ITH36", "NUTS2024_2": "ITH3", "NUTS2024_1": "ITH", "NUTS2024_0": "IT" }, "geometry": { "type": "Point", "coordinates": [ 11.758952362808071, 45.566368787271166 ] } },
{ "type": "Feature", "properties": { "DIST_BORD": 135036.05, "TOT_P_2018": 67.0, "TOT_P_2006": 0.0, "GRD_ID": "CRS3035RES1000mN2496000E4459000", "TOT_P_2011": 163.0, "TOT_P_2021": 53.0, "Y_LLC": 2496000, "CNTR_ID": "IT", "NUTS2016_3": "ITH36", "NUTS2016_2": "ITH3", "NUTS2016_1": "ITH", "NUTS2016_0": "IT", "LAND_PC": 100.0, "X_LLC": 4459000, "NUTS2021_3": "ITH36", "NUTS2021_2": "ITH3", "DIST_COAST": 35052.67, "NUTS2021_1": "ITH", "NUTS2021_0": "IT", "NUTS2024_3": "ITH36", "NUTS2024_2": "ITH3", "NUTS2024_1": "ITH", "NUTS2024_0": "IT" }, "geometry": { "type": "Point", "coordinates": [ 11.771740595168101, 45.566155401426435 ] } },
{ "type": "Feature", "properties": { "DIST_BORD": 134661.58, "TOT_P_2018": 240.0, "TOT_P_2006": 51.0, "GRD_ID": "CRS3035RES1000mN2496000E4460000", "TOT_P_2011": 240.0, "TOT_P_2021": 14.0, "Y_LLC": 2496000, "CNTR_ID": "IT", "NUTS2016_3": "ITH36", "NUTS2016_2": "ITH3", "NUTS2016_1": "ITH", "NUTS2016_0": "IT", "LAND_PC": 91.87, "X_LLC": 4460000, "NUTS2021_3": "ITH36", "NUTS2021_2": "ITH3", "DIST_COAST": 34211.59, "NUTS2021_1": "ITH", "NUTS2021_0": "IT", "NUTS2024_3": "ITH36", "NUTS2024_2": "ITH3", "NUTS2024_1": "ITH", "NUTS2024_0": "IT" }, "geometry": { "type": "Point", "coordinates": [ 11.784528737228561, 45.565940470118001 ] } },
{ "type": "Feature", "properties": { "DIST_BORD": 134290.59, "TOT_P_2018": 0.0, "TOT_P_2006": 0.0, "GRD_ID": "CRS3035RES1000mN2496000E4461000", "TOT_P_2011": 0.0, "TOT_P_2021": 39.0, "Y_LLC": 2496000, "CNTR_ID": "IT", "NUTS2016_3": "ITH36", "NUTS2016_2": "ITH3", "NUTS2016_1": "ITH", "NUTS2016_0": "IT", "LAND_PC": 85.65, "X_LLC": 4461000, "NUTS2021_3": "ITH36", "NUTS2021_2": "ITH3", "DIST_COAST": 33379.27, "NUTS2021_1": "ITH", "NUTS2021_0": "IT", "NUTS2024_3": "ITH36", "NUTS2024_2": "ITH3", "NUTS2024_1": "ITH", "NUTS2024_0": "IT" }, "geometry": { "type": "Point", "coordinates": [ 11.797316788492571, 45.56572399330544 ] } },
{ "type": "Feature", "properties": { "DIST_BORD": 133926.04, "TOT_P_2018": 197.0, "TOT_P_2006": 127.0, "GRD_ID": "CRS3035RES1000mN2496000E4462000", "TOT_P_2011": 208.0, "TOT_P_2021": 211.0, "Y_LLC": 2496000, "CNTR_ID": "IT", "NUTS2016_3": "ITH36", "NUTS2016_2": "ITH3", "NUTS2016_1": "ITH", "NUTS2016_0": "IT", "LAND_PC": 100.0, "X_LLC": 4462000, "NUTS2021_3": "ITH36", "NUTS2021_2": "ITH3", "DIST_COAST": 32556.4, "NUTS2021_1": "ITH", "NUTS2021_0": "IT", "NUTS2024_3": "ITH36", "NUTS2024_2": "ITH3", "NUTS2024_1": "ITH", "NUTS2024_0": "IT" }, "geometry": { "type": "Point", "coordinates": [ 11.810104748452259, 45.565505971088776 ] } },
{ "type": "Feature", "properties": { "DIST_BORD": 133567.98, "TOT_P_2018": 5.0, "TOT_P_2006": 130.0, "GRD_ID": "CRS3035RES1000mN2496000E4463000", "TOT_P_2011": 124.0, "TOT_P_2021": 186.0, "Y_LLC": 2496000, "CNTR_ID": "IT", "NUTS2016_3": "ITH36", "NUTS2016_2": "ITH3", "NUTS2016_1": "ITH", "NUTS2016_0": "IT", "LAND_PC": 100.0, "X_LLC": 4463000, "NUTS2021_3": "ITH36", "NUTS2021_2": "ITH3", "DIST_COAST": 31743.7, "NUTS2021_1": "ITH", "NUTS2021_0": "IT", "NUTS2024_3": "ITH36", "NUTS2024_2": "ITH3", "NUTS2024_1": "ITH", "NUTS2024_0": "IT" }, "geometry": { "type": "Point", "coordinates": [ 11.822892616201221, 45.565286403487399 ] } },
{ "type": "Feature", "properties": { "DIST_BORD": 133214.44, "TOT_P_2018": 574.0, "TOT_P_2006": 41.0, "GRD_ID": "CRS3035RES1000mN2496000E4464000", "TOT_P_2011": 597.0, "TOT_P_2021": 457.0, "Y_LLC": 2496000, "CNTR_ID": "IT", "NUTS2016_3": "ITH36", "NUTS2016_2": "ITH3", "NUTS2016_1": "ITH", "NUTS2016_0": "IT", "LAND_PC": 100.0, "X_LLC": 4464000, "NUTS2021_3": "ITH36", "NUTS2021_2": "ITH3", "DIST_COAST": 30941.97, "NUTS2021_1": "ITH", "NUTS2021_0": "IT", "NUTS2024_3": "ITH36", "NUTS2024_2": "ITH3", "NUTS2024_1": "ITH", "NUTS2024_0": "IT" }, "geometry": { "type": "Point", "coordinates": [ 11.83568039121718, 45.565065290515058 ] } },
{ "type": "Feature", "properties": { "DIST_BORD": 132821.95, "TOT_P_2018": 175.0, "TOT_P_2006": 0.0, "GRD_ID": "CRS3035RES1000mN2496000E4465000", "TOT_P_2011": 168.0, "TOT_P_2021": 255.0, "Y_LLC": 2496000, "CNTR_ID": "IT", "NUTS2016_3": "ITH36", "NUTS2016_2": "ITH3", "NUTS2016_1": "ITH", "NUTS2016_0": "IT", "LAND_PC": 100.0, "X_LLC": 4465000, "NUTS2021_3": "ITH36", "NUTS2021_2": "ITH3", "DIST_COAST": 30152.1, "NUTS2021_1": "ITH", "NUTS2021_0": "IT", "NUTS2024_3": "ITH36", "NUTS2024_2": "ITH3", "NUTS2024_1": "ITH", "NUTS2024_0": "IT" }, "geometry": { "type": "Point", "coordinates": [ 11.848468072964765, 45.564842632109603 ] } },
{ "type": "Feature", "properties": { "DIST_BORD": 132435.85, "TOT_P_2018": 708.0, "TOT_P_2006": 88.0, "GRD_ID": "CRS3035RES1000mN2496000E4466000", "TOT_P_2011": 677.0, "TOT_P_2021": 326.0, "Y_LLC": 2496000, "CNTR_ID": "IT", "NUTS2016_3": "ITH36", "NUTS2016_2": "ITH3", "NUTS2016_1": "ITH", "NUTS2016_0": "IT", "LAND_PC": 100.0, "X_LLC": 4466000, "NUTS2021_3": "ITH36", "NUTS2021_2": "ITH3", "DIST_COAST": 29375.03, "NUTS2021_1": "ITH", "NUTS2021_0": "IT", "NUTS2024_3": "ITH36", "NUTS2024_2": "ITH3", "NUTS2024_1": "ITH", "NUTS2024_0": "IT" }, "geometry": { "type": "Point", "coordinates": [ 11.861255660563977, 45.564618428409048 ] } },
{ "type": "Feature", "properties": { "DIST_BORD": 132056.2, "TOT_P_2018": 142.0, "TOT_P_2006": 0.0, "GRD_ID": "CRS3035RES1000mN2496000E4467000", "TOT_P_2011": 153.0, "TOT_P_2021": 258.0, "Y_LLC": 2496000, "CNTR_ID": "IT", "NUTS2016_3": "ITH36", "NUTS2016_2": "ITH3", "NUTS2016_1": "ITH", "NUTS2016_0": "IT", "LAND_PC": 100.0, "X_LLC": 4467000, "NUTS2021_3": "ITH36", "NUTS2021_2": "ITH3", "DIST_COAST": 28611.81, "NUTS2021_1": "ITH", "NUTS2021_0": "IT", "NUTS2024_3": "ITH36", "NUTS2024_2": "ITH3", "NUTS2024_1": "ITH", "NUTS2024_0": "IT" }, "geometry": { "type": "Point", "coordinates": [ 11.874043153499521, 45.564392679359422 ] } },
{ "type": "Feature", "properties": { "DIST_BORD": 131683.04, "TOT_P_2018": 176.0, "TOT_P_2006": 0.0, "GRD_ID": "CRS3035RES1000mN2496000E4468000", "TOT_P_2011": 184.0, "TOT_P_2021": 190.0, "Y_LLC": 2496000, "CNTR_ID": "IT", "NUTS2016_3": "ITH36", "NUTS2016_2": "ITH3", "NUTS2016_1": "ITH", "NUTS2016_0": "IT", "LAND_PC": 100.0, "X_LLC": 4468000, "NUTS2021_3": "ITH36", "NUTS2021_2": "ITH3", "DIST_COAST": 27863.57, "NUTS2021_1": "ITH", "NUTS2021_0": "IT", "NUTS2024_3": "ITH36", "NUTS2024_2": "ITH3", "NUTS2024_1": "ITH", "NUTS2024_0": "IT" }, "geometry": { "type": "Point", "coordinates": [ 11.886830551183555, 45.564165384939869 ] } },
{ "type": "Feature", "properties": { "DIST_BORD": 131316.44, "TOT_P_2018": 433.0, "TOT_P_2006": 1153.0, "GRD_ID": "CRS3035RES1000mN2496000E4469000", "TOT_P_2011": 437.0, "TOT_P_2021": 663.0, "Y_LLC": 2496000, "CNTR_ID": "IT", "NUTS2016_3": "ITH36", "NUTS2016_2": "ITH3", "NUTS2016_1": "ITH", "NUTS2016_0": "IT", "LAND_PC": 100.0, "X_LLC": 4469000, "NUTS2021_3": "ITH36", "NUTS2021_2": "ITH3", "DIST_COAST": 27131.57, "NUTS2021_1": "ITH", "NUTS2021_0": "IT", "NUTS2024_3": "ITH36", "NUTS2024_2": "ITH3", "NUTS2024_1": "ITH", "NUTS2024_0": "IT" }, "geometry": { "type": "Point", "coordinates": [ 11.899617852812012, 45.563936545331252 ] } },
{ "type": "Feature", "properties": { "DIST_BORD": 130956.45, "TOT_P_2018": 922.0, "TOT_P_2006": 1334.0, "GRD_ID": "CRS3035RES1000mN2496000E4470000", "TOT_P_2011": 961.0, "TOT_P_2021": 887.0, "Y_LLC": 2496000, "CNTR_ID": "IT", "NUTS2016_3": "ITH36", "NUTS2016_2": "ITH3", "NUTS2016_1": "ITH", "NUTS2016_0": "IT", "LAND_PC": 100.0, "X_LLC": 4470000, "NUTS2021_3": "ITH36", "NUTS2021_2": "ITH3", "DIST_COAST": 26417.14, "NUTS2021_1": "ITH", "NUTS2021_0": "IT", "NUTS2024_3": "ITH36", "NUTS2024_2": "ITH3", "NUTS2024_1": "ITH", "NUTS2024_0": "IT" }, "geometry": { "type": "Point", "coordinates": [ 11.912405057899301, 45.563706160332885 ] } },
{ "type": "Feature", "properties": { "DIST_BORD": 130438.94, "TOT_P_2018": 1419.0, "TOT_P_2006": 2055.0, "GRD_ID": "CRS3035RES1000mN2496000E4471000", "TOT_P_2011": 1406.0, "TOT_P_2021": 1278.0, "Y_LLC": 2496000, "CNTR_ID": "IT", "NUTS2016_3": "ITH36", "NUTS2016_2": "ITH3", "NUTS2016_1": "ITH", "NUTS2016_0": "IT", "LAND_PC": 100.0, "X_LLC": 4471000, "NUTS2021_3": "ITH36", "NUTS2021_2": "ITH3", "DIST_COAST": 25721.75, "NUTS2021_1": "ITH", "NUTS2021_0": "IT", "NUTS2024_3": "ITH36", "NUTS2024_2": "ITH3", "NUTS2024_1": "ITH", "NUTS2024_0": "IT" }, "geometry": { "type": "Point", "coordinates": [ 11.925192165603136, 45.563474230112604 ] } },
{ "type": "Feature", "properties": { "DIST_BORD": 129527.5, "TOT_P_2018": 2306.0, "TOT_P_2006": 2482.0, "GRD_ID": "CRS3035RES1000mN2496000E4472000", "TOT_P_2011": 2274.0, "TOT_P_2021": 2458.0, "Y_LLC": 2496000, "CNTR_ID": "IT", "NUTS2016_3": "ITH36", "NUTS2016_2": "ITH3", "NUTS2016_1": "ITH", "NUTS2016_0": "IT", "LAND_PC": 100.0, "X_LLC": 4472000, "NUTS2021_3": "ITH36", "NUTS2021_2": "ITH3", "DIST_COAST": 25046.99, "NUTS2021_1": "ITH", "NUTS2021_0": "IT", "NUTS2024_3": "ITH36", "NUTS2024_2": "ITH3", "NUTS2024_1": "ITH", "NUTS2024_0": "IT" }, "geometry": { "type": "Point", "coordinates": [ 11.937979175411771, 45.563240754632929 ] } },
{ "type": "Feature", "properties": { "DIST_BORD": 128617.38, "TOT_P_2018": 291.0, "TOT_P_2006": 116.0, "GRD_ID": "CRS3035RES1000mN2496000E4473000", "TOT_P_2011": 263.0, "TOT_P_2021": 272.0, "Y_LLC": 2496000, "CNTR_ID": "IT", "NUTS2016_3": "ITH36", "NUTS2016_2": "ITH3", "NUTS2016_1": "ITH", "NUTS2016_0": "IT", "LAND_PC": 100.0, "X_LLC": 4473000, "NUTS2021_3": "ITH36", "NUTS2021_2": "ITH3", "DIST_COAST": 24394.57, "NUTS2021_1": "ITH", "NUTS2021_0": "IT", "NUTS2024_3": "ITH36", "NUTS2024_2": "ITH3", "NUTS2024_1": "ITH", "NUTS2024_0": "IT" }, "geometry": { "type": "Point", "coordinates": [ 11.95076608678278, 45.563005733994125 ] } },
{ "type": "Feature", "properties": { "DIST_BORD": 127708.6, "TOT_P_2018": 217.0, "TOT_P_2006": 40.0, "GRD_ID": "CRS3035RES1000mN2496000E4474000", "TOT_P_2011": 215.0, "TOT_P_2021": 207.0, "Y_LLC": 2496000, "CNTR_ID": "IT", "NUTS2016_3": "ITH36", "NUTS2016_2": "ITH3", "NUTS2016_1": "ITH", "NUTS2016_0": "IT", "LAND_PC": 100.0, "X_LLC": 4474000, "NUTS2021_3": "ITH36", "NUTS2021_2": "ITH3", "DIST_COAST": 23766.32, "NUTS2021_1": "ITH", "NUTS2021_0": "IT", "NUTS2024_3": "ITH36", "NUTS2024_2": "ITH3", "NUTS2024_1": "ITH", "NUTS2024_0": "IT" }, "geometry": { "type": "Point", "coordinates": [ 11.963552898715053, 45.562769168028765 ] } },
{ "type": "Feature", "properties": { "DIST_BORD": 126801.19, "TOT_P_2018": 181.0, "TOT_P_2006": 276.0, "GRD_ID": "CRS3035RES1000mN2496000E4475000", "TOT_P_2011": 179.0, "TOT_P_2021": 86.0, "Y_LLC": 2496000, "CNTR_ID": "IT", "NUTS2016_3": "ITH36", "NUTS2016_2": "ITH3", "NUTS2016_1": "ITH", "NUTS2016_0": "IT", "LAND_PC": 100.0, "X_LLC": 4475000, "NUTS2021_3": "ITH36", "NUTS2021_2": "ITH3", "DIST_COAST": 23164.23, "NUTS2021_1": "ITH", "NUTS2021_0": "IT", "NUTS2024_3": "ITH36", "NUTS2024_2": "ITH3", "NUTS2024_1": "ITH", "NUTS2024_0": "IT" }, "geometry": { "type": "Point", "coordinates": [ 11.976339610914453, 45.562531057018276 ] } },
{ "type": "Feature", "properties": { "DIST_BORD": 125895.19, "TOT_P_2018": 152.0, "TOT_P_2006": 28.0, "GRD_ID": "CRS3035RES1000mN2496000E4476000", "TOT_P_2011": 149.0, "TOT_P_2021": 256.0, "Y_LLC": 2496000, "CNTR_ID": "IT", "NUTS2016_3": "ITH36", "NUTS2016_2": "ITH3", "NUTS2016_1": "ITH", "NUTS2016_0": "IT", "LAND_PC": 100.0, "X_LLC": 4476000, "NUTS2021_3": "ITH36", "NUTS2021_2": "ITH3", "DIST_COAST": 22590.37, "NUTS2021_1": "ITH", "NUTS2021_0": "IT", "NUTS2024_3": "ITH36", "NUTS2024_2": "ITH3", "NUTS2024_1": "ITH", "NUTS2024_0": "IT" }, "geometry": { "type": "Point", "coordinates": [ 11.989126222625929, 45.562291400793981 ] } },
{ "type": "Feature", "properties": { "DIST_BORD": 124990.62, "TOT_P_2018": 713.0, "TOT_P_2006": 562.0, "GRD_ID": "CRS3035RES1000mN2496000E4477000", "TOT_P_2011": 668.0, "TOT_P_2021": 724.0, "Y_LLC": 2496000, "CNTR_ID": "IT", "NUTS2016_3": "ITH36", "NUTS2016_2": "ITH3", "NUTS2016_1": "ITH", "NUTS2016_0": "IT", "LAND_PC": 100.0, "X_LLC": 4477000, "NUTS2021_3": "ITH36", "NUTS2021_2": "ITH3", "DIST_COAST": 22046.95, "NUTS2021_1": "ITH", "NUTS2021_0": "IT", "NUTS2024_3": "ITH36", "NUTS2024_2": "ITH3", "NUTS2024_1": "ITH", "NUTS2024_0": "IT" }, "geometry": { "type": "Point", "coordinates": [ 12.001912732975299, 45.562050199390441 ] } },
{ "type": "Feature", "properties": { "DIST_BORD": 124087.52, "TOT_P_2018": 262.0, "TOT_P_2006": 219.0, "GRD_ID": "CRS3035RES1000mN2496000E4478000", "TOT_P_2011": 242.0, "TOT_P_2021": 204.0, "Y_LLC": 2496000, "CNTR_ID": "IT", "NUTS2016_3": "ITH35-ITH36", "NUTS2016_2": "ITH3", "NUTS2016_1": "ITH", "NUTS2016_0": "IT", "LAND_PC": 100.0, "X_LLC": 4478000, "NUTS2021_3": "ITH35-ITH36", "NUTS2021_2": "ITH3", "DIST_COAST": 21536.27, "NUTS2021_1": "ITH", "NUTS2021_0": "IT", "NUTS2024_3": "ITH35-ITH36", "NUTS2024_2": "ITH3", "NUTS2024_1": "ITH", "NUTS2024_0": "IT" }, "geometry": { "type": "Point", "coordinates": [ 12.014699141796342, 45.561807452873353 ] } },
{ "type": "Feature", "properties": { "DIST_BORD": 123185.91, "TOT_P_2018": 178.0, "TOT_P_2006": 39.0, "GRD_ID": "CRS3035RES1000mN2496000E4479000", "TOT_P_2011": 174.0, "TOT_P_2021": 155.0, "Y_LLC": 2496000, "CNTR_ID": "IT", "NUTS2016_3": "ITH35-ITH36", "NUTS2016_2": "ITH3", "NUTS2016_1": "ITH", "NUTS2016_0": "IT", "LAND_PC": 100.0, "X_LLC": 4479000, "NUTS2021_3": "ITH35-ITH36", "NUTS2021_2": "ITH3", "DIST_COAST": 20968.59, "NUTS2021_1": "ITH", "NUTS2021_0": "IT", "NUTS2024_3": "ITH35-ITH36", "NUTS2024_2": "ITH3", "NUTS2024_1": "ITH", "NUTS2024_0": "IT" }, "geometry": { "type": "Point", "coordinates": [ 12.027485447915996, 45.561563161244216 ] } },
{ "type": "Feature", "properties": { "DIST_BORD": 137198.59, "TOT_P_2018": 85.0, "TOT_P_2006": 148.0, "GRD_ID": "CRS3035RES1000mN2497000E4451000", "TOT_P_2011": 82.0, "TOT_P_2021": 123.0, "Y_LLC": 2497000, "CNTR_ID": "IT", "NUTS2016_3": "ITH32-ITH36", "NUTS2016_2": "ITH3", "NUTS2016_1": "ITH", "NUTS2016_0": "IT", "LAND_PC": 100.0, "X_LLC": 4451000, "NUTS2021_3": "ITH32-ITH36", "NUTS2021_2": "ITH3", "DIST_COAST": 42487.71, "NUTS2021_1": "ITH", "NUTS2021_0": "IT", "NUTS2024_3": "ITH32-ITH36", "NUTS2024_2": "ITH3", "NUTS2024_1": "ITH", "NUTS2024_0": "IT" }, "geometry": { "type": "Point", "coordinates": [ 11.669706315434418, 45.576827126300877 ] } },
{ "type": "Feature", "properties": { "DIST_BORD": 136789.91, "TOT_P_2018": 473.0, "TOT_P_2006": 340.0, "GRD_ID": "CRS3035RES1000mN2497000E4452000", "TOT_P_2011": 493.0, "TOT_P_2021": 441.0, "Y_LLC": 2497000, "CNTR_ID": "IT", "NUTS2016_3": "ITH32-ITH36", "NUTS2016_2": "ITH3", "NUTS2016_1": "ITH", "NUTS2016_0": "IT", "LAND_PC": 100.0, "X_LLC": 4452000, "NUTS2021_3": "ITH32-ITH36", "NUTS2021_2": "ITH3", "DIST_COAST": 41604.67, "NUTS2021_1": "ITH", "NUTS2021_0": "IT", "NUTS2024_3": "ITH32-ITH36", "NUTS2024_2": "ITH3", "NUTS2024_1": "ITH", "NUTS2024_0": "IT" }, "geometry": { "type": "Point", "coordinates": [ 11.682497257919396, 45.576624520662328 ] } },
{ "type": "Feature", "properties": { "DIST_BORD": 136387.34, "TOT_P_2018": 178.0, "TOT_P_2006": 165.0, "GRD_ID": "CRS3035RES1000mN2497000E4453000", "TOT_P_2011": 133.0, "TOT_P_2021": 118.0, "Y_LLC": 2497000, "CNTR_ID": "IT", "NUTS2016_3": "ITH32-ITH36", "NUTS2016_2": "ITH3", "NUTS2016_1": "ITH", "NUTS2016_0": "IT", "LAND_PC": 100.0, "X_LLC": 4453000, "NUTS2021_3": "ITH32-ITH36", "NUTS2021_2": "ITH3", "DIST_COAST": 40727.04, "NUTS2021_1": "ITH", "NUTS2021_0": "IT", "NUTS2024_3": "ITH32-ITH36", "NUTS2024_2": "ITH3", "NUTS2024_1": "ITH", "NUTS2024_0": "IT" }, "geometry": { "type": "Point", "coordinates": [ 11.695288114821327, 45.576420369137985 ] } },
{ "type": "Feature", "properties": { "DIST_BORD": 135990.94, "TOT_P_2018": 409.0, "TOT_P_2006": 337.0, "GRD_ID": "CRS3035RES1000mN2497000E4454000", "TOT_P_2011": 438.0, "TOT_P_2021": 521.0, "Y_LLC": 2497000, "CNTR_ID": "IT", "NUTS2016_3": "ITH32-ITH36", "NUTS2016_2": "ITH3", "NUTS2016_1": "ITH", "NUTS2016_0": "IT", "LAND_PC": 100.0, "X_LLC": 4454000, "NUTS2021_3": "ITH32-ITH36", "NUTS2021_2": "ITH3", "DIST_COAST": 39855.18, "NUTS2021_1": "ITH", "NUTS2021_0": "IT", "NUTS2024_3": "ITH32-ITH36", "NUTS2024_2": "ITH3", "NUTS2024_1": "ITH", "NUTS2024_0": "IT" }, "geometry": { "type": "Point", "coordinates": [ 11.70807888547689, 45.576214671812345 ] } },
{ "type": "Feature", "properties": { "DIST_BORD": 135600.75, "TOT_P_2018": 23.0, "TOT_P_2006": 2.0, "GRD_ID": "CRS3035RES1000mN2497000E4455000", "TOT_P_2011": 25.0, "TOT_P_2021": 79.0, "Y_LLC": 2497000, "CNTR_ID": "IT", "NUTS2016_3": "ITH32-ITH36", "NUTS2016_2": "ITH3", "NUTS2016_1": "ITH", "NUTS2016_0": "IT", "LAND_PC": 100.0, "X_LLC": 4455000, "NUTS2021_3": "ITH32-ITH36", "NUTS2021_2": "ITH3", "DIST_COAST": 38989.47, "NUTS2021_1": "ITH", "NUTS2021_0": "IT", "NUTS2024_3": "ITH32-ITH36", "NUTS2024_2": "ITH3", "NUTS2024_1": "ITH", "NUTS2024_0": "IT" }, "geometry": { "type": "Point", "coordinates": [ 11.720869569081511, 45.576007428565262 ] } },
{ "type": "Feature", "properties": { "DIST_BORD": 135216.83, "TOT_P_2018": 158.0, "TOT_P_2006": 59.0, "GRD_ID": "CRS3035RES1000mN2497000E4456000", "TOT_P_2011": 159.0, "TOT_P_2021": 161.0, "Y_LLC": 2497000, "CNTR_ID": "IT", "NUTS2016_3": "ITH32-ITH36", "NUTS2016_2": "ITH3", "NUTS2016_1": "ITH", "NUTS2016_0": "IT", "LAND_PC": 100.0, "X_LLC": 4456000, "NUTS2021_3": "ITH32-ITH36", "NUTS2021_2": "ITH3", "DIST_COAST": 38130.32, "NUTS2021_1": "ITH", "NUTS2021_0": "IT", "NUTS2024_3": "ITH32-ITH36", "NUTS2024_2": "ITH3", "NUTS2024_1": "ITH", "NUTS2024_0": "IT" }, "geometry": { "type": "Point", "coordinates": [ 11.733660165096886, 45.575798639561583 ] } },
{ "type": "Feature", "properties": { "DIST_BORD": 134839.23, "TOT_P_2018": 148.0, "TOT_P_2006": 71.0, "GRD_ID": "CRS3035RES1000mN2497000E4457000", "TOT_P_2011": 144.0, "TOT_P_2021": 174.0, "Y_LLC": 2497000, "CNTR_ID": "IT", "NUTS2016_3": "ITH32-ITH36", "NUTS2016_2": "ITH3", "NUTS2016_1": "ITH", "NUTS2016_0": "IT", "LAND_PC": 100.0, "X_LLC": 4457000, "NUTS2021_3": "ITH32-ITH36", "NUTS2021_2": "ITH3", "DIST_COAST": 37278.21, "NUTS2021_1": "ITH", "NUTS2021_0": "IT", "NUTS2024_3": "ITH32-ITH36", "NUTS2024_2": "ITH3", "NUTS2024_1": "ITH", "NUTS2024_0": "IT" }, "geometry": { "type": "Point", "coordinates": [ 11.746450672934607, 45.57558830468416 ] } },
{ "type": "Feature", "properties": { "DIST_BORD": 134468.01, "TOT_P_2018": 0.0, "TOT_P_2006": 0.0, "GRD_ID": "CRS3035RES1000mN2497000E4458000", "TOT_P_2011": 0.0, "TOT_P_2021": 32.0, "Y_LLC": 2497000, "CNTR_ID": "IT", "NUTS2016_3": "ITH36", "NUTS2016_2": "ITH3", "NUTS2016_1": "ITH", "NUTS2016_0": "IT", "LAND_PC": 100.0, "X_LLC": 4458000, "NUTS2021_3": "ITH36", "NUTS2021_2": "ITH3", "DIST_COAST": 36433.61, "NUTS2021_1": "ITH", "NUTS2021_0": "IT", "NUTS2024_3": "ITH36", "NUTS2024_2": "ITH3", "NUTS2024_1": "ITH", "NUTS2024_0": "IT" }, "geometry": { "type": "Point", "coordinates": [ 11.759241091856167, 45.575376424123519 ] } },
{ "type": "Feature", "properties": { "DIST_BORD": 134103.22, "TOT_P_2018": 0.0, "TOT_P_2006": 0.0, "GRD_ID": "CRS3035RES1000mN2497000E4459000", "TOT_P_2011": 0.0, "TOT_P_2021": 39.0, "Y_LLC": 2497000, "CNTR_ID": "IT", "NUTS2016_3": "ITH36", "NUTS2016_2": "ITH3", "NUTS2016_1": "ITH", "NUTS2016_0": "IT", "LAND_PC": 100.0, "X_LLC": 4459000, "NUTS2021_3": "ITH36", "NUTS2021_2": "ITH3", "DIST_COAST": 35597.07, "NUTS2021_1": "ITH", "NUTS2021_0": "IT", "NUTS2024_3": "ITH36", "NUTS2024_2": "ITH3", "NUTS2024_1": "ITH", "NUTS2024_0": "IT" }, "geometry": { "type": "Point", "coordinates": [ 11.77203142120988, 45.575162997664151 ] } },
{ "type": "Feature", "properties": { "DIST_BORD": 133734.75, "TOT_P_2018": 54.0, "TOT_P_2006": 26.0, "GRD_ID": "CRS3035RES1000mN2497000E4460000", "TOT_P_2011": 29.0, "TOT_P_2021": 115.0, "Y_LLC": 2497000, "CNTR_ID": "IT", "NUTS2016_3": "ITH36", "NUTS2016_2": "ITH3", "NUTS2016_1": "ITH", "NUTS2016_0": "IT", "LAND_PC": 100.0, "X_LLC": 4460000, "NUTS2021_3": "ITH36", "NUTS2021_2": "ITH3", "DIST_COAST": 34769.16, "NUTS2021_1": "ITH", "NUTS2021_0": "IT", "NUTS2024_3": "ITH36", "NUTS2024_2": "ITH3", "NUTS2024_1": "ITH", "NUTS2024_0": "IT" }, "geometry": { "type": "Point", "coordinates": [ 11.784821660362077, 45.574948025470306 ] } },
{ "type": "Feature", "properties": { "DIST_BORD": 133361.18, "TOT_P_2018": 466.0, "TOT_P_2006": 109.0, "GRD_ID": "CRS3035RES1000mN2497000E4461000", "TOT_P_2011": 423.0, "TOT_P_2021": 157.0, "Y_LLC": 2497000, "CNTR_ID": "IT", "NUTS2016_3": "ITH36", "NUTS2016_2": "ITH3", "NUTS2016_1": "ITH", "NUTS2016_0": "IT", "LAND_PC": 100.0, "X_LLC": 4461000, "NUTS2021_3": "ITH36", "NUTS2021_2": "ITH3", "DIST_COAST": 33950.52, "NUTS2021_1": "ITH", "NUTS2021_0": "IT", "NUTS2024_3": "ITH36", "NUTS2024_2": "ITH3", "NUTS2024_1": "ITH", "NUTS2024_0": "IT" }, "geometry": { "type": "Point", "coordinates": [ 11.797611808629167, 45.5747315076202 ] } },
{ "type": "Feature", "properties": { "DIST_BORD": 132994.08, "TOT_P_2018": 416.0, "TOT_P_2006": 810.0, "GRD_ID": "CRS3035RES1000mN2497000E4462000", "TOT_P_2011": 440.0, "TOT_P_2021": 499.0, "Y_LLC": 2497000, "CNTR_ID": "IT", "NUTS2016_3": "ITH36", "NUTS2016_2": "ITH3", "NUTS2016_1": "ITH", "NUTS2016_0": "IT", "LAND_PC": 100.0, "X_LLC": 4462000, "NUTS2021_3": "ITH36", "NUTS2021_2": "ITH3", "DIST_COAST": 33141.83, "NUTS2021_1": "ITH", "NUTS2021_0": "IT", "NUTS2024_3": "ITH36", "NUTS2024_2": "ITH3", "NUTS2024_1": "ITH", "NUTS2024_0": "IT" }, "geometry": { "type": "Point", "coordinates": [ 11.810401865540905, 45.574513444027829 ] } },
{ "type": "Feature", "properties": { "DIST_BORD": 132633.51, "TOT_P_2018": 57.0, "TOT_P_2006": 9.0, "GRD_ID": "CRS3035RES1000mN2497000E4463000", "TOT_P_2011": 60.0, "TOT_P_2021": 146.0, "Y_LLC": 2497000, "CNTR_ID": "IT", "NUTS2016_3": "ITH36", "NUTS2016_2": "ITH3", "NUTS2016_1": "ITH", "NUTS2016_0": "IT", "LAND_PC": 100.0, "X_LLC": 4463000, "NUTS2021_3": "ITH36", "NUTS2021_2": "ITH3", "DIST_COAST": 32343.85, "NUTS2021_1": "ITH", "NUTS2021_0": "IT", "NUTS2024_3": "ITH36", "NUTS2024_2": "ITH3", "NUTS2024_1": "ITH", "NUTS2024_0": "IT" }, "geometry": { "type": "Point", "coordinates": [ 11.823191830121706, 45.574293834725907 ] } },
{ "type": "Feature", "properties": { "DIST_BORD": 132279.51, "TOT_P_2018": 12.0, "TOT_P_2006": 0.0, "GRD_ID": "CRS3035RES1000mN2497000E4464000", "TOT_P_2011": 0.0, "TOT_P_2021": 100.0, "Y_LLC": 2497000, "CNTR_ID": "IT", "NUTS2016_3": "ITH36", "NUTS2016_2": "ITH3", "NUTS2016_1": "ITH", "NUTS2016_0": "IT", "LAND_PC": 100.0, "X_LLC": 4464000, "NUTS2021_3": "ITH36", "NUTS2021_2": "ITH3", "DIST_COAST": 31557.37, "NUTS2021_1": "ITH", "NUTS2021_0": "IT", "NUTS2024_3": "ITH36", "NUTS2024_2": "ITH3", "NUTS2024_1": "ITH", "NUTS2024_0": "IT" }, "geometry": { "type": "Point", "coordinates": [ 11.835981702023034, 45.574072679728872 ] } },
{ "type": "Feature", "properties": { "DIST_BORD": 131901.41, "TOT_P_2018": 141.0, "TOT_P_2006": 12.0, "GRD_ID": "CRS3035RES1000mN2497000E4465000", "TOT_P_2011": 100.0, "TOT_P_2021": 73.0, "Y_LLC": 2497000, "CNTR_ID": "IT", "NUTS2016_3": "ITH36", "NUTS2016_2": "ITH3", "NUTS2016_1": "ITH", "NUTS2016_0": "IT", "LAND_PC": 100.0, "X_LLC": 4465000, "NUTS2021_3": "ITH36", "NUTS2021_2": "ITH3", "DIST_COAST": 30783.29, "NUTS2021_1": "ITH", "NUTS2021_0": "IT", "NUTS2024_3": "ITH36", "NUTS2024_2": "ITH3", "NUTS2024_1": "ITH", "NUTS2024_0": "IT" }, "geometry": { "type": "Point", "coordinates": [ 11.848771480522872, 45.573849979081977 ] } },
{ "type": "Feature", "properties": { "DIST_BORD": 131512.61, "TOT_P_2018": 208.0, "TOT_P_2006": 37.0, "GRD_ID": "CRS3035RES1000mN2497000E4466000", "TOT_P_2011": 124.0, "TOT_P_2021": 293.0, "Y_LLC": 2497000, "CNTR_ID": "IT", "NUTS2016_3": "ITH36", "NUTS2016_2": "ITH3", "NUTS2016_1": "ITH", "NUTS2016_0": "IT", "LAND_PC": 100.0, "X_LLC": 4466000, "NUTS2021_3": "ITH36", "NUTS2021_2": "ITH3", "DIST_COAST": 30022.56, "NUTS2021_1": "ITH", "NUTS2021_0": "IT", "NUTS2024_3": "ITH36", "NUTS2024_2": "ITH3", "NUTS2024_1": "ITH", "NUTS2024_0": "IT" }, "geometry": { "type": "Point", "coordinates": [ 11.861561164758788, 45.573625732726128 ] } },
{ "type": "Feature", "properties": { "DIST_BORD": 131130.29, "TOT_P_2018": 16.0, "TOT_P_2006": 2.0, "GRD_ID": "CRS3035RES1000mN2497000E4467000", "TOT_P_2011": 88.0, "TOT_P_2021": 106.0, "Y_LLC": 2497000, "CNTR_ID": "IT", "NUTS2016_3": "ITH36", "NUTS2016_2": "ITH3", "NUTS2016_1": "ITH", "NUTS2016_0": "IT", "LAND_PC": 100.0, "X_LLC": 4467000, "NUTS2021_3": "ITH36", "NUTS2021_2": "ITH3", "DIST_COAST": 29276.22, "NUTS2021_1": "ITH", "NUTS2021_0": "IT", "NUTS2024_3": "ITH36", "NUTS2024_2": "ITH3", "NUTS2024_1": "ITH", "NUTS2024_0": "IT" }, "geometry": { "type": "Point", "coordinates": [ 11.874350754451296, 45.573399940794083 ] } },
{ "type": "Feature", "properties": { "DIST_BORD": 130754.49, "TOT_P_2018": 438.0, "TOT_P_2006": 116.0, "GRD_ID": "CRS3035RES1000mN2497000E4468000", "TOT_P_2011": 437.0, "TOT_P_2021": 295.0, "Y_LLC": 2497000, "CNTR_ID": "IT", "NUTS2016_3": "ITH36", "NUTS2016_2": "ITH3", "NUTS2016_1": "ITH", "NUTS2016_0": "IT", "LAND_PC": 100.0, "X_LLC": 4468000, "NUTS2021_3": "ITH36", "NUTS2021_2": "ITH3", "DIST_COAST": 28545.41, "NUTS2021_1": "ITH", "NUTS2021_0": "IT", "NUTS2024_3": "ITH36", "NUTS2024_2": "ITH3", "NUTS2024_1": "ITH", "NUTS2024_0": "IT" }, "geometry": { "type": "Point", "coordinates": [ 11.887140248634754, 45.57317260329463 ] } },
{ "type": "Feature", "properties": { "DIST_BORD": 130385.28, "TOT_P_2018": 392.0, "TOT_P_2006": 647.0, "GRD_ID": "CRS3035RES1000mN2497000E4469000", "TOT_P_2011": 411.0, "TOT_P_2021": 269.0, "Y_LLC": 2497000, "CNTR_ID": "IT", "NUTS2016_3": "ITH36", "NUTS2016_2": "ITH3", "NUTS2016_1": "ITH", "NUTS2016_0": "IT", "LAND_PC": 100.0, "X_LLC": 4469000, "NUTS2021_3": "ITH36", "NUTS2021_2": "ITH3", "DIST_COAST": 27831.35, "NUTS2021_1": "ITH", "NUTS2021_0": "IT", "NUTS2024_3": "ITH36", "NUTS2024_2": "ITH3", "NUTS2024_1": "ITH", "NUTS2024_0": "IT" }, "geometry": { "type": "Point", "coordinates": [ 11.899929646844104, 45.572943720131683 ] } },
{ "type": "Feature", "properties": { "DIST_BORD": 130022.71, "TOT_P_2018": 366.0, "TOT_P_2006": 203.0, "GRD_ID": "CRS3035RES1000mN2497000E4470000", "TOT_P_2011": 326.0, "TOT_P_2021": 464.0, "Y_LLC": 2497000, "CNTR_ID": "IT", "NUTS2016_3": "ITH36", "NUTS2016_2": "ITH3", "NUTS2016_1": "ITH", "NUTS2016_0": "IT", "LAND_PC": 100.0, "X_LLC": 4470000, "NUTS2021_3": "ITH36", "NUTS2021_2": "ITH3", "DIST_COAST": 27135.35, "NUTS2021_1": "ITH", "NUTS2021_0": "IT", "NUTS2024_3": "ITH36", "NUTS2024_2": "ITH3", "NUTS2024_1": "ITH", "NUTS2024_0": "IT" }, "geometry": { "type": "Point", "coordinates": [ 11.9127189482628, 45.572713291434475 ] } },
{ "type": "Feature", "properties": { "DIST_BORD": 129666.84, "TOT_P_2018": 1738.0, "TOT_P_2006": 1582.0, "GRD_ID": "CRS3035RES1000mN2497000E4471000", "TOT_P_2011": 1693.0, "TOT_P_2021": 1638.0, "Y_LLC": 2497000, "CNTR_ID": "IT", "NUTS2016_3": "ITH36", "NUTS2016_2": "ITH3", "NUTS2016_1": "ITH", "NUTS2016_0": "IT", "LAND_PC": 100.0, "X_LLC": 4471000, "NUTS2021_3": "ITH36", "NUTS2021_2": "ITH3", "DIST_COAST": 26458.84, "NUTS2021_1": "ITH", "NUTS2021_0": "IT", "NUTS2024_3": "ITH36", "NUTS2024_2": "ITH3", "NUTS2024_1": "ITH", "NUTS2024_0": "IT" }, "geometry": { "type": "Point", "coordinates": [ 11.925508152384767, 45.572481317207469 ] } },
{ "type": "Feature", "properties": { "DIST_BORD": 129117.83, "TOT_P_2018": 2075.0, "TOT_P_2006": 1735.0, "GRD_ID": "CRS3035RES1000mN2497000E4472000", "TOT_P_2011": 2059.0, "TOT_P_2021": 2010.0, "Y_LLC": 2497000, "CNTR_ID": "IT", "NUTS2016_3": "ITH36", "NUTS2016_2": "ITH3", "NUTS2016_1": "ITH", "NUTS2016_0": "IT", "LAND_PC": 100.0, "X_LLC": 4472000, "NUTS2021_3": "ITH36", "NUTS2021_2": "ITH3", "DIST_COAST": 25803.36, "NUTS2021_1": "ITH", "NUTS2021_0": "IT", "NUTS2024_3": "ITH36", "NUTS2024_2": "ITH3", "NUTS2024_1": "ITH", "NUTS2024_0": "IT" }, "geometry": { "type": "Point", "coordinates": [ 11.938297258562015, 45.572247797357832 ] } },
{ "type": "Feature", "properties": { "DIST_BORD": 128204.8, "TOT_P_2018": 212.0, "TOT_P_2006": 86.0, "GRD_ID": "CRS3035RES1000mN2497000E4473000", "TOT_P_2011": 217.0, "TOT_P_2021": 218.0, "Y_LLC": 2497000, "CNTR_ID": "IT", "NUTS2016_3": "ITH36", "NUTS2016_2": "ITH3", "NUTS2016_1": "ITH", "NUTS2016_0": "IT", "LAND_PC": 100.0, "X_LLC": 4473000, "NUTS2021_3": "ITH36", "NUTS2021_2": "ITH3", "DIST_COAST": 25170.55, "NUTS2021_1": "ITH", "NUTS2021_0": "IT", "NUTS2024_3": "ITH36", "NUTS2024_2": "ITH3", "NUTS2024_1": "ITH", "NUTS2024_0": "IT" }, "geometry": { "type": "Point", "coordinates": [ 11.951086266043122, 45.572012732025179 ] } },
{ "type": "Feature", "properties": { "DIST_BORD": 127293.08, "TOT_P_2018": 360.0, "TOT_P_2006": 245.0, "GRD_ID": "CRS3035RES1000mN2497000E4474000", "TOT_P_2011": 321.0, "TOT_P_2021": 238.0, "Y_LLC": 2497000, "CNTR_ID": "IT", "NUTS2016_3": "ITH36", "NUTS2016_2": "ITH3", "NUTS2016_1": "ITH", "NUTS2016_0": "IT", "LAND_PC": 100.0, "X_LLC": 4474000, "NUTS2021_3": "ITH36", "NUTS2021_2": "ITH3", "DIST_COAST": 24562.17, "NUTS2021_1": "ITH", "NUTS2021_0": "IT", "NUTS2024_3": "ITH36", "NUTS2024_2": "ITH3", "NUTS2024_1": "ITH", "NUTS2024_0": "IT" }, "geometry": { "type": "Point", "coordinates": [ 11.963875174333081, 45.571776121254928 ] } },
{ "type": "Feature", "properties": { "DIST_BORD": 126382.69, "TOT_P_2018": 847.0, "TOT_P_2006": 1254.0, "GRD_ID": "CRS3035RES1000mN2497000E4475000", "TOT_P_2011": 837.0, "TOT_P_2021": 861.0, "Y_LLC": 2497000, "CNTR_ID": "IT", "NUTS2016_3": "ITH36", "NUTS2016_2": "ITH3", "NUTS2016_1": "ITH", "NUTS2016_0": "IT", "LAND_PC": 100.0, "X_LLC": 4475000, "NUTS2021_3": "ITH36", "NUTS2021_2": "ITH3", "DIST_COAST": 23980.06, "NUTS2021_1": "ITH", "NUTS2021_0": "IT", "NUTS2024_3": "ITH36", "NUTS2024_2": "ITH3", "NUTS2024_1": "ITH", "NUTS2024_0": "IT" }, "geometry": { "type": "Point", "coordinates": [ 11.976663982622183, 45.571537964919401 ] } },
{ "type": "Feature", "properties": { "DIST_BORD": 125473.66, "TOT_P_2018": 194.0, "TOT_P_2006": 73.0, "GRD_ID": "CRS3035RES1000mN2497000E4476000", "TOT_P_2011": 194.0, "TOT_P_2021": 197.0, "Y_LLC": 2497000, "CNTR_ID": "IT", "NUTS2016_3": "ITH36", "NUTS2016_2": "ITH3", "NUTS2016_1": "ITH", "NUTS2016_0": "IT", "LAND_PC": 100.0, "X_LLC": 4476000, "NUTS2021_3": "ITH36", "NUTS2021_2": "ITH3", "DIST_COAST": 23426.19, "NUTS2021_1": "ITH", "NUTS2021_0": "IT", "NUTS2024_3": "ITH36", "NUTS2024_2": "ITH3", "NUTS2024_1": "ITH", "NUTS2024_0": "IT" }, "geometry": { "type": "Point", "coordinates": [ 11.989452690258323, 45.571298263144079 ] } },
{ "type": "Feature", "properties": { "DIST_BORD": 124566.03, "TOT_P_2018": 162.0, "TOT_P_2006": 214.0, "GRD_ID": "CRS3035RES1000mN2497000E4477000", "TOT_P_2011": 163.0, "TOT_P_2021": 295.0, "Y_LLC": 2497000, "CNTR_ID": "IT", "NUTS2016_3": "ITH36", "NUTS2016_2": "ITH3", "NUTS2016_1": "ITH", "NUTS2016_0": "IT", "LAND_PC": 100.0, "X_LLC": 4477000, "NUTS2021_3": "ITH36", "NUTS2021_2": "ITH3", "DIST_COAST": 22902.62, "NUTS2021_1": "ITH", "NUTS2021_0": "IT", "NUTS2024_3": "ITH36", "NUTS2024_2": "ITH3", "NUTS2024_1": "ITH", "NUTS2024_0": "IT" }, "geometry": { "type": "Point", "coordinates": [ 12.002241296819948, 45.571057015985517 ] } },
{ "type": "Feature", "properties": { "DIST_BORD": 123659.83, "TOT_P_2018": 239.0, "TOT_P_2006": 138.0, "GRD_ID": "CRS3035RES1000mN2497000E4478000", "TOT_P_2011": 196.0, "TOT_P_2021": 135.0, "Y_LLC": 2497000, "CNTR_ID": "IT", "NUTS2016_3": "ITH35-ITH36", "NUTS2016_2": "ITH3", "NUTS2016_1": "ITH", "NUTS2016_0": "IT", "LAND_PC": 100.0, "X_LLC": 4478000, "NUTS2021_3": "ITH35-ITH36", "NUTS2021_2": "ITH3", "DIST_COAST": 22376.87, "NUTS2021_1": "ITH", "NUTS2021_0": "IT", "NUTS2024_3": "ITH35-ITH36", "NUTS2024_2": "ITH3", "NUTS2024_1": "ITH", "NUTS2024_0": "IT" }, "geometry": { "type": "Point", "coordinates": [ 12.015029801354293, 45.57081422335925 ] } },
{ "type": "Feature", "properties": { "DIST_BORD": 122755.08, "TOT_P_2018": 54.0, "TOT_P_2006": 0.0, "GRD_ID": "CRS3035RES1000mN2497000E4479000", "TOT_P_2011": 55.0, "TOT_P_2021": 192.0, "Y_LLC": 2497000, "CNTR_ID": "IT", "NUTS2016_3": "ITH35-ITH36", "NUTS2016_2": "ITH3", "NUTS2016_1": "ITH", "NUTS2016_0": "IT", "LAND_PC": 100.0, "X_LLC": 4479000, "NUTS2021_3": "ITH35-ITH36", "NUTS2021_2": "ITH3", "DIST_COAST": 21748.69, "NUTS2021_1": "ITH", "NUTS2021_0": "IT", "NUTS2024_3": "ITH35-ITH36", "NUTS2024_2": "ITH3", "NUTS2024_1": "ITH", "NUTS2024_0": "IT" }, "geometry": { "type": "Point", "coordinates": [ 12.027818203410439, 45.570569885373047 ] } },
{ "type": "Feature", "properties": { "DIST_BORD": 135876.48, "TOT_P_2018": 138.0, "TOT_P_2006": 17.0, "GRD_ID": "CRS3035RES1000mN2498000E4452000", "TOT_P_2011": 148.0, "TOT_P_2021": 60.0, "Y_LLC": 2498000, "CNTR_ID": "IT", "NUTS2016_3": "ITH32-ITH36", "NUTS2016_2": "ITH3", "NUTS2016_1": "ITH", "NUTS2016_0": "IT", "LAND_PC": 100.0, "X_LLC": 4452000, "NUTS2021_3": "ITH32-ITH36", "NUTS2021_2": "ITH3", "DIST_COAST": 42088.13, "NUTS2021_1": "ITH", "NUTS2021_0": "IT", "NUTS2024_3": "ITH32-ITH36", "NUTS2024_2": "ITH3", "NUTS2024_1": "ITH", "NUTS2024_0": "IT" }, "geometry": { "type": "Point", "coordinates": [ 11.682773521165013, 45.585632340899885 ] } },
{ "type": "Feature", "properties": { "DIST_BORD": 135471.2, "TOT_P_2018": 14.0, "TOT_P_2006": 6.0, "GRD_ID": "CRS3035RES1000mN2498000E4453000", "TOT_P_2011": 15.0, "TOT_P_2021": 62.0, "Y_LLC": 2498000, "CNTR_ID": "IT", "NUTS2016_3": "ITH32-ITH36", "NUTS2016_2": "ITH3", "NUTS2016_1": "ITH", "NUTS2016_0": "IT", "LAND_PC": 100.0, "X_LLC": 4453000, "NUTS2021_3": "ITH32-ITH36", "NUTS2021_2": "ITH3", "DIST_COAST": 41220.79, "NUTS2021_1": "ITH", "NUTS2021_0": "IT", "NUTS2024_3": "ITH32-ITH36", "NUTS2024_2": "ITH3", "NUTS2024_1": "ITH", "NUTS2024_0": "IT" }, "geometry": { "type": "Point", "coordinates": [ 11.695566476399687, 45.58542815065082 ] } },
{ "type": "Feature", "properties": { "DIST_BORD": 135072.1, "TOT_P_2018": 734.0, "TOT_P_2006": 560.0, "GRD_ID": "CRS3035RES1000mN2498000E4454000", "TOT_P_2011": 763.0, "TOT_P_2021": 766.0, "Y_LLC": 2498000, "CNTR_ID": "IT", "NUTS2016_3": "ITH36", "NUTS2016_2": "ITH3", "NUTS2016_1": "ITH", "NUTS2016_0": "IT", "LAND_PC": 100.0, "X_LLC": 4454000, "NUTS2021_3": "ITH36", "NUTS2021_2": "ITH3", "DIST_COAST": 40359.6, "NUTS2021_1": "ITH", "NUTS2021_0": "IT", "NUTS2024_3": "ITH36", "NUTS2024_2": "ITH3", "NUTS2024_1": "ITH", "NUTS2024_0": "IT" }, "geometry": { "type": "Point", "coordinates": [ 11.708359345361144, 45.585222414168491 ] } },
{ "type": "Feature", "properties": { "DIST_BORD": 134679.25, "TOT_P_2018": 167.0, "TOT_P_2006": 41.0, "GRD_ID": "CRS3035RES1000mN2498000E4455000", "TOT_P_2011": 217.0, "TOT_P_2021": 71.0, "Y_LLC": 2498000, "CNTR_ID": "IT", "NUTS2016_3": "ITH36", "NUTS2016_2": "ITH3", "NUTS2016_1": "ITH", "NUTS2016_0": "IT", "LAND_PC": 100.0, "X_LLC": 4455000, "NUTS2021_3": "ITH36", "NUTS2021_2": "ITH3", "DIST_COAST": 39504.94, "NUTS2021_1": "ITH", "NUTS2021_0": "IT", "NUTS2024_3": "ITH36", "NUTS2024_2": "ITH3", "NUTS2024_1": "ITH", "NUTS2024_0": "IT" }, "geometry": { "type": "Point", "coordinates": [ 11.721152127196568, 45.585015131620246 ] } },
{ "type": "Feature", "properties": { "DIST_BORD": 134292.7, "TOT_P_2018": 175.0, "TOT_P_2006": 114.0, "GRD_ID": "CRS3035RES1000mN2498000E4456000", "TOT_P_2011": 290.0, "TOT_P_2021": 241.0, "Y_LLC": 2498000, "CNTR_ID": "IT", "NUTS2016_3": "ITH36", "NUTS2016_2": "ITH3", "NUTS2016_1": "ITH", "NUTS2016_0": "IT", "LAND_PC": 100.0, "X_LLC": 4456000, "NUTS2021_3": "ITH36", "NUTS2021_2": "ITH3", "DIST_COAST": 38657.26, "NUTS2021_1": "ITH", "NUTS2021_0": "IT", "NUTS2024_3": "ITH36", "NUTS2024_2": "ITH3", "NUTS2024_1": "ITH", "NUTS2024_0": "IT" }, "geometry": { "type": "Point", "coordinates": [ 11.733944821466913, 45.584806302913663 ] } },
{ "type": "Feature", "properties": { "DIST_BORD": 133912.49, "TOT_P_2018": 185.0, "TOT_P_2006": 106.0, "GRD_ID": "CRS3035RES1000mN2498000E4457000", "TOT_P_2011": 177.0, "TOT_P_2021": 214.0, "Y_LLC": 2498000, "CNTR_ID": "IT", "NUTS2016_3": "ITH36", "NUTS2016_2": "ITH3", "NUTS2016_1": "ITH", "NUTS2016_0": "IT", "LAND_PC": 100.0, "X_LLC": 4457000, "NUTS2021_3": "ITH36", "NUTS2021_2": "ITH3", "DIST_COAST": 37817.02, "NUTS2021_1": "ITH", "NUTS2021_0": "IT", "NUTS2024_3": "ITH36", "NUTS2024_2": "ITH3", "NUTS2024_1": "ITH", "NUTS2024_0": "IT" }, "geometry": { "type": "Point", "coordinates": [ 11.746737427374953, 45.584595928169655 ] } },
{ "type": "Feature", "properties": { "DIST_BORD": 133538.7, "TOT_P_2018": 101.0, "TOT_P_2006": 7.0, "GRD_ID": "CRS3035RES1000mN2498000E4458000", "TOT_P_2011": 98.0, "TOT_P_2021": 14.0, "Y_LLC": 2498000, "CNTR_ID": "IT", "NUTS2016_3": "ITH36", "NUTS2016_2": "ITH3", "NUTS2016_1": "ITH", "NUTS2016_0": "IT", "LAND_PC": 100.0, "X_LLC": 4458000, "NUTS2021_3": "ITH36", "NUTS2021_2": "ITH3", "DIST_COAST": 36984.73, "NUTS2021_1": "ITH", "NUTS2021_0": "IT", "NUTS2024_3": "ITH36", "NUTS2024_2": "ITH3", "NUTS2024_1": "ITH", "NUTS2024_0": "IT" }, "geometry": { "type": "Point", "coordinates": [ 11.759529944426518, 45.584384007227207 ] } },
{ "type": "Feature", "properties": { "DIST_BORD": 133171.36, "TOT_P_2018": 99.0, "TOT_P_2006": 0.0, "GRD_ID": "CRS3035RES1000mN2498000E4459000", "TOT_P_2011": 105.0, "TOT_P_2021": 76.0, "Y_LLC": 2498000, "CNTR_ID": "IT", "NUTS2016_3": "ITH36", "NUTS2016_2": "ITH3", "NUTS2016_1": "ITH", "NUTS2016_0": "IT", "LAND_PC": 100.0, "X_LLC": 4459000, "NUTS2021_3": "ITH36", "NUTS2021_2": "ITH3", "DIST_COAST": 36160.94, "NUTS2021_1": "ITH", "NUTS2021_0": "IT", "NUTS2024_3": "ITH36", "NUTS2024_2": "ITH3", "NUTS2024_1": "ITH", "NUTS2024_0": "IT" }, "geometry": { "type": "Point", "coordinates": [ 11.772322371711939, 45.584170540325559 ] } },
{ "type": "Feature", "properties": { "DIST_BORD": 132808.98, "TOT_P_2018": 170.0, "TOT_P_2006": 220.0, "GRD_ID": "CRS3035RES1000mN2498000E4460000", "TOT_P_2011": 169.0, "TOT_P_2021": 172.0, "Y_LLC": 2498000, "CNTR_ID": "IT", "NUTS2016_3": "ITH36", "NUTS2016_2": "ITH3", "NUTS2016_1": "ITH", "NUTS2016_0": "IT", "LAND_PC": 100.0, "X_LLC": 4460000, "NUTS2021_3": "ITH36", "NUTS2021_2": "ITH3", "DIST_COAST": 35346.24, "NUTS2021_1": "ITH", "NUTS2021_0": "IT", "NUTS2024_3": "ITH36", "NUTS2024_2": "ITH3", "NUTS2024_1": "ITH", "NUTS2024_0": "IT" }, "geometry": { "type": "Point", "coordinates": [ 11.785114708896716, 45.583955527340308 ] } },
{ "type": "Feature", "properties": { "DIST_BORD": 132432.8, "TOT_P_2018": 359.0, "TOT_P_2006": 477.0, "GRD_ID": "CRS3035RES1000mN2498000E4461000", "TOT_P_2011": 375.0, "TOT_P_2021": 459.0, "Y_LLC": 2498000, "CNTR_ID": "IT", "NUTS2016_3": "ITH36", "NUTS2016_2": "ITH3", "NUTS2016_1": "ITH", "NUTS2016_0": "IT", "LAND_PC": 100.0, "X_LLC": 4461000, "NUTS2021_3": "ITH36", "NUTS2021_2": "ITH3", "DIST_COAST": 34541.28, "NUTS2021_1": "ITH", "NUTS2021_0": "IT", "NUTS2024_3": "ITH36", "NUTS2024_2": "ITH3", "NUTS2024_1": "ITH", "NUTS2024_0": "IT" }, "geometry": { "type": "Point", "coordinates": [ 11.797906955092605, 45.583738968316901 ] } },
{ "type": "Feature", "properties": { "DIST_BORD": 132063.13, "TOT_P_2018": 597.0, "TOT_P_2006": 870.0, "GRD_ID": "CRS3035RES1000mN2498000E4462000", "TOT_P_2011": 631.0, "TOT_P_2021": 494.0, "Y_LLC": 2498000, "CNTR_ID": "IT", "NUTS2016_3": "ITH36", "NUTS2016_2": "ITH3", "NUTS2016_1": "ITH", "NUTS2016_0": "IT", "LAND_PC": 100.0, "X_LLC": 4462000, "NUTS2021_3": "ITH36", "NUTS2021_2": "ITH3", "DIST_COAST": 33746.75, "NUTS2021_1": "ITH", "NUTS2021_0": "IT", "NUTS2024_3": "ITH36", "NUTS2024_2": "ITH3", "NUTS2024_1": "ITH", "NUTS2024_0": "IT" }, "geometry": { "type": "Point", "coordinates": [ 11.810699109788146, 45.583520863244033 ] } },
{ "type": "Feature", "properties": { "DIST_BORD": 131700.0, "TOT_P_2018": 113.0, "TOT_P_2006": 46.0, "GRD_ID": "CRS3035RES1000mN2498000E4463000", "TOT_P_2011": 104.0, "TOT_P_2021": 182.0, "Y_LLC": 2498000, "CNTR_ID": "IT", "NUTS2016_3": "ITH36", "NUTS2016_2": "ITH3", "NUTS2016_1": "ITH", "NUTS2016_0": "IT", "LAND_PC": 100.0, "X_LLC": 4463000, "NUTS2021_3": "ITH36", "NUTS2021_2": "ITH3", "DIST_COAST": 32963.41, "NUTS2021_1": "ITH", "NUTS2021_0": "IT", "NUTS2024_3": "ITH36", "NUTS2024_2": "ITH3", "NUTS2024_1": "ITH", "NUTS2024_0": "IT" }, "geometry": { "type": "Point", "coordinates": [ 11.823491172173464, 45.583301212249779 ] } },
{ "type": "Feature", "properties": { "DIST_BORD": 131343.49, "TOT_P_2018": 211.0, "TOT_P_2006": 68.0, "GRD_ID": "CRS3035RES1000mN2498000E4464000", "TOT_P_2011": 182.0, "TOT_P_2021": 125.0, "Y_LLC": 2498000, "CNTR_ID": "IT", "NUTS2016_3": "ITH36", "NUTS2016_2": "ITH3", "NUTS2016_1": "ITH", "NUTS2016_0": "IT", "LAND_PC": 100.0, "X_LLC": 4464000, "NUTS2021_3": "ITH36", "NUTS2021_2": "ITH3", "DIST_COAST": 32192.07, "NUTS2021_1": "ITH", "NUTS2021_0": "IT", "NUTS2024_3": "ITH36", "NUTS2024_2": "ITH3", "NUTS2024_1": "ITH", "NUTS2024_0": "IT" }, "geometry": { "type": "Point", "coordinates": [ 11.836283141775157, 45.583080015211891 ] } },
{ "type": "Feature", "properties": { "DIST_BORD": 130982.04, "TOT_P_2018": 286.0, "TOT_P_2006": 656.0, "GRD_ID": "CRS3035RES1000mN2498000E4465000", "TOT_P_2011": 298.0, "TOT_P_2021": 516.0, "Y_LLC": 2498000, "CNTR_ID": "IT", "NUTS2016_3": "ITH36", "NUTS2016_2": "ITH3", "NUTS2016_1": "ITH", "NUTS2016_0": "IT", "LAND_PC": 100.0, "X_LLC": 4465000, "NUTS2021_3": "ITH36", "NUTS2021_2": "ITH3", "DIST_COAST": 31433.62, "NUTS2021_1": "ITH", "NUTS2021_0": "IT", "NUTS2024_3": "ITH36", "NUTS2024_2": "ITH3", "NUTS2024_1": "ITH", "NUTS2024_0": "IT" }, "geometry": { "type": "Point", "coordinates": [ 11.849075017854283, 45.582857272255445 ] } },
{ "type": "Feature", "properties": { "DIST_BORD": 130590.5, "TOT_P_2018": 1192.0, "TOT_P_2006": 2395.0, "GRD_ID": "CRS3035RES1000mN2498000E4466000", "TOT_P_2011": 1347.0, "TOT_P_2021": 1105.0, "Y_LLC": 2498000, "CNTR_ID": "IT", "NUTS2016_3": "ITH36", "NUTS2016_2": "ITH3", "NUTS2016_1": "ITH", "NUTS2016_0": "IT", "LAND_PC": 100.0, "X_LLC": 4466000, "NUTS2021_3": "ITH36", "NUTS2021_2": "ITH3", "DIST_COAST": 30689.02, "NUTS2021_1": "ITH", "NUTS2021_0": "IT", "NUTS2024_3": "ITH36", "NUTS2024_2": "ITH3", "NUTS2024_1": "ITH", "NUTS2024_0": "IT" }, "geometry": { "type": "Point", "coordinates": [ 11.861866799807308, 45.582632983331884 ] } },
{ "type": "Feature", "properties": { "DIST_BORD": 130205.47, "TOT_P_2018": 365.0, "TOT_P_2006": 105.0, "GRD_ID": "CRS3035RES1000mN2498000E4467000", "TOT_P_2011": 368.0, "TOT_P_2021": 294.0, "Y_LLC": 2498000, "CNTR_ID": "IT", "NUTS2016_3": "ITH36", "NUTS2016_2": "ITH3", "NUTS2016_1": "ITH", "NUTS2016_0": "IT", "LAND_PC": 100.0, "X_LLC": 4467000, "NUTS2021_3": "ITH36", "NUTS2021_2": "ITH3", "DIST_COAST": 29959.29, "NUTS2021_1": "ITH", "NUTS2021_0": "IT", "NUTS2024_3": "ITH36", "NUTS2024_2": "ITH3", "NUTS2024_1": "ITH", "NUTS2024_0": "IT" }, "geometry": { "type": "Point", "coordinates": [ 11.874658486990826, 45.582407148525114 ] } },
{ "type": "Feature", "properties": { "DIST_BORD": 129827.0, "TOT_P_2018": 504.0, "TOT_P_2006": 405.0, "GRD_ID": "CRS3035RES1000mN2498000E4468000", "TOT_P_2011": 510.0, "TOT_P_2021": 365.0, "Y_LLC": 2498000, "CNTR_ID": "IT", "NUTS2016_3": "ITH36", "NUTS2016_2": "ITH3", "NUTS2016_1": "ITH", "NUTS2016_0": "IT", "LAND_PC": 100.0, "X_LLC": 4468000, "NUTS2021_3": "ITH36", "NUTS2021_2": "ITH3", "DIST_COAST": 29245.56, "NUTS2021_1": "ITH", "NUTS2021_0": "IT", "NUTS2024_3": "ITH36", "NUTS2024_2": "ITH3", "NUTS2024_1": "ITH", "NUTS2024_0": "IT" }, "geometry": { "type": "Point", "coordinates": [ 11.887450078638219, 45.582179767744037 ] } },
{ "type": "Feature", "properties": { "DIST_BORD": 129455.14, "TOT_P_2018": 1035.0, "TOT_P_2006": 1619.0, "GRD_ID": "CRS3035RES1000mN2498000E4469000", "TOT_P_2011": 1072.0, "TOT_P_2021": 1028.0, "Y_LLC": 2498000, "CNTR_ID": "IT", "NUTS2016_3": "ITH36", "NUTS2016_2": "ITH3", "NUTS2016_1": "ITH", "NUTS2016_0": "IT", "LAND_PC": 100.0, "X_LLC": 4469000, "NUTS2021_3": "ITH36", "NUTS2021_2": "ITH3", "DIST_COAST": 28549.01, "NUTS2021_1": "ITH", "NUTS2021_0": "IT", "NUTS2024_3": "ITH36", "NUTS2024_2": "ITH3", "NUTS2024_1": "ITH", "NUTS2024_0": "IT" }, "geometry": { "type": "Point", "coordinates": [ 11.900241574209854, 45.581950841115116 ] } },
{ "type": "Feature", "properties": { "DIST_BORD": 129089.96, "TOT_P_2018": 366.0, "TOT_P_2006": 269.0, "GRD_ID": "CRS3035RES1000mN2498000E4470000", "TOT_P_2011": 383.0, "TOT_P_2021": 381.0, "Y_LLC": 2498000, "CNTR_ID": "IT", "NUTS2016_3": "ITH36", "NUTS2016_2": "ITH3", "NUTS2016_1": "ITH", "NUTS2016_0": "IT", "LAND_PC": 100.0, "X_LLC": 4470000, "NUTS2021_3": "ITH36", "NUTS2021_2": "ITH3", "DIST_COAST": 27870.93, "NUTS2021_1": "ITH", "NUTS2021_0": "IT", "NUTS2024_3": "ITH36", "NUTS2024_2": "ITH3", "NUTS2024_1": "ITH", "NUTS2024_0": "IT" }, "geometry": { "type": "Point", "coordinates": [ 11.913032973026027, 45.5817203686697 ] } },
{ "type": "Feature", "properties": { "DIST_BORD": 128731.51, "TOT_P_2018": 133.0, "TOT_P_2006": 29.0, "GRD_ID": "CRS3035RES1000mN2498000E4471000", "TOT_P_2011": 132.0, "TOT_P_2021": 244.0, "Y_LLC": 2498000, "CNTR_ID": "IT", "NUTS2016_3": "ITH36", "NUTS2016_2": "ITH3", "NUTS2016_1": "ITH", "NUTS2016_0": "IT", "LAND_PC": 100.0, "X_LLC": 4471000, "NUTS2021_3": "ITH36", "NUTS2021_2": "ITH3", "DIST_COAST": 27212.72, "NUTS2021_1": "ITH", "NUTS2021_0": "IT", "NUTS2024_3": "ITH36", "NUTS2024_2": "ITH3", "NUTS2024_1": "ITH", "NUTS2024_0": "IT" }, "geometry": { "type": "Point", "coordinates": [ 11.925824274417609, 45.58148835026406 ] } },
{ "type": "Feature", "properties": { "DIST_BORD": 128379.85, "TOT_P_2018": 322.0, "TOT_P_2006": 371.0, "GRD_ID": "CRS3035RES1000mN2498000E4472000", "TOT_P_2011": 319.0, "TOT_P_2021": 348.0, "Y_LLC": 2498000, "CNTR_ID": "IT", "NUTS2016_3": "ITH36", "NUTS2016_2": "ITH3", "NUTS2016_1": "ITH", "NUTS2016_0": "IT", "LAND_PC": 100.0, "X_LLC": 4472000, "NUTS2021_3": "ITH36", "NUTS2021_2": "ITH3", "DIST_COAST": 26575.84, "NUTS2021_1": "ITH", "NUTS2021_0": "IT", "NUTS2024_3": "ITH36", "NUTS2024_2": "ITH3", "NUTS2024_1": "ITH", "NUTS2024_0": "IT" }, "geometry": { "type": "Point", "coordinates": [ 11.938615477858596, 45.581254786182235 ] } },
{ "type": "Feature", "properties": { "DIST_BORD": 127798.72, "TOT_P_2018": 154.0, "TOT_P_2006": 1.0, "GRD_ID": "CRS3035RES1000mN2498000E4473000", "TOT_P_2011": 134.0, "TOT_P_2021": 193.0, "Y_LLC": 2498000, "CNTR_ID": "IT", "NUTS2016_3": "ITH36", "NUTS2016_2": "ITH3", "NUTS2016_1": "ITH", "NUTS2016_0": "IT", "LAND_PC": 100.0, "X_LLC": 4473000, "NUTS2021_3": "ITH36", "NUTS2021_2": "ITH3", "DIST_COAST": 25961.87, "NUTS2021_1": "ITH", "NUTS2021_0": "IT", "NUTS2024_3": "ITH36", "NUTS2024_2": "ITH3", "NUTS2024_1": "ITH", "NUTS2024_0": "IT" }, "geometry": { "type": "Point", "coordinates": [ 11.951406582442637, 45.58101967617916 ] } },
{ "type": "Feature", "properties": { "DIST_BORD": 126884.08, "TOT_P_2018": 247.0, "TOT_P_2006": 77.0, "GRD_ID": "CRS3035RES1000mN2498000E4474000", "TOT_P_2011": 255.0, "TOT_P_2021": 190.0, "Y_LLC": 2498000, "CNTR_ID": "IT", "NUTS2016_3": "ITH36", "NUTS2016_2": "ITH3", "NUTS2016_1": "ITH", "NUTS2016_0": "IT", "LAND_PC": 100.0, "X_LLC": 4474000, "NUTS2021_3": "ITH36", "NUTS2021_2": "ITH3", "DIST_COAST": 25372.46, "NUTS2021_1": "ITH", "NUTS2021_0": "IT", "NUTS2024_3": "ITH36", "NUTS2024_2": "ITH3", "NUTS2024_1": "ITH", "NUTS2024_0": "IT" }, "geometry": { "type": "Point", "coordinates": [ 11.964197587783344, 45.580783020429898 ] } },
{ "type": "Feature", "properties": { "DIST_BORD": 125970.73, "TOT_P_2018": 255.0, "TOT_P_2006": 0.0, "GRD_ID": "CRS3035RES1000mN2498000E4475000", "TOT_P_2011": 186.0, "TOT_P_2021": 258.0, "Y_LLC": 2498000, "CNTR_ID": "IT", "NUTS2016_3": "ITH36", "NUTS2016_2": "ITH3", "NUTS2016_1": "ITH", "NUTS2016_0": "IT", "LAND_PC": 100.0, "X_LLC": 4475000, "NUTS2021_3": "ITH36", "NUTS2021_2": "ITH3", "DIST_COAST": 24809.38, "NUTS2021_1": "ITH", "NUTS2021_0": "IT", "NUTS2024_3": "ITH36", "NUTS2024_2": "ITH3", "NUTS2024_1": "ITH", "NUTS2024_0": "IT" }, "geometry": { "type": "Point", "coordinates": [ 11.976988493055361, 45.580544818910035 ] } },
{ "type": "Feature", "properties": { "DIST_BORD": 125058.71, "TOT_P_2018": 115.0, "TOT_P_2006": 13.0, "GRD_ID": "CRS3035RES1000mN2498000E4476000", "TOT_P_2011": 114.0, "TOT_P_2021": 111.0, "Y_LLC": 2498000, "CNTR_ID": "IT", "NUTS2016_3": "ITH36", "NUTS2016_2": "ITH3", "NUTS2016_1": "ITH", "NUTS2016_0": "IT", "LAND_PC": 100.0, "X_LLC": 4476000, "NUTS2021_3": "ITH36", "NUTS2021_2": "ITH3", "DIST_COAST": 24274.44, "NUTS2021_1": "ITH", "NUTS2021_0": "IT", "NUTS2024_3": "ITH36", "NUTS2024_2": "ITH3", "NUTS2024_1": "ITH", "NUTS2024_0": "IT" }, "geometry": { "type": "Point", "coordinates": [ 11.98977929780971, 45.580305071626192 ] } },
{ "type": "Feature", "properties": { "DIST_BORD": 124148.05, "TOT_P_2018": 542.0, "TOT_P_2006": 405.0, "GRD_ID": "CRS3035RES1000mN2498000E4477000", "TOT_P_2011": 524.0, "TOT_P_2021": 538.0, "Y_LLC": 2498000, "CNTR_ID": "IT", "NUTS2016_3": "ITH36", "NUTS2016_2": "ITH3", "NUTS2016_1": "ITH", "NUTS2016_0": "IT", "LAND_PC": 100.0, "X_LLC": 4477000, "NUTS2021_3": "ITH36", "NUTS2021_2": "ITH3", "DIST_COAST": 23769.55, "NUTS2021_1": "ITH", "NUTS2021_0": "IT", "NUTS2024_3": "ITH36", "NUTS2024_2": "ITH3", "NUTS2024_1": "ITH", "NUTS2024_0": "IT" }, "geometry": { "type": "Point", "coordinates": [ 12.00257000120174, 45.580063778629309 ] } },
{ "type": "Feature", "properties": { "DIST_BORD": 123238.77, "TOT_P_2018": 471.0, "TOT_P_2006": 441.0, "GRD_ID": "CRS3035RES1000mN2498000E4478000", "TOT_P_2011": 401.0, "TOT_P_2021": 330.0, "Y_LLC": 2498000, "CNTR_ID": "IT", "NUTS2016_3": "ITH35-ITH36", "NUTS2016_2": "ITH3", "NUTS2016_1": "ITH", "NUTS2016_0": "IT", "LAND_PC": 100.0, "X_LLC": 4478000, "NUTS2021_3": "ITH35-ITH36", "NUTS2021_2": "ITH3", "DIST_COAST": 23152.71, "NUTS2021_1": "ITH", "NUTS2021_0": "IT", "NUTS2024_3": "ITH35-ITH36", "NUTS2024_2": "ITH3", "NUTS2024_1": "ITH", "NUTS2024_0": "IT" }, "geometry": { "type": "Point", "coordinates": [ 12.015360602515845, 45.579820939946757 ] } },
{ "type": "Feature", "properties": { "DIST_BORD": 122330.91, "TOT_P_2018": 204.0, "TOT_P_2006": 264.0, "GRD_ID": "CRS3035RES1000mN2498000E4479000", "TOT_P_2011": 196.0, "TOT_P_2021": 148.0, "Y_LLC": 2498000, "CNTR_ID": "IT", "NUTS2016_3": "ITH35-ITH36", "NUTS2016_2": "ITH3", "NUTS2016_1": "ITH", "NUTS2016_0": "IT", "LAND_PC": 100.0, "X_LLC": 4479000, "NUTS2021_3": "ITH35-ITH36", "NUTS2021_2": "ITH3", "DIST_COAST": 22546.15, "NUTS2021_1": "ITH", "NUTS2021_0": "IT", "NUTS2024_3": "ITH35-ITH36", "NUTS2024_2": "ITH3", "NUTS2024_1": "ITH", "NUTS2024_0": "IT" }, "geometry": { "type": "Point", "coordinates": [ 12.028151101318597, 45.579576555459425 ] } },
{ "type": "Feature", "properties": { "DIST_BORD": 121424.49, "TOT_P_2018": 536.0, "TOT_P_2006": 429.0, "GRD_ID": "CRS3035RES1000mN2498000E4480000", "TOT_P_2011": 486.0, "TOT_P_2021": 449.0, "Y_LLC": 2498000, "CNTR_ID": "IT", "NUTS2016_3": "ITH35-ITH36", "NUTS2016_2": "ITH3", "NUTS2016_1": "ITH", "NUTS2016_0": "IT", "LAND_PC": 100.0, "X_LLC": 4480000, "NUTS2021_3": "ITH35-ITH36", "NUTS2021_2": "ITH3", "DIST_COAST": 21763.01, "NUTS2021_1": "ITH", "NUTS2021_0": "IT", "NUTS2024_3": "ITH35-ITH36", "NUTS2024_2": "ITH3", "NUTS2024_1": "ITH", "NUTS2024_0": "IT" }, "geometry": { "type": "Point", "coordinates": [ 12.040941496974451, 45.579330625404097 ] } },
{ "type": "Feature", "properties": { "DIST_BORD": 120519.56, "TOT_P_2018": 463.0, "TOT_P_2006": 424.0, "GRD_ID": "CRS3035RES1000mN2498000E4481000", "TOT_P_2011": 465.0, "TOT_P_2021": 288.0, "Y_LLC": 2498000, "CNTR_ID": "IT", "NUTS2016_3": "ITH35-ITH36", "NUTS2016_2": "ITH3", "NUTS2016_1": "ITH", "NUTS2016_0": "IT", "LAND_PC": 100.0, "X_LLC": 4481000, "NUTS2021_3": "ITH35-ITH36", "NUTS2021_2": "ITH3", "DIST_COAST": 20899.38, "NUTS2021_1": "ITH", "NUTS2021_0": "IT", "NUTS2024_3": "ITH35-ITH36", "NUTS2024_2": "ITH3", "NUTS2024_1": "ITH", "NUTS2024_0": "IT" }, "geometry": { "type": "Point", "coordinates": [ 12.053731788640599, 45.57908314964255 ] } },
{ "type": "Feature", "properties": { "DIST_BORD": 119616.14, "TOT_P_2018": 428.0, "TOT_P_2006": 164.0, "GRD_ID": "CRS3035RES1000mN2498000E4482000", "TOT_P_2011": 413.0, "TOT_P_2021": 171.0, "Y_LLC": 2498000, "CNTR_ID": "IT", "NUTS2016_3": "ITH35-ITH36", "NUTS2016_2": "ITH3", "NUTS2016_1": "ITH", "NUTS2016_0": "IT", "LAND_PC": 100.0, "X_LLC": 4482000, "NUTS2021_3": "ITH35-ITH36", "NUTS2021_2": "ITH3", "DIST_COAST": 20048.43, "NUTS2021_1": "ITH", "NUTS2021_0": "IT", "NUTS2024_3": "ITH35-ITH36", "NUTS2024_2": "ITH3", "NUTS2024_1": "ITH", "NUTS2024_0": "IT" }, "geometry": { "type": "Point", "coordinates": [ 12.066521975718752, 45.57883412827313 ] } },
{ "type": "Feature", "properties": { "DIST_BORD": 135798.75, "TOT_P_2018": 47.0, "TOT_P_2006": 15.0, "GRD_ID": "CRS3035RES1000mN2499000E4450000", "TOT_P_2011": 48.0, "TOT_P_2021": 2.0, "Y_LLC": 2499000, "CNTR_ID": "IT", "NUTS2016_3": "ITH32-ITH36", "NUTS2016_2": "ITH3", "NUTS2016_1": "ITH", "NUTS2016_0": "IT", "LAND_PC": 100.0, "X_LLC": 4450000, "NUTS2021_3": "ITH32-ITH36", "NUTS2021_2": "ITH3", "DIST_COAST": 44321.39, "NUTS2021_1": "ITH", "NUTS2021_0": "IT", "NUTS2024_3": "ITH32-ITH36", "NUTS2024_2": "ITH3", "NUTS2024_1": "ITH", "NUTS2024_0": "IT" }, "geometry": { "type": "Point", "coordinates": [ 11.65745953698249, 45.595043926543653 ] } },
{ "type": "Feature", "properties": { "DIST_BORD": 135378.46, "TOT_P_2018": 38.0, "TOT_P_2006": 2.0, "GRD_ID": "CRS3035RES1000mN2499000E4451000", "TOT_P_2011": 40.0, "TOT_P_2021": 66.0, "Y_LLC": 2499000, "CNTR_ID": "IT", "NUTS2016_3": "ITH32-ITH36", "NUTS2016_2": "ITH3", "NUTS2016_1": "ITH", "NUTS2016_0": "IT", "LAND_PC": 100.0, "X_LLC": 4451000, "NUTS2021_3": "ITH32-ITH36", "NUTS2021_2": "ITH3", "DIST_COAST": 43452.61, "NUTS2021_1": "ITH", "NUTS2021_0": "IT", "NUTS2024_3": "ITH32-ITH36", "NUTS2024_2": "ITH3", "NUTS2024_1": "ITH", "NUTS2024_0": "IT" }, "geometry": { "type": "Point", "coordinates": [ 11.670254762364495, 45.594842790381037 ] } },
{ "type": "Feature", "properties": { "DIST_BORD": 134964.28, "TOT_P_2018": 31.0, "TOT_P_2006": 14.0, "GRD_ID": "CRS3035RES1000mN2499000E4452000", "TOT_P_2011": 33.0, "TOT_P_2021": 27.0, "Y_LLC": 2499000, "CNTR_ID": "IT", "NUTS2016_3": "ITH32-ITH36", "NUTS2016_2": "ITH3", "NUTS2016_1": "ITH", "NUTS2016_0": "IT", "LAND_PC": 100.0, "X_LLC": 4452000, "NUTS2021_3": "ITH32-ITH36", "NUTS2021_2": "ITH3", "DIST_COAST": 42589.58, "NUTS2021_1": "ITH", "NUTS2021_0": "IT", "NUTS2024_3": "ITH32-ITH36", "NUTS2024_2": "ITH3", "NUTS2024_1": "ITH", "NUTS2024_0": "IT" }, "geometry": { "type": "Point", "coordinates": [ 11.683049902615249, 45.594640107824709 ] } },
{ "type": "Feature", "properties": { "DIST_BORD": 134556.25, "TOT_P_2018": 10.0, "TOT_P_2006": 0.0, "GRD_ID": "CRS3035RES1000mN2499000E4453000", "TOT_P_2011": 15.0, "TOT_P_2021": 56.0, "Y_LLC": 2499000, "CNTR_ID": "IT", "NUTS2016_3": "ITH32-ITH36", "NUTS2016_2": "ITH3", "NUTS2016_1": "ITH", "NUTS2016_0": "IT", "LAND_PC": 100.0, "X_LLC": 4453000, "NUTS2021_3": "ITH32-ITH36", "NUTS2021_2": "ITH3", "DIST_COAST": 41732.67, "NUTS2021_1": "ITH", "NUTS2021_0": "IT", "NUTS2024_3": "ITH32-ITH36", "NUTS2024_2": "ITH3", "NUTS2024_1": "ITH", "NUTS2024_0": "IT" }, "geometry": { "type": "Point", "coordinates": [ 11.695844957148125, 45.594435878725889 ] } },
{ "type": "Feature", "properties": { "DIST_BORD": 134154.43, "TOT_P_2018": 362.0, "TOT_P_2006": 12.0, "GRD_ID": "CRS3035RES1000mN2499000E4454000", "TOT_P_2011": 92.0, "TOT_P_2021": 85.0, "Y_LLC": 2499000, "CNTR_ID": "IT", "NUTS2016_3": "ITH36", "NUTS2016_2": "ITH3", "NUTS2016_1": "ITH", "NUTS2016_0": "IT", "LAND_PC": 100.0, "X_LLC": 4454000, "NUTS2021_3": "ITH36", "NUTS2021_2": "ITH3", "DIST_COAST": 40882.26, "NUTS2021_1": "ITH", "NUTS2021_0": "IT", "NUTS2024_3": "ITH36", "NUTS2024_2": "ITH3", "NUTS2024_1": "ITH", "NUTS2024_0": "IT" }, "geometry": { "type": "Point", "coordinates": [ 11.708639925349662, 45.594230103150188 ] } },
{ "type": "Feature", "properties": { "DIST_BORD": 133758.88, "TOT_P_2018": 75.0, "TOT_P_2006": 63.0, "GRD_ID": "CRS3035RES1000mN2499000E4455000", "TOT_P_2011": 121.0, "TOT_P_2021": 141.0, "Y_LLC": 2499000, "CNTR_ID": "IT", "NUTS2016_3": "ITH36", "NUTS2016_2": "ITH3", "NUTS2016_1": "ITH", "NUTS2016_0": "IT", "LAND_PC": 100.0, "X_LLC": 4455000, "NUTS2021_3": "ITH36", "NUTS2021_2": "ITH3", "DIST_COAST": 40038.76, "NUTS2021_1": "ITH", "NUTS2021_0": "IT", "NUTS2024_3": "ITH36", "NUTS2024_2": "ITH3", "NUTS2024_1": "ITH", "NUTS2024_0": "IT" }, "geometry": { "type": "Point", "coordinates": [ 11.72143480633285, 45.594022781187562 ] } },
{ "type": "Feature", "properties": { "DIST_BORD": 133369.66, "TOT_P_2018": 486.0, "TOT_P_2006": 585.0, "GRD_ID": "CRS3035RES1000mN2499000E4456000", "TOT_P_2011": 924.0, "TOT_P_2021": 1167.0, "Y_LLC": 2499000, "CNTR_ID": "IT", "NUTS2016_3": "ITH36", "NUTS2016_2": "ITH3", "NUTS2016_1": "ITH", "NUTS2016_0": "IT", "LAND_PC": 100.0, "X_LLC": 4456000, "NUTS2021_3": "ITH36", "NUTS2021_2": "ITH3", "DIST_COAST": 39202.62, "NUTS2021_1": "ITH", "NUTS2021_0": "IT", "NUTS2024_3": "ITH36", "NUTS2024_2": "ITH3", "NUTS2024_1": "ITH", "NUTS2024_0": "IT" }, "geometry": { "type": "Point", "coordinates": [ 11.73422959966492, 45.593813912752935 ] } },
{ "type": "Feature", "properties": { "DIST_BORD": 132986.82, "TOT_P_2018": 2062.0, "TOT_P_2006": 4.0, "GRD_ID": "CRS3035RES1000mN2499000E4457000", "TOT_P_2011": 153.0, "TOT_P_2021": 117.0, "Y_LLC": 2499000, "CNTR_ID": "IT", "NUTS2016_3": "ITH36", "NUTS2016_2": "ITH3", "NUTS2016_1": "ITH", "NUTS2016_0": "IT", "LAND_PC": 100.0, "X_LLC": 4457000, "NUTS2021_3": "ITH36", "NUTS2021_2": "ITH3", "DIST_COAST": 38374.32, "NUTS2021_1": "ITH", "NUTS2021_0": "IT", "NUTS2024_3": "ITH36", "NUTS2024_2": "ITH3", "NUTS2024_1": "ITH", "NUTS2024_0": "IT" }, "geometry": { "type": "Point", "coordinates": [ 11.747024304559126, 45.593603498015071 ] } },
{ "type": "Feature", "properties": { "DIST_BORD": 132610.41, "TOT_P_2018": 11.0, "TOT_P_2006": 0.0, "GRD_ID": "CRS3035RES1000mN2499000E4458000", "TOT_P_2011": 15.0, "TOT_P_2021": 43.0, "Y_LLC": 2499000, "CNTR_ID": "IT", "NUTS2016_3": "ITH36", "NUTS2016_2": "ITH3", "NUTS2016_1": "ITH", "NUTS2016_0": "IT", "LAND_PC": 100.0, "X_LLC": 4458000, "NUTS2021_3": "ITH36", "NUTS2021_2": "ITH3", "DIST_COAST": 37554.39, "NUTS2021_1": "ITH", "NUTS2021_0": "IT", "NUTS2024_3": "ITH36", "NUTS2024_2": "ITH3", "NUTS2024_1": "ITH", "NUTS2024_0": "IT" }, "geometry": { "type": "Point", "coordinates": [ 11.759818920654416, 45.593391536864281 ] } },
{ "type": "Feature", "properties": { "DIST_BORD": 132240.5, "TOT_P_2018": 3.0, "TOT_P_2006": 3.0, "GRD_ID": "CRS3035RES1000mN2499000E4459000", "TOT_P_2011": 97.0, "TOT_P_2021": 154.0, "Y_LLC": 2499000, "CNTR_ID": "IT", "NUTS2016_3": "ITH36", "NUTS2016_2": "ITH3", "NUTS2016_1": "ITH", "NUTS2016_0": "IT", "LAND_PC": 100.0, "X_LLC": 4459000, "NUTS2021_3": "ITH36", "NUTS2021_2": "ITH3", "DIST_COAST": 36743.37, "NUTS2021_1": "ITH", "NUTS2021_0": "IT", "NUTS2024_3": "ITH36", "NUTS2024_2": "ITH3", "NUTS2024_1": "ITH", "NUTS2024_0": "IT" }, "geometry": { "type": "Point", "coordinates": [ 11.772613446807421, 45.59317802935054 ] } },
{ "type": "Feature", "properties": { "DIST_BORD": 131877.13, "TOT_P_2018": 27.0, "TOT_P_2006": 0.0, "GRD_ID": "CRS3035RES1000mN2499000E4460000", "TOT_P_2011": 22.0, "TOT_P_2021": 96.0, "Y_LLC": 2499000, "CNTR_ID": "IT", "NUTS2016_3": "ITH36", "NUTS2016_2": "ITH3", "NUTS2016_1": "ITH", "NUTS2016_0": "IT", "LAND_PC": 100.0, "X_LLC": 4460000, "NUTS2021_3": "ITH36", "NUTS2021_2": "ITH3", "DIST_COAST": 35941.88, "NUTS2021_1": "ITH", "NUTS2021_0": "IT", "NUTS2024_3": "ITH36", "NUTS2024_2": "ITH3", "NUTS2024_1": "ITH", "NUTS2024_0": "IT" }, "geometry": { "type": "Point", "coordinates": [ 11.785407882877223, 45.592962975512499 ] } },
{ "type": "Feature", "properties": { "DIST_BORD": 131505.48, "TOT_P_2018": 504.0, "TOT_P_2006": 661.0, "GRD_ID": "CRS3035RES1000mN2499000E4461000", "TOT_P_2011": 502.0, "TOT_P_2021": 367.0, "Y_LLC": 2499000, "CNTR_ID": "IT", "NUTS2016_3": "ITH36", "NUTS2016_2": "ITH3", "NUTS2016_1": "ITH", "NUTS2016_0": "IT", "LAND_PC": 100.0, "X_LLC": 4461000, "NUTS2021_3": "ITH36", "NUTS2021_2": "ITH3", "DIST_COAST": 35150.56, "NUTS2021_1": "ITH", "NUTS2021_0": "IT", "NUTS2024_3": "ITH36", "NUTS2024_2": "ITH3", "NUTS2024_1": "ITH", "NUTS2024_0": "IT" }, "geometry": { "type": "Point", "coordinates": [ 11.798202227848888, 45.592746375287511 ] } },
{ "type": "Feature", "properties": { "DIST_BORD": 131133.18, "TOT_P_2018": 1210.0, "TOT_P_2006": 1727.0, "GRD_ID": "CRS3035RES1000mN2499000E4462000", "TOT_P_2011": 1278.0, "TOT_P_2021": 1320.0, "Y_LLC": 2499000, "CNTR_ID": "IT", "NUTS2016_3": "ITH36", "NUTS2016_2": "ITH3", "NUTS2016_1": "ITH", "NUTS2016_0": "IT", "LAND_PC": 100.0, "X_LLC": 4462000, "NUTS2021_3": "ITH36", "NUTS2021_2": "ITH3", "DIST_COAST": 34370.12, "NUTS2021_1": "ITH", "NUTS2021_0": "IT", "NUTS2024_3": "ITH36", "NUTS2024_2": "ITH3", "NUTS2024_1": "ITH", "NUTS2024_0": "IT" }, "geometry": { "type": "Point", "coordinates": [ 11.810996481287663, 45.592528228821813 ] } },
{ "type": "Feature", "properties": { "DIST_BORD": 130767.48, "TOT_P_2018": 292.0, "TOT_P_2006": 233.0, "GRD_ID": "CRS3035RES1000mN2499000E4463000", "TOT_P_2011": 308.0, "TOT_P_2021": 192.0, "Y_LLC": 2499000, "CNTR_ID": "IT", "NUTS2016_3": "ITH36", "NUTS2016_2": "ITH3", "NUTS2016_1": "ITH", "NUTS2016_0": "IT", "LAND_PC": 100.0, "X_LLC": 4463000, "NUTS2021_3": "ITH36", "NUTS2021_2": "ITH3", "DIST_COAST": 33601.31, "NUTS2021_1": "ITH", "NUTS2021_0": "IT", "NUTS2024_3": "ITH36", "NUTS2024_2": "ITH3", "NUTS2024_1": "ITH", "NUTS2024_0": "IT" }, "geometry": { "type": "Point", "coordinates": [ 11.823790642351847, 45.592308536045117 ] } },
{ "type": "Feature", "properties": { "DIST_BORD": 130408.42, "TOT_P_2018": 183.0, "TOT_P_2006": 64.0, "GRD_ID": "CRS3035RES1000mN2499000E4464000", "TOT_P_2011": 173.0, "TOT_P_2021": 203.0, "Y_LLC": 2499000, "CNTR_ID": "IT", "NUTS2016_3": "ITH36", "NUTS2016_2": "ITH3", "NUTS2016_1": "ITH", "NUTS2016_0": "IT", "LAND_PC": 100.0, "X_LLC": 4464000, "NUTS2021_3": "ITH36", "NUTS2021_2": "ITH3", "DIST_COAST": 32844.96, "NUTS2021_1": "ITH", "NUTS2021_0": "IT", "NUTS2024_3": "ITH36", "NUTS2024_2": "ITH3", "NUTS2024_1": "ITH", "NUTS2024_0": "IT" }, "geometry": { "type": "Point", "coordinates": [ 11.836584710586855, 45.592087296997192 ] } },
{ "type": "Feature", "properties": { "DIST_BORD": 130056.05, "TOT_P_2018": 174.0, "TOT_P_2006": 82.0, "GRD_ID": "CRS3035RES1000mN2499000E4465000", "TOT_P_2011": 197.0, "TOT_P_2021": 160.0, "Y_LLC": 2499000, "CNTR_ID": "IT", "NUTS2016_3": "ITH36", "NUTS2016_2": "ITH3", "NUTS2016_1": "ITH", "NUTS2016_0": "IT", "LAND_PC": 100.0, "X_LLC": 4465000, "NUTS2021_3": "ITH36", "NUTS2021_2": "ITH3", "DIST_COAST": 32101.94, "NUTS2021_1": "ITH", "NUTS2021_0": "IT", "NUTS2024_3": "ITH36", "NUTS2024_2": "ITH3", "NUTS2024_1": "ITH", "NUTS2024_0": "IT" }, "geometry": { "type": "Point", "coordinates": [ 11.849378685275637, 45.591864511669179 ] } },
{ "type": "Feature", "properties": { "DIST_BORD": 129669.55, "TOT_P_2018": 442.0, "TOT_P_2006": 352.0, "GRD_ID": "CRS3035RES1000mN2499000E4466000", "TOT_P_2011": 500.0, "TOT_P_2021": 449.0, "Y_LLC": 2499000, "CNTR_ID": "IT", "NUTS2016_3": "ITH36", "NUTS2016_2": "ITH3", "NUTS2016_1": "ITH", "NUTS2016_0": "IT", "LAND_PC": 100.0, "X_LLC": 4466000, "NUTS2021_3": "ITH36", "NUTS2021_2": "ITH3", "DIST_COAST": 31373.2, "NUTS2021_1": "ITH", "NUTS2021_0": "IT", "NUTS2024_3": "ITH36", "NUTS2024_2": "ITH3", "NUTS2024_1": "ITH", "NUTS2024_0": "IT" }, "geometry": { "type": "Point", "coordinates": [ 11.862172565645198, 45.59164018024196 ] } },
{ "type": "Feature", "properties": { "DIST_BORD": 129281.77, "TOT_P_2018": 126.0, "TOT_P_2006": 39.0, "GRD_ID": "CRS3035RES1000mN2499000E4467000", "TOT_P_2011": 93.0, "TOT_P_2021": 174.0, "Y_LLC": 2499000, "CNTR_ID": "IT", "NUTS2016_3": "ITH36", "NUTS2016_2": "ITH3", "NUTS2016_1": "ITH", "NUTS2016_0": "IT", "LAND_PC": 100.0, "X_LLC": 4467000, "NUTS2021_3": "ITH36", "NUTS2021_2": "ITH3", "DIST_COAST": 30659.76, "NUTS2021_1": "ITH", "NUTS2021_0": "IT", "NUTS2024_3": "ITH36", "NUTS2024_2": "ITH3", "NUTS2024_1": "ITH", "NUTS2024_0": "IT" }, "geometry": { "type": "Point", "coordinates": [ 11.874966351248423, 45.591414302457743 ] } },
{ "type": "Feature", "properties": { "DIST_BORD": 128900.59, "TOT_P_2018": 215.0, "TOT_P_2006": 179.0, "GRD_ID": "CRS3035RES1000mN2499000E4468000", "TOT_P_2011": 207.0, "TOT_P_2021": 202.0, "Y_LLC": 2499000, "CNTR_ID": "IT", "NUTS2016_3": "ITH36", "NUTS2016_2": "ITH3", "NUTS2016_1": "ITH", "NUTS2016_0": "IT", "LAND_PC": 100.0, "X_LLC": 4468000, "NUTS2021_3": "ITH36", "NUTS2021_2": "ITH3", "DIST_COAST": 29962.72, "NUTS2021_1": "ITH", "NUTS2021_0": "IT", "NUTS2024_3": "ITH36", "NUTS2024_2": "ITH3", "NUTS2024_1": "ITH", "NUTS2024_0": "IT" }, "geometry": { "type": "Point", "coordinates": [ 11.887760041242169, 45.591186878569253 ] } },
{ "type": "Feature", "properties": { "DIST_BORD": 128526.05, "TOT_P_2018": 177.0, "TOT_P_2006": 23.0, "GRD_ID": "CRS3035RES1000mN2499000E4469000", "TOT_P_2011": 185.0, "TOT_P_2021": 251.0, "Y_LLC": 2499000, "CNTR_ID": "IT", "NUTS2016_3": "ITH36", "NUTS2016_2": "ITH3", "NUTS2016_1": "ITH", "NUTS2016_0": "IT", "LAND_PC": 100.0, "X_LLC": 4469000, "NUTS2021_3": "ITH36", "NUTS2021_2": "ITH3", "DIST_COAST": 29283.23, "NUTS2021_1": "ITH", "NUTS2021_0": "IT", "NUTS2024_3": "ITH36", "NUTS2024_2": "ITH3", "NUTS2024_1": "ITH", "NUTS2024_0": "IT" }, "geometry": { "type": "Point", "coordinates": [ 11.900553635207949, 45.590957908428543 ] } },
{ "type": "Feature", "properties": { "DIST_BORD": 128158.22, "TOT_P_2018": 84.0, "TOT_P_2006": 27.0, "GRD_ID": "CRS3035RES1000mN2499000E4470000", "TOT_P_2011": 88.0, "TOT_P_2021": 134.0, "Y_LLC": 2499000, "CNTR_ID": "IT", "NUTS2016_3": "ITH36", "NUTS2016_2": "ITH3", "NUTS2016_1": "ITH", "NUTS2016_0": "IT", "LAND_PC": 100.0, "X_LLC": 4470000, "NUTS2021_3": "ITH36", "NUTS2021_2": "ITH3", "DIST_COAST": 28622.56, "NUTS2021_1": "ITH", "NUTS2021_0": "IT", "NUTS2024_3": "ITH36", "NUTS2024_2": "ITH3", "NUTS2024_1": "ITH", "NUTS2024_0": "IT" }, "geometry": { "type": "Point", "coordinates": [ 11.913347132168431, 45.590727392081675 ] } },
{ "type": "Feature", "properties": { "DIST_BORD": 127797.16, "TOT_P_2018": 124.0, "TOT_P_2006": 9.0, "GRD_ID": "CRS3035RES1000mN2499000E4471000", "TOT_P_2011": 135.0, "TOT_P_2021": 180.0, "Y_LLC": 2499000, "CNTR_ID": "IT", "NUTS2016_3": "ITH36", "NUTS2016_2": "ITH3", "NUTS2016_1": "ITH", "NUTS2016_0": "IT", "LAND_PC": 100.0, "X_LLC": 4471000, "NUTS2021_3": "ITH36", "NUTS2021_2": "ITH3", "DIST_COAST": 27982.03, "NUTS2021_1": "ITH", "NUTS2021_0": "IT", "NUTS2024_3": "ITH36", "NUTS2024_2": "ITH3", "NUTS2024_1": "ITH", "NUTS2024_0": "IT" }, "geometry": { "type": "Point", "coordinates": [ 11.926140531812349, 45.590495329731304 ] } },
{ "type": "Feature", "properties": { "DIST_BORD": 127442.92, "TOT_P_2018": 1119.0, "TOT_P_2006": 1332.0, "GRD_ID": "CRS3035RES1000mN2499000E4472000", "TOT_P_2011": 1191.0, "TOT_P_2021": 1290.0, "Y_LLC": 2499000, "CNTR_ID": "IT", "NUTS2016_3": "ITH36", "NUTS2016_2": "ITH3", "NUTS2016_1": "ITH", "NUTS2016_0": "IT", "LAND_PC": 100.0, "X_LLC": 4472000, "NUTS2021_3": "ITH36", "NUTS2021_2": "ITH3", "DIST_COAST": 27363.07, "NUTS2021_1": "ITH", "NUTS2021_0": "IT", "NUTS2024_3": "ITH36", "NUTS2024_2": "ITH3", "NUTS2024_1": "ITH", "NUTS2024_0": "IT" }, "geometry": { "type": "Point", "coordinates": [ 11.93893383328977, 45.590261721186764 ] } },
{ "type": "Feature", "properties": { "DIST_BORD": 127095.57, "TOT_P_2018": 579.0, "TOT_P_2006": 621.0, "GRD_ID": "CRS3035RES1000mN2499000E4473000", "TOT_P_2011": 605.0, "TOT_P_2021": 808.0, "Y_LLC": 2499000, "CNTR_ID": "IT", "NUTS2016_3": "ITH36", "NUTS2016_2": "ITH3", "NUTS2016_1": "ITH", "NUTS2016_0": "IT", "LAND_PC": 100.0, "X_LLC": 4473000, "NUTS2021_3": "ITH36", "NUTS2021_2": "ITH3", "DIST_COAST": 26767.16, "NUTS2021_1": "ITH", "NUTS2021_0": "IT", "NUTS2024_3": "ITH36", "NUTS2024_2": "ITH3", "NUTS2024_1": "ITH", "NUTS2024_0": "IT" }, "geometry": { "type": "Point", "coordinates": [ 11.951727036022938, 45.590026566552936 ] } },
{ "type": "Feature", "properties": { "DIST_BORD": 126481.66, "TOT_P_2018": 338.0, "TOT_P_2006": 68.0, "GRD_ID": "CRS3035RES1000mN2499000E4474000", "TOT_P_2011": 324.0, "TOT_P_2021": 241.0, "Y_LLC": 2499000, "CNTR_ID": "IT", "NUTS2016_3": "ITH36", "NUTS2016_2": "ITH3", "NUTS2016_1": "ITH", "NUTS2016_0": "IT", "LAND_PC": 100.0, "X_LLC": 4474000, "NUTS2021_3": "ITH36", "NUTS2021_2": "ITH3", "DIST_COAST": 26195.88, "NUTS2021_1": "ITH", "NUTS2021_0": "IT", "NUTS2024_3": "ITH36", "NUTS2024_2": "ITH3", "NUTS2024_1": "ITH", "NUTS2024_0": "IT" }, "geometry": { "type": "Point", "coordinates": [ 11.964520139269684, 45.589789865810097 ] } },
{ "type": "Feature", "properties": { "DIST_BORD": 125565.39, "TOT_P_2018": 30.0, "TOT_P_2006": 15.0, "GRD_ID": "CRS3035RES1000mN2499000E4475000", "TOT_P_2011": 32.0, "TOT_P_2021": 142.0, "Y_LLC": 2499000, "CNTR_ID": "IT", "NUTS2016_3": "ITH36", "NUTS2016_2": "ITH3", "NUTS2016_1": "ITH", "NUTS2016_0": "IT", "LAND_PC": 100.0, "X_LLC": 4475000, "NUTS2021_3": "ITH36", "NUTS2021_2": "ITH3", "DIST_COAST": 25650.87, "NUTS2021_1": "ITH", "NUTS2021_0": "IT", "NUTS2024_3": "ITH36", "NUTS2024_2": "ITH3", "NUTS2024_1": "ITH", "NUTS2024_0": "IT" }, "geometry": { "type": "Point", "coordinates": [ 11.977313142458947, 45.589551619034886 ] } },
{ "type": "Feature", "properties": { "DIST_BORD": 124650.4, "TOT_P_2018": 472.0, "TOT_P_2006": 39.0, "GRD_ID": "CRS3035RES1000mN2499000E4476000", "TOT_P_2011": 288.0, "TOT_P_2021": 175.0, "Y_LLC": 2499000, "CNTR_ID": "IT", "NUTS2016_3": "ITH36", "NUTS2016_2": "ITH3", "NUTS2016_1": "ITH", "NUTS2016_0": "IT", "LAND_PC": 100.0, "X_LLC": 4476000, "NUTS2021_3": "ITH36", "NUTS2021_2": "ITH3", "DIST_COAST": 25133.85, "NUTS2021_1": "ITH", "NUTS2021_0": "IT", "NUTS2024_3": "ITH36", "NUTS2024_2": "ITH3", "NUTS2024_1": "ITH", "NUTS2024_0": "IT" }, "geometry": { "type": "Point", "coordinates": [ 11.990106045122921, 45.589311826184883 ] } },
{ "type": "Feature", "properties": { "DIST_BORD": 123736.74, "TOT_P_2018": 301.0, "TOT_P_2006": 87.0, "GRD_ID": "CRS3035RES1000mN2499000E4477000", "TOT_P_2011": 310.0, "TOT_P_2021": 273.0, "Y_LLC": 2499000, "CNTR_ID": "IT", "NUTS2016_3": "ITH36", "NUTS2016_2": "ITH3", "NUTS2016_1": "ITH", "NUTS2016_0": "IT", "LAND_PC": 100.0, "X_LLC": 4477000, "NUTS2021_3": "ITH36", "NUTS2021_2": "ITH3", "DIST_COAST": 24557.91, "NUTS2021_1": "ITH", "NUTS2021_0": "IT", "NUTS2024_3": "ITH36", "NUTS2024_2": "ITH3", "NUTS2024_1": "ITH", "NUTS2024_0": "IT" }, "geometry": { "type": "Point", "coordinates": [ 12.00289884619569, 45.589070487309314 ] } },
{ "type": "Feature", "properties": { "DIST_BORD": 122824.41, "TOT_P_2018": 181.0, "TOT_P_2006": 54.0, "GRD_ID": "CRS3035RES1000mN2499000E4478000", "TOT_P_2011": 174.0, "TOT_P_2021": 227.0, "Y_LLC": 2499000, "CNTR_ID": "IT", "NUTS2016_3": "ITH36", "NUTS2016_2": "ITH3", "NUTS2016_1": "ITH", "NUTS2016_0": "IT", "LAND_PC": 100.0, "X_LLC": 4478000, "NUTS2021_3": "ITH36", "NUTS2021_2": "ITH3", "DIST_COAST": 23945.18, "NUTS2021_1": "ITH", "NUTS2021_0": "IT", "NUTS2024_3": "ITH36", "NUTS2024_2": "ITH3", "NUTS2024_1": "ITH", "NUTS2024_0": "IT" }, "geometry": { "type": "Point", "coordinates": [ 12.015691545298884, 45.588827602466537 ] } },
{ "type": "Feature", "properties": { "DIST_BORD": 121913.46, "TOT_P_2018": 144.0, "TOT_P_2006": 128.0, "GRD_ID": "CRS3035RES1000mN2499000E4479000", "TOT_P_2011": 145.0, "TOT_P_2021": 251.0, "Y_LLC": 2499000, "CNTR_ID": "IT", "NUTS2016_3": "ITH35-ITH36", "NUTS2016_2": "ITH3", "NUTS2016_1": "ITH", "NUTS2016_0": "IT", "LAND_PC": 100.0, "X_LLC": 4479000, "NUTS2021_3": "ITH35-ITH36", "NUTS2021_2": "ITH3", "DIST_COAST": 23129.52, "NUTS2021_1": "ITH", "NUTS2021_0": "IT", "NUTS2024_3": "ITH35-ITH36", "NUTS2024_2": "ITH3", "NUTS2024_1": "ITH", "NUTS2024_0": "IT" }, "geometry": { "type": "Point", "coordinates": [ 12.028484141730193, 45.588583171623959 ] } },
{ "type": "Feature", "properties": { "DIST_BORD": 121003.92, "TOT_P_2018": 964.0, "TOT_P_2006": 1150.0, "GRD_ID": "CRS3035RES1000mN2499000E4480000", "TOT_P_2011": 919.0, "TOT_P_2021": 953.0, "Y_LLC": 2499000, "CNTR_ID": "IT", "NUTS2016_3": "ITH35-ITH36", "NUTS2016_2": "ITH3", "NUTS2016_1": "ITH", "NUTS2016_0": "IT", "LAND_PC": 100.0, "X_LLC": 4480000, "NUTS2021_3": "ITH35-ITH36", "NUTS2021_2": "ITH3", "DIST_COAST": 22273.97, "NUTS2021_1": "ITH", "NUTS2021_0": "IT", "NUTS2024_3": "ITH35-ITH36", "NUTS2024_2": "ITH3", "NUTS2024_1": "ITH", "NUTS2024_0": "IT" }, "geometry": { "type": "Point", "coordinates": [ 12.041276634918825, 45.588337194822479 ] } },
{ "type": "Feature", "properties": { "DIST_BORD": 120095.82, "TOT_P_2018": 1751.0, "TOT_P_2006": 3693.0, "GRD_ID": "CRS3035RES1000mN2499000E4481000", "TOT_P_2011": 1754.0, "TOT_P_2021": 2067.0, "Y_LLC": 2499000, "CNTR_ID": "IT", "NUTS2016_3": "ITH35-ITH36", "NUTS2016_2": "ITH3", "NUTS2016_1": "ITH", "NUTS2016_0": "IT", "LAND_PC": 100.0, "X_LLC": 4481000, "NUTS2021_3": "ITH35-ITH36", "NUTS2021_2": "ITH3", "DIST_COAST": 21430.94, "NUTS2021_1": "ITH", "NUTS2021_0": "IT", "NUTS2024_3": "ITH35-ITH36", "NUTS2024_2": "ITH3", "NUTS2024_1": "ITH", "NUTS2024_0": "IT" }, "geometry": { "type": "Point", "coordinates": [ 12.05406902417168, 45.588089672069032 ] } },
{ "type": "Feature", "properties": { "DIST_BORD": 119189.19, "TOT_P_2018": 141.0, "TOT_P_2006": 120.0, "GRD_ID": "CRS3035RES1000mN2499000E4482000", "TOT_P_2011": 132.0, "TOT_P_2021": 153.0, "Y_LLC": 2499000, "CNTR_ID": "IT", "NUTS2016_3": "ITH34-ITH35-ITH36", "NUTS2016_2": "ITH3", "NUTS2016_1": "ITH", "NUTS2016_0": "IT", "LAND_PC": 100.0, "X_LLC": 4482000, "NUTS2021_3": "ITH34-ITH35-ITH36", "NUTS2021_2": "ITH3", "DIST_COAST": 20601.95, "NUTS2021_1": "ITH", "NUTS2021_0": "IT", "NUTS2024_3": "ITH34-ITH35-ITH36", "NUTS2024_2": "ITH3", "NUTS2024_1": "ITH", "NUTS2024_0": "IT" }, "geometry": { "type": "Point", "coordinates": [ 12.066861308698249, 45.587840603384066 ] } },
{ "type": "Feature", "properties": { "DIST_BORD": 118284.06, "TOT_P_2018": 200.0, "TOT_P_2006": 100.0, "GRD_ID": "CRS3035RES1000mN2499000E4483000", "TOT_P_2011": 191.0, "TOT_P_2021": 235.0, "Y_LLC": 2499000, "CNTR_ID": "IT", "NUTS2016_3": "ITH34-ITH35-ITH36", "NUTS2016_2": "ITH3", "NUTS2016_1": "ITH", "NUTS2016_0": "IT", "LAND_PC": 100.0, "X_LLC": 4483000, "NUTS2021_3": "ITH34-ITH35-ITH36", "NUTS2021_2": "ITH3", "DIST_COAST": 19788.78, "NUTS2021_1": "ITH", "NUTS2021_0": "IT", "NUTS2024_3": "ITH34-ITH35-ITH36", "NUTS2024_2": "ITH3", "NUTS2024_1": "ITH", "NUTS2024_0": "IT" }, "geometry": { "type": "Point", "coordinates": [ 12.07965348807582, 45.587589988784586 ] } },
{ "type": "Feature", "properties": { "DIST_BORD": 135039.2, "TOT_P_2018": 12.0, "TOT_P_2006": 0.0, "GRD_ID": "CRS3035RES1000mN2500000E4449000", "TOT_P_2011": 4.0, "TOT_P_2021": 44.0, "Y_LLC": 2500000, "CNTR_ID": "IT", "NUTS2016_3": "ITH32-ITH36", "NUTS2016_2": "ITH3", "NUTS2016_1": "ITH", "NUTS2016_0": "IT", "LAND_PC": 100.0, "X_LLC": 4449000, "NUTS2021_3": "ITH32-ITH36", "NUTS2021_2": "ITH3", "DIST_COAST": 45684.84, "NUTS2021_1": "ITH", "NUTS2021_0": "IT", "NUTS2024_3": "ITH32-ITH36", "NUTS2024_2": "ITH3", "NUTS2024_1": "ITH", "NUTS2024_0": "IT" }, "geometry": { "type": "Point", "coordinates": [ 11.644934426105054, 45.60425134438254 ] } },
{ "type": "Feature", "properties": { "DIST_BORD": 134893.43, "TOT_P_2018": 44.0, "TOT_P_2006": 75.0, "GRD_ID": "CRS3035RES1000mN2500000E4450000", "TOT_P_2011": 47.0, "TOT_P_2021": 68.0, "Y_LLC": 2500000, "CNTR_ID": "IT", "NUTS2016_3": "ITH32-ITH36", "NUTS2016_2": "ITH3", "NUTS2016_1": "ITH", "NUTS2016_0": "IT", "LAND_PC": 100.0, "X_LLC": 4450000, "NUTS2021_3": "ITH32-ITH36", "NUTS2021_2": "ITH3", "DIST_COAST": 44820.17, "NUTS2021_1": "ITH", "NUTS2021_0": "IT", "NUTS2024_3": "ITH32-ITH36", "NUTS2024_2": "ITH3", "NUTS2024_1": "ITH", "NUTS2024_0": "IT" }, "geometry": { "type": "Point", "coordinates": [ 11.657731836324626, 45.60405171675724 ] } },
{ "type": "Feature", "properties": { "DIST_BORD": 134470.32, "TOT_P_2018": 409.0, "TOT_P_2006": 863.0, "GRD_ID": "CRS3035RES1000mN2500000E4451000", "TOT_P_2011": 433.0, "TOT_P_2021": 366.0, "Y_LLC": 2500000, "CNTR_ID": "IT", "NUTS2016_3": "ITH32-ITH36", "NUTS2016_2": "ITH3", "NUTS2016_1": "ITH", "NUTS2016_0": "IT", "LAND_PC": 100.0, "X_LLC": 4451000, "NUTS2021_3": "ITH32-ITH36", "NUTS2021_2": "ITH3", "DIST_COAST": 43961.25, "NUTS2021_1": "ITH", "NUTS2021_0": "IT", "NUTS2024_3": "ITH32-ITH36", "NUTS2024_2": "ITH3", "NUTS2024_1": "ITH", "NUTS2024_0": "IT" }, "geometry": { "type": "Point", "coordinates": [ 11.670529162000106, 45.603850542401304 ] } },
{ "type": "Feature", "properties": { "DIST_BORD": 134053.32, "TOT_P_2018": 275.0, "TOT_P_2006": 52.0, "GRD_ID": "CRS3035RES1000mN2500000E4452000", "TOT_P_2011": 289.0, "TOT_P_2021": 316.0, "Y_LLC": 2500000, "CNTR_ID": "IT", "NUTS2016_3": "ITH32-ITH36", "NUTS2016_2": "ITH3", "NUTS2016_1": "ITH", "NUTS2016_0": "IT", "LAND_PC": 100.0, "X_LLC": 4452000, "NUTS2021_3": "ITH32-ITH36", "NUTS2021_2": "ITH3", "DIST_COAST": 43108.4, "NUTS2021_1": "ITH", "NUTS2021_0": "IT", "NUTS2024_3": "ITH32-ITH36", "NUTS2024_2": "ITH3", "NUTS2024_1": "ITH", "NUTS2024_0": "IT" }, "geometry": { "type": "Point", "coordinates": [ 11.683326402502091, 45.603647821150538 ] } },
{ "type": "Feature", "properties": { "DIST_BORD": 133642.51, "TOT_P_2018": 83.0, "TOT_P_2006": 2.0, "GRD_ID": "CRS3035RES1000mN2500000E4453000", "TOT_P_2011": 103.0, "TOT_P_2021": 113.0, "Y_LLC": 2500000, "CNTR_ID": "IT", "NUTS2016_3": "ITH32-ITH36", "NUTS2016_2": "ITH3", "NUTS2016_1": "ITH", "NUTS2016_0": "IT", "LAND_PC": 100.0, "X_LLC": 4453000, "NUTS2021_3": "ITH32-ITH36", "NUTS2021_2": "ITH3", "DIST_COAST": 42262.01, "NUTS2021_1": "ITH", "NUTS2021_0": "IT", "NUTS2024_3": "ITH32-ITH36", "NUTS2024_2": "ITH3", "NUTS2024_1": "ITH", "NUTS2024_0": "IT" }, "geometry": { "type": "Point", "coordinates": [ 11.696123557168047, 45.603443553274069 ] } },
{ "type": "Feature", "properties": { "DIST_BORD": 133237.94, "TOT_P_2018": 56.0, "TOT_P_2006": 12.0, "GRD_ID": "CRS3035RES1000mN2500000E4454000", "TOT_P_2011": 101.0, "TOT_P_2021": 130.0, "Y_LLC": 2500000, "CNTR_ID": "IT", "NUTS2016_3": "ITH36", "NUTS2016_2": "ITH3", "NUTS2016_1": "ITH", "NUTS2016_0": "IT", "LAND_PC": 100.0, "X_LLC": 4454000, "NUTS2021_3": "ITH36", "NUTS2021_2": "ITH3", "DIST_COAST": 41422.47, "NUTS2021_1": "ITH", "NUTS2021_0": "IT", "NUTS2024_3": "ITH36", "NUTS2024_2": "ITH3", "NUTS2024_1": "ITH", "NUTS2024_0": "IT" }, "geometry": { "type": "Point", "coordinates": [ 11.70892062539291, 45.603237738613771 ] } },
{ "type": "Feature", "properties": { "DIST_BORD": 132839.66, "TOT_P_2018": 212.0, "TOT_P_2006": 560.0, "GRD_ID": "CRS3035RES1000mN2500000E4455000", "TOT_P_2011": 378.0, "TOT_P_2021": 431.0, "Y_LLC": 2500000, "CNTR_ID": "IT", "NUTS2016_3": "ITH36", "NUTS2016_2": "ITH3", "NUTS2016_1": "ITH", "NUTS2016_0": "IT", "LAND_PC": 100.0, "X_LLC": 4455000, "NUTS2021_3": "ITH36", "NUTS2021_2": "ITH3", "DIST_COAST": 40590.2, "NUTS2021_1": "ITH", "NUTS2021_0": "IT", "NUTS2024_3": "ITH36", "NUTS2024_2": "ITH3", "NUTS2024_1": "ITH", "NUTS2024_0": "IT" }, "geometry": { "type": "Point", "coordinates": [ 11.721717606491158, 45.603030377186585 ] } },
{ "type": "Feature", "properties": { "DIST_BORD": 132447.74, "TOT_P_2018": 839.0, "TOT_P_2006": 2037.0, "GRD_ID": "CRS3035RES1000mN2500000E4456000", "TOT_P_2011": 1633.0, "TOT_P_2021": 1526.0, "Y_LLC": 2500000, "CNTR_ID": "IT", "NUTS2016_3": "ITH36", "NUTS2016_2": "ITH3", "NUTS2016_1": "ITH", "NUTS2016_0": "IT", "LAND_PC": 100.0, "X_LLC": 4456000, "NUTS2021_3": "ITH36", "NUTS2021_2": "ITH3", "DIST_COAST": 39765.66, "NUTS2021_1": "ITH", "NUTS2021_0": "IT", "NUTS2024_3": "ITH36", "NUTS2024_2": "ITH3", "NUTS2024_1": "ITH", "NUTS2024_0": "IT" }, "geometry": { "type": "Point", "coordinates": [ 11.734514499805249, 45.602821469157725 ] } },
{ "type": "Feature", "properties": { "DIST_BORD": 132062.23, "TOT_P_2018": 0.0, "TOT_P_2006": 0.0, "GRD_ID": "CRS3035RES1000mN2500000E4457000", "TOT_P_2011": 171.0, "TOT_P_2021": 137.0, "Y_LLC": 2500000, "CNTR_ID": "IT", "NUTS2016_3": "ITH36", "NUTS2016_2": "ITH3", "NUTS2016_1": "ITH", "NUTS2016_0": "IT", "LAND_PC": 100.0, "X_LLC": 4457000, "NUTS2021_3": "ITH36", "NUTS2021_2": "ITH3", "DIST_COAST": 38949.33, "NUTS2021_1": "ITH", "NUTS2021_0": "IT", "NUTS2024_3": "ITH36", "NUTS2024_2": "ITH3", "NUTS2024_1": "ITH", "NUTS2024_0": "IT" }, "geometry": { "type": "Point", "coordinates": [ 11.747311304699204, 45.602611014354672 ] } },
{ "type": "Feature", "properties": { "DIST_BORD": 131683.18, "TOT_P_2018": 6.0, "TOT_P_2006": 0.0, "GRD_ID": "CRS3035RES1000mN2500000E4458000", "TOT_P_2011": 8.0, "TOT_P_2021": 17.0, "Y_LLC": 2500000, "CNTR_ID": "IT", "NUTS2016_3": "ITH36", "NUTS2016_2": "ITH3", "NUTS2016_1": "ITH", "NUTS2016_0": "IT", "LAND_PC": 73.27, "X_LLC": 4458000, "NUTS2021_3": "ITH36", "NUTS2021_2": "ITH3", "DIST_COAST": 38141.76, "NUTS2021_1": "ITH", "NUTS2021_0": "IT", "NUTS2024_3": "ITH36", "NUTS2024_2": "ITH3", "NUTS2024_1": "ITH", "NUTS2024_0": "IT" }, "geometry": { "type": "Point", "coordinates": [ 11.760108020515418, 45.602399012940005 ] } },
{ "type": "Feature", "properties": { "DIST_BORD": 131310.65, "TOT_P_2018": 14.0, "TOT_P_2006": 8.0, "GRD_ID": "CRS3035RES1000mN2500000E4459000", "TOT_P_2011": 15.0, "TOT_P_2021": 50.0, "Y_LLC": 2500000, "CNTR_ID": "IT", "NUTS2016_3": "ITH36", "NUTS2016_2": "ITH3", "NUTS2016_1": "ITH", "NUTS2016_0": "IT", "LAND_PC": 100.0, "X_LLC": 4459000, "NUTS2021_3": "ITH36", "NUTS2021_2": "ITH3", "DIST_COAST": 37343.5, "NUTS2021_1": "ITH", "NUTS2021_0": "IT", "NUTS2024_3": "ITH36", "NUTS2024_2": "ITH3", "NUTS2024_1": "ITH", "NUTS2024_0": "IT" }, "geometry": { "type": "Point", "coordinates": [ 11.772904646607538, 45.602185464823066 ] } },
{ "type": "Feature", "properties": { "DIST_BORD": 130944.7, "TOT_P_2018": 241.0, "TOT_P_2006": 18.0, "GRD_ID": "CRS3035RES1000mN2500000E4460000", "TOT_P_2011": 256.0, "TOT_P_2021": 296.0, "Y_LLC": 2500000, "CNTR_ID": "IT", "NUTS2016_3": "ITH36", "NUTS2016_2": "ITH3", "NUTS2016_1": "ITH", "NUTS2016_0": "IT", "LAND_PC": 100.0, "X_LLC": 4460000, "NUTS2021_3": "ITH36", "NUTS2021_2": "ITH3", "DIST_COAST": 36555.17, "NUTS2021_1": "ITH", "NUTS2021_0": "IT", "NUTS2024_3": "ITH36", "NUTS2024_2": "ITH3", "NUTS2024_1": "ITH", "NUTS2024_0": "IT" }, "geometry": { "type": "Point", "coordinates": [ 11.785701182431215, 45.601970370096559 ] } },
{ "type": "Feature", "properties": { "DIST_BORD": 130579.22, "TOT_P_2018": 101.0, "TOT_P_2006": 53.0, "GRD_ID": "CRS3035RES1000mN2500000E4461000", "TOT_P_2011": 107.0, "TOT_P_2021": 67.0, "Y_LLC": 2500000, "CNTR_ID": "IT", "NUTS2016_3": "ITH36", "NUTS2016_2": "ITH3", "NUTS2016_1": "ITH", "NUTS2016_0": "IT", "LAND_PC": 100.0, "X_LLC": 4461000, "NUTS2021_3": "ITH36", "NUTS2021_2": "ITH3", "DIST_COAST": 35777.42, "NUTS2021_1": "ITH", "NUTS2021_0": "IT", "NUTS2024_3": "ITH36", "NUTS2024_2": "ITH3", "NUTS2024_1": "ITH", "NUTS2024_0": "IT" }, "geometry": { "type": "Point", "coordinates": [ 11.79849762698634, 45.601753728823212 ] } },
{ "type": "Feature", "properties": { "DIST_BORD": 130204.28, "TOT_P_2018": 202.0, "TOT_P_2006": 84.0, "GRD_ID": "CRS3035RES1000mN2500000E4462000", "TOT_P_2011": 183.0, "TOT_P_2021": 151.0, "Y_LLC": 2500000, "CNTR_ID": "IT", "NUTS2016_3": "ITH36", "NUTS2016_2": "ITH3", "NUTS2016_1": "ITH", "NUTS2016_0": "IT", "LAND_PC": 100.0, "X_LLC": 4462000, "NUTS2021_3": "ITH36", "NUTS2021_2": "ITH3", "DIST_COAST": 35010.95, "NUTS2021_1": "ITH", "NUTS2021_0": "IT", "NUTS2024_3": "ITH36", "NUTS2024_2": "ITH3", "NUTS2024_1": "ITH", "NUTS2024_0": "IT" }, "geometry": { "type": "Point", "coordinates": [ 11.811293980117053, 45.601535540841418 ] } },
{ "type": "Feature", "properties": { "DIST_BORD": 129835.96, "TOT_P_2018": 315.0, "TOT_P_2006": 18.0, "GRD_ID": "CRS3035RES1000mN2500000E4463000", "TOT_P_2011": 70.0, "TOT_P_2021": 116.0, "Y_LLC": 2500000, "CNTR_ID": "IT", "NUTS2016_3": "ITH36", "NUTS2016_2": "ITH3", "NUTS2016_1": "ITH", "NUTS2016_0": "IT", "LAND_PC": 100.0, "X_LLC": 4463000, "NUTS2021_3": "ITH36", "NUTS2021_2": "ITH3", "DIST_COAST": 34256.53, "NUTS2021_1": "ITH", "NUTS2021_0": "IT", "NUTS2024_3": "ITH36", "NUTS2024_2": "ITH3", "NUTS2024_1": "ITH", "NUTS2024_0": "IT" }, "geometry": { "type": "Point", "coordinates": [ 11.824090240810055, 45.601315806264175 ] } },
{ "type": "Feature", "properties": { "DIST_BORD": 129474.31, "TOT_P_2018": 390.0, "TOT_P_2006": 278.0, "GRD_ID": "CRS3035RES1000mN2500000E4464000", "TOT_P_2011": 395.0, "TOT_P_2021": 350.0, "Y_LLC": 2500000, "CNTR_ID": "IT", "NUTS2016_3": "ITH36", "NUTS2016_2": "ITH3", "NUTS2016_1": "ITH", "NUTS2016_0": "IT", "LAND_PC": 100.0, "X_LLC": 4464000, "NUTS2021_3": "ITH36", "NUTS2021_2": "ITH3", "DIST_COAST": 33514.97, "NUTS2021_1": "ITH", "NUTS2021_0": "IT", "NUTS2024_3": "ITH36", "NUTS2024_2": "ITH3", "NUTS2024_1": "ITH", "NUTS2024_0": "IT" }, "geometry": { "type": "Point", "coordinates": [ 11.83688640851776, 45.60109452517554 ] } },
{ "type": "Feature", "properties": { "DIST_BORD": 129119.4, "TOT_P_2018": 176.0, "TOT_P_2006": 266.0, "GRD_ID": "CRS3035RES1000mN2500000E4465000", "TOT_P_2011": 176.0, "TOT_P_2021": 201.0, "Y_LLC": 2500000, "CNTR_ID": "IT", "NUTS2016_3": "ITH36", "NUTS2016_2": "ITH3", "NUTS2016_1": "ITH", "NUTS2016_0": "IT", "LAND_PC": 100.0, "X_LLC": 4465000, "NUTS2021_3": "ITH36", "NUTS2021_2": "ITH3", "DIST_COAST": 32787.14, "NUTS2021_1": "ITH", "NUTS2021_0": "IT", "NUTS2024_3": "ITH36", "NUTS2024_2": "ITH3", "NUTS2024_1": "ITH", "NUTS2024_0": "IT" }, "geometry": { "type": "Point", "coordinates": [ 11.849682482599539, 45.600871697619652 ] } },
{ "type": "Feature", "properties": { "DIST_BORD": 128749.78, "TOT_P_2018": 441.0, "TOT_P_2006": 36.0, "GRD_ID": "CRS3035RES1000mN2500000E4466000", "TOT_P_2011": 227.0, "TOT_P_2021": 187.0, "Y_LLC": 2500000, "CNTR_ID": "IT", "NUTS2016_3": "ITH36", "NUTS2016_2": "ITH3", "NUTS2016_1": "ITH", "NUTS2016_0": "IT", "LAND_PC": 100.0, "X_LLC": 4466000, "NUTS2021_3": "ITH36", "NUTS2021_2": "ITH3", "DIST_COAST": 32073.97, "NUTS2021_1": "ITH", "NUTS2021_0": "IT", "NUTS2024_3": "ITH36", "NUTS2024_2": "ITH3", "NUTS2024_1": "ITH", "NUTS2024_0": "IT" }, "geometry": { "type": "Point", "coordinates": [ 11.862478462479617, 45.600647323367696 ] } },
{ "type": "Feature", "properties": { "DIST_BORD": 128359.22, "TOT_P_2018": 132.0, "TOT_P_2006": 21.0, "GRD_ID": "CRS3035RES1000mN2500000E4467000", "TOT_P_2011": 119.0, "TOT_P_2021": 185.0, "Y_LLC": 2500000, "CNTR_ID": "IT", "NUTS2016_3": "ITH36", "NUTS2016_2": "ITH3", "NUTS2016_1": "ITH", "NUTS2016_0": "IT", "LAND_PC": 100.0, "X_LLC": 4467000, "NUTS2021_3": "ITH36", "NUTS2021_2": "ITH3", "DIST_COAST": 31376.47, "NUTS2021_1": "ITH", "NUTS2021_0": "IT", "NUTS2024_3": "ITH36", "NUTS2024_2": "ITH3", "NUTS2024_1": "ITH", "NUTS2024_0": "IT" }, "geometry": { "type": "Point", "coordinates": [ 11.875274347291558, 45.60042140275398 ] } },
{ "type": "Feature", "properties": { "DIST_BORD": 127975.29, "TOT_P_2018": 316.0, "TOT_P_2006": 56.0, "GRD_ID": "CRS3035RES1000mN2500000E4468000", "TOT_P_2011": 314.0, "TOT_P_2021": 367.0, "Y_LLC": 2500000, "CNTR_ID": "IT", "NUTS2016_3": "ITH34-ITH36", "NUTS2016_2": "ITH3", "NUTS2016_1": "ITH", "NUTS2016_0": "IT", "LAND_PC": 100.0, "X_LLC": 4468000, "NUTS2021_3": "ITH34-ITH36", "NUTS2021_2": "ITH3", "DIST_COAST": 30695.71, "NUTS2021_1": "ITH", "NUTS2021_0": "IT", "NUTS2024_3": "ITH34-ITH36", "NUTS2024_2": "ITH3", "NUTS2024_1": "ITH", "NUTS2024_0": "IT" }, "geometry": { "type": "Point", "coordinates": [ 11.888070136650908, 45.600193935545555 ] } },
{ "type": "Feature", "properties": { "DIST_BORD": 127598.03, "TOT_P_2018": 422.0, "TOT_P_2006": 240.0, "GRD_ID": "CRS3035RES1000mN2500000E4469000", "TOT_P_2011": 398.0, "TOT_P_2021": 334.0, "Y_LLC": 2500000, "CNTR_ID": "IT", "NUTS2016_3": "ITH34-ITH36", "NUTS2016_2": "ITH3", "NUTS2016_1": "ITH", "NUTS2016_0": "IT", "LAND_PC": 100.0, "X_LLC": 4469000, "NUTS2021_3": "ITH34-ITH36", "NUTS2021_2": "ITH3", "DIST_COAST": 30032.81, "NUTS2021_1": "ITH", "NUTS2021_0": "IT", "NUTS2024_3": "ITH34-ITH36", "NUTS2024_2": "ITH3", "NUTS2024_1": "ITH", "NUTS2024_0": "IT" }, "geometry": { "type": "Point", "coordinates": [ 11.900865829691364, 45.599964921923323 ] } },
{ "type": "Feature", "properties": { "DIST_BORD": 127227.52, "TOT_P_2018": 165.0, "TOT_P_2006": 35.0, "GRD_ID": "CRS3035RES1000mN2500000E4470000", "TOT_P_2011": 168.0, "TOT_P_2021": 200.0, "Y_LLC": 2500000, "CNTR_ID": "IT", "NUTS2016_3": "ITH34-ITH36", "NUTS2016_2": "ITH3", "NUTS2016_1": "ITH", "NUTS2016_0": "IT", "LAND_PC": 100.0, "X_LLC": 4470000, "NUTS2021_3": "ITH34-ITH36", "NUTS2021_2": "ITH3", "DIST_COAST": 29388.99, "NUTS2021_1": "ITH", "NUTS2021_0": "IT", "NUTS2024_3": "ITH34-ITH36", "NUTS2024_2": "ITH3", "NUTS2024_1": "ITH", "NUTS2024_0": "IT" }, "geometry": { "type": "Point", "coordinates": [ 11.913661425856557, 45.599734361854367 ] } },
{ "type": "Feature", "properties": { "DIST_BORD": 126863.81, "TOT_P_2018": 241.0, "TOT_P_2006": 204.0, "GRD_ID": "CRS3035RES1000mN2500000E4471000", "TOT_P_2011": 256.0, "TOT_P_2021": 212.0, "Y_LLC": 2500000, "CNTR_ID": "IT", "NUTS2016_3": "ITH34-ITH36", "NUTS2016_2": "ITH3", "NUTS2016_1": "ITH", "NUTS2016_0": "IT", "LAND_PC": 100.0, "X_LLC": 4471000, "NUTS2021_3": "ITH34-ITH36", "NUTS2021_2": "ITH3", "DIST_COAST": 28765.54, "NUTS2021_1": "ITH", "NUTS2021_0": "IT", "NUTS2024_3": "ITH34-ITH36", "NUTS2024_2": "ITH3", "NUTS2024_1": "ITH", "NUTS2024_0": "IT" }, "geometry": { "type": "Point", "coordinates": [ 11.926456924630713, 45.59950225529667 ] } },
{ "type": "Feature", "properties": { "DIST_BORD": 126506.96, "TOT_P_2018": 666.0, "TOT_P_2006": 842.0, "GRD_ID": "CRS3035RES1000mN2500000E4472000", "TOT_P_2011": 625.0, "TOT_P_2021": 549.0, "Y_LLC": 2500000, "CNTR_ID": "IT", "NUTS2016_3": "ITH34-ITH36", "NUTS2016_2": "ITH3", "NUTS2016_1": "ITH", "NUTS2016_0": "IT", "LAND_PC": 100.0, "X_LLC": 4472000, "NUTS2021_3": "ITH34-ITH36", "NUTS2021_2": "ITH3", "DIST_COAST": 28163.79, "NUTS2021_1": "ITH", "NUTS2021_0": "IT", "NUTS2024_3": "ITH34-ITH36", "NUTS2024_2": "ITH3", "NUTS2024_1": "ITH", "NUTS2024_0": "IT" }, "geometry": { "type": "Point", "coordinates": [ 11.939252325009523, 45.599268602368824 ] } },
{ "type": "Feature", "properties": { "DIST_BORD": 126157.03, "TOT_P_2018": 1124.0, "TOT_P_2006": 1519.0, "GRD_ID": "CRS3035RES1000mN2500000E4473000", "TOT_P_2011": 1164.0, "TOT_P_2021": 1054.0, "Y_LLC": 2500000, "CNTR_ID": "IT", "NUTS2016_3": "ITH34-ITH36", "NUTS2016_2": "ITH3", "NUTS2016_1": "ITH", "NUTS2016_0": "IT", "LAND_PC": 100.0, "X_LLC": 4473000, "NUTS2021_3": "ITH34-ITH36", "NUTS2021_2": "ITH3", "DIST_COAST": 27585.19, "NUTS2021_1": "ITH", "NUTS2021_0": "IT", "NUTS2024_3": "ITH34-ITH36", "NUTS2024_2": "ITH3", "NUTS2024_1": "ITH", "NUTS2024_0": "IT" }, "geometry": { "type": "Point", "coordinates": [ 11.952047626779635, 45.599033403018481 ] } },
{ "type": "Feature", "properties": { "DIST_BORD": 125814.07, "TOT_P_2018": 244.0, "TOT_P_2006": 128.0, "GRD_ID": "CRS3035RES1000mN2500000E4474000", "TOT_P_2011": 236.0, "TOT_P_2021": 361.0, "Y_LLC": 2500000, "CNTR_ID": "IT", "NUTS2016_3": "ITH34-ITH36", "NUTS2016_2": "ITH3", "NUTS2016_1": "ITH", "NUTS2016_0": "IT", "LAND_PC": 100.0, "X_LLC": 4474000, "NUTS2021_3": "ITH34-ITH36", "NUTS2021_2": "ITH3", "DIST_COAST": 27031.2, "NUTS2021_1": "ITH", "NUTS2021_0": "IT", "NUTS2024_3": "ITH34-ITH36", "NUTS2024_2": "ITH3", "NUTS2024_1": "ITH", "NUTS2024_0": "IT" }, "geometry": { "type": "Point", "coordinates": [ 11.96484282881239, 45.598796657323675 ] } },
{ "type": "Feature", "properties": { "DIST_BORD": 125166.72, "TOT_P_2018": 275.0, "TOT_P_2006": 113.0, "GRD_ID": "CRS3035RES1000mN2500000E4475000", "TOT_P_2011": 259.0, "TOT_P_2021": 237.0, "Y_LLC": 2500000, "CNTR_ID": "IT", "NUTS2016_3": "ITH34-ITH36", "NUTS2016_2": "ITH3", "NUTS2016_1": "ITH", "NUTS2016_0": "IT", "LAND_PC": 100.0, "X_LLC": 4475000, "NUTS2021_3": "ITH34-ITH36", "NUTS2021_2": "ITH3", "DIST_COAST": 26503.38, "NUTS2021_1": "ITH", "NUTS2021_0": "IT", "NUTS2024_3": "ITH34-ITH36", "NUTS2024_2": "ITH3", "NUTS2024_1": "ITH", "NUTS2024_0": "IT" }, "geometry": { "type": "Point", "coordinates": [ 11.977637930970204, 45.598558365239576 ] } },
{ "type": "Feature", "properties": { "DIST_BORD": 124248.8, "TOT_P_2018": 249.0, "TOT_P_2006": 59.0, "GRD_ID": "CRS3035RES1000mN2500000E4476000", "TOT_P_2011": 190.0, "TOT_P_2021": 243.0, "Y_LLC": 2500000, "CNTR_ID": "IT", "NUTS2016_3": "ITH34-ITH36", "NUTS2016_2": "ITH3", "NUTS2016_1": "ITH", "NUTS2016_0": "IT", "LAND_PC": 100.0, "X_LLC": 4476000, "NUTS2021_3": "ITH34-ITH36", "NUTS2021_2": "ITH3", "DIST_COAST": 25964.08, "NUTS2021_1": "ITH", "NUTS2021_0": "IT", "NUTS2024_3": "ITH34-ITH36", "NUTS2024_2": "ITH3", "NUTS2024_1": "ITH", "NUTS2024_0": "IT" }, "geometry": { "type": "Point", "coordinates": [ 11.99043293217818, 45.598318526895461 ] } },
{ "type": "Feature", "properties": { "DIST_BORD": 123332.16, "TOT_P_2018": 581.0, "TOT_P_2006": 289.0, "GRD_ID": "CRS3035RES1000mN2500000E4477000", "TOT_P_2011": 593.0, "TOT_P_2021": 646.0, "Y_LLC": 2500000, "CNTR_ID": "IT", "NUTS2016_3": "ITH36", "NUTS2016_2": "ITH3", "NUTS2016_1": "ITH", "NUTS2016_0": "IT", "LAND_PC": 100.0, "X_LLC": 4477000, "NUTS2021_3": "ITH36", "NUTS2021_2": "ITH3", "DIST_COAST": 25345.89, "NUTS2021_1": "ITH", "NUTS2021_0": "IT", "NUTS2024_3": "ITH36", "NUTS2024_2": "ITH3", "NUTS2024_1": "ITH", "NUTS2024_0": "IT" }, "geometry": { "type": "Point", "coordinates": [ 12.003227832027944, 45.598077142161642 ] } },
{ "type": "Feature", "properties": { "DIST_BORD": 122416.82, "TOT_P_2018": 75.0, "TOT_P_2006": 51.0, "GRD_ID": "CRS3035RES1000mN2500000E4478000", "TOT_P_2011": 46.0, "TOT_P_2021": 167.0, "Y_LLC": 2500000, "CNTR_ID": "IT", "NUTS2016_3": "ITH36", "NUTS2016_2": "ITH3", "NUTS2016_1": "ITH", "NUTS2016_0": "IT", "LAND_PC": 100.0, "X_LLC": 4478000, "NUTS2021_3": "ITH36", "NUTS2021_2": "ITH3", "DIST_COAST": 24501.43, "NUTS2021_1": "ITH", "NUTS2021_0": "IT", "NUTS2024_3": "ITH36", "NUTS2024_2": "ITH3", "NUTS2024_1": "ITH", "NUTS2024_0": "IT" }, "geometry": { "type": "Point", "coordinates": [ 12.016022629735588, 45.597834211114794 ] } },
{ "type": "Feature", "properties": { "DIST_BORD": 121502.82, "TOT_P_2018": 231.0, "TOT_P_2006": 104.0, "GRD_ID": "CRS3035RES1000mN2500000E4479000", "TOT_P_2011": 225.0, "TOT_P_2021": 314.0, "Y_LLC": 2500000, "CNTR_ID": "IT", "NUTS2016_3": "ITH36", "NUTS2016_2": "ITH3", "NUTS2016_1": "ITH", "NUTS2016_0": "IT", "LAND_PC": 100.0, "X_LLC": 4479000, "NUTS2021_3": "ITH36", "NUTS2021_2": "ITH3", "DIST_COAST": 23653.24, "NUTS2021_1": "ITH", "NUTS2021_0": "IT", "NUTS2024_3": "ITH36", "NUTS2024_2": "ITH3", "NUTS2024_1": "ITH", "NUTS2024_0": "IT" }, "geometry": { "type": "Point", "coordinates": [ 12.028817324763514, 45.597589733834518 ] } },
{ "type": "Feature", "properties": { "DIST_BORD": 120590.18, "TOT_P_2018": 1184.0, "TOT_P_2006": 708.0, "GRD_ID": "CRS3035RES1000mN2500000E4480000", "TOT_P_2011": 1127.0, "TOT_P_2021": 1109.0, "Y_LLC": 2500000, "CNTR_ID": "IT", "NUTS2016_3": "ITH36", "NUTS2016_2": "ITH3", "NUTS2016_1": "ITH", "NUTS2016_0": "IT", "LAND_PC": 100.0, "X_LLC": 4480000, "NUTS2021_3": "ITH36", "NUTS2021_2": "ITH3", "DIST_COAST": 22817.34, "NUTS2021_1": "ITH", "NUTS2021_0": "IT", "NUTS2024_3": "ITH36", "NUTS2024_2": "ITH3", "NUTS2024_1": "ITH", "NUTS2024_0": "IT" }, "geometry": { "type": "Point", "coordinates": [ 12.041611916438512, 45.597343710289238 ] } },
{ "type": "Feature", "properties": { "DIST_BORD": 119678.93, "TOT_P_2018": 1695.0, "TOT_P_2006": 1295.0, "GRD_ID": "CRS3035RES1000mN2500000E4481000", "TOT_P_2011": 1709.0, "TOT_P_2021": 1656.0, "Y_LLC": 2500000, "CNTR_ID": "IT", "NUTS2016_3": "ITH36", "NUTS2016_2": "ITH3", "NUTS2016_1": "ITH", "NUTS2016_0": "IT", "LAND_PC": 100.0, "X_LLC": 4481000, "NUTS2021_3": "ITH36", "NUTS2021_2": "ITH3", "DIST_COAST": 21995.14, "NUTS2021_1": "ITH", "NUTS2021_0": "IT", "NUTS2024_3": "ITH36", "NUTS2024_2": "ITH3", "NUTS2024_1": "ITH", "NUTS2024_0": "IT" }, "geometry": { "type": "Point", "coordinates": [ 12.054406403990907, 45.597096140484993 ] } },
{ "type": "Feature", "properties": { "DIST_BORD": 118769.12, "TOT_P_2018": 261.0, "TOT_P_2006": 240.0, "GRD_ID": "CRS3035RES1000mN2500000E4482000", "TOT_P_2011": 245.0, "TOT_P_2021": 201.0, "Y_LLC": 2500000, "CNTR_ID": "IT", "NUTS2016_3": "ITH34-ITH35-ITH36", "NUTS2016_2": "ITH3", "NUTS2016_1": "ITH", "NUTS2016_0": "IT", "LAND_PC": 100.0, "X_LLC": 4482000, "NUTS2021_3": "ITH34-ITH35-ITH36", "NUTS2021_2": "ITH3", "DIST_COAST": 21188.24, "NUTS2021_1": "ITH", "NUTS2021_0": "IT", "NUTS2024_3": "ITH34-ITH35-ITH36", "NUTS2024_2": "ITH3", "NUTS2024_1": "ITH", "NUTS2024_0": "IT" }, "geometry": { "type": "Point", "coordinates": [ 12.067200786957914, 45.596847024464125 ] } },
{ "type": "Feature", "properties": { "DIST_BORD": 117860.77, "TOT_P_2018": 267.0, "TOT_P_2006": 117.0, "GRD_ID": "CRS3035RES1000mN2500000E4483000", "TOT_P_2011": 270.0, "TOT_P_2021": 360.0, "Y_LLC": 2500000, "CNTR_ID": "IT", "NUTS2016_3": "ITH34-ITH35-ITH36", "NUTS2016_2": "ITH3", "NUTS2016_1": "ITH", "NUTS2016_0": "IT", "LAND_PC": 100.0, "X_LLC": 4483000, "NUTS2021_3": "ITH34-ITH35-ITH36", "NUTS2021_2": "ITH3", "DIST_COAST": 20398.45, "NUTS2021_1": "ITH", "NUTS2021_0": "IT", "NUTS2024_3": "ITH34-ITH35-ITH36", "NUTS2024_2": "ITH3", "NUTS2024_1": "ITH", "NUTS2024_0": "IT" }, "geometry": { "type": "Point", "coordinates": [ 12.079995064520128, 45.596596362264393 ] } },
{ "type": "Feature", "properties": { "DIST_BORD": 134421.53, "TOT_P_2018": 27.0, "TOT_P_2006": 0.0, "GRD_ID": "CRS3035RES1000mN2501000E4449000", "TOT_P_2011": 29.0, "TOT_P_2021": 48.0, "Y_LLC": 2501000, "CNTR_ID": "IT", "NUTS2016_3": "ITH32-ITH36", "NUTS2016_2": "ITH3", "NUTS2016_1": "ITH", "NUTS2016_0": "IT", "LAND_PC": 100.0, "X_LLC": 4449000, "NUTS2021_3": "ITH32-ITH36", "NUTS2021_2": "ITH3", "DIST_COAST": 46190.55, "NUTS2021_1": "ITH", "NUTS2021_0": "IT", "NUTS2024_3": "ITH32-ITH36", "NUTS2024_2": "ITH3", "NUTS2024_1": "ITH", "NUTS2024_0": "IT" }, "geometry": { "type": "Point", "coordinates": [ 11.645204740902583, 45.613259119212181 ] } },
{ "type": "Feature", "properties": { "DIST_BORD": 133989.46, "TOT_P_2018": 284.0, "TOT_P_2006": 266.0, "GRD_ID": "CRS3035RES1000mN2501000E4450000", "TOT_P_2011": 269.0, "TOT_P_2021": 217.0, "Y_LLC": 2501000, "CNTR_ID": "IT", "NUTS2016_3": "ITH32-ITH36", "NUTS2016_2": "ITH3", "NUTS2016_1": "ITH", "NUTS2016_0": "IT", "LAND_PC": 100.0, "X_LLC": 4450000, "NUTS2021_3": "ITH32-ITH36", "NUTS2021_2": "ITH3", "DIST_COAST": 45335.52, "NUTS2021_1": "ITH", "NUTS2021_0": "IT", "NUTS2024_3": "ITH32-ITH36", "NUTS2024_2": "ITH3", "NUTS2024_1": "ITH", "NUTS2024_0": "IT" }, "geometry": { "type": "Point", "coordinates": [ 11.65800425220964, 45.613059453670665 ] } },
{ "type": "Feature", "properties": { "DIST_BORD": 133563.48, "TOT_P_2018": 1928.0, "TOT_P_2006": 1878.0, "GRD_ID": "CRS3035RES1000mN2501000E4451000", "TOT_P_2011": 2040.0, "TOT_P_2021": 1869.0, "Y_LLC": 2501000, "CNTR_ID": "IT", "NUTS2016_3": "ITH32-ITH36", "NUTS2016_2": "ITH3", "NUTS2016_1": "ITH", "NUTS2016_0": "IT", "LAND_PC": 100.0, "X_LLC": 4451000, "NUTS2021_3": "ITH32-ITH36", "NUTS2021_2": "ITH3", "DIST_COAST": 44486.55, "NUTS2021_1": "ITH", "NUTS2021_0": "IT", "NUTS2024_3": "ITH32-ITH36", "NUTS2024_2": "ITH3", "NUTS2024_1": "ITH", "NUTS2024_0": "IT" }, "geometry": { "type": "Point", "coordinates": [ 11.670803679151692, 45.612858240958346 ] } },
{ "type": "Feature", "properties": { "DIST_BORD": 133143.65, "TOT_P_2018": 150.0, "TOT_P_2006": 415.0, "GRD_ID": "CRS3035RES1000mN2501000E4452000", "TOT_P_2011": 158.0, "TOT_P_2021": 64.0, "Y_LLC": 2501000, "CNTR_ID": "IT", "NUTS2016_3": "ITH36", "NUTS2016_2": "ITH3", "NUTS2016_1": "ITH", "NUTS2016_0": "IT", "LAND_PC": 100.0, "X_LLC": 4452000, "NUTS2021_3": "ITH36", "NUTS2021_2": "ITH3", "DIST_COAST": 43643.97, "NUTS2021_1": "ITH", "NUTS2021_0": "IT", "NUTS2024_3": "ITH36", "NUTS2024_2": "ITH3", "NUTS2024_1": "ITH", "NUTS2024_0": "IT" }, "geometry": { "type": "Point", "coordinates": [ 11.683603020842998, 45.612655481260724 ] } },
{ "type": "Feature", "properties": { "DIST_BORD": 132730.02, "TOT_P_2018": 64.0, "TOT_P_2006": 1.0, "GRD_ID": "CRS3035RES1000mN2501000E4453000", "TOT_P_2011": 67.0, "TOT_P_2021": 62.0, "Y_LLC": 2501000, "CNTR_ID": "IT", "NUTS2016_3": "ITH36", "NUTS2016_2": "ITH3", "NUTS2016_1": "ITH", "NUTS2016_0": "IT", "LAND_PC": 100.0, "X_LLC": 4453000, "NUTS2021_3": "ITH36", "NUTS2021_2": "ITH3", "DIST_COAST": 42808.17, "NUTS2021_1": "ITH", "NUTS2021_0": "IT", "NUTS2024_3": "ITH36", "NUTS2024_2": "ITH3", "NUTS2024_1": "ITH", "NUTS2024_0": "IT" }, "geometry": { "type": "Point", "coordinates": [ 11.696402276441225, 45.612451174512778 ] } },
{ "type": "Feature", "properties": { "DIST_BORD": 132322.66, "TOT_P_2018": 62.0, "TOT_P_2006": 1.0, "GRD_ID": "CRS3035RES1000mN2501000E4454000", "TOT_P_2011": 46.0, "TOT_P_2021": 28.0, "Y_LLC": 2501000, "CNTR_ID": "IT", "NUTS2016_3": "ITH36", "NUTS2016_2": "ITH3", "NUTS2016_1": "ITH", "NUTS2016_0": "IT", "LAND_PC": 100.0, "X_LLC": 4454000, "NUTS2021_3": "ITH36", "NUTS2021_2": "ITH3", "DIST_COAST": 41979.55, "NUTS2021_1": "ITH", "NUTS2021_0": "IT", "NUTS2024_3": "ITH36", "NUTS2024_2": "ITH3", "NUTS2024_1": "ITH", "NUTS2024_0": "IT" }, "geometry": { "type": "Point", "coordinates": [ 11.709201445739334, 45.612245320736797 ] } },
{ "type": "Feature", "properties": { "DIST_BORD": 131921.62, "TOT_P_2018": 165.0, "TOT_P_2006": 585.0, "GRD_ID": "CRS3035RES1000mN2501000E4455000", "TOT_P_2011": 310.0, "TOT_P_2021": 172.0, "Y_LLC": 2501000, "CNTR_ID": "IT", "NUTS2016_3": "ITH36", "NUTS2016_2": "ITH3", "NUTS2016_1": "ITH", "NUTS2016_0": "IT", "LAND_PC": 100.0, "X_LLC": 4455000, "NUTS2021_3": "ITH36", "NUTS2021_2": "ITH3", "DIST_COAST": 41158.55, "NUTS2021_1": "ITH", "NUTS2021_0": "IT", "NUTS2024_3": "ITH36", "NUTS2024_2": "ITH3", "NUTS2024_1": "ITH", "NUTS2024_0": "IT" }, "geometry": { "type": "Point", "coordinates": [ 11.722000527753252, 45.612037919939922 ] } },
{ "type": "Feature", "properties": { "DIST_BORD": 131526.96, "TOT_P_2018": 108.0, "TOT_P_2006": 197.0, "GRD_ID": "CRS3035RES1000mN2501000E4456000", "TOT_P_2011": 208.0, "TOT_P_2021": 118.0, "Y_LLC": 2501000, "CNTR_ID": "IT", "NUTS2016_3": "ITH36", "NUTS2016_2": "ITH3", "NUTS2016_1": "ITH", "NUTS2016_0": "IT", "LAND_PC": 97.94, "X_LLC": 4456000, "NUTS2021_3": "ITH36", "NUTS2021_2": "ITH3", "DIST_COAST": 40345.62, "NUTS2021_1": "ITH", "NUTS2021_0": "IT", "NUTS2024_3": "ITH36", "NUTS2024_2": "ITH3", "NUTS2024_1": "ITH", "NUTS2024_0": "IT" }, "geometry": { "type": "Point", "coordinates": [ 11.734799521982076, 45.611828972161867 ] } },
{ "type": "Feature", "properties": { "DIST_BORD": 131138.74, "TOT_P_2018": 11.0, "TOT_P_2006": 0.0, "GRD_ID": "CRS3035RES1000mN2501000E4457000", "TOT_P_2011": 18.0, "TOT_P_2021": 24.0, "Y_LLC": 2501000, "CNTR_ID": "IT", "NUTS2016_3": "ITH36", "NUTS2016_2": "ITH3", "NUTS2016_1": "ITH", "NUTS2016_0": "IT", "LAND_PC": 83.97, "X_LLC": 4457000, "NUTS2021_3": "ITH36", "NUTS2021_2": "ITH3", "DIST_COAST": 39541.28, "NUTS2021_1": "ITH", "NUTS2021_0": "IT", "NUTS2024_3": "ITH36", "NUTS2024_2": "ITH3", "NUTS2024_1": "ITH", "NUTS2024_0": "IT" }, "geometry": { "type": "Point", "coordinates": [ 11.74759842767093, 45.611618477325855 ] } },
{ "type": "Feature", "properties": { "DIST_BORD": 130757.02, "TOT_P_2018": 183.0, "TOT_P_2006": 110.0, "GRD_ID": "CRS3035RES1000mN2501000E4458000", "TOT_P_2011": 157.0, "TOT_P_2021": 158.0, "Y_LLC": 2501000, "CNTR_ID": "IT", "NUTS2016_3": "ITH36", "NUTS2016_2": "ITH3", "NUTS2016_1": "ITH", "NUTS2016_0": "IT", "LAND_PC": 98.55, "X_LLC": 4458000, "NUTS2021_3": "ITH36", "NUTS2021_2": "ITH3", "DIST_COAST": 38746.04, "NUTS2021_1": "ITH", "NUTS2021_0": "IT", "NUTS2024_3": "ITH36", "NUTS2024_2": "ITH3", "NUTS2024_1": "ITH", "NUTS2024_0": "IT" }, "geometry": { "type": "Point", "coordinates": [ 11.760397244280083, 45.611406435581735 ] } },
{ "type": "Feature", "properties": { "DIST_BORD": 130381.84, "TOT_P_2018": 406.0, "TOT_P_2006": 283.0, "GRD_ID": "CRS3035RES1000mN2501000E4459000", "TOT_P_2011": 415.0, "TOT_P_2021": 406.0, "Y_LLC": 2501000, "CNTR_ID": "IT", "NUTS2016_3": "ITH36", "NUTS2016_2": "ITH3", "NUTS2016_1": "ITH", "NUTS2016_0": "IT", "LAND_PC": 100.0, "X_LLC": 4459000, "NUTS2021_3": "ITH36", "NUTS2021_2": "ITH3", "DIST_COAST": 37960.49, "NUTS2021_1": "ITH", "NUTS2021_0": "IT", "NUTS2024_3": "ITH36", "NUTS2024_2": "ITH3", "NUTS2024_1": "ITH", "NUTS2024_0": "IT" }, "geometry": { "type": "Point", "coordinates": [ 11.773195971126524, 45.611192846865549 ] } },
{ "type": "Feature", "properties": { "DIST_BORD": 130013.28, "TOT_P_2018": 106.0, "TOT_P_2006": 54.0, "GRD_ID": "CRS3035RES1000mN2501000E4460000", "TOT_P_2011": 109.0, "TOT_P_2021": 179.0, "Y_LLC": 2501000, "CNTR_ID": "IT", "NUTS2016_3": "ITH36", "NUTS2016_2": "ITH3", "NUTS2016_1": "ITH", "NUTS2016_0": "IT", "LAND_PC": 100.0, "X_LLC": 4460000, "NUTS2021_3": "ITH36", "NUTS2021_2": "ITH3", "DIST_COAST": 37185.24, "NUTS2021_1": "ITH", "NUTS2021_0": "IT", "NUTS2024_3": "ITH36", "NUTS2024_2": "ITH3", "NUTS2024_1": "ITH", "NUTS2024_0": "IT" }, "geometry": { "type": "Point", "coordinates": [ 11.785994607482037, 45.610977711222205 ] } },
{ "type": "Feature", "properties": { "DIST_BORD": 129651.38, "TOT_P_2018": 132.0, "TOT_P_2006": 7.0, "GRD_ID": "CRS3035RES1000mN2501000E4461000", "TOT_P_2011": 129.0, "TOT_P_2021": 153.0, "Y_LLC": 2501000, "CNTR_ID": "IT", "NUTS2016_3": "ITH36", "NUTS2016_2": "ITH3", "NUTS2016_1": "ITH", "NUTS2016_0": "IT", "LAND_PC": 100.0, "X_LLC": 4461000, "NUTS2021_3": "ITH36", "NUTS2021_2": "ITH3", "DIST_COAST": 36420.95, "NUTS2021_1": "ITH", "NUTS2021_0": "IT", "NUTS2024_3": "ITH36", "NUTS2024_2": "ITH3", "NUTS2024_1": "ITH", "NUTS2024_0": "IT" }, "geometry": { "type": "Point", "coordinates": [ 11.798793152763754, 45.610761028694085 ] } },
{ "type": "Feature", "properties": { "DIST_BORD": 129276.44, "TOT_P_2018": 84.0, "TOT_P_2006": 0.0, "GRD_ID": "CRS3035RES1000mN2501000E4462000", "TOT_P_2011": 85.0, "TOT_P_2021": 79.0, "Y_LLC": 2501000, "CNTR_ID": "IT", "NUTS2016_3": "ITH36", "NUTS2016_2": "ITH3", "NUTS2016_1": "ITH", "NUTS2016_0": "IT", "LAND_PC": 100.0, "X_LLC": 4462000, "NUTS2021_3": "ITH36", "NUTS2021_2": "ITH3", "DIST_COAST": 35668.32, "NUTS2021_1": "ITH", "NUTS2021_0": "IT", "NUTS2024_3": "ITH36", "NUTS2024_2": "ITH3", "NUTS2024_1": "ITH", "NUTS2024_0": "IT" }, "geometry": { "type": "Point", "coordinates": [ 11.811591606390925, 45.610542799283564 ] } },
{ "type": "Feature", "properties": { "DIST_BORD": 128905.47, "TOT_P_2018": 67.0, "TOT_P_2006": 9.0, "GRD_ID": "CRS3035RES1000mN2501000E4463000", "TOT_P_2011": 71.0, "TOT_P_2021": 95.0, "Y_LLC": 2501000, "CNTR_ID": "IT", "NUTS2016_3": "ITH36", "NUTS2016_2": "ITH3", "NUTS2016_1": "ITH", "NUTS2016_0": "IT", "LAND_PC": 100.0, "X_LLC": 4463000, "NUTS2021_3": "ITH36", "NUTS2021_2": "ITH3", "DIST_COAST": 34928.1, "NUTS2021_1": "ITH", "NUTS2021_0": "IT", "NUTS2024_3": "ITH36", "NUTS2024_2": "ITH3", "NUTS2024_1": "ITH", "NUTS2024_0": "IT" }, "geometry": { "type": "Point", "coordinates": [ 11.824389967451424, 45.610323022997349 ] } },
{ "type": "Feature", "properties": { "DIST_BORD": 128541.2, "TOT_P_2018": 151.0, "TOT_P_2006": 89.0, "GRD_ID": "CRS3035RES1000mN2501000E4464000", "TOT_P_2011": 130.0, "TOT_P_2021": 284.0, "Y_LLC": 2501000, "CNTR_ID": "IT", "NUTS2016_3": "ITH36", "NUTS2016_2": "ITH3", "NUTS2016_1": "ITH", "NUTS2016_0": "IT", "LAND_PC": 100.0, "X_LLC": 4464000, "NUTS2021_3": "ITH36", "NUTS2021_2": "ITH3", "DIST_COAST": 34201.1, "NUTS2021_1": "ITH", "NUTS2021_0": "IT", "NUTS2024_3": "ITH36", "NUTS2024_2": "ITH3", "NUTS2024_1": "ITH", "NUTS2024_0": "IT" }, "geometry": { "type": "Point", "coordinates": [ 11.837188235665947, 45.610101699872111 ] } },
{ "type": "Feature", "properties": { "DIST_BORD": 128183.7, "TOT_P_2018": 356.0, "TOT_P_2006": 269.0, "GRD_ID": "CRS3035RES1000mN2501000E4465000", "TOT_P_2011": 366.0, "TOT_P_2021": 256.0, "Y_LLC": 2501000, "CNTR_ID": "IT", "NUTS2016_3": "ITH36", "NUTS2016_2": "ITH3", "NUTS2016_1": "ITH", "NUTS2016_0": "IT", "LAND_PC": 100.0, "X_LLC": 4465000, "NUTS2021_3": "ITH36", "NUTS2021_2": "ITH3", "DIST_COAST": 33488.18, "NUTS2021_1": "ITH", "NUTS2021_0": "IT", "NUTS2024_3": "ITH36", "NUTS2024_2": "ITH3", "NUTS2024_1": "ITH", "NUTS2024_0": "IT" }, "geometry": { "type": "Point", "coordinates": [ 11.849986410063734, 45.609878829837662 ] } },
{ "type": "Feature", "properties": { "DIST_BORD": 127831.21, "TOT_P_2018": 500.0, "TOT_P_2006": 186.0, "GRD_ID": "CRS3035RES1000mN2501000E4466000", "TOT_P_2011": 343.0, "TOT_P_2021": 299.0, "Y_LLC": 2501000, "CNTR_ID": "IT", "NUTS2016_3": "ITH36", "NUTS2016_2": "ITH3", "NUTS2016_1": "ITH", "NUTS2016_0": "IT", "LAND_PC": 100.0, "X_LLC": 4466000, "NUTS2021_3": "ITH36", "NUTS2021_2": "ITH3", "DIST_COAST": 32790.27, "NUTS2021_1": "ITH", "NUTS2021_0": "IT", "NUTS2024_3": "ITH36", "NUTS2024_2": "ITH3", "NUTS2024_1": "ITH", "NUTS2024_0": "IT" }, "geometry": { "type": "Point", "coordinates": [ 11.862784490185071, 45.609654413014376 ] } },
{ "type": "Feature", "properties": { "DIST_BORD": 127437.84, "TOT_P_2018": 183.0, "TOT_P_2006": 65.0, "GRD_ID": "CRS3035RES1000mN2501000E4467000", "TOT_P_2011": 149.0, "TOT_P_2021": 187.0, "Y_LLC": 2501000, "CNTR_ID": "IT", "NUTS2016_3": "ITH34-ITH36", "NUTS2016_2": "ITH3", "NUTS2016_1": "ITH", "NUTS2016_0": "IT", "LAND_PC": 100.0, "X_LLC": 4467000, "NUTS2021_3": "ITH34-ITH36", "NUTS2021_2": "ITH3", "DIST_COAST": 32108.33, "NUTS2021_1": "ITH", "NUTS2021_0": "IT", "NUTS2024_3": "ITH34-ITH36", "NUTS2024_2": "ITH3", "NUTS2024_1": "ITH", "NUTS2024_0": "IT" }, "geometry": { "type": "Point", "coordinates": [ 11.875582475324068, 45.609428449364579 ] } },
{ "type": "Feature", "properties": { "DIST_BORD": 127051.12, "TOT_P_2018": 339.0, "TOT_P_2006": 198.0, "GRD_ID": "CRS3035RES1000mN2501000E4468000", "TOT_P_2011": 368.0, "TOT_P_2021": 395.0, "Y_LLC": 2501000, "CNTR_ID": "IT", "NUTS2016_3": "ITH34-ITH36", "NUTS2016_2": "ITH3", "NUTS2016_1": "ITH", "NUTS2016_0": "IT", "LAND_PC": 100.0, "X_LLC": 4468000, "NUTS2021_3": "ITH34-ITH36", "NUTS2021_2": "ITH3", "DIST_COAST": 31443.41, "NUTS2021_1": "ITH", "NUTS2021_0": "IT", "NUTS2024_3": "ITH34-ITH36", "NUTS2024_2": "ITH3", "NUTS2024_1": "ITH", "NUTS2024_0": "IT" }, "geometry": { "type": "Point", "coordinates": [ 11.888380364795571, 45.609200938950515 ] } },
{ "type": "Feature", "properties": { "DIST_BORD": 126671.11, "TOT_P_2018": 65.0, "TOT_P_2006": 0.0, "GRD_ID": "CRS3035RES1000mN2501000E4469000", "TOT_P_2011": 63.0, "TOT_P_2021": 128.0, "Y_LLC": 2501000, "CNTR_ID": "IT", "NUTS2016_3": "ITH34-ITH36", "NUTS2016_2": "ITH3", "NUTS2016_1": "ITH", "NUTS2016_0": "IT", "LAND_PC": 100.0, "X_LLC": 4469000, "NUTS2021_3": "ITH34-ITH36", "NUTS2021_2": "ITH3", "DIST_COAST": 30796.61, "NUTS2021_1": "ITH", "NUTS2021_0": "IT", "NUTS2024_3": "ITH34-ITH36", "NUTS2024_2": "ITH3", "NUTS2024_1": "ITH", "NUTS2024_0": "IT" }, "geometry": { "type": "Point", "coordinates": [ 11.901178157880929, 45.608971881805481 ] } },
{ "type": "Feature", "properties": { "DIST_BORD": 126297.88, "TOT_P_2018": 730.0, "TOT_P_2006": 715.0, "GRD_ID": "CRS3035RES1000mN2501000E4470000", "TOT_P_2011": 761.0, "TOT_P_2021": 931.0, "Y_LLC": 2501000, "CNTR_ID": "IT", "NUTS2016_3": "ITH34-ITH36", "NUTS2016_2": "ITH3", "NUTS2016_1": "ITH", "NUTS2016_0": "IT", "LAND_PC": 100.0, "X_LLC": 4470000, "NUTS2021_3": "ITH34-ITH36", "NUTS2021_2": "ITH3", "DIST_COAST": 30169.1, "NUTS2021_1": "ITH", "NUTS2021_0": "IT", "NUTS2024_3": "ITH34-ITH36", "NUTS2024_2": "ITH3", "NUTS2024_1": "ITH", "NUTS2024_0": "IT" }, "geometry": { "type": "Point", "coordinates": [ 11.913975854243839, 45.608741277899213 ] } },
{ "type": "Feature", "properties": { "DIST_BORD": 125931.49, "TOT_P_2018": 501.0, "TOT_P_2006": 312.0, "GRD_ID": "CRS3035RES1000mN2501000E4471000", "TOT_P_2011": 489.0, "TOT_P_2021": 273.0, "Y_LLC": 2501000, "CNTR_ID": "IT", "NUTS2016_3": "ITH34-ITH36", "NUTS2016_2": "ITH3", "NUTS2016_1": "ITH", "NUTS2016_0": "IT", "LAND_PC": 100.0, "X_LLC": 4471000, "NUTS2021_3": "ITH34-ITH36", "NUTS2021_2": "ITH3", "DIST_COAST": 29562.1, "NUTS2021_1": "ITH", "NUTS2021_0": "IT", "NUTS2024_3": "ITH34-ITH36", "NUTS2024_2": "ITH3", "NUTS2024_1": "ITH", "NUTS2024_0": "IT" }, "geometry": { "type": "Point", "coordinates": [ 11.926773452770819, 45.608509127242947 ] } },
{ "type": "Feature", "properties": { "DIST_BORD": 125571.99, "TOT_P_2018": 326.0, "TOT_P_2006": 41.0, "GRD_ID": "CRS3035RES1000mN2501000E4472000", "TOT_P_2011": 267.0, "TOT_P_2021": 149.0, "Y_LLC": 2501000, "CNTR_ID": "IT", "NUTS2016_3": "ITH34-ITH36", "NUTS2016_2": "ITH3", "NUTS2016_1": "ITH", "NUTS2016_0": "IT", "LAND_PC": 100.0, "X_LLC": 4472000, "NUTS2021_3": "ITH34-ITH36", "NUTS2021_2": "ITH3", "DIST_COAST": 28976.91, "NUTS2021_1": "ITH", "NUTS2021_0": "IT", "NUTS2024_3": "ITH34-ITH36", "NUTS2024_2": "ITH3", "NUTS2024_1": "ITH", "NUTS2024_0": "IT" }, "geometry": { "type": "Point", "coordinates": [ 11.939570953293734, 45.608275429887151 ] } },
{ "type": "Feature", "properties": { "DIST_BORD": 125219.44, "TOT_P_2018": 171.0, "TOT_P_2006": 20.0, "GRD_ID": "CRS3035RES1000mN2501000E4473000", "TOT_P_2011": 176.0, "TOT_P_2021": 226.0, "Y_LLC": 2501000, "CNTR_ID": "IT", "NUTS2016_3": "ITH34-ITH36", "NUTS2016_2": "ITH3", "NUTS2016_1": "ITH", "NUTS2016_0": "IT", "LAND_PC": 100.0, "X_LLC": 4473000, "NUTS2021_3": "ITH34-ITH36", "NUTS2021_2": "ITH3", "DIST_COAST": 28414.86, "NUTS2021_1": "ITH", "NUTS2021_0": "IT", "NUTS2024_3": "ITH34-ITH36", "NUTS2024_2": "ITH3", "NUTS2024_1": "ITH", "NUTS2024_0": "IT" }, "geometry": { "type": "Point", "coordinates": [ 11.952368354650606, 45.608040185857661 ] } },
{ "type": "Feature", "properties": { "DIST_BORD": 124873.91, "TOT_P_2018": 202.0, "TOT_P_2006": 33.0, "GRD_ID": "CRS3035RES1000mN2501000E4474000", "TOT_P_2011": 136.0, "TOT_P_2021": 125.0, "Y_LLC": 2501000, "CNTR_ID": "IT", "NUTS2016_3": "ITH34-ITH36", "NUTS2016_2": "ITH3", "NUTS2016_1": "ITH", "NUTS2016_0": "IT", "LAND_PC": 100.0, "X_LLC": 4474000, "NUTS2021_3": "ITH34-ITH36", "NUTS2021_2": "ITH3", "DIST_COAST": 27877.37, "NUTS2021_1": "ITH", "NUTS2021_0": "IT", "NUTS2024_3": "ITH34-ITH36", "NUTS2024_2": "ITH3", "NUTS2024_1": "ITH", "NUTS2024_0": "IT" }, "geometry": { "type": "Point", "coordinates": [ 11.965165656693094, 45.607803395152153 ] } },
{ "type": "Feature", "properties": { "DIST_BORD": 124535.45, "TOT_P_2018": 221.0, "TOT_P_2006": 12.0, "GRD_ID": "CRS3035RES1000mN2501000E4475000", "TOT_P_2011": 179.0, "TOT_P_2021": 206.0, "Y_LLC": 2501000, "CNTR_ID": "IT", "NUTS2016_3": "ITH34-ITH36", "NUTS2016_2": "ITH3", "NUTS2016_1": "ITH", "NUTS2016_0": "IT", "LAND_PC": 100.0, "X_LLC": 4475000, "NUTS2021_3": "ITH34-ITH36", "NUTS2021_2": "ITH3", "DIST_COAST": 27365.87, "NUTS2021_1": "ITH", "NUTS2021_0": "IT", "NUTS2024_3": "ITH34-ITH36", "NUTS2024_2": "ITH3", "NUTS2024_1": "ITH", "NUTS2024_0": "IT" }, "geometry": { "type": "Point", "coordinates": [ 11.977962858376316, 45.607565057779937 ] } },
{ "type": "Feature", "properties": { "DIST_BORD": 123853.97, "TOT_P_2018": 1738.0, "TOT_P_2006": 1775.0, "GRD_ID": "CRS3035RES1000mN2501000E4476000", "TOT_P_2011": 1788.0, "TOT_P_2021": 1623.0, "Y_LLC": 2501000, "CNTR_ID": "IT", "NUTS2016_3": "ITH34-ITH36", "NUTS2016_2": "ITH3", "NUTS2016_1": "ITH", "NUTS2016_0": "IT", "LAND_PC": 100.0, "X_LLC": 4476000, "NUTS2021_3": "ITH34-ITH36", "NUTS2021_2": "ITH3", "DIST_COAST": 26730.33, "NUTS2021_1": "ITH", "NUTS2021_0": "IT", "NUTS2024_3": "ITH34-ITH36", "NUTS2024_2": "ITH3", "NUTS2024_1": "ITH", "NUTS2024_0": "IT" }, "geometry": { "type": "Point", "coordinates": [ 11.990759959356454, 45.607325173783209 ] } },
{ "type": "Feature", "properties": { "DIST_BORD": 122934.38, "TOT_P_2018": 1532.0, "TOT_P_2006": 2122.0, "GRD_ID": "CRS3035RES1000mN2501000E4477000", "TOT_P_2011": 1540.0, "TOT_P_2021": 1654.0, "Y_LLC": 2501000, "CNTR_ID": "IT", "NUTS2016_3": "ITH34-ITH36", "NUTS2016_2": "ITH3", "NUTS2016_1": "ITH", "NUTS2016_0": "IT", "LAND_PC": 100.0, "X_LLC": 4477000, "NUTS2021_3": "ITH34-ITH36", "NUTS2021_2": "ITH3", "DIST_COAST": 25877.91, "NUTS2021_1": "ITH", "NUTS2021_0": "IT", "NUTS2024_3": "ITH34-ITH36", "NUTS2024_2": "ITH3", "NUTS2024_1": "ITH", "NUTS2024_0": "IT" }, "geometry": { "type": "Point", "coordinates": [ 12.003556958741656, 45.607083743187268 ] } },
{ "type": "Feature", "properties": { "DIST_BORD": 122016.06, "TOT_P_2018": 191.0, "TOT_P_2006": 380.0, "GRD_ID": "CRS3035RES1000mN2501000E4478000", "TOT_P_2011": 194.0, "TOT_P_2021": 186.0, "Y_LLC": 2501000, "CNTR_ID": "IT", "NUTS2016_3": "ITH34-ITH36", "NUTS2016_2": "ITH3", "NUTS2016_1": "ITH", "NUTS2016_0": "IT", "LAND_PC": 100.0, "X_LLC": 4478000, "NUTS2021_3": "ITH34-ITH36", "NUTS2021_2": "ITH3", "DIST_COAST": 25036.4, "NUTS2021_1": "ITH", "NUTS2021_0": "IT", "NUTS2024_3": "ITH34-ITH36", "NUTS2024_2": "ITH3", "NUTS2024_1": "ITH", "NUTS2024_0": "IT" }, "geometry": { "type": "Point", "coordinates": [ 12.016353855966573, 45.606840765990697 ] } },
{ "type": "Feature", "properties": { "DIST_BORD": 121099.03, "TOT_P_2018": 225.0, "TOT_P_2006": 131.0, "GRD_ID": "CRS3035RES1000mN2501000E4479000", "TOT_P_2011": 158.0, "TOT_P_2021": 200.0, "Y_LLC": 2501000, "CNTR_ID": "IT", "NUTS2016_3": "ITH36", "NUTS2016_2": "ITH3", "NUTS2016_1": "ITH", "NUTS2016_0": "IT", "LAND_PC": 100.0, "X_LLC": 4479000, "NUTS2021_3": "ITH36", "NUTS2021_2": "ITH3", "DIST_COAST": 24206.95, "NUTS2021_1": "ITH", "NUTS2021_0": "IT", "NUTS2024_3": "ITH36", "NUTS2024_2": "ITH3", "NUTS2024_1": "ITH", "NUTS2024_0": "IT" }, "geometry": { "type": "Point", "coordinates": [ 12.029150650425084, 45.60659624221325 ] } },
{ "type": "Feature", "properties": { "DIST_BORD": 120183.33, "TOT_P_2018": 394.0, "TOT_P_2006": 279.0, "GRD_ID": "CRS3035RES1000mN2501000E4480000", "TOT_P_2011": 310.0, "TOT_P_2021": 349.0, "Y_LLC": 2501000, "CNTR_ID": "IT", "NUTS2016_3": "ITH36", "NUTS2016_2": "ITH3", "NUTS2016_1": "ITH", "NUTS2016_0": "IT", "LAND_PC": 100.0, "X_LLC": 4480000, "NUTS2021_3": "ITH36", "NUTS2021_2": "ITH3", "DIST_COAST": 23390.85, "NUTS2021_1": "ITH", "NUTS2021_0": "IT", "NUTS2024_3": "ITH36", "NUTS2024_2": "ITH3", "NUTS2024_1": "ITH", "NUTS2024_0": "IT" }, "geometry": { "type": "Point", "coordinates": [ 12.041947341462327, 45.60635017187456 ] } },
{ "type": "Feature", "properties": { "DIST_BORD": 119268.98, "TOT_P_2018": 84.0, "TOT_P_2006": 117.0, "GRD_ID": "CRS3035RES1000mN2501000E4481000", "TOT_P_2011": 84.0, "TOT_P_2021": 164.0, "Y_LLC": 2501000, "CNTR_ID": "IT", "NUTS2016_3": "ITH36", "NUTS2016_2": "ITH3", "NUTS2016_1": "ITH", "NUTS2016_0": "IT", "LAND_PC": 100.0, "X_LLC": 4481000, "NUTS2021_3": "ITH36", "NUTS2021_2": "ITH3", "DIST_COAST": 22589.54, "NUTS2021_1": "ITH", "NUTS2021_0": "IT", "NUTS2024_3": "ITH36", "NUTS2024_2": "ITH3", "NUTS2024_1": "ITH", "NUTS2024_0": "IT" }, "geometry": { "type": "Point", "coordinates": [ 12.054743928383406, 45.60610255502219 ] } },
{ "type": "Feature", "properties": { "DIST_BORD": 118356.01, "TOT_P_2018": 121.0, "TOT_P_2006": 59.0, "GRD_ID": "CRS3035RES1000mN2501000E4482000", "TOT_P_2011": 111.0, "TOT_P_2021": 235.0, "Y_LLC": 2501000, "CNTR_ID": "IT", "NUTS2016_3": "ITH34-ITH35-ITH36", "NUTS2016_2": "ITH3", "NUTS2016_1": "ITH", "NUTS2016_0": "IT", "LAND_PC": 100.0, "X_LLC": 4482000, "NUTS2021_3": "ITH34-ITH35-ITH36", "NUTS2021_2": "ITH3", "DIST_COAST": 21804.65, "NUTS2021_1": "ITH", "NUTS2021_0": "IT", "NUTS2024_3": "ITH34-ITH35-ITH36", "NUTS2024_2": "ITH3", "NUTS2024_1": "ITH", "NUTS2024_0": "IT" }, "geometry": { "type": "Point", "coordinates": [ 12.067540410435859, 45.605853391675666 ] } },
{ "type": "Feature", "properties": { "DIST_BORD": 117444.46, "TOT_P_2018": 734.0, "TOT_P_2006": 626.0, "GRD_ID": "CRS3035RES1000mN2501000E4483000", "TOT_P_2011": 690.0, "TOT_P_2021": 601.0, "Y_LLC": 2501000, "CNTR_ID": "IT", "NUTS2016_3": "ITH34-ITH35-ITH36", "NUTS2016_2": "ITH3", "NUTS2016_1": "ITH", "NUTS2016_0": "IT", "LAND_PC": 100.0, "X_LLC": 4483000, "NUTS2021_3": "ITH34-ITH35-ITH36", "NUTS2021_2": "ITH3", "DIST_COAST": 21038.01, "NUTS2021_1": "ITH", "NUTS2021_0": "IT", "NUTS2024_3": "ITH34-ITH35-ITH36", "NUTS2024_2": "ITH3", "NUTS2024_1": "ITH", "NUTS2024_0": "IT" }, "geometry": { "type": "Point", "coordinates": [ 12.080336787323253, 45.605602681819946 ] } },
{ "type": "Feature", "properties": { "DIST_BORD": 133086.87, "TOT_P_2018": 85.0, "TOT_P_2006": 61.0, "GRD_ID": "CRS3035RES1000mN2502000E4450000", "TOT_P_2011": 90.0, "TOT_P_2021": 139.0, "Y_LLC": 2502000, "CNTR_ID": "IT", "NUTS2016_3": "ITH32-ITH36", "NUTS2016_2": "ITH3", "NUTS2016_1": "ITH", "NUTS2016_0": "IT", "LAND_PC": 100.0, "X_LLC": 4450000, "NUTS2021_3": "ITH32-ITH36", "NUTS2021_2": "ITH3", "DIST_COAST": 45866.89, "NUTS2021_1": "ITH", "NUTS2021_0": "IT", "NUTS2024_3": "ITH32-ITH36", "NUTS2024_2": "ITH3", "NUTS2024_1": "ITH", "NUTS2024_0": "IT" }, "geometry": { "type": "Point", "coordinates": [ 11.658276784863933, 45.622067137266789 ] } },
{ "type": "Feature", "properties": { "DIST_BORD": 132657.99, "TOT_P_2018": 570.0, "TOT_P_2006": 397.0, "GRD_ID": "CRS3035RES1000mN2502000E4451000", "TOT_P_2011": 581.0, "TOT_P_2021": 550.0, "Y_LLC": 2502000, "CNTR_ID": "IT", "NUTS2016_3": "ITH32-ITH36", "NUTS2016_2": "ITH3", "NUTS2016_1": "ITH", "NUTS2016_0": "IT", "LAND_PC": 100.0, "X_LLC": 4451000, "NUTS2021_3": "ITH32-ITH36", "NUTS2021_2": "ITH3", "DIST_COAST": 45027.94, "NUTS2021_1": "ITH", "NUTS2021_0": "IT", "NUTS2024_3": "ITH32-ITH36", "NUTS2024_2": "ITH3", "NUTS2024_1": "ITH", "NUTS2024_0": "IT" }, "geometry": { "type": "Point", "coordinates": [ 11.671078313949238, 45.621865886350925 ] } },
{ "type": "Feature", "properties": { "DIST_BORD": 132235.28, "TOT_P_2018": 122.0, "TOT_P_2006": 126.0, "GRD_ID": "CRS3035RES1000mN2502000E4452000", "TOT_P_2011": 129.0, "TOT_P_2021": 84.0, "Y_LLC": 2502000, "CNTR_ID": "IT", "NUTS2016_3": "ITH36", "NUTS2016_2": "ITH3", "NUTS2016_1": "ITH", "NUTS2016_0": "IT", "LAND_PC": 100.0, "X_LLC": 4452000, "NUTS2021_3": "ITH36", "NUTS2021_2": "ITH3", "DIST_COAST": 44195.68, "NUTS2021_1": "ITH", "NUTS2021_0": "IT", "NUTS2024_3": "ITH36", "NUTS2024_2": "ITH3", "NUTS2024_1": "ITH", "NUTS2024_0": "IT" }, "geometry": { "type": "Point", "coordinates": [ 11.683879757491733, 45.621663088097854 ] } },
{ "type": "Feature", "properties": { "DIST_BORD": 131818.8, "TOT_P_2018": 623.0, "TOT_P_2006": 932.0, "GRD_ID": "CRS3035RES1000mN2502000E4453000", "TOT_P_2011": 641.0, "TOT_P_2021": 738.0, "Y_LLC": 2502000, "CNTR_ID": "IT", "NUTS2016_3": "ITH36", "NUTS2016_2": "ITH3", "NUTS2016_1": "ITH", "NUTS2016_0": "IT", "LAND_PC": 100.0, "X_LLC": 4453000, "NUTS2021_3": "ITH36", "NUTS2021_2": "ITH3", "DIST_COAST": 43370.51, "NUTS2021_1": "ITH", "NUTS2021_0": "IT", "NUTS2024_3": "ITH36", "NUTS2024_2": "ITH3", "NUTS2024_1": "ITH", "NUTS2024_0": "IT" }, "geometry": { "type": "Point", "coordinates": [ 11.696681115230989, 45.621458742439451 ] } },
{ "type": "Feature", "properties": { "DIST_BORD": 131408.62, "TOT_P_2018": 691.0, "TOT_P_2006": 476.0, "GRD_ID": "CRS3035RES1000mN2502000E4454000", "TOT_P_2011": 622.0, "TOT_P_2021": 673.0, "Y_LLC": 2502000, "CNTR_ID": "IT", "NUTS2016_3": "ITH36", "NUTS2016_2": "ITH3", "NUTS2016_1": "ITH", "NUTS2016_0": "IT", "LAND_PC": 100.0, "X_LLC": 4454000, "NUTS2021_3": "ITH36", "NUTS2021_2": "ITH3", "DIST_COAST": 42552.85, "NUTS2021_1": "ITH", "NUTS2021_0": "IT", "NUTS2024_3": "ITH36", "NUTS2024_2": "ITH3", "NUTS2024_1": "ITH", "NUTS2024_0": "IT" }, "geometry": { "type": "Point", "coordinates": [ 11.70948238630225, 45.621252849529299 ] } },
{ "type": "Feature", "properties": { "DIST_BORD": 131004.78, "TOT_P_2018": 370.0, "TOT_P_2006": 86.0, "GRD_ID": "CRS3035RES1000mN2502000E4455000", "TOT_P_2011": 378.0, "TOT_P_2021": 265.0, "Y_LLC": 2502000, "CNTR_ID": "IT", "NUTS2016_3": "ITH36", "NUTS2016_2": "ITH3", "NUTS2016_1": "ITH", "NUTS2016_0": "IT", "LAND_PC": 100.0, "X_LLC": 4455000, "NUTS2021_3": "ITH36", "NUTS2021_2": "ITH3", "DIST_COAST": 41743.12, "NUTS2021_1": "ITH", "NUTS2021_0": "IT", "NUTS2024_3": "ITH36", "NUTS2024_2": "ITH3", "NUTS2024_1": "ITH", "NUTS2024_0": "IT" }, "geometry": { "type": "Point", "coordinates": [ 11.722283570225855, 45.621045409273485 ] } },
{ "type": "Feature", "properties": { "DIST_BORD": 130607.35, "TOT_P_2018": 54.0, "TOT_P_2006": 30.0, "GRD_ID": "CRS3035RES1000mN2502000E4456000", "TOT_P_2011": 105.0, "TOT_P_2021": 112.0, "Y_LLC": 2502000, "CNTR_ID": "IT", "NUTS2016_3": "ITH36", "NUTS2016_2": "ITH3", "NUTS2016_1": "ITH", "NUTS2016_0": "IT", "LAND_PC": 94.22, "X_LLC": 4456000, "NUTS2021_3": "ITH36", "NUTS2021_2": "ITH3", "DIST_COAST": 40941.8, "NUTS2021_1": "ITH", "NUTS2021_0": "IT", "NUTS2024_3": "ITH36", "NUTS2024_2": "ITH3", "NUTS2024_1": "ITH", "NUTS2024_0": "IT" }, "geometry": { "type": "Point", "coordinates": [ 11.73508466621969, 45.620836421701661 ] } },
{ "type": "Feature", "properties": { "DIST_BORD": 130216.39, "TOT_P_2018": 108.0, "TOT_P_2006": 112.0, "GRD_ID": "CRS3035RES1000mN2502000E4457000", "TOT_P_2011": 111.0, "TOT_P_2021": 115.0, "Y_LLC": 2502000, "CNTR_ID": "IT", "NUTS2016_3": "ITH36", "NUTS2016_2": "ITH3", "NUTS2016_1": "ITH", "NUTS2016_0": "IT", "LAND_PC": 92.84, "X_LLC": 4457000, "NUTS2021_3": "ITH36", "NUTS2021_2": "ITH3", "DIST_COAST": 40149.4, "NUTS2021_1": "ITH", "NUTS2021_0": "IT", "NUTS2024_3": "ITH36", "NUTS2024_2": "ITH3", "NUTS2024_1": "ITH", "NUTS2024_0": "IT" }, "geometry": { "type": "Point", "coordinates": [ 11.74788567370145, 45.620625886922419 ] } },
{ "type": "Feature", "properties": { "DIST_BORD": 129831.95, "TOT_P_2018": 115.0, "TOT_P_2006": 46.0, "GRD_ID": "CRS3035RES1000mN2502000E4458000", "TOT_P_2011": 100.0, "TOT_P_2021": 120.0, "Y_LLC": 2502000, "CNTR_ID": "IT", "NUTS2016_3": "ITH36", "NUTS2016_2": "ITH3", "NUTS2016_1": "ITH", "NUTS2016_0": "IT", "LAND_PC": 100.0, "X_LLC": 4458000, "NUTS2021_3": "ITH36", "NUTS2021_2": "ITH3", "DIST_COAST": 39366.45, "NUTS2021_1": "ITH", "NUTS2021_0": "IT", "NUTS2024_3": "ITH36", "NUTS2024_2": "ITH3", "NUTS2024_1": "ITH", "NUTS2024_0": "IT" }, "geometry": { "type": "Point", "coordinates": [ 11.760686591883333, 45.62041380484807 ] } },
{ "type": "Feature", "properties": { "DIST_BORD": 129454.1, "TOT_P_2018": 166.0, "TOT_P_2006": 120.0, "GRD_ID": "CRS3035RES1000mN2502000E4459000", "TOT_P_2011": 170.0, "TOT_P_2021": 235.0, "Y_LLC": 2502000, "CNTR_ID": "IT", "NUTS2016_3": "ITH36", "NUTS2016_2": "ITH3", "NUTS2016_1": "ITH", "NUTS2016_0": "IT", "LAND_PC": 100.0, "X_LLC": 4459000, "NUTS2021_3": "ITH36", "NUTS2021_2": "ITH3", "DIST_COAST": 38593.53, "NUTS2021_1": "ITH", "NUTS2021_0": "IT", "NUTS2024_3": "ITH36", "NUTS2024_2": "ITH3", "NUTS2024_1": "ITH", "NUTS2024_0": "IT" }, "geometry": { "type": "Point", "coordinates": [ 11.773487420416782, 45.620200175542088 ] } },
{ "type": "Feature", "properties": { "DIST_BORD": 129082.88, "TOT_P_2018": 531.0, "TOT_P_2006": 792.0, "GRD_ID": "CRS3035RES1000mN2502000E4460000", "TOT_P_2011": 534.0, "TOT_P_2021": 589.0, "Y_LLC": 2502000, "CNTR_ID": "IT", "NUTS2016_3": "ITH36", "NUTS2016_2": "ITH3", "NUTS2016_1": "ITH", "NUTS2016_0": "IT", "LAND_PC": 100.0, "X_LLC": 4460000, "NUTS2021_3": "ITH36", "NUTS2021_2": "ITH3", "DIST_COAST": 37831.26, "NUTS2021_1": "ITH", "NUTS2021_0": "IT", "NUTS2024_3": "ITH36", "NUTS2024_2": "ITH3", "NUTS2024_1": "ITH", "NUTS2024_0": "IT" }, "geometry": { "type": "Point", "coordinates": [ 11.786288158306071, 45.619984999015259 ] } },
{ "type": "Feature", "properties": { "DIST_BORD": 128718.37, "TOT_P_2018": 1090.0, "TOT_P_2006": 914.0, "GRD_ID": "CRS3035RES1000mN2502000E4461000", "TOT_P_2011": 1103.0, "TOT_P_2021": 989.0, "Y_LLC": 2502000, "CNTR_ID": "IT", "NUTS2016_3": "ITH36", "NUTS2016_2": "ITH3", "NUTS2016_1": "ITH", "NUTS2016_0": "IT", "LAND_PC": 100.0, "X_LLC": 4461000, "NUTS2021_3": "ITH36", "NUTS2021_2": "ITH3", "DIST_COAST": 37080.28, "NUTS2021_1": "ITH", "NUTS2021_0": "IT", "NUTS2024_3": "ITH36", "NUTS2024_2": "ITH3", "NUTS2024_1": "ITH", "NUTS2024_0": "IT" }, "geometry": { "type": "Point", "coordinates": [ 11.799088805051476, 45.619768275227209 ] } },
{ "type": "Feature", "properties": { "DIST_BORD": 128349.68, "TOT_P_2018": 265.0, "TOT_P_2006": 47.0, "GRD_ID": "CRS3035RES1000mN2502000E4462000", "TOT_P_2011": 253.0, "TOT_P_2021": 318.0, "Y_LLC": 2502000, "CNTR_ID": "IT", "NUTS2016_3": "ITH36", "NUTS2016_2": "ITH3", "NUTS2016_1": "ITH", "NUTS2016_0": "IT", "LAND_PC": 100.0, "X_LLC": 4462000, "NUTS2021_3": "ITH36", "NUTS2021_2": "ITH3", "DIST_COAST": 36341.31, "NUTS2021_1": "ITH", "NUTS2021_0": "IT", "NUTS2024_3": "ITH36", "NUTS2024_2": "ITH3", "NUTS2024_1": "ITH", "NUTS2024_0": "IT" }, "geometry": { "type": "Point", "coordinates": [ 11.811889360084789, 45.61955000428582 ] } },
{ "type": "Feature", "properties": { "DIST_BORD": 127976.02, "TOT_P_2018": 142.0, "TOT_P_2006": 199.0, "GRD_ID": "CRS3035RES1000mN2502000E4463000", "TOT_P_2011": 143.0, "TOT_P_2021": 391.0, "Y_LLC": 2502000, "CNTR_ID": "IT", "NUTS2016_3": "ITH36", "NUTS2016_2": "ITH3", "NUTS2016_1": "ITH", "NUTS2016_0": "IT", "LAND_PC": 100.0, "X_LLC": 4463000, "NUTS2021_3": "ITH36", "NUTS2021_2": "ITH3", "DIST_COAST": 35615.08, "NUTS2021_1": "ITH", "NUTS2021_0": "IT", "NUTS2024_3": "ITH36", "NUTS2024_2": "ITH3", "NUTS2024_1": "ITH", "NUTS2024_0": "IT" }, "geometry": { "type": "Point", "coordinates": [ 11.82468982262505, 45.619330186238734 ] } },
{ "type": "Feature", "properties": { "DIST_BORD": 127609.1, "TOT_P_2018": 302.0, "TOT_P_2006": 175.0, "GRD_ID": "CRS3035RES1000mN2502000E4464000", "TOT_P_2011": 307.0, "TOT_P_2021": 202.0, "Y_LLC": 2502000, "CNTR_ID": "IT", "NUTS2016_3": "ITH36", "NUTS2016_2": "ITH3", "NUTS2016_1": "ITH", "NUTS2016_0": "IT", "LAND_PC": 100.0, "X_LLC": 4464000, "NUTS2021_3": "ITH36", "NUTS2021_2": "ITH3", "DIST_COAST": 34902.39, "NUTS2021_1": "ITH", "NUTS2021_0": "IT", "NUTS2024_3": "ITH36", "NUTS2024_2": "ITH3", "NUTS2024_1": "ITH", "NUTS2024_0": "IT" }, "geometry": { "type": "Point", "coordinates": [ 11.837490192056581, 45.619108820952164 ] } },
{ "type": "Feature", "properties": { "DIST_BORD": 127248.99, "TOT_P_2018": 582.0, "TOT_P_2006": 631.0, "GRD_ID": "CRS3035RES1000mN2502000E4465000", "TOT_P_2011": 653.0, "TOT_P_2021": 770.0, "Y_LLC": 2502000, "CNTR_ID": "IT", "NUTS2016_3": "ITH36", "NUTS2016_2": "ITH3", "NUTS2016_1": "ITH", "NUTS2016_0": "IT", "LAND_PC": 100.0, "X_LLC": 4465000, "NUTS2021_3": "ITH36", "NUTS2021_2": "ITH3", "DIST_COAST": 34204.1, "NUTS2021_1": "ITH", "NUTS2021_0": "IT", "NUTS2024_3": "ITH36", "NUTS2024_2": "ITH3", "NUTS2024_1": "ITH", "NUTS2024_0": "IT" }, "geometry": { "type": "Point", "coordinates": [ 11.850290467713783, 45.618885908591096 ] } },
{ "type": "Feature", "properties": { "DIST_BORD": 126895.73, "TOT_P_2018": 93.0, "TOT_P_2006": 0.0, "GRD_ID": "CRS3035RES1000mN2502000E4466000", "TOT_P_2011": 80.0, "TOT_P_2021": 126.0, "Y_LLC": 2502000, "CNTR_ID": "IT", "NUTS2016_3": "ITH36", "NUTS2016_2": "ITH3", "NUTS2016_1": "ITH", "NUTS2016_0": "IT", "LAND_PC": 100.0, "X_LLC": 4466000, "NUTS2021_3": "ITH36", "NUTS2021_2": "ITH3", "DIST_COAST": 33521.09, "NUTS2021_1": "ITH", "NUTS2021_0": "IT", "NUTS2024_3": "ITH36", "NUTS2024_2": "ITH3", "NUTS2024_1": "ITH", "NUTS2024_0": "IT" }, "geometry": { "type": "Point", "coordinates": [ 11.86309064900818, 45.618661449080868 ] } },
{ "type": "Feature", "properties": { "DIST_BORD": 126517.65, "TOT_P_2018": 304.0, "TOT_P_2006": 50.0, "GRD_ID": "CRS3035RES1000mN2502000E4467000", "TOT_P_2011": 299.0, "TOT_P_2021": 152.0, "Y_LLC": 2502000, "CNTR_ID": "IT", "NUTS2016_3": "ITH34-ITH36", "NUTS2016_2": "ITH3", "NUTS2016_1": "ITH", "NUTS2016_0": "IT", "LAND_PC": 100.0, "X_LLC": 4467000, "NUTS2021_3": "ITH34-ITH36", "NUTS2021_2": "ITH3", "DIST_COAST": 32854.33, "NUTS2021_1": "ITH", "NUTS2021_0": "IT", "NUTS2024_3": "ITH34-ITH36", "NUTS2024_2": "ITH3", "NUTS2024_1": "ITH", "NUTS2024_0": "IT" }, "geometry": { "type": "Point", "coordinates": [ 11.875890735293803, 45.618435442465717 ] } },
{ "type": "Feature", "properties": { "DIST_BORD": 126128.11, "TOT_P_2018": 127.0, "TOT_P_2006": 26.0, "GRD_ID": "CRS3035RES1000mN2502000E4468000", "TOT_P_2011": 69.0, "TOT_P_2021": 169.0, "Y_LLC": 2502000, "CNTR_ID": "IT", "NUTS2016_3": "ITH34-ITH36", "NUTS2016_2": "ITH3", "NUTS2016_1": "ITH", "NUTS2016_0": "IT", "LAND_PC": 100.0, "X_LLC": 4468000, "NUTS2021_3": "ITH34-ITH36", "NUTS2021_2": "ITH3", "DIST_COAST": 32204.82, "NUTS2021_1": "ITH", "NUTS2021_0": "IT", "NUTS2024_3": "ITH34-ITH36", "NUTS2024_2": "ITH3", "NUTS2024_1": "ITH", "NUTS2024_0": "IT" }, "geometry": { "type": "Point", "coordinates": [ 11.888690725832893, 45.61820788885565 ] } },
{ "type": "Feature", "properties": { "DIST_BORD": 125745.31, "TOT_P_2018": 6.0, "TOT_P_2006": 0.0, "GRD_ID": "CRS3035RES1000mN2502000E4469000", "TOT_P_2011": 0.0, "TOT_P_2021": 60.0, "Y_LLC": 2502000, "CNTR_ID": "IT", "NUTS2016_3": "ITH34-ITH36", "NUTS2016_2": "ITH3", "NUTS2016_1": "ITH", "NUTS2016_0": "IT", "LAND_PC": 100.0, "X_LLC": 4469000, "NUTS2021_3": "ITH34-ITH36", "NUTS2021_2": "ITH3", "DIST_COAST": 31573.62, "NUTS2021_1": "ITH", "NUTS2021_0": "IT", "NUTS2024_3": "ITH34-ITH36", "NUTS2024_2": "ITH3", "NUTS2024_1": "ITH", "NUTS2024_0": "IT" }, "geometry": { "type": "Point", "coordinates": [ 11.901490619973254, 45.617978788079597 ] } },
{ "type": "Feature", "properties": { "DIST_BORD": 125369.33, "TOT_P_2018": 254.0, "TOT_P_2006": 17.0, "GRD_ID": "CRS3035RES1000mN2502000E4470000", "TOT_P_2011": 164.0, "TOT_P_2021": 234.0, "Y_LLC": 2502000, "CNTR_ID": "IT", "NUTS2016_3": "ITH34-ITH36", "NUTS2016_2": "ITH3", "NUTS2016_1": "ITH", "NUTS2016_0": "IT", "LAND_PC": 100.0, "X_LLC": 4470000, "NUTS2021_3": "ITH34-ITH36", "NUTS2021_2": "ITH3", "DIST_COAST": 30961.86, "NUTS2021_1": "ITH", "NUTS2021_0": "IT", "NUTS2024_3": "ITH34-ITH36", "NUTS2024_2": "ITH3", "NUTS2024_1": "ITH", "NUTS2024_0": "IT" }, "geometry": { "type": "Point", "coordinates": [ 11.914290417134593, 45.617748140343984 ] } },
{ "type": "Feature", "properties": { "DIST_BORD": 125000.21, "TOT_P_2018": 145.0, "TOT_P_2006": 12.0, "GRD_ID": "CRS3035RES1000mN2502000E4471000", "TOT_P_2011": 154.0, "TOT_P_2021": 146.0, "Y_LLC": 2502000, "CNTR_ID": "IT", "NUTS2016_3": "ITH34-ITH36", "NUTS2016_2": "ITH3", "NUTS2016_1": "ITH", "NUTS2016_0": "IT", "LAND_PC": 100.0, "X_LLC": 4471000, "NUTS2021_3": "ITH34-ITH36", "NUTS2021_2": "ITH3", "DIST_COAST": 30370.71, "NUTS2021_1": "ITH", "NUTS2021_0": "IT", "NUTS2024_3": "ITH34-ITH36", "NUTS2024_2": "ITH3", "NUTS2024_1": "ITH", "NUTS2024_0": "IT" }, "geometry": { "type": "Point", "coordinates": [ 11.927090116566564, 45.617515945546224 ] } },
{ "type": "Feature", "properties": { "DIST_BORD": 124638.02, "TOT_P_2018": 192.0, "TOT_P_2006": 25.0, "GRD_ID": "CRS3035RES1000mN2502000E4472000", "TOT_P_2011": 146.0, "TOT_P_2021": 166.0, "Y_LLC": 2502000, "CNTR_ID": "IT", "NUTS2016_3": "ITH34-ITH36", "NUTS2016_2": "ITH3", "NUTS2016_1": "ITH", "NUTS2016_0": "IT", "LAND_PC": 100.0, "X_LLC": 4472000, "NUTS2021_3": "ITH34-ITH36", "NUTS2021_2": "ITH3", "DIST_COAST": 29801.39, "NUTS2021_1": "ITH", "NUTS2021_0": "IT", "NUTS2024_3": "ITH34-ITH36", "NUTS2024_2": "ITH3", "NUTS2024_1": "ITH", "NUTS2024_0": "IT" }, "geometry": { "type": "Point", "coordinates": [ 11.939889717870393, 45.617282203700057 ] } },
{ "type": "Feature", "properties": { "DIST_BORD": 124282.83, "TOT_P_2018": 194.0, "TOT_P_2006": 141.0, "GRD_ID": "CRS3035RES1000mN2502000E4473000", "TOT_P_2011": 188.0, "TOT_P_2021": 166.0, "Y_LLC": 2502000, "CNTR_ID": "IT", "NUTS2016_3": "ITH34-ITH36", "NUTS2016_2": "ITH3", "NUTS2016_1": "ITH", "NUTS2016_0": "IT", "LAND_PC": 100.0, "X_LLC": 4473000, "NUTS2021_3": "ITH34-ITH36", "NUTS2021_2": "ITH3", "DIST_COAST": 29255.19, "NUTS2021_1": "ITH", "NUTS2021_0": "IT", "NUTS2024_3": "ITH34-ITH36", "NUTS2024_2": "ITH3", "NUTS2024_1": "ITH", "NUTS2024_0": "IT" }, "geometry": { "type": "Point", "coordinates": [ 11.952689220097438, 45.617046914938392 ] } },
{ "type": "Feature", "properties": { "DIST_BORD": 123934.68, "TOT_P_2018": 3.0, "TOT_P_2006": 17.0, "GRD_ID": "CRS3035RES1000mN2502000E4474000", "TOT_P_2011": 52.0, "TOT_P_2021": 88.0, "Y_LLC": 2502000, "CNTR_ID": "IT", "NUTS2016_3": "ITH34-ITH36", "NUTS2016_2": "ITH3", "NUTS2016_1": "ITH", "NUTS2016_0": "IT", "LAND_PC": 100.0, "X_LLC": 4474000, "NUTS2021_3": "ITH34-ITH36", "NUTS2021_2": "ITH3", "DIST_COAST": 28733.42, "NUTS2021_1": "ITH", "NUTS2021_0": "IT", "NUTS2024_3": "ITH34-ITH36", "NUTS2024_2": "ITH3", "NUTS2024_1": "ITH", "NUTS2024_0": "IT" }, "geometry": { "type": "Point", "coordinates": [ 11.965488622730673, 45.61681007920776 ] } },
{ "type": "Feature", "properties": { "DIST_BORD": 123593.65, "TOT_P_2018": 341.0, "TOT_P_2006": 490.0, "GRD_ID": "CRS3035RES1000mN2502000E4475000", "TOT_P_2011": 344.0, "TOT_P_2021": 349.0, "Y_LLC": 2502000, "CNTR_ID": "IT", "NUTS2016_3": "ITH34-ITH36", "NUTS2016_2": "ITH3", "NUTS2016_1": "ITH", "NUTS2016_0": "IT", "LAND_PC": 100.0, "X_LLC": 4475000, "NUTS2021_3": "ITH34-ITH36", "NUTS2021_2": "ITH3", "DIST_COAST": 28104.38, "NUTS2021_1": "ITH", "NUTS2021_0": "IT", "NUTS2024_3": "ITH34-ITH36", "NUTS2024_2": "ITH3", "NUTS2024_1": "ITH", "NUTS2024_0": "IT" }, "geometry": { "type": "Point", "coordinates": [ 11.978287925071458, 45.616571696568428 ] } },
{ "type": "Feature", "properties": { "DIST_BORD": 123259.78, "TOT_P_2018": 499.0, "TOT_P_2006": 523.0, "GRD_ID": "CRS3035RES1000mN2502000E4476000", "TOT_P_2011": 479.0, "TOT_P_2021": 447.0, "Y_LLC": 2502000, "CNTR_ID": "IT", "NUTS2016_3": "ITH34-ITH36", "NUTS2016_2": "ITH3", "NUTS2016_1": "ITH", "NUTS2016_0": "IT", "LAND_PC": 100.0, "X_LLC": 4476000, "NUTS2021_3": "ITH34-ITH36", "NUTS2021_2": "ITH3", "DIST_COAST": 27258.24, "NUTS2021_1": "ITH", "NUTS2021_0": "IT", "NUTS2024_3": "ITH34-ITH36", "NUTS2024_2": "ITH3", "NUTS2024_1": "ITH", "NUTS2024_0": "IT" }, "geometry": { "type": "Point", "coordinates": [ 11.991087126468431, 45.616331766903379 ] } },
{ "type": "Feature", "properties": { "DIST_BORD": 122543.48, "TOT_P_2018": 327.0, "TOT_P_2006": 113.0, "GRD_ID": "CRS3035RES1000mN2502000E4477000", "TOT_P_2011": 315.0, "TOT_P_2021": 348.0, "Y_LLC": 2502000, "CNTR_ID": "IT", "NUTS2016_3": "ITH34-ITH36", "NUTS2016_2": "ITH3", "NUTS2016_1": "ITH", "NUTS2016_0": "IT", "LAND_PC": 100.0, "X_LLC": 4477000, "NUTS2021_3": "ITH34-ITH36", "NUTS2021_2": "ITH3", "DIST_COAST": 26422.85, "NUTS2021_1": "ITH", "NUTS2021_0": "IT", "NUTS2024_3": "ITH34-ITH36", "NUTS2024_2": "ITH3", "NUTS2024_1": "ITH", "NUTS2024_0": "IT" }, "geometry": { "type": "Point", "coordinates": [ 12.003886226392293, 45.616090290401779 ] } },
{ "type": "Feature", "properties": { "DIST_BORD": 121622.2, "TOT_P_2018": 125.0, "TOT_P_2006": 194.0, "GRD_ID": "CRS3035RES1000mN2502000E4478000", "TOT_P_2011": 125.0, "TOT_P_2021": 162.0, "Y_LLC": 2502000, "CNTR_ID": "IT", "NUTS2016_3": "ITH34-ITH36", "NUTS2016_2": "ITH3", "NUTS2016_1": "ITH", "NUTS2016_0": "IT", "LAND_PC": 100.0, "X_LLC": 4478000, "NUTS2021_3": "ITH34-ITH36", "NUTS2021_2": "ITH3", "DIST_COAST": 25599.27, "NUTS2021_1": "ITH", "NUTS2021_0": "IT", "NUTS2024_3": "ITH34-ITH36", "NUTS2024_2": "ITH3", "NUTS2024_1": "ITH", "NUTS2024_0": "IT" }, "geometry": { "type": "Point", "coordinates": [ 12.016685224072418, 45.615847266981461 ] } },
{ "type": "Feature", "properties": { "DIST_BORD": 120702.18, "TOT_P_2018": 483.0, "TOT_P_2006": 56.0, "GRD_ID": "CRS3035RES1000mN2502000E4479000", "TOT_P_2011": 480.0, "TOT_P_2021": 224.0, "Y_LLC": 2502000, "CNTR_ID": "IT", "NUTS2016_3": "ITH34-ITH36", "NUTS2016_2": "ITH3", "NUTS2016_1": "ITH", "NUTS2016_0": "IT", "LAND_PC": 100.0, "X_LLC": 4479000, "NUTS2021_3": "ITH34-ITH36", "NUTS2021_2": "ITH3", "DIST_COAST": 24788.66, "NUTS2021_1": "ITH", "NUTS2021_0": "IT", "NUTS2024_3": "ITH34-ITH36", "NUTS2024_2": "ITH3", "NUTS2024_1": "ITH", "NUTS2024_0": "IT" }, "geometry": { "type": "Point", "coordinates": [ 12.029484118799195, 45.615602696769194 ] } },
{ "type": "Feature", "properties": { "DIST_BORD": 119783.44, "TOT_P_2018": 569.0, "TOT_P_2006": 262.0, "GRD_ID": "CRS3035RES1000mN2502000E4480000", "TOT_P_2011": 567.0, "TOT_P_2021": 497.0, "Y_LLC": 2502000, "CNTR_ID": "IT", "NUTS2016_3": "ITH36", "NUTS2016_2": "ITH3", "NUTS2016_1": "ITH", "NUTS2016_0": "IT", "LAND_PC": 100.0, "X_LLC": 4480000, "NUTS2021_3": "ITH36", "NUTS2021_2": "ITH3", "DIST_COAST": 23992.35, "NUTS2021_1": "ITH", "NUTS2021_0": "IT", "NUTS2024_3": "ITH36", "NUTS2024_2": "ITH3", "NUTS2024_1": "ITH", "NUTS2024_0": "IT" }, "geometry": { "type": "Point", "coordinates": [ 12.042282910149439, 45.615356579614975 ] } },
{ "type": "Feature", "properties": { "DIST_BORD": 118866.02, "TOT_P_2018": 79.0, "TOT_P_2006": 0.0, "GRD_ID": "CRS3035RES1000mN2502000E4481000", "TOT_P_2011": 81.0, "TOT_P_2021": 109.0, "Y_LLC": 2502000, "CNTR_ID": "IT", "NUTS2016_3": "ITH34-ITH36", "NUTS2016_2": "ITH3", "NUTS2016_1": "ITH", "NUTS2016_0": "IT", "LAND_PC": 100.0, "X_LLC": 4481000, "NUTS2021_3": "ITH34-ITH36", "NUTS2021_2": "ITH3", "DIST_COAST": 23211.82, "NUTS2021_1": "ITH", "NUTS2021_0": "IT", "NUTS2024_3": "ITH34-ITH36", "NUTS2024_2": "ITH3", "NUTS2024_1": "ITH", "NUTS2024_0": "IT" }, "geometry": { "type": "Point", "coordinates": [ 12.055081597221822, 45.615108915733003 ] } },
{ "type": "Feature", "properties": { "DIST_BORD": 117949.93, "TOT_P_2018": 48.0, "TOT_P_2006": 72.0, "GRD_ID": "CRS3035RES1000mN2502000E4482000", "TOT_P_2011": 49.0, "TOT_P_2021": 84.0, "Y_LLC": 2502000, "CNTR_ID": "IT", "NUTS2016_3": "ITH34-ITH36", "NUTS2016_2": "ITH3", "NUTS2016_1": "ITH", "NUTS2016_0": "IT", "LAND_PC": 100.0, "X_LLC": 4482000, "NUTS2021_3": "ITH34-ITH36", "NUTS2021_2": "ITH3", "DIST_COAST": 22448.69, "NUTS2021_1": "ITH", "NUTS2021_0": "IT", "NUTS2024_3": "ITH34-ITH36", "NUTS2024_2": "ITH3", "NUTS2024_1": "ITH", "NUTS2024_0": "IT" }, "geometry": { "type": "Point", "coordinates": [ 12.067880179525021, 45.614859704992966 ] } },
{ "type": "Feature", "properties": { "DIST_BORD": 117035.22, "TOT_P_2018": 160.0, "TOT_P_2006": 34.0, "GRD_ID": "CRS3035RES1000mN2502000E4483000", "TOT_P_2011": 100.0, "TOT_P_2021": 110.0, "Y_LLC": 2502000, "CNTR_ID": "IT", "NUTS2016_3": "ITH34-ITH35-ITH36", "NUTS2016_2": "ITH3", "NUTS2016_1": "ITH", "NUTS2016_0": "IT", "LAND_PC": 100.0, "X_LLC": 4483000, "NUTS2021_3": "ITH34-ITH35-ITH36", "NUTS2021_2": "ITH3", "DIST_COAST": 21704.82, "NUTS2021_1": "ITH", "NUTS2021_0": "IT", "NUTS2024_3": "ITH34-ITH35-ITH36", "NUTS2024_2": "ITH3", "NUTS2024_1": "ITH", "NUTS2024_0": "IT" }, "geometry": { "type": "Point", "coordinates": [ 12.080678656335834, 45.614608947426206 ] } },
{ "type": "Feature", "properties": { "DIST_BORD": 132185.67, "TOT_P_2018": 174.0, "TOT_P_2006": 205.0, "GRD_ID": "CRS3035RES1000mN2503000E4450000", "TOT_P_2011": 175.0, "TOT_P_2021": 141.0, "Y_LLC": 2503000, "CNTR_ID": "IT", "NUTS2016_3": "ITH32-ITH36", "NUTS2016_2": "ITH3", "NUTS2016_1": "ITH", "NUTS2016_0": "IT", "LAND_PC": 100.0, "X_LLC": 4450000, "NUTS2021_3": "ITH32-ITH36", "NUTS2021_2": "ITH3", "DIST_COAST": 46413.72, "NUTS2021_1": "ITH", "NUTS2021_0": "IT", "NUTS2024_3": "ITH32-ITH36", "NUTS2024_2": "ITH3", "NUTS2024_1": "ITH", "NUTS2024_0": "IT" }, "geometry": { "type": "Point", "coordinates": [ 11.658549434418683, 45.631074767656216 ] } },
{ "type": "Feature", "properties": { "DIST_BORD": 131753.86, "TOT_P_2018": 93.0, "TOT_P_2006": 29.0, "GRD_ID": "CRS3035RES1000mN2503000E4451000", "TOT_P_2011": 98.0, "TOT_P_2021": 88.0, "Y_LLC": 2503000, "CNTR_ID": "IT", "NUTS2016_3": "ITH32-ITH36", "NUTS2016_2": "ITH3", "NUTS2016_1": "ITH", "NUTS2016_0": "IT", "LAND_PC": 100.0, "X_LLC": 4451000, "NUTS2021_3": "ITH32-ITH36", "NUTS2021_2": "ITH3", "DIST_COAST": 45584.83, "NUTS2021_1": "ITH", "NUTS2021_0": "IT", "NUTS2024_3": "ITH32-ITH36", "NUTS2024_2": "ITH3", "NUTS2024_1": "ITH", "NUTS2024_0": "IT" }, "geometry": { "type": "Point", "coordinates": [ 11.67135306626653, 45.630873478504306 ] } },
{ "type": "Feature", "properties": { "DIST_BORD": 131328.24, "TOT_P_2018": 252.0, "TOT_P_2006": 428.0, "GRD_ID": "CRS3035RES1000mN2503000E4452000", "TOT_P_2011": 257.0, "TOT_P_2021": 223.0, "Y_LLC": 2503000, "CNTR_ID": "IT", "NUTS2016_3": "ITH32-ITH36", "NUTS2016_2": "ITH3", "NUTS2016_1": "ITH", "NUTS2016_0": "IT", "LAND_PC": 100.0, "X_LLC": 4452000, "NUTS2021_3": "ITH32-ITH36", "NUTS2021_2": "ITH3", "DIST_COAST": 44762.93, "NUTS2021_1": "ITH", "NUTS2021_0": "IT", "NUTS2024_3": "ITH32-ITH36", "NUTS2024_2": "ITH3", "NUTS2024_1": "ITH", "NUTS2024_0": "IT" }, "geometry": { "type": "Point", "coordinates": [ 11.684156612864061, 45.630670641633628 ] } },
{ "type": "Feature", "properties": { "DIST_BORD": 130908.88, "TOT_P_2018": 1868.0, "TOT_P_2006": 1959.0, "GRD_ID": "CRS3035RES1000mN2503000E4453000", "TOT_P_2011": 1956.0, "TOT_P_2021": 1767.0, "Y_LLC": 2503000, "CNTR_ID": "IT", "NUTS2016_3": "ITH32-ITH36", "NUTS2016_2": "ITH3", "NUTS2016_1": "ITH", "NUTS2016_0": "IT", "LAND_PC": 100.0, "X_LLC": 4453000, "NUTS2021_3": "ITH32-ITH36", "NUTS2021_2": "ITH3", "DIST_COAST": 43948.42, "NUTS2021_1": "ITH", "NUTS2021_0": "IT", "NUTS2024_3": "ITH32-ITH36", "NUTS2024_2": "ITH3", "NUTS2024_1": "ITH", "NUTS2024_0": "IT" }, "geometry": { "type": "Point", "coordinates": [ 11.696960073434036, 45.630466257145947 ] } },
{ "type": "Feature", "properties": { "DIST_BORD": 130495.83, "TOT_P_2018": 2009.0, "TOT_P_2006": 2232.0, "GRD_ID": "CRS3035RES1000mN2503000E4454000", "TOT_P_2011": 2098.0, "TOT_P_2021": 2009.0, "Y_LLC": 2503000, "CNTR_ID": "IT", "NUTS2016_3": "ITH36", "NUTS2016_2": "ITH3", "NUTS2016_1": "ITH", "NUTS2016_0": "IT", "LAND_PC": 100.0, "X_LLC": 4454000, "NUTS2021_3": "ITH36", "NUTS2021_2": "ITH3", "DIST_COAST": 43141.7, "NUTS2021_1": "ITH", "NUTS2021_0": "IT", "NUTS2024_3": "ITH36", "NUTS2024_2": "ITH3", "NUTS2024_1": "ITH", "NUTS2024_0": "IT" }, "geometry": { "type": "Point", "coordinates": [ 11.709763447247823, 45.6302603250301 ] } },
{ "type": "Feature", "properties": { "DIST_BORD": 130089.16, "TOT_P_2018": 495.0, "TOT_P_2006": 586.0, "GRD_ID": "CRS3035RES1000mN2503000E4455000", "TOT_P_2011": 486.0, "TOT_P_2021": 621.0, "Y_LLC": 2503000, "CNTR_ID": "IT", "NUTS2016_3": "ITH36", "NUTS2016_2": "ITH3", "NUTS2016_1": "ITH", "NUTS2016_0": "IT", "LAND_PC": 100.0, "X_LLC": 4455000, "NUTS2021_3": "ITH36", "NUTS2021_2": "ITH3", "DIST_COAST": 42343.24, "NUTS2021_1": "ITH", "NUTS2021_0": "IT", "NUTS2024_3": "ITH36", "NUTS2024_2": "ITH3", "NUTS2024_1": "ITH", "NUTS2024_0": "IT" }, "geometry": { "type": "Point", "coordinates": [ 11.722566733977921, 45.630052845308022 ] } },
{ "type": "Feature", "properties": { "DIST_BORD": 129688.93, "TOT_P_2018": 180.0, "TOT_P_2006": 197.0, "GRD_ID": "CRS3035RES1000mN2503000E4456000", "TOT_P_2011": 186.0, "TOT_P_2021": 174.0, "Y_LLC": 2503000, "CNTR_ID": "IT", "NUTS2016_3": "ITH36", "NUTS2016_2": "ITH3", "NUTS2016_1": "ITH", "NUTS2016_0": "IT", "LAND_PC": 100.0, "X_LLC": 4456000, "NUTS2021_3": "ITH36", "NUTS2021_2": "ITH3", "DIST_COAST": 41553.5, "NUTS2021_1": "ITH", "NUTS2021_0": "IT", "NUTS2024_3": "ITH36", "NUTS2024_2": "ITH3", "NUTS2024_1": "ITH", "NUTS2024_0": "IT" }, "geometry": { "type": "Point", "coordinates": [ 11.735369932616219, 45.62984381796258 ] } },
{ "type": "Feature", "properties": { "DIST_BORD": 129295.19, "TOT_P_2018": 1116.0, "TOT_P_2006": 1199.0, "GRD_ID": "CRS3035RES1000mN2503000E4457000", "TOT_P_2011": 1151.0, "TOT_P_2021": 1124.0, "Y_LLC": 2503000, "CNTR_ID": "IT", "NUTS2016_3": "ITH36", "NUTS2016_2": "ITH3", "NUTS2016_1": "ITH", "NUTS2016_0": "IT", "LAND_PC": 100.0, "X_LLC": 4457000, "NUTS2021_3": "ITH36", "NUTS2021_2": "ITH3", "DIST_COAST": 40772.99, "NUTS2021_1": "ITH", "NUTS2021_0": "IT", "NUTS2024_3": "ITH36", "NUTS2024_2": "ITH3", "NUTS2024_1": "ITH", "NUTS2024_0": "IT" }, "geometry": { "type": "Point", "coordinates": [ 11.748173042766425, 45.629633243141591 ] } },
{ "type": "Feature", "properties": { "DIST_BORD": 128908.0, "TOT_P_2018": 949.0, "TOT_P_2006": 743.0, "GRD_ID": "CRS3035RES1000mN2503000E4458000", "TOT_P_2011": 975.0, "TOT_P_2021": 884.0, "Y_LLC": 2503000, "CNTR_ID": "IT", "NUTS2016_3": "ITH36", "NUTS2016_2": "ITH3", "NUTS2016_1": "ITH", "NUTS2016_0": "IT", "LAND_PC": 100.0, "X_LLC": 4458000, "NUTS2021_3": "ITH36", "NUTS2021_2": "ITH3", "DIST_COAST": 40002.25, "NUTS2021_1": "ITH", "NUTS2021_0": "IT", "NUTS2024_3": "ITH36", "NUTS2024_2": "ITH3", "NUTS2024_1": "ITH", "NUTS2024_0": "IT" }, "geometry": { "type": "Point", "coordinates": [ 11.760976063493439, 45.629421120702915 ] } },
{ "type": "Feature", "properties": { "DIST_BORD": 128527.43, "TOT_P_2018": 201.0, "TOT_P_2006": 99.0, "GRD_ID": "CRS3035RES1000mN2503000E4459000", "TOT_P_2011": 182.0, "TOT_P_2021": 117.0, "Y_LLC": 2503000, "CNTR_ID": "IT", "NUTS2016_3": "ITH36", "NUTS2016_2": "ITH3", "NUTS2016_1": "ITH", "NUTS2016_0": "IT", "LAND_PC": 100.0, "X_LLC": 4459000, "NUTS2021_3": "ITH36", "NUTS2021_2": "ITH3", "DIST_COAST": 39241.85, "NUTS2021_1": "ITH", "NUTS2021_0": "IT", "NUTS2024_3": "ITH36", "NUTS2024_2": "ITH3", "NUTS2024_1": "ITH", "NUTS2024_0": "IT" }, "geometry": { "type": "Point", "coordinates": [ 11.773778994473741, 45.629207450778246 ] } },
{ "type": "Feature", "properties": { "DIST_BORD": 128153.53, "TOT_P_2018": 642.0, "TOT_P_2006": 1069.0, "GRD_ID": "CRS3035RES1000mN2503000E4460000", "TOT_P_2011": 649.0, "TOT_P_2021": 575.0, "Y_LLC": 2503000, "CNTR_ID": "IT", "NUTS2016_3": "ITH36", "NUTS2016_2": "ITH3", "NUTS2016_1": "ITH", "NUTS2016_0": "IT", "LAND_PC": 100.0, "X_LLC": 4460000, "NUTS2021_3": "ITH36", "NUTS2021_2": "ITH3", "DIST_COAST": 38492.42, "NUTS2021_1": "ITH", "NUTS2021_0": "IT", "NUTS2024_3": "ITH36", "NUTS2024_2": "ITH3", "NUTS2024_1": "ITH", "NUTS2024_0": "IT" }, "geometry": { "type": "Point", "coordinates": [ 11.786581834886142, 45.628992233305119 ] } },
{ "type": "Feature", "properties": { "DIST_BORD": 127786.37, "TOT_P_2018": 220.0, "TOT_P_2006": 149.0, "GRD_ID": "CRS3035RES1000mN2503000E4461000", "TOT_P_2011": 223.0, "TOT_P_2021": 250.0, "Y_LLC": 2503000, "CNTR_ID": "IT", "NUTS2016_3": "ITH36", "NUTS2016_2": "ITH3", "NUTS2016_1": "ITH", "NUTS2016_0": "IT", "LAND_PC": 100.0, "X_LLC": 4461000, "NUTS2021_3": "ITH36", "NUTS2021_2": "ITH3", "DIST_COAST": 37754.59, "NUTS2021_1": "ITH", "NUTS2021_0": "IT", "NUTS2024_3": "ITH36", "NUTS2024_2": "ITH3", "NUTS2024_1": "ITH", "NUTS2024_0": "IT" }, "geometry": { "type": "Point", "coordinates": [ 11.799384584076259, 45.628775468316839 ] } },
{ "type": "Feature", "properties": { "DIST_BORD": 127424.03, "TOT_P_2018": 618.0, "TOT_P_2006": 420.0, "GRD_ID": "CRS3035RES1000mN2503000E4462000", "TOT_P_2011": 629.0, "TOT_P_2021": 502.0, "Y_LLC": 2503000, "CNTR_ID": "IT", "NUTS2016_3": "ITH36", "NUTS2016_2": "ITH3", "NUTS2016_1": "ITH", "NUTS2016_0": "IT", "LAND_PC": 100.0, "X_LLC": 4462000, "NUTS2021_3": "ITH36", "NUTS2021_2": "ITH3", "DIST_COAST": 37029.08, "NUTS2021_1": "ITH", "NUTS2021_0": "IT", "NUTS2024_3": "ITH36", "NUTS2024_2": "ITH3", "NUTS2024_1": "ITH", "NUTS2024_0": "IT" }, "geometry": { "type": "Point", "coordinates": [ 11.812187241271159, 45.628557155896367 ] } },
{ "type": "Feature", "properties": { "DIST_BORD": 127047.65, "TOT_P_2018": 941.0, "TOT_P_2006": 1226.0, "GRD_ID": "CRS3035RES1000mN2503000E4463000", "TOT_P_2011": 963.0, "TOT_P_2021": 1102.0, "Y_LLC": 2503000, "CNTR_ID": "IT", "NUTS2016_3": "ITH36", "NUTS2016_2": "ITH3", "NUTS2016_1": "ITH", "NUTS2016_0": "IT", "LAND_PC": 100.0, "X_LLC": 4463000, "NUTS2021_3": "ITH36", "NUTS2021_2": "ITH3", "DIST_COAST": 36316.61, "NUTS2021_1": "ITH", "NUTS2021_0": "IT", "NUTS2024_3": "ITH36", "NUTS2024_2": "ITH3", "NUTS2024_1": "ITH", "NUTS2024_0": "IT" }, "geometry": { "type": "Point", "coordinates": [ 11.824989806265439, 45.628337295958097 ] } },
{ "type": "Feature", "properties": { "DIST_BORD": 126678.04, "TOT_P_2018": 503.0, "TOT_P_2006": 1090.0, "GRD_ID": "CRS3035RES1000mN2503000E4464000", "TOT_P_2011": 545.0, "TOT_P_2021": 102.0, "Y_LLC": 2503000, "CNTR_ID": "IT", "NUTS2016_3": "ITH36", "NUTS2016_2": "ITH3", "NUTS2016_1": "ITH", "NUTS2016_0": "IT", "LAND_PC": 100.0, "X_LLC": 4464000, "NUTS2021_3": "ITH36", "NUTS2021_2": "ITH3", "DIST_COAST": 35617.96, "NUTS2021_1": "ITH", "NUTS2021_0": "IT", "NUTS2024_3": "ITH36", "NUTS2024_2": "ITH3", "NUTS2024_1": "ITH", "NUTS2024_0": "IT" }, "geometry": { "type": "Point", "coordinates": [ 11.837792277756863, 45.628115888614808 ] } },
{ "type": "Feature", "properties": { "DIST_BORD": 126315.27, "TOT_P_2018": 169.0, "TOT_P_2006": 49.0, "GRD_ID": "CRS3035RES1000mN2503000E4465000", "TOT_P_2011": 141.0, "TOT_P_2021": 224.0, "Y_LLC": 2503000, "CNTR_ID": "IT", "NUTS2016_3": "ITH36", "NUTS2016_2": "ITH3", "NUTS2016_1": "ITH", "NUTS2016_0": "IT", "LAND_PC": 100.0, "X_LLC": 4465000, "NUTS2021_3": "ITH36", "NUTS2021_2": "ITH3", "DIST_COAST": 34933.97, "NUTS2021_1": "ITH", "NUTS2021_0": "IT", "NUTS2024_3": "ITH36", "NUTS2024_2": "ITH3", "NUTS2024_1": "ITH", "NUTS2024_0": "IT" }, "geometry": { "type": "Point", "coordinates": [ 11.850594655621901, 45.627892933804908 ] } },
{ "type": "Feature", "properties": { "DIST_BORD": 125959.4, "TOT_P_2018": 394.0, "TOT_P_2006": 0.0, "GRD_ID": "CRS3035RES1000mN2503000E4466000", "TOT_P_2011": 103.0, "TOT_P_2021": 158.0, "Y_LLC": 2503000, "CNTR_ID": "IT", "NUTS2016_3": "ITH36", "NUTS2016_2": "ITH3", "NUTS2016_1": "ITH", "NUTS2016_0": "IT", "LAND_PC": 100.0, "X_LLC": 4466000, "NUTS2021_3": "ITH36", "NUTS2021_2": "ITH3", "DIST_COAST": 34265.52, "NUTS2021_1": "ITH", "NUTS2021_0": "IT", "NUTS2024_3": "ITH36", "NUTS2024_2": "ITH3", "NUTS2024_1": "ITH", "NUTS2024_0": "IT" }, "geometry": { "type": "Point", "coordinates": [ 11.863396939045261, 45.627668431653724 ] } },
{ "type": "Feature", "properties": { "DIST_BORD": 125598.68, "TOT_P_2018": 83.0, "TOT_P_2006": 7.0, "GRD_ID": "CRS3035RES1000mN2503000E4467000", "TOT_P_2011": 100.0, "TOT_P_2021": 213.0, "Y_LLC": 2503000, "CNTR_ID": "IT", "NUTS2016_3": "ITH34-ITH36", "NUTS2016_2": "ITH3", "NUTS2016_1": "ITH", "NUTS2016_0": "IT", "LAND_PC": 100.0, "X_LLC": 4467000, "NUTS2021_3": "ITH34-ITH36", "NUTS2021_2": "ITH3", "DIST_COAST": 33613.52, "NUTS2021_1": "ITH", "NUTS2021_0": "IT", "NUTS2024_3": "ITH34-ITH36", "NUTS2024_2": "ITH3", "NUTS2024_1": "ITH", "NUTS2024_0": "IT" }, "geometry": { "type": "Point", "coordinates": [ 11.876199127279962, 45.627442382060622 ] } },
{ "type": "Feature", "properties": { "DIST_BORD": 125206.28, "TOT_P_2018": 476.0, "TOT_P_2006": 0.0, "GRD_ID": "CRS3035RES1000mN2503000E4468000", "TOT_P_2011": 219.0, "TOT_P_2021": 216.0, "Y_LLC": 2503000, "CNTR_ID": "IT", "NUTS2016_3": "ITH34-ITH36", "NUTS2016_2": "ITH3", "NUTS2016_1": "ITH", "NUTS2016_0": "IT", "LAND_PC": 100.0, "X_LLC": 4468000, "NUTS2021_3": "ITH34-ITH36", "NUTS2021_2": "ITH3", "DIST_COAST": 32978.96, "NUTS2021_1": "ITH", "NUTS2021_0": "IT", "NUTS2024_3": "ITH34-ITH36", "NUTS2024_2": "ITH3", "NUTS2024_1": "ITH", "NUTS2024_0": "IT" }, "geometry": { "type": "Point", "coordinates": [ 11.889001219814046, 45.627214785110489 ] } },
{ "type": "Feature", "properties": { "DIST_BORD": 124820.66, "TOT_P_2018": 196.0, "TOT_P_2006": 0.0, "GRD_ID": "CRS3035RES1000mN2503000E4469000", "TOT_P_2011": 146.0, "TOT_P_2021": 110.0, "Y_LLC": 2503000, "CNTR_ID": "IT", "NUTS2016_3": "ITH34-ITH36", "NUTS2016_2": "ITH3", "NUTS2016_1": "ITH", "NUTS2016_0": "IT", "LAND_PC": 100.0, "X_LLC": 4469000, "NUTS2021_3": "ITH34-ITH36", "NUTS2021_2": "ITH3", "DIST_COAST": 32362.87, "NUTS2021_1": "ITH", "NUTS2021_0": "IT", "NUTS2024_3": "ITH34-ITH36", "NUTS2024_2": "ITH3", "NUTS2024_1": "ITH", "NUTS2024_0": "IT" }, "geometry": { "type": "Point", "coordinates": [ 11.901803215850686, 45.626985640821175 ] } },
{ "type": "Feature", "properties": { "DIST_BORD": 124070.0, "TOT_P_2018": 125.0, "TOT_P_2006": 7.0, "GRD_ID": "CRS3035RES1000mN2503000E4471000", "TOT_P_2011": 111.0, "TOT_P_2021": 120.0, "Y_LLC": 2503000, "CNTR_ID": "IT", "NUTS2016_3": "ITH34-ITH36", "NUTS2016_2": "ITH3", "NUTS2016_1": "ITH", "NUTS2016_0": "IT", "LAND_PC": 100.0, "X_LLC": 4471000, "NUTS2021_3": "ITH34-ITH36", "NUTS2021_2": "ITH3", "DIST_COAST": 31190.41, "NUTS2021_1": "ITH", "NUTS2021_0": "IT", "NUTS2024_3": "ITH34-ITH36", "NUTS2024_2": "ITH3", "NUTS2024_1": "ITH", "NUTS2024_0": "IT" }, "geometry": { "type": "Point", "coordinates": [ 11.927406916113945, 45.626522710236998 ] } },
{ "type": "Feature", "properties": { "DIST_BORD": 123705.09, "TOT_P_2018": 193.0, "TOT_P_2006": 21.0, "GRD_ID": "CRS3035RES1000mN2503000E4472000", "TOT_P_2011": 208.0, "TOT_P_2021": 176.0, "Y_LLC": 2503000, "CNTR_ID": "IT", "NUTS2016_3": "ITH34-ITH36", "NUTS2016_2": "ITH3", "NUTS2016_1": "ITH", "NUTS2016_0": "IT", "LAND_PC": 100.0, "X_LLC": 4472000, "NUTS2021_3": "ITH34-ITH36", "NUTS2021_2": "ITH3", "DIST_COAST": 30636.34, "NUTS2021_1": "ITH", "NUTS2021_0": "IT", "NUTS2024_3": "ITH34-ITH36", "NUTS2024_2": "ITH3", "NUTS2024_1": "ITH", "NUTS2024_0": "IT" }, "geometry": { "type": "Point", "coordinates": [ 11.940208619018204, 45.626288923992249 ] } },
{ "type": "Feature", "properties": { "DIST_BORD": 123347.21, "TOT_P_2018": 481.0, "TOT_P_2006": 386.0, "GRD_ID": "CRS3035RES1000mN2503000E4473000", "TOT_P_2011": 499.0, "TOT_P_2021": 339.0, "Y_LLC": 2503000, "CNTR_ID": "IT", "NUTS2016_3": "ITH34-ITH36", "NUTS2016_2": "ITH3", "NUTS2016_1": "ITH", "NUTS2016_0": "IT", "LAND_PC": 100.0, "X_LLC": 4473000, "NUTS2021_3": "ITH34-ITH36", "NUTS2021_2": "ITH3", "DIST_COAST": 30105.29, "NUTS2021_1": "ITH", "NUTS2021_0": "IT", "NUTS2024_3": "ITH34-ITH36", "NUTS2024_2": "ITH3", "NUTS2024_1": "ITH", "NUTS2024_0": "IT" }, "geometry": { "type": "Point", "coordinates": [ 11.953010222934834, 45.62605359044985 ] } },
{ "type": "Feature", "properties": { "DIST_BORD": 122996.42, "TOT_P_2018": 169.0, "TOT_P_2006": 345.0, "GRD_ID": "CRS3035RES1000mN2503000E4474000", "TOT_P_2011": 186.0, "TOT_P_2021": 180.0, "Y_LLC": 2503000, "CNTR_ID": "IT", "NUTS2016_3": "ITH34-ITH36", "NUTS2016_2": "ITH3", "NUTS2016_1": "ITH", "NUTS2016_0": "IT", "LAND_PC": 100.0, "X_LLC": 4474000, "NUTS2021_3": "ITH34-ITH36", "NUTS2021_2": "ITH3", "DIST_COAST": 29482.23, "NUTS2021_1": "ITH", "NUTS2021_0": "IT", "NUTS2024_3": "ITH34-ITH36", "NUTS2024_2": "ITH3", "NUTS2024_1": "ITH", "NUTS2024_0": "IT" }, "geometry": { "type": "Point", "coordinates": [ 11.965811727089177, 45.625816709658288 ] } },
{ "type": "Feature", "properties": { "DIST_BORD": 122652.77, "TOT_P_2018": 106.0, "TOT_P_2006": 26.0, "GRD_ID": "CRS3035RES1000mN2503000E4475000", "TOT_P_2011": 116.0, "TOT_P_2021": 201.0, "Y_LLC": 2503000, "CNTR_ID": "IT", "NUTS2016_3": "ITH34-ITH36", "NUTS2016_2": "ITH3", "NUTS2016_1": "ITH", "NUTS2016_0": "IT", "LAND_PC": 100.0, "X_LLC": 4475000, "NUTS2021_3": "ITH34-ITH36", "NUTS2021_2": "ITH3", "DIST_COAST": 28641.88, "NUTS2021_1": "ITH", "NUTS2021_0": "IT", "NUTS2024_3": "ITH34-ITH36", "NUTS2024_2": "ITH3", "NUTS2024_1": "ITH", "NUTS2024_0": "IT" }, "geometry": { "type": "Point", "coordinates": [ 11.978613130927922, 45.625578281634795 ] } },
{ "type": "Feature", "properties": { "DIST_BORD": 122316.34, "TOT_P_2018": 70.0, "TOT_P_2006": 182.0, "GRD_ID": "CRS3035RES1000mN2503000E4476000", "TOT_P_2011": 73.0, "TOT_P_2021": 101.0, "Y_LLC": 2503000, "CNTR_ID": "IT", "NUTS2016_3": "ITH34-ITH36", "NUTS2016_2": "ITH3", "NUTS2016_1": "ITH", "NUTS2016_0": "IT", "LAND_PC": 100.0, "X_LLC": 4476000, "NUTS2021_3": "ITH34-ITH36", "NUTS2021_2": "ITH3", "DIST_COAST": 27812.1, "NUTS2021_1": "ITH", "NUTS2021_0": "IT", "NUTS2024_3": "ITH34-ITH36", "NUTS2024_2": "ITH3", "NUTS2024_1": "ITH", "NUTS2024_0": "IT" }, "geometry": { "type": "Point", "coordinates": [ 11.991414433829764, 45.625338306410939 ] } },
{ "type": "Feature", "properties": { "DIST_BORD": 121987.18, "TOT_P_2018": 112.0, "TOT_P_2006": 41.0, "GRD_ID": "CRS3035RES1000mN2503000E4477000", "TOT_P_2011": 132.0, "TOT_P_2021": 55.0, "Y_LLC": 2503000, "CNTR_ID": "IT", "NUTS2016_3": "ITH34-ITH36", "NUTS2016_2": "ITH3", "NUTS2016_1": "ITH", "NUTS2016_0": "IT", "LAND_PC": 100.0, "X_LLC": 4477000, "NUTS2021_3": "ITH34-ITH36", "NUTS2021_2": "ITH3", "DIST_COAST": 26993.85, "NUTS2021_1": "ITH", "NUTS2021_0": "IT", "NUTS2024_3": "ITH34-ITH36", "NUTS2024_2": "ITH3", "NUTS2024_1": "ITH", "NUTS2024_0": "IT" }, "geometry": { "type": "Point", "coordinates": [ 12.004215635030128, 45.625096783937231 ] } },
{ "type": "Feature", "properties": { "DIST_BORD": 121235.32, "TOT_P_2018": 154.0, "TOT_P_2006": 159.0, "GRD_ID": "CRS3035RES1000mN2503000E4478000", "TOT_P_2011": 161.0, "TOT_P_2021": 130.0, "Y_LLC": 2503000, "CNTR_ID": "IT", "NUTS2016_3": "ITH34-ITH36", "NUTS2016_2": "ITH3", "NUTS2016_1": "ITH", "NUTS2016_0": "IT", "LAND_PC": 100.0, "X_LLC": 4478000, "NUTS2021_3": "ITH34-ITH36", "NUTS2021_2": "ITH3", "DIST_COAST": 26188.23, "NUTS2021_1": "ITH", "NUTS2021_0": "IT", "NUTS2024_3": "ITH34-ITH36", "NUTS2024_2": "ITH3", "NUTS2024_1": "ITH", "NUTS2024_0": "IT" }, "geometry": { "type": "Point", "coordinates": [ 12.017016734163095, 45.624853714349548 ] } },
{ "type": "Feature", "properties": { "DIST_BORD": 120312.34, "TOT_P_2018": 178.0, "TOT_P_2006": 187.0, "GRD_ID": "CRS3035RES1000mN2503000E4479000", "TOT_P_2011": 181.0, "TOT_P_2021": 246.0, "Y_LLC": 2503000, "CNTR_ID": "IT", "NUTS2016_3": "ITH34-ITH36", "NUTS2016_2": "ITH3", "NUTS2016_1": "ITH", "NUTS2016_0": "IT", "LAND_PC": 100.0, "X_LLC": 4479000, "NUTS2021_3": "ITH34-ITH36", "NUTS2021_2": "ITH3", "DIST_COAST": 25396.43, "NUTS2021_1": "ITH", "NUTS2021_0": "IT", "NUTS2024_3": "ITH34-ITH36", "NUTS2024_2": "ITH3", "NUTS2024_1": "ITH", "NUTS2024_0": "IT" }, "geometry": { "type": "Point", "coordinates": [ 12.029817730048281, 45.624609097543626 ] } },
{ "type": "Feature", "properties": { "DIST_BORD": 119390.6, "TOT_P_2018": 447.0, "TOT_P_2006": 696.0, "GRD_ID": "CRS3035RES1000mN2503000E4480000", "TOT_P_2011": 431.0, "TOT_P_2021": 244.0, "Y_LLC": 2503000, "CNTR_ID": "IT", "NUTS2016_3": "ITH34-ITH36", "NUTS2016_2": "ITH3", "NUTS2016_1": "ITH", "NUTS2016_0": "IT", "LAND_PC": 100.0, "X_LLC": 4480000, "NUTS2021_3": "ITH34-ITH36", "NUTS2021_2": "ITH3", "DIST_COAST": 24619.79, "NUTS2021_1": "ITH", "NUTS2021_0": "IT", "NUTS2024_3": "ITH34-ITH36", "NUTS2024_2": "ITH3", "NUTS2024_1": "ITH", "NUTS2024_0": "IT" }, "geometry": { "type": "Point", "coordinates": [ 12.042618622594494, 45.624362933690492 ] } },
{ "type": "Feature", "properties": { "DIST_BORD": 118470.13, "TOT_P_2018": 604.0, "TOT_P_2006": 561.0, "GRD_ID": "CRS3035RES1000mN2503000E4481000", "TOT_P_2011": 601.0, "TOT_P_2021": 646.0, "Y_LLC": 2503000, "CNTR_ID": "IT", "NUTS2016_3": "ITH34-ITH36", "NUTS2016_2": "ITH3", "NUTS2016_1": "ITH", "NUTS2016_0": "IT", "LAND_PC": 100.0, "X_LLC": 4481000, "NUTS2021_3": "ITH34-ITH36", "NUTS2021_2": "ITH3", "DIST_COAST": 23859.79, "NUTS2021_1": "ITH", "NUTS2021_0": "IT", "NUTS2024_3": "ITH34-ITH36", "NUTS2024_2": "ITH3", "NUTS2024_1": "ITH", "NUTS2024_0": "IT" }, "geometry": { "type": "Point", "coordinates": [ 12.05541941071837, 45.624115222609397 ] } },
{ "type": "Feature", "properties": { "DIST_BORD": 117550.96, "TOT_P_2018": 109.0, "TOT_P_2006": 24.0, "GRD_ID": "CRS3035RES1000mN2503000E4482000", "TOT_P_2011": 98.0, "TOT_P_2021": 157.0, "Y_LLC": 2503000, "CNTR_ID": "IT", "NUTS2016_3": "ITH34-ITH36", "NUTS2016_2": "ITH3", "NUTS2016_1": "ITH", "NUTS2016_0": "IT", "LAND_PC": 100.0, "X_LLC": 4482000, "NUTS2021_3": "ITH34-ITH36", "NUTS2021_2": "ITH3", "DIST_COAST": 23118.06, "NUTS2021_1": "ITH", "NUTS2021_0": "IT", "NUTS2024_3": "ITH34-ITH36", "NUTS2024_2": "ITH3", "NUTS2024_1": "ITH", "NUTS2024_0": "IT" }, "geometry": { "type": "Point", "coordinates": [ 12.068220094100482, 45.623865964479315 ] } },
{ "type": "Feature", "properties": { "DIST_BORD": 116633.12, "TOT_P_2018": 35.0, "TOT_P_2006": 30.0, "GRD_ID": "CRS3035RES1000mN2503000E4483000", "TOT_P_2011": 16.0, "TOT_P_2021": 68.0, "Y_LLC": 2503000, "CNTR_ID": "IT", "NUTS2016_3": "ITH34-ITH36", "NUTS2016_2": "ITH3", "NUTS2016_1": "ITH", "NUTS2016_0": "IT", "LAND_PC": 100.0, "X_LLC": 4483000, "NUTS2021_3": "ITH34-ITH36", "NUTS2021_2": "ITH3", "DIST_COAST": 22396.43, "NUTS2021_1": "ITH", "NUTS2021_0": "IT", "NUTS2024_3": "ITH34-ITH36", "NUTS2024_2": "ITH3", "NUTS2024_1": "ITH", "NUTS2024_0": "IT" }, "geometry": { "type": "Point", "coordinates": [ 12.08102067184589, 45.623615159324864 ] } },
{ "type": "Feature", "properties": { "DIST_BORD": 131285.91, "TOT_P_2018": 80.0, "TOT_P_2006": 44.0, "GRD_ID": "CRS3035RES1000mN2504000E4450000", "TOT_P_2011": 46.0, "TOT_P_2021": 77.0, "Y_LLC": 2504000, "CNTR_ID": "IT", "NUTS2016_3": "ITH32-ITH36", "NUTS2016_2": "ITH3", "NUTS2016_1": "ITH", "NUTS2016_0": "IT", "LAND_PC": 100.0, "X_LLC": 4450000, "NUTS2021_3": "ITH32-ITH36", "NUTS2021_2": "ITH3", "DIST_COAST": 46975.48, "NUTS2021_1": "ITH", "NUTS2021_0": "IT", "NUTS2024_3": "ITH32-ITH36", "NUTS2024_2": "ITH3", "NUTS2024_1": "ITH", "NUTS2024_0": "IT" }, "geometry": { "type": "Point", "coordinates": [ 11.658822200646126, 45.640082344987505 ] } },
{ "type": "Feature", "properties": { "DIST_BORD": 130851.13, "TOT_P_2018": 23.0, "TOT_P_2006": 20.0, "GRD_ID": "CRS3035RES1000mN2504000E4451000", "TOT_P_2011": 27.0, "TOT_P_2021": 37.0, "Y_LLC": 2504000, "CNTR_ID": "IT", "NUTS2016_3": "ITH32-ITH36", "NUTS2016_2": "ITH3", "NUTS2016_1": "ITH", "NUTS2016_0": "IT", "LAND_PC": 100.0, "X_LLC": 4451000, "NUTS2021_3": "ITH32-ITH36", "NUTS2021_2": "ITH3", "DIST_COAST": 46156.68, "NUTS2021_1": "ITH", "NUTS2021_0": "IT", "NUTS2024_3": "ITH32-ITH36", "NUTS2024_2": "ITH3", "NUTS2024_1": "ITH", "NUTS2024_0": "IT" }, "geometry": { "type": "Point", "coordinates": [ 11.671627936447196, 45.639881017457164 ] } },
{ "type": "Feature", "properties": { "DIST_BORD": 130422.56, "TOT_P_2018": 34.0, "TOT_P_2006": 49.0, "GRD_ID": "CRS3035RES1000mN2504000E4452000", "TOT_P_2011": 30.0, "TOT_P_2021": 74.0, "Y_LLC": 2504000, "CNTR_ID": "IT", "NUTS2016_3": "ITH32-ITH36", "NUTS2016_2": "ITH3", "NUTS2016_1": "ITH", "NUTS2016_0": "IT", "LAND_PC": 100.0, "X_LLC": 4452000, "NUTS2021_3": "ITH32-ITH36", "NUTS2021_2": "ITH3", "DIST_COAST": 45345.14, "NUTS2021_1": "ITH", "NUTS2021_0": "IT", "NUTS2024_3": "ITH32-ITH36", "NUTS2024_2": "ITH3", "NUTS2024_1": "ITH", "NUTS2024_0": "IT" }, "geometry": { "type": "Point", "coordinates": [ 11.684433586805005, 45.639678142025396 ] } },
{ "type": "Feature", "properties": { "DIST_BORD": 130000.28, "TOT_P_2018": 303.0, "TOT_P_2006": 30.0, "GRD_ID": "CRS3035RES1000mN2504000E4453000", "TOT_P_2011": 122.0, "TOT_P_2021": 154.0, "Y_LLC": 2504000, "CNTR_ID": "IT", "NUTS2016_3": "ITH32-ITH36", "NUTS2016_2": "ITH3", "NUTS2016_1": "ITH", "NUTS2016_0": "IT", "LAND_PC": 100.0, "X_LLC": 4453000, "NUTS2021_3": "ITH32-ITH36", "NUTS2021_2": "ITH3", "DIST_COAST": 44541.28, "NUTS2021_1": "ITH", "NUTS2021_0": "IT", "NUTS2024_3": "ITH32-ITH36", "NUTS2024_2": "ITH3", "NUTS2024_1": "ITH", "NUTS2024_0": "IT" }, "geometry": { "type": "Point", "coordinates": [ 11.697239151152457, 45.639473718580312 ] } },
{ "type": "Feature", "properties": { "DIST_BORD": 129584.34, "TOT_P_2018": 65.0, "TOT_P_2006": 56.0, "GRD_ID": "CRS3035RES1000mN2504000E4454000", "TOT_P_2011": 68.0, "TOT_P_2021": 117.0, "Y_LLC": 2504000, "CNTR_ID": "IT", "NUTS2016_3": "ITH32-ITH36", "NUTS2016_2": "ITH3", "NUTS2016_1": "ITH", "NUTS2016_0": "IT", "LAND_PC": 99.31, "X_LLC": 4454000, "NUTS2021_3": "ITH32-ITH36", "NUTS2021_2": "ITH3", "DIST_COAST": 43745.5, "NUTS2021_1": "ITH", "NUTS2021_0": "IT", "NUTS2024_3": "ITH32-ITH36", "NUTS2024_2": "ITH3", "NUTS2024_1": "ITH", "NUTS2024_0": "IT" }, "geometry": { "type": "Point", "coordinates": [ 11.710044628688564, 45.639267747303762 ] } },
{ "type": "Feature", "properties": { "DIST_BORD": 129174.8, "TOT_P_2018": 1.0, "TOT_P_2006": 2.0, "GRD_ID": "CRS3035RES1000mN2504000E4455000", "TOT_P_2011": 7.0, "TOT_P_2021": 18.0, "Y_LLC": 2504000, "CNTR_ID": "IT", "NUTS2016_3": "ITH36", "NUTS2016_2": "ITH3", "NUTS2016_1": "ITH", "NUTS2016_0": "IT", "LAND_PC": 100.0, "X_LLC": 4455000, "NUTS2021_3": "ITH36", "NUTS2021_2": "ITH3", "DIST_COAST": 42958.26, "NUTS2021_1": "ITH", "NUTS2021_0": "IT", "NUTS2024_3": "ITH36", "NUTS2024_2": "ITH3", "NUTS2024_1": "ITH", "NUTS2024_0": "IT" }, "geometry": { "type": "Point", "coordinates": [ 11.722850019021337, 45.639060228114488 ] } },
{ "type": "Feature", "properties": { "DIST_BORD": 128771.72, "TOT_P_2018": 454.0, "TOT_P_2006": 541.0, "GRD_ID": "CRS3035RES1000mN2504000E4456000", "TOT_P_2011": 462.0, "TOT_P_2021": 420.0, "Y_LLC": 2504000, "CNTR_ID": "IT", "NUTS2016_3": "ITH36", "NUTS2016_2": "ITH3", "NUTS2016_1": "ITH", "NUTS2016_0": "IT", "LAND_PC": 100.0, "X_LLC": 4456000, "NUTS2021_3": "ITH36", "NUTS2021_2": "ITH3", "DIST_COAST": 42180.03, "NUTS2021_1": "ITH", "NUTS2021_0": "IT", "NUTS2024_3": "ITH36", "NUTS2024_2": "ITH3", "NUTS2024_1": "ITH", "NUTS2024_0": "IT" }, "geometry": { "type": "Point", "coordinates": [ 11.735655321248442, 45.638851161098913 ] } },
{ "type": "Feature", "properties": { "DIST_BORD": 128375.17, "TOT_P_2018": 1624.0, "TOT_P_2006": 1795.0, "GRD_ID": "CRS3035RES1000mN2504000E4457000", "TOT_P_2011": 1674.0, "TOT_P_2021": 1602.0, "Y_LLC": 2504000, "CNTR_ID": "IT", "NUTS2016_3": "ITH36", "NUTS2016_2": "ITH3", "NUTS2016_1": "ITH", "NUTS2016_0": "IT", "LAND_PC": 100.0, "X_LLC": 4457000, "NUTS2021_3": "ITH36", "NUTS2021_2": "ITH3", "DIST_COAST": 41411.33, "NUTS2021_1": "ITH", "NUTS2021_0": "IT", "NUTS2024_3": "ITH36", "NUTS2024_2": "ITH3", "NUTS2024_1": "ITH", "NUTS2024_0": "IT" }, "geometry": { "type": "Point", "coordinates": [ 11.748460534977392, 45.638640546081469 ] } },
{ "type": "Feature", "properties": { "DIST_BORD": 127985.2, "TOT_P_2018": 1079.0, "TOT_P_2006": 1150.0, "GRD_ID": "CRS3035RES1000mN2504000E4458000", "TOT_P_2011": 1109.0, "TOT_P_2021": 1110.0, "Y_LLC": 2504000, "CNTR_ID": "IT", "NUTS2016_3": "ITH36", "NUTS2016_2": "ITH3", "NUTS2016_1": "ITH", "NUTS2016_0": "IT", "LAND_PC": 100.0, "X_LLC": 4458000, "NUTS2021_3": "ITH36", "NUTS2021_2": "ITH3", "DIST_COAST": 40652.69, "NUTS2021_1": "ITH", "NUTS2021_0": "IT", "NUTS2024_3": "ITH36", "NUTS2024_2": "ITH3", "NUTS2024_1": "ITH", "NUTS2024_0": "IT" }, "geometry": { "type": "Point", "coordinates": [ 11.761265659185842, 45.638428383337839 ] } },
{ "type": "Feature", "properties": { "DIST_BORD": 127601.88, "TOT_P_2018": 847.0, "TOT_P_2006": 498.0, "GRD_ID": "CRS3035RES1000mN2504000E4459000", "TOT_P_2011": 840.0, "TOT_P_2021": 733.0, "Y_LLC": 2504000, "CNTR_ID": "IT", "NUTS2016_3": "ITH36", "NUTS2016_2": "ITH3", "NUTS2016_1": "ITH", "NUTS2016_0": "IT", "LAND_PC": 100.0, "X_LLC": 4459000, "NUTS2021_3": "ITH36", "NUTS2021_2": "ITH3", "DIST_COAST": 39904.7, "NUTS2021_1": "ITH", "NUTS2021_0": "IT", "NUTS2024_3": "ITH36", "NUTS2024_2": "ITH3", "NUTS2024_1": "ITH", "NUTS2024_0": "IT" }, "geometry": { "type": "Point", "coordinates": [ 11.77407069347224, 45.638214672693351 ] } },
{ "type": "Feature", "properties": { "DIST_BORD": 127225.26, "TOT_P_2018": 1244.0, "TOT_P_2006": 1524.0, "GRD_ID": "CRS3035RES1000mN2504000E4460000", "TOT_P_2011": 1256.0, "TOT_P_2021": 1563.0, "Y_LLC": 2504000, "CNTR_ID": "IT", "NUTS2016_3": "ITH36", "NUTS2016_2": "ITH3", "NUTS2016_1": "ITH", "NUTS2016_0": "IT", "LAND_PC": 100.0, "X_LLC": 4460000, "NUTS2021_3": "ITH36", "NUTS2021_2": "ITH3", "DIST_COAST": 39167.95, "NUTS2021_1": "ITH", "NUTS2021_0": "IT", "NUTS2024_3": "ITH36", "NUTS2024_2": "ITH3", "NUTS2024_1": "ITH", "NUTS2024_0": "IT" }, "geometry": { "type": "Point", "coordinates": [ 11.786875637302307, 45.637999414285488 ] } },
{ "type": "Feature", "properties": { "DIST_BORD": 126855.41, "TOT_P_2018": 519.0, "TOT_P_2006": 291.0, "GRD_ID": "CRS3035RES1000mN2504000E4461000", "TOT_P_2011": 398.0, "TOT_P_2021": 291.0, "Y_LLC": 2504000, "CNTR_ID": "IT", "NUTS2016_3": "ITH36", "NUTS2016_2": "ITH3", "NUTS2016_1": "ITH", "NUTS2016_0": "IT", "LAND_PC": 100.0, "X_LLC": 4461000, "NUTS2021_3": "ITH36", "NUTS2021_2": "ITH3", "DIST_COAST": 38443.09, "NUTS2021_1": "ITH", "NUTS2021_0": "IT", "NUTS2024_3": "ITH36", "NUTS2024_2": "ITH3", "NUTS2024_1": "ITH", "NUTS2024_0": "IT" }, "geometry": { "type": "Point", "coordinates": [ 11.799680489796799, 45.637782608157337 ] } },
{ "type": "Feature", "properties": { "DIST_BORD": 126492.38, "TOT_P_2018": 516.0, "TOT_P_2006": 235.0, "GRD_ID": "CRS3035RES1000mN2504000E4462000", "TOT_P_2011": 482.0, "TOT_P_2021": 341.0, "Y_LLC": 2504000, "CNTR_ID": "IT", "NUTS2016_3": "ITH36", "NUTS2016_2": "ITH3", "NUTS2016_1": "ITH", "NUTS2016_0": "IT", "LAND_PC": 100.0, "X_LLC": 4462000, "NUTS2021_3": "ITH36", "NUTS2021_2": "ITH3", "DIST_COAST": 37730.82, "NUTS2021_1": "ITH", "NUTS2021_0": "IT", "NUTS2024_3": "ITH36", "NUTS2024_2": "ITH3", "NUTS2024_1": "ITH", "NUTS2024_0": "IT" }, "geometry": { "type": "Point", "coordinates": [ 11.812485250202156, 45.637564254125941 ] } },
{ "type": "Feature", "properties": { "DIST_BORD": 126120.37, "TOT_P_2018": 429.0, "TOT_P_2006": 182.0, "GRD_ID": "CRS3035RES1000mN2504000E4463000", "TOT_P_2011": 413.0, "TOT_P_2021": 485.0, "Y_LLC": 2504000, "CNTR_ID": "IT", "NUTS2016_3": "ITH36", "NUTS2016_2": "ITH3", "NUTS2016_1": "ITH", "NUTS2016_0": "IT", "LAND_PC": 100.0, "X_LLC": 4463000, "NUTS2021_3": "ITH36", "NUTS2021_2": "ITH3", "DIST_COAST": 37031.85, "NUTS2021_1": "ITH", "NUTS2021_0": "IT", "NUTS2024_3": "ITH36", "NUTS2024_2": "ITH3", "NUTS2024_1": "ITH", "NUTS2024_0": "IT" }, "geometry": { "type": "Point", "coordinates": [ 11.825289918317486, 45.637344352378484 ] } },
{ "type": "Feature", "properties": { "DIST_BORD": 125748.04, "TOT_P_2018": 615.0, "TOT_P_2006": 404.0, "GRD_ID": "CRS3035RES1000mN2504000E4464000", "TOT_P_2011": 623.0, "TOT_P_2021": 767.0, "Y_LLC": 2504000, "CNTR_ID": "IT", "NUTS2016_3": "ITH36", "NUTS2016_2": "ITH3", "NUTS2016_1": "ITH", "NUTS2016_0": "IT", "LAND_PC": 100.0, "X_LLC": 4464000, "NUTS2021_3": "ITH36", "NUTS2021_2": "ITH3", "DIST_COAST": 36346.95, "NUTS2021_1": "ITH", "NUTS2021_0": "IT", "NUTS2024_3": "ITH36", "NUTS2024_2": "ITH3", "NUTS2024_1": "ITH", "NUTS2024_0": "IT" }, "geometry": { "type": "Point", "coordinates": [ 11.838094493037234, 45.637122902911202 ] } },
{ "type": "Feature", "properties": { "DIST_BORD": 125382.58, "TOT_P_2018": 505.0, "TOT_P_2006": 319.0, "GRD_ID": "CRS3035RES1000mN2504000E4465000", "TOT_P_2011": 574.0, "TOT_P_2021": 636.0, "Y_LLC": 2504000, "CNTR_ID": "IT", "NUTS2016_3": "ITH36", "NUTS2016_2": "ITH3", "NUTS2016_1": "ITH", "NUTS2016_0": "IT", "LAND_PC": 100.0, "X_LLC": 4465000, "NUTS2021_3": "ITH36", "NUTS2021_2": "ITH3", "DIST_COAST": 35676.94, "NUTS2021_1": "ITH", "NUTS2021_0": "IT", "NUTS2024_3": "ITH36", "NUTS2024_2": "ITH3", "NUTS2024_1": "ITH", "NUTS2024_0": "IT" }, "geometry": { "type": "Point", "coordinates": [ 11.850898973892738, 45.636899905723666 ] } },
{ "type": "Feature", "properties": { "DIST_BORD": 125024.05, "TOT_P_2018": 245.0, "TOT_P_2006": 50.0, "GRD_ID": "CRS3035RES1000mN2504000E4466000", "TOT_P_2011": 116.0, "TOT_P_2021": 131.0, "Y_LLC": 2504000, "CNTR_ID": "IT", "NUTS2016_3": "ITH36", "NUTS2016_2": "ITH3", "NUTS2016_1": "ITH", "NUTS2016_0": "IT", "LAND_PC": 100.0, "X_LLC": 4466000, "NUTS2021_3": "ITH36", "NUTS2021_2": "ITH3", "DIST_COAST": 35022.67, "NUTS2021_1": "ITH", "NUTS2021_0": "IT", "NUTS2024_3": "ITH36", "NUTS2024_2": "ITH3", "NUTS2024_1": "ITH", "NUTS2024_0": "IT" }, "geometry": { "type": "Point", "coordinates": [ 11.863703360221253, 45.636675360795422 ] } },
{ "type": "Feature", "properties": { "DIST_BORD": 124672.51, "TOT_P_2018": 712.0, "TOT_P_2006": 930.0, "GRD_ID": "CRS3035RES1000mN2504000E4467000", "TOT_P_2011": 824.0, "TOT_P_2021": 783.0, "Y_LLC": 2504000, "CNTR_ID": "IT", "NUTS2016_3": "ITH34-ITH36", "NUTS2016_2": "ITH3", "NUTS2016_1": "ITH", "NUTS2016_0": "IT", "LAND_PC": 100.0, "X_LLC": 4467000, "NUTS2021_3": "ITH34-ITH36", "NUTS2021_2": "ITH3", "DIST_COAST": 34385.04, "NUTS2021_1": "ITH", "NUTS2021_0": "IT", "NUTS2024_3": "ITH34-ITH36", "NUTS2024_2": "ITH3", "NUTS2024_1": "ITH", "NUTS2024_0": "IT" }, "geometry": { "type": "Point", "coordinates": [ 11.876507651473093, 45.636449268247326 ] } },
{ "type": "Feature", "properties": { "DIST_BORD": 124285.66, "TOT_P_2018": 97.0, "TOT_P_2006": 0.0, "GRD_ID": "CRS3035RES1000mN2504000E4468000", "TOT_P_2011": 117.0, "TOT_P_2021": 151.0, "Y_LLC": 2504000, "CNTR_ID": "IT", "NUTS2016_3": "ITH34-ITH36", "NUTS2016_2": "ITH3", "NUTS2016_1": "ITH", "NUTS2016_0": "IT", "LAND_PC": 100.0, "X_LLC": 4468000, "NUTS2021_3": "ITH34-ITH36", "NUTS2021_2": "ITH3", "DIST_COAST": 33764.98, "NUTS2021_1": "ITH", "NUTS2021_0": "IT", "NUTS2024_3": "ITH34-ITH36", "NUTS2024_2": "ITH3", "NUTS2024_1": "ITH", "NUTS2024_0": "IT" }, "geometry": { "type": "Point", "coordinates": [ 11.889311846803597, 45.636221627922978 ] } },
{ "type": "Feature", "properties": { "DIST_BORD": 122773.21, "TOT_P_2018": 132.0, "TOT_P_2006": 20.0, "GRD_ID": "CRS3035RES1000mN2504000E4472000", "TOT_P_2011": 125.0, "TOT_P_2021": 191.0, "Y_LLC": 2504000, "CNTR_ID": "IT", "NUTS2016_3": "ITH34-ITH36", "NUTS2016_2": "ITH3", "NUTS2016_1": "ITH", "NUTS2016_0": "IT", "LAND_PC": 100.0, "X_LLC": 4472000, "NUTS2021_3": "ITH34-ITH36", "NUTS2021_2": "ITH3", "DIST_COAST": 31480.9, "NUTS2021_1": "ITH", "NUTS2021_0": "IT", "NUTS2024_3": "ITH34-ITH36", "NUTS2024_2": "ITH3", "NUTS2024_1": "ITH", "NUTS2024_0": "IT" }, "geometry": { "type": "Point", "coordinates": [ 11.940527656834327, 45.635295590633469 ] } },
{ "type": "Feature", "properties": { "DIST_BORD": 122412.61, "TOT_P_2018": 1845.0, "TOT_P_2006": 1898.0, "GRD_ID": "CRS3035RES1000mN2504000E4473000", "TOT_P_2011": 1961.0, "TOT_P_2021": 1848.0, "Y_LLC": 2504000, "CNTR_ID": "IT", "NUTS2016_3": "ITH34", "NUTS2016_2": "ITH3", "NUTS2016_1": "ITH", "NUTS2016_0": "IT", "LAND_PC": 100.0, "X_LLC": 4473000, "NUTS2021_3": "ITH34", "NUTS2021_2": "ITH3", "DIST_COAST": 30863.37, "NUTS2021_1": "ITH", "NUTS2021_0": "IT", "NUTS2024_3": "ITH34", "NUTS2024_2": "ITH3", "NUTS2024_1": "ITH", "NUTS2024_0": "IT" }, "geometry": { "type": "Point", "coordinates": [ 11.953331363257453, 45.635060212387415 ] } },
{ "type": "Feature", "properties": { "DIST_BORD": 122059.13, "TOT_P_2018": 671.0, "TOT_P_2006": 455.0, "GRD_ID": "CRS3035RES1000mN2504000E4474000", "TOT_P_2011": 579.0, "TOT_P_2021": 740.0, "Y_LLC": 2504000, "CNTR_ID": "IT", "NUTS2016_3": "ITH34-ITH36", "NUTS2016_2": "ITH3", "NUTS2016_1": "ITH", "NUTS2016_0": "IT", "LAND_PC": 100.0, "X_LLC": 4474000, "NUTS2021_3": "ITH34-ITH36", "NUTS2021_2": "ITH3", "DIST_COAST": 30028.37, "NUTS2021_1": "ITH", "NUTS2021_0": "IT", "NUTS2024_3": "ITH34-ITH36", "NUTS2024_2": "ITH3", "NUTS2024_1": "ITH", "NUTS2024_0": "IT" }, "geometry": { "type": "Point", "coordinates": [ 11.966134969890934, 45.634823286526498 ] } },
{ "type": "Feature", "properties": { "DIST_BORD": 121712.84, "TOT_P_2018": 241.0, "TOT_P_2006": 479.0, "GRD_ID": "CRS3035RES1000mN2504000E4475000", "TOT_P_2011": 215.0, "TOT_P_2021": 246.0, "Y_LLC": 2504000, "CNTR_ID": "IT", "NUTS2016_3": "ITH34-ITH36", "NUTS2016_2": "ITH3", "NUTS2016_1": "ITH", "NUTS2016_0": "IT", "LAND_PC": 100.0, "X_LLC": 4475000, "NUTS2021_3": "ITH34-ITH36", "NUTS2021_2": "ITH3", "DIST_COAST": 29203.74, "NUTS2021_1": "ITH", "NUTS2021_0": "IT", "NUTS2024_3": "ITH34-ITH36", "NUTS2024_2": "ITH3", "NUTS2024_1": "ITH", "NUTS2024_0": "IT" }, "geometry": { "type": "Point", "coordinates": [ 11.978938476138135, 45.634584813096012 ] } },
{ "type": "Feature", "properties": { "DIST_BORD": 121373.8, "TOT_P_2018": 353.0, "TOT_P_2006": 906.0, "GRD_ID": "CRS3035RES1000mN2504000E4476000", "TOT_P_2011": 366.0, "TOT_P_2021": 325.0, "Y_LLC": 2504000, "CNTR_ID": "IT", "NUTS2016_3": "ITH34-ITH36", "NUTS2016_2": "ITH3", "NUTS2016_1": "ITH", "NUTS2016_0": "IT", "LAND_PC": 100.0, "X_LLC": 4476000, "NUTS2021_3": "ITH34-ITH36", "NUTS2021_2": "ITH3", "DIST_COAST": 28390.38, "NUTS2021_1": "ITH", "NUTS2021_0": "IT", "NUTS2024_3": "ITH34-ITH36", "NUTS2024_2": "ITH3", "NUTS2024_1": "ITH", "NUTS2024_0": "IT" }, "geometry": { "type": "Point", "coordinates": [ 11.991741881405034, 45.634344792235481 ] } },
{ "type": "Feature", "properties": { "DIST_BORD": 121042.08, "TOT_P_2018": 244.0, "TOT_P_2006": 107.0, "GRD_ID": "CRS3035RES1000mN2504000E4477000", "TOT_P_2011": 263.0, "TOT_P_2021": 273.0, "Y_LLC": 2504000, "CNTR_ID": "IT", "NUTS2016_3": "ITH34-ITH36", "NUTS2016_2": "ITH3", "NUTS2016_1": "ITH", "NUTS2016_0": "IT", "LAND_PC": 100.0, "X_LLC": 4477000, "NUTS2021_3": "ITH34-ITH36", "NUTS2021_2": "ITH3", "DIST_COAST": 27589.3, "NUTS2021_1": "ITH", "NUTS2021_0": "IT", "NUTS2024_3": "ITH34-ITH36", "NUTS2024_2": "ITH3", "NUTS2024_1": "ITH", "NUTS2024_0": "IT" }, "geometry": { "type": "Point", "coordinates": [ 12.004545184919664, 45.634103223860215 ] } },
{ "type": "Feature", "properties": { "DIST_BORD": 120717.72, "TOT_P_2018": 537.0, "TOT_P_2006": 538.0, "GRD_ID": "CRS3035RES1000mN2504000E4478000", "TOT_P_2011": 557.0, "TOT_P_2021": 504.0, "Y_LLC": 2504000, "CNTR_ID": "IT", "NUTS2016_3": "ITH34-ITH36", "NUTS2016_2": "ITH3", "NUTS2016_1": "ITH", "NUTS2016_0": "IT", "LAND_PC": 100.0, "X_LLC": 4478000, "NUTS2021_3": "ITH34-ITH36", "NUTS2021_2": "ITH3", "DIST_COAST": 26801.58, "NUTS2021_1": "ITH", "NUTS2021_0": "IT", "NUTS2024_3": "ITH34-ITH36", "NUTS2024_2": "ITH3", "NUTS2024_1": "ITH", "NUTS2024_0": "IT" }, "geometry": { "type": "Point", "coordinates": [ 12.017348386118508, 45.633860107996803 ] } },
{ "type": "Feature", "properties": { "DIST_BORD": 119929.56, "TOT_P_2018": 152.0, "TOT_P_2006": 120.0, "GRD_ID": "CRS3035RES1000mN2504000E4479000", "TOT_P_2011": 158.0, "TOT_P_2021": 182.0, "Y_LLC": 2504000, "CNTR_ID": "IT", "NUTS2016_3": "ITH34-ITH36", "NUTS2016_2": "ITH3", "NUTS2016_1": "ITH", "NUTS2016_0": "IT", "LAND_PC": 100.0, "X_LLC": 4479000, "NUTS2021_3": "ITH34-ITH36", "NUTS2021_2": "ITH3", "DIST_COAST": 26028.44, "NUTS2021_1": "ITH", "NUTS2021_0": "IT", "NUTS2024_3": "ITH34-ITH36", "NUTS2024_2": "ITH3", "NUTS2024_1": "ITH", "NUTS2024_0": "IT" }, "geometry": { "type": "Point", "coordinates": [ 12.030151484260385, 45.633615444692609 ] } },
{ "type": "Feature", "properties": { "DIST_BORD": 119004.86, "TOT_P_2018": 141.0, "TOT_P_2006": 189.0, "GRD_ID": "CRS3035RES1000mN2504000E4480000", "TOT_P_2011": 83.0, "TOT_P_2021": 97.0, "Y_LLC": 2504000, "CNTR_ID": "IT", "NUTS2016_3": "ITH34-ITH36", "NUTS2016_2": "ITH3", "NUTS2016_1": "ITH", "NUTS2016_0": "IT", "LAND_PC": 100.0, "X_LLC": 4480000, "NUTS2021_3": "ITH34-ITH36", "NUTS2021_2": "ITH3", "DIST_COAST": 25271.23, "NUTS2021_1": "ITH", "NUTS2021_0": "IT", "NUTS2024_3": "ITH34-ITH36", "NUTS2024_2": "ITH3", "NUTS2024_1": "ITH", "NUTS2024_0": "IT" }, "geometry": { "type": "Point", "coordinates": [ 12.04295447883143, 45.633369233951647 ] } },
{ "type": "Feature", "properties": { "DIST_BORD": 118081.38, "TOT_P_2018": 234.0, "TOT_P_2006": 218.0, "GRD_ID": "CRS3035RES1000mN2504000E4481000", "TOT_P_2011": 244.0, "TOT_P_2021": 206.0, "Y_LLC": 2504000, "CNTR_ID": "IT", "NUTS2016_3": "ITH34-ITH36", "NUTS2016_2": "ITH3", "NUTS2016_1": "ITH", "NUTS2016_0": "IT", "LAND_PC": 100.0, "X_LLC": 4481000, "NUTS2021_3": "ITH34-ITH36", "NUTS2021_2": "ITH3", "DIST_COAST": 24531.42, "NUTS2021_1": "ITH", "NUTS2021_0": "IT", "NUTS2024_3": "ITH34-ITH36", "NUTS2024_2": "ITH3", "NUTS2024_1": "ITH", "NUTS2024_0": "IT" }, "geometry": { "type": "Point", "coordinates": [ 12.055757368988345, 45.63312147578403 ] } },
{ "type": "Feature", "properties": { "DIST_BORD": 117159.16, "TOT_P_2018": 84.0, "TOT_P_2006": 33.0, "GRD_ID": "CRS3035RES1000mN2504000E4482000", "TOT_P_2011": 88.0, "TOT_P_2021": 73.0, "Y_LLC": 2504000, "CNTR_ID": "IT", "NUTS2016_3": "ITH34-ITH36", "NUTS2016_2": "ITH3", "NUTS2016_1": "ITH", "NUTS2016_0": "IT", "LAND_PC": 100.0, "X_LLC": 4482000, "NUTS2021_3": "ITH34-ITH36", "NUTS2021_2": "ITH3", "DIST_COAST": 23810.62, "NUTS2021_1": "ITH", "NUTS2021_0": "IT", "NUTS2024_3": "ITH34-ITH36", "NUTS2024_2": "ITH3", "NUTS2024_1": "ITH", "NUTS2024_0": "IT" }, "geometry": { "type": "Point", "coordinates": [ 12.068560154241265, 45.632872170231899 ] } },
{ "type": "Feature", "properties": { "DIST_BORD": 130387.61, "TOT_P_2018": 295.0, "TOT_P_2006": 326.0, "GRD_ID": "CRS3035RES1000mN2505000E4450000", "TOT_P_2011": 252.0, "TOT_P_2021": 168.0, "Y_LLC": 2505000, "CNTR_ID": "IT", "NUTS2016_3": "ITH32-ITH36", "NUTS2016_2": "ITH3", "NUTS2016_1": "ITH", "NUTS2016_0": "IT", "LAND_PC": 100.0, "X_LLC": 4450000, "NUTS2021_3": "ITH32-ITH36", "NUTS2021_2": "ITH3", "DIST_COAST": 47551.63, "NUTS2021_1": "ITH", "NUTS2021_0": "IT", "NUTS2024_3": "ITH32-ITH36", "NUTS2024_2": "ITH3", "NUTS2024_1": "ITH", "NUTS2024_0": "IT" }, "geometry": { "type": "Point", "coordinates": [ 11.659095083883127, 45.649089869097246 ] } },
{ "type": "Feature", "properties": { "DIST_BORD": 129949.82, "TOT_P_2018": 649.0, "TOT_P_2006": 982.0, "GRD_ID": "CRS3035RES1000mN2505000E4451000", "TOT_P_2011": 723.0, "TOT_P_2021": 791.0, "Y_LLC": 2505000, "CNTR_ID": "IT", "NUTS2016_3": "ITH32-ITH36", "NUTS2016_2": "ITH3", "NUTS2016_1": "ITH", "NUTS2016_0": "IT", "LAND_PC": 100.0, "X_LLC": 4451000, "NUTS2021_3": "ITH32-ITH36", "NUTS2021_2": "ITH3", "DIST_COAST": 46742.92, "NUTS2021_1": "ITH", "NUTS2021_0": "IT", "NUTS2024_3": "ITH32-ITH36", "NUTS2024_2": "ITH3", "NUTS2024_1": "ITH", "NUTS2024_0": "IT" }, "geometry": { "type": "Point", "coordinates": [ 11.671902924444122, 45.648888503280197 ] } },
{ "type": "Feature", "properties": { "DIST_BORD": 129518.27, "TOT_P_2018": 393.0, "TOT_P_2006": 636.0, "GRD_ID": "CRS3035RES1000mN2505000E4452000", "TOT_P_2011": 451.0, "TOT_P_2021": 474.0, "Y_LLC": 2505000, "CNTR_ID": "IT", "NUTS2016_3": "ITH32-ITH36", "NUTS2016_2": "ITH3", "NUTS2016_1": "ITH", "NUTS2016_0": "IT", "LAND_PC": 100.0, "X_LLC": 4452000, "NUTS2021_3": "ITH32-ITH36", "NUTS2021_2": "ITH3", "DIST_COAST": 45941.75, "NUTS2021_1": "ITH", "NUTS2021_0": "IT", "NUTS2024_3": "ITH32-ITH36", "NUTS2024_2": "ITH3", "NUTS2024_1": "ITH", "NUTS2024_0": "IT" }, "geometry": { "type": "Point", "coordinates": [ 11.68471067949308, 45.64868558923358 ] } },
{ "type": "Feature", "properties": { "DIST_BORD": 129093.03, "TOT_P_2018": 548.0, "TOT_P_2006": 335.0, "GRD_ID": "CRS3035RES1000mN2505000E4453000", "TOT_P_2011": 576.0, "TOT_P_2021": 522.0, "Y_LLC": 2505000, "CNTR_ID": "IT", "NUTS2016_3": "ITH32-ITH36", "NUTS2016_2": "ITH3", "NUTS2016_1": "ITH", "NUTS2016_0": "IT", "LAND_PC": 100.0, "X_LLC": 4453000, "NUTS2021_3": "ITH32-ITH36", "NUTS2021_2": "ITH3", "DIST_COAST": 45148.5, "NUTS2021_1": "ITH", "NUTS2021_0": "IT", "NUTS2024_3": "ITH32-ITH36", "NUTS2024_2": "ITH3", "NUTS2024_1": "ITH", "NUTS2024_0": "IT" }, "geometry": { "type": "Point", "coordinates": [ 11.697518348425234, 45.648481126974907 ] } },
{ "type": "Feature", "properties": { "DIST_BORD": 128674.16, "TOT_P_2018": 0.0, "TOT_P_2006": 0.0, "GRD_ID": "CRS3035RES1000mN2505000E4454000", "TOT_P_2011": 0.0, "TOT_P_2021": 8.0, "Y_LLC": 2505000, "CNTR_ID": "IT", "NUTS2016_3": "ITH32-ITH36", "NUTS2016_2": "ITH3", "NUTS2016_1": "ITH", "NUTS2016_0": "IT", "LAND_PC": 63.12, "X_LLC": 4454000, "NUTS2021_3": "ITH32-ITH36", "NUTS2021_2": "ITH3", "DIST_COAST": 44363.62, "NUTS2021_1": "ITH", "NUTS2021_0": "IT", "NUTS2024_3": "ITH32-ITH36", "NUTS2024_2": "ITH3", "NUTS2024_1": "ITH", "NUTS2024_0": "IT" }, "geometry": { "type": "Point", "coordinates": [ 11.710325930716856, 45.648275116440622 ] } },
{ "type": "Feature", "properties": { "DIST_BORD": 128261.71, "TOT_P_2018": 41.0, "TOT_P_2006": 6.0, "GRD_ID": "CRS3035RES1000mN2505000E4455000", "TOT_P_2011": 27.0, "TOT_P_2021": 62.0, "Y_LLC": 2505000, "CNTR_ID": "IT", "NUTS2016_3": "ITH32-ITH36", "NUTS2016_2": "ITH3", "NUTS2016_1": "ITH", "NUTS2016_0": "IT", "LAND_PC": 100.0, "X_LLC": 4455000, "NUTS2021_3": "ITH32-ITH36", "NUTS2021_2": "ITH3", "DIST_COAST": 43587.54, "NUTS2021_1": "ITH", "NUTS2021_0": "IT", "NUTS2024_3": "ITH32-ITH36", "NUTS2024_2": "ITH3", "NUTS2024_1": "ITH", "NUTS2024_0": "IT" }, "geometry": { "type": "Point", "coordinates": [ 11.72313342549114, 45.648067557807209 ] } },
{ "type": "Feature", "properties": { "DIST_BORD": 127855.75, "TOT_P_2018": 245.0, "TOT_P_2006": 159.0, "GRD_ID": "CRS3035RES1000mN2505000E4456000", "TOT_P_2011": 237.0, "TOT_P_2021": 227.0, "Y_LLC": 2505000, "CNTR_ID": "IT", "NUTS2016_3": "ITH36", "NUTS2016_2": "ITH3", "NUTS2016_1": "ITH", "NUTS2016_0": "IT", "LAND_PC": 100.0, "X_LLC": 4456000, "NUTS2021_3": "ITH36", "NUTS2021_2": "ITH3", "DIST_COAST": 42820.75, "NUTS2021_1": "ITH", "NUTS2021_0": "IT", "NUTS2024_3": "ITH36", "NUTS2024_2": "ITH3", "NUTS2024_1": "ITH", "NUTS2024_0": "IT" }, "geometry": { "type": "Point", "coordinates": [ 11.735940832218835, 45.647858450927686 ] } },
{ "type": "Feature", "properties": { "DIST_BORD": 127456.35, "TOT_P_2018": 236.0, "TOT_P_2006": 236.0, "GRD_ID": "CRS3035RES1000mN2505000E4457000", "TOT_P_2011": 241.0, "TOT_P_2021": 220.0, "Y_LLC": 2505000, "CNTR_ID": "IT", "NUTS2016_3": "ITH36", "NUTS2016_2": "ITH3", "NUTS2016_1": "ITH", "NUTS2016_0": "IT", "LAND_PC": 100.0, "X_LLC": 4457000, "NUTS2021_3": "ITH36", "NUTS2021_2": "ITH3", "DIST_COAST": 42063.76, "NUTS2021_1": "ITH", "NUTS2021_0": "IT", "NUTS2024_3": "ITH36", "NUTS2024_2": "ITH3", "NUTS2024_1": "ITH", "NUTS2024_0": "IT" }, "geometry": { "type": "Point", "coordinates": [ 11.748748150291718, 45.647647795937829 ] } },
{ "type": "Feature", "properties": { "DIST_BORD": 127063.56, "TOT_P_2018": 299.0, "TOT_P_2006": 404.0, "GRD_ID": "CRS3035RES1000mN2505000E4458000", "TOT_P_2011": 305.0, "TOT_P_2021": 303.0, "Y_LLC": 2505000, "CNTR_ID": "IT", "NUTS2016_3": "ITH36", "NUTS2016_2": "ITH3", "NUTS2016_1": "ITH", "NUTS2016_0": "IT", "LAND_PC": 100.0, "X_LLC": 4458000, "NUTS2021_3": "ITH36", "NUTS2021_2": "ITH3", "DIST_COAST": 41317.11, "NUTS2021_1": "ITH", "NUTS2021_0": "IT", "NUTS2024_3": "ITH36", "NUTS2024_2": "ITH3", "NUTS2024_1": "ITH", "NUTS2024_0": "IT" }, "geometry": { "type": "Point", "coordinates": [ 11.761555378958004, 45.647435592736628 ] } },
{ "type": "Feature", "properties": { "DIST_BORD": 126677.45, "TOT_P_2018": 1850.0, "TOT_P_2006": 2266.0, "GRD_ID": "CRS3035RES1000mN2505000E4459000", "TOT_P_2011": 1871.0, "TOT_P_2021": 1851.0, "Y_LLC": 2505000, "CNTR_ID": "IT", "NUTS2016_3": "ITH36", "NUTS2016_2": "ITH3", "NUTS2016_1": "ITH", "NUTS2016_0": "IT", "LAND_PC": 100.0, "X_LLC": 4459000, "NUTS2021_3": "ITH36", "NUTS2021_2": "ITH3", "DIST_COAST": 40581.36, "NUTS2021_1": "ITH", "NUTS2021_0": "IT", "NUTS2024_3": "ITH36", "NUTS2024_2": "ITH3", "NUTS2024_1": "ITH", "NUTS2024_0": "IT" }, "geometry": { "type": "Point", "coordinates": [ 11.774362517543608, 45.647221841461061 ] } },
{ "type": "Feature", "properties": { "DIST_BORD": 126298.08, "TOT_P_2018": 1830.0, "TOT_P_2006": 2464.0, "GRD_ID": "CRS3035RES1000mN2505000E4460000", "TOT_P_2011": 1850.0, "TOT_P_2021": 1810.0, "Y_LLC": 2505000, "CNTR_ID": "IT", "NUTS2016_3": "ITH36", "NUTS2016_2": "ITH3", "NUTS2016_1": "ITH", "NUTS2016_0": "IT", "LAND_PC": 100.0, "X_LLC": 4460000, "NUTS2021_3": "ITH36", "NUTS2021_2": "ITH3", "DIST_COAST": 39857.12, "NUTS2021_1": "ITH", "NUTS2021_0": "IT", "NUTS2024_3": "ITH36", "NUTS2024_2": "ITH3", "NUTS2024_1": "ITH", "NUTS2024_0": "IT" }, "geometry": { "type": "Point", "coordinates": [ 11.787169565613537, 45.647006542094289 ] } },
{ "type": "Feature", "properties": { "DIST_BORD": 125925.5, "TOT_P_2018": 681.0, "TOT_P_2006": 545.0, "GRD_ID": "CRS3035RES1000mN2505000E4461000", "TOT_P_2011": 641.0, "TOT_P_2021": 583.0, "Y_LLC": 2505000, "CNTR_ID": "IT", "NUTS2016_3": "ITH36", "NUTS2016_2": "ITH3", "NUTS2016_1": "ITH", "NUTS2016_0": "IT", "LAND_PC": 100.0, "X_LLC": 4461000, "NUTS2021_3": "ITH36", "NUTS2021_2": "ITH3", "DIST_COAST": 39145.03, "NUTS2021_1": "ITH", "NUTS2021_0": "IT", "NUTS2024_3": "ITH36", "NUTS2024_2": "ITH3", "NUTS2024_1": "ITH", "NUTS2024_0": "IT" }, "geometry": { "type": "Point", "coordinates": [ 11.799976522317259, 45.646789694539542 ] } },
{ "type": "Feature", "properties": { "DIST_BORD": 125559.78, "TOT_P_2018": 893.0, "TOT_P_2006": 139.0, "GRD_ID": "CRS3035RES1000mN2505000E4462000", "TOT_P_2011": 616.0, "TOT_P_2021": 225.0, "Y_LLC": 2505000, "CNTR_ID": "IT", "NUTS2016_3": "ITH36", "NUTS2016_2": "ITH3", "NUTS2016_1": "ITH", "NUTS2016_0": "IT", "LAND_PC": 100.0, "X_LLC": 4462000, "NUTS2021_3": "ITH36", "NUTS2021_2": "ITH3", "DIST_COAST": 38445.76, "NUTS2021_1": "ITH", "NUTS2021_0": "IT", "NUTS2024_3": "ITH36", "NUTS2024_2": "ITH3", "NUTS2024_1": "ITH", "NUTS2024_0": "IT" }, "geometry": { "type": "Point", "coordinates": [ 11.81278338684028, 45.646571299056625 ] } },
{ "type": "Feature", "properties": { "DIST_BORD": 125194.21, "TOT_P_2018": 1803.0, "TOT_P_2006": 2297.0, "GRD_ID": "CRS3035RES1000mN2505000E4463000", "TOT_P_2011": 1852.0, "TOT_P_2021": 2573.0, "Y_LLC": 2505000, "CNTR_ID": "IT", "NUTS2016_3": "ITH36", "NUTS2016_2": "ITH3", "NUTS2016_1": "ITH", "NUTS2016_0": "IT", "LAND_PC": 100.0, "X_LLC": 4463000, "NUTS2021_3": "ITH36", "NUTS2021_2": "ITH3", "DIST_COAST": 37760.03, "NUTS2021_1": "ITH", "NUTS2021_0": "IT", "NUTS2024_3": "ITH36", "NUTS2024_2": "ITH3", "NUTS2024_1": "ITH", "NUTS2024_0": "IT" }, "geometry": { "type": "Point", "coordinates": [ 11.825590159007628, 45.646351355450548 ] } },
{ "type": "Feature", "properties": { "DIST_BORD": 124819.12, "TOT_P_2018": 1290.0, "TOT_P_2006": 790.0, "GRD_ID": "CRS3035RES1000mN2505000E4464000", "TOT_P_2011": 1306.0, "TOT_P_2021": 1063.0, "Y_LLC": 2505000, "CNTR_ID": "IT", "NUTS2016_3": "ITH36", "NUTS2016_2": "ITH3", "NUTS2016_1": "ITH", "NUTS2016_0": "IT", "LAND_PC": 100.0, "X_LLC": 4464000, "NUTS2021_3": "ITH36", "NUTS2021_2": "ITH3", "DIST_COAST": 37088.58, "NUTS2021_1": "ITH", "NUTS2021_0": "IT", "NUTS2024_3": "ITH36", "NUTS2024_2": "ITH3", "NUTS2024_1": "ITH", "NUTS2024_0": "IT" }, "geometry": { "type": "Point", "coordinates": [ 11.838396837753612, 45.646129863800077 ] } },
{ "type": "Feature", "properties": { "DIST_BORD": 124450.93, "TOT_P_2018": 1401.0, "TOT_P_2006": 2420.0, "GRD_ID": "CRS3035RES1000mN2505000E4465000", "TOT_P_2011": 1663.0, "TOT_P_2021": 1745.0, "Y_LLC": 2505000, "CNTR_ID": "IT", "NUTS2016_3": "ITH36", "NUTS2016_2": "ITH3", "NUTS2016_1": "ITH", "NUTS2016_0": "IT", "LAND_PC": 100.0, "X_LLC": 4465000, "NUTS2021_3": "ITH36", "NUTS2021_2": "ITH3", "DIST_COAST": 36432.21, "NUTS2021_1": "ITH", "NUTS2021_0": "IT", "NUTS2024_3": "ITH36", "NUTS2024_2": "ITH3", "NUTS2024_1": "ITH", "NUTS2024_0": "IT" }, "geometry": { "type": "Point", "coordinates": [ 11.851203422554613, 45.645906824148831 ] } },
{ "type": "Feature", "properties": { "DIST_BORD": 124089.71, "TOT_P_2018": 1735.0, "TOT_P_2006": 1579.0, "GRD_ID": "CRS3035RES1000mN2505000E4466000", "TOT_P_2011": 1983.0, "TOT_P_2021": 1604.0, "Y_LLC": 2505000, "CNTR_ID": "IT", "NUTS2016_3": "ITH34-ITH36", "NUTS2016_2": "ITH3", "NUTS2016_1": "ITH", "NUTS2016_0": "IT", "LAND_PC": 100.0, "X_LLC": 4466000, "NUTS2021_3": "ITH34-ITH36", "NUTS2021_2": "ITH3", "DIST_COAST": 35791.75, "NUTS2021_1": "ITH", "NUTS2021_0": "IT", "NUTS2024_3": "ITH34-ITH36", "NUTS2024_2": "ITH3", "NUTS2024_1": "ITH", "NUTS2024_0": "IT" }, "geometry": { "type": "Point", "coordinates": [ 11.864009912809017, 45.645682236566756 ] } },
{ "type": "Feature", "properties": { "DIST_BORD": 123735.51, "TOT_P_2018": 556.0, "TOT_P_2006": 257.0, "GRD_ID": "CRS3035RES1000mN2505000E4467000", "TOT_P_2011": 510.0, "TOT_P_2021": 651.0, "Y_LLC": 2505000, "CNTR_ID": "IT", "NUTS2016_3": "ITH34-ITH36", "NUTS2016_2": "ITH3", "NUTS2016_1": "ITH", "NUTS2016_0": "IT", "LAND_PC": 100.0, "X_LLC": 4467000, "NUTS2021_3": "ITH34-ITH36", "NUTS2021_2": "ITH3", "DIST_COAST": 35168.06, "NUTS2021_1": "ITH", "NUTS2021_0": "IT", "NUTS2024_3": "ITH34-ITH36", "NUTS2024_2": "ITH3", "NUTS2024_1": "ITH", "NUTS2024_0": "IT" }, "geometry": { "type": "Point", "coordinates": [ 11.876816307831565, 45.645456100934716 ] } },
{ "type": "Feature", "properties": { "DIST_BORD": 123366.27, "TOT_P_2018": 646.0, "TOT_P_2006": 151.0, "GRD_ID": "CRS3035RES1000mN2505000E4468000", "TOT_P_2011": 607.0, "TOT_P_2021": 441.0, "Y_LLC": 2505000, "CNTR_ID": "IT", "NUTS2016_3": "ITH34-ITH36", "NUTS2016_2": "ITH3", "NUTS2016_1": "ITH", "NUTS2016_0": "IT", "LAND_PC": 100.0, "X_LLC": 4468000, "NUTS2021_3": "ITH34-ITH36", "NUTS2021_2": "ITH3", "DIST_COAST": 34562.06, "NUTS2021_1": "ITH", "NUTS2021_0": "IT", "NUTS2024_3": "ITH34-ITH36", "NUTS2024_2": "ITH3", "NUTS2024_1": "ITH", "NUTS2024_0": "IT" }, "geometry": { "type": "Point", "coordinates": [ 11.889622606900559, 45.645228417367221 ] } },
{ "type": "Feature", "properties": { "DIST_BORD": 121842.42, "TOT_P_2018": 301.0, "TOT_P_2006": 132.0, "GRD_ID": "CRS3035RES1000mN2505000E4472000", "TOT_P_2011": 319.0, "TOT_P_2021": 277.0, "Y_LLC": 2505000, "CNTR_ID": "IT", "NUTS2016_3": "ITH34", "NUTS2016_2": "ITH3", "NUTS2016_1": "ITH", "NUTS2016_0": "IT", "LAND_PC": 100.0, "X_LLC": 4472000, "NUTS2021_3": "ITH34", "NUTS2021_2": "ITH3", "DIST_COAST": 32247.38, "NUTS2021_1": "ITH", "NUTS2021_0": "IT", "NUTS2024_3": "ITH34", "NUTS2024_2": "ITH3", "NUTS2024_1": "ITH", "NUTS2024_0": "IT" }, "geometry": { "type": "Point", "coordinates": [ 11.940846831384739, 45.644302203889509 ] } },
{ "type": "Feature", "properties": { "DIST_BORD": 121479.05, "TOT_P_2018": 436.0, "TOT_P_2006": 227.0, "GRD_ID": "CRS3035RES1000mN2505000E4473000", "TOT_P_2011": 389.0, "TOT_P_2021": 321.0, "Y_LLC": 2505000, "CNTR_ID": "IT", "NUTS2016_3": "ITH34", "NUTS2016_2": "ITH3", "NUTS2016_1": "ITH", "NUTS2016_0": "IT", "LAND_PC": 100.0, "X_LLC": 4473000, "NUTS2021_3": "ITH34", "NUTS2021_2": "ITH3", "DIST_COAST": 31417.34, "NUTS2021_1": "ITH", "NUTS2021_0": "IT", "NUTS2024_3": "ITH34", "NUTS2024_2": "ITH3", "NUTS2024_1": "ITH", "NUTS2024_0": "IT" }, "geometry": { "type": "Point", "coordinates": [ 11.953652641187274, 45.644066780755651 ] } },
{ "type": "Feature", "properties": { "DIST_BORD": 121122.85, "TOT_P_2018": 173.0, "TOT_P_2006": 8.0, "GRD_ID": "CRS3035RES1000mN2505000E4474000", "TOT_P_2011": 157.0, "TOT_P_2021": 222.0, "Y_LLC": 2505000, "CNTR_ID": "IT", "NUTS2016_3": "ITH34", "NUTS2016_2": "ITH3", "NUTS2016_1": "ITH", "NUTS2016_0": "IT", "LAND_PC": 100.0, "X_LLC": 4474000, "NUTS2021_3": "ITH34", "NUTS2021_2": "ITH3", "DIST_COAST": 30597.46, "NUTS2021_1": "ITH", "NUTS2021_0": "IT", "NUTS2024_3": "ITH34", "NUTS2024_2": "ITH3", "NUTS2024_1": "ITH", "NUTS2024_0": "IT" }, "geometry": { "type": "Point", "coordinates": [ 11.966458351250992, 45.643829809803592 ] } },
{ "type": "Feature", "properties": { "DIST_BORD": 120773.87, "TOT_P_2018": 144.0, "TOT_P_2006": 64.0, "GRD_ID": "CRS3035RES1000mN2505000E4475000", "TOT_P_2011": 158.0, "TOT_P_2021": 312.0, "Y_LLC": 2505000, "CNTR_ID": "IT", "NUTS2016_3": "ITH34", "NUTS2016_2": "ITH3", "NUTS2016_1": "ITH", "NUTS2016_0": "IT", "LAND_PC": 100.0, "X_LLC": 4475000, "NUTS2021_3": "ITH34", "NUTS2021_2": "ITH3", "DIST_COAST": 29788.58, "NUTS2021_1": "ITH", "NUTS2021_0": "IT", "NUTS2024_3": "ITH34", "NUTS2024_2": "ITH3", "NUTS2024_1": "ITH", "NUTS2024_0": "IT" }, "geometry": { "type": "Point", "coordinates": [ 11.97926396079435, 45.643591291097032 ] } },
{ "type": "Feature", "properties": { "DIST_BORD": 120432.19, "TOT_P_2018": 860.0, "TOT_P_2006": 1703.0, "GRD_ID": "CRS3035RES1000mN2505000E4476000", "TOT_P_2011": 938.0, "TOT_P_2021": 946.0, "Y_LLC": 2505000, "CNTR_ID": "IT", "NUTS2016_3": "ITH34-ITH36", "NUTS2016_2": "ITH3", "NUTS2016_1": "ITH", "NUTS2016_0": "IT", "LAND_PC": 100.0, "X_LLC": 4476000, "NUTS2021_3": "ITH34-ITH36", "NUTS2021_2": "ITH3", "DIST_COAST": 28991.64, "NUTS2021_1": "ITH", "NUTS2021_0": "IT", "NUTS2024_3": "ITH34-ITH36", "NUTS2024_2": "ITH3", "NUTS2024_1": "ITH", "NUTS2024_0": "IT" }, "geometry": { "type": "Point", "coordinates": [ 11.992069469216807, 45.64335122447752 ] } },
{ "type": "Feature", "properties": { "DIST_BORD": 120097.86, "TOT_P_2018": 243.0, "TOT_P_2006": 45.0, "GRD_ID": "CRS3035RES1000mN2505000E4477000", "TOT_P_2011": 162.0, "TOT_P_2021": 155.0, "Y_LLC": 2505000, "CNTR_ID": "IT", "NUTS2016_3": "ITH34-ITH36", "NUTS2016_2": "ITH3", "NUTS2016_1": "ITH", "NUTS2016_0": "IT", "LAND_PC": 100.0, "X_LLC": 4477000, "NUTS2021_3": "ITH34-ITH36", "NUTS2021_2": "ITH3", "DIST_COAST": 28207.63, "NUTS2021_1": "ITH", "NUTS2021_0": "IT", "NUTS2024_3": "ITH34-ITH36", "NUTS2024_2": "ITH3", "NUTS2024_1": "ITH", "NUTS2024_0": "IT" }, "geometry": { "type": "Point", "coordinates": [ 12.004874875963223, 45.643109610159946 ] } },
{ "type": "Feature", "properties": { "DIST_BORD": 119770.95, "TOT_P_2018": 48.0, "TOT_P_2006": 49.0, "GRD_ID": "CRS3035RES1000mN2505000E4478000", "TOT_P_2011": 51.0, "TOT_P_2021": 102.0, "Y_LLC": 2505000, "CNTR_ID": "IT", "NUTS2016_3": "ITH34-ITH36", "NUTS2016_2": "ITH3", "NUTS2016_1": "ITH", "NUTS2016_0": "IT", "LAND_PC": 100.0, "X_LLC": 4478000, "NUTS2021_3": "ITH34-ITH36", "NUTS2021_2": "ITH3", "DIST_COAST": 27437.67, "NUTS2021_1": "ITH", "NUTS2021_0": "IT", "NUTS2024_3": "ITH34-ITH36", "NUTS2024_2": "ITH3", "NUTS2024_1": "ITH", "NUTS2024_0": "IT" }, "geometry": { "type": "Point", "coordinates": [ 12.017680180241532, 45.642866448034603 ] } },
{ "type": "Feature", "properties": { "DIST_BORD": 119451.52, "TOT_P_2018": 13.0, "TOT_P_2006": 4.0, "GRD_ID": "CRS3035RES1000mN2505000E4479000", "TOT_P_2011": 14.0, "TOT_P_2021": 9.0, "Y_LLC": 2505000, "CNTR_ID": "IT", "NUTS2016_3": "ITH34-ITH36", "NUTS2016_2": "ITH3", "NUTS2016_1": "ITH", "NUTS2016_0": "IT", "LAND_PC": 100.0, "X_LLC": 4479000, "NUTS2021_3": "ITH34-ITH36", "NUTS2021_2": "ITH3", "DIST_COAST": 26682.97, "NUTS2021_1": "ITH", "NUTS2021_0": "IT", "NUTS2024_3": "ITH34-ITH36", "NUTS2024_2": "ITH3", "NUTS2024_1": "ITH", "NUTS2024_0": "IT" }, "geometry": { "type": "Point", "coordinates": [ 12.030485381458851, 45.64262173820115 ] } },
{ "type": "Feature", "properties": { "DIST_BORD": 118626.29, "TOT_P_2018": 16.0, "TOT_P_2006": 0.0, "GRD_ID": "CRS3035RES1000mN2505000E4480000", "TOT_P_2011": 17.0, "TOT_P_2021": 18.0, "Y_LLC": 2505000, "CNTR_ID": "IT", "NUTS2016_3": "ITH34-ITH36", "NUTS2016_2": "ITH3", "NUTS2016_1": "ITH", "NUTS2016_0": "IT", "LAND_PC": 100.0, "X_LLC": 4480000, "NUTS2021_3": "ITH34-ITH36", "NUTS2021_2": "ITH3", "DIST_COAST": 25944.87, "NUTS2021_1": "ITH", "NUTS2021_0": "IT", "NUTS2024_3": "ITH34-ITH36", "NUTS2024_2": "ITH3", "NUTS2024_1": "ITH", "NUTS2024_0": "IT" }, "geometry": { "type": "Point", "coordinates": [ 12.043290478907817, 45.642375480568838 ] } },
{ "type": "Feature", "properties": { "DIST_BORD": 129049.96, "TOT_P_2018": 128.0, "TOT_P_2006": 73.0, "GRD_ID": "CRS3035RES1000mN2506000E4451000", "TOT_P_2011": 132.0, "TOT_P_2021": 204.0, "Y_LLC": 2506000, "CNTR_ID": "IT", "NUTS2016_3": "ITH32-ITH36", "NUTS2016_2": "ITH3", "NUTS2016_1": "ITH", "NUTS2016_0": "IT", "LAND_PC": 100.0, "X_LLC": 4451000, "NUTS2021_3": "ITH32-ITH36", "NUTS2021_2": "ITH3", "DIST_COAST": 47343.03, "NUTS2021_1": "ITH", "NUTS2021_0": "IT", "NUTS2024_3": "ITH32-ITH36", "NUTS2024_2": "ITH3", "NUTS2024_1": "ITH", "NUTS2024_0": "IT" }, "geometry": { "type": "Point", "coordinates": [ 11.672178030264115, 45.657895936111551 ] } },
{ "type": "Feature", "properties": { "DIST_BORD": 128615.4, "TOT_P_2018": 249.0, "TOT_P_2006": 239.0, "GRD_ID": "CRS3035RES1000mN2506000E4452000", "TOT_P_2011": 247.0, "TOT_P_2021": 174.0, "Y_LLC": 2506000, "CNTR_ID": "IT", "NUTS2016_3": "ITH32-ITH36", "NUTS2016_2": "ITH3", "NUTS2016_1": "ITH", "NUTS2016_0": "IT", "LAND_PC": 100.0, "X_LLC": 4452000, "NUTS2021_3": "ITH32-ITH36", "NUTS2021_2": "ITH3", "DIST_COAST": 46552.18, "NUTS2021_1": "ITH", "NUTS2021_0": "IT", "NUTS2024_3": "ITH32-ITH36", "NUTS2024_2": "ITH3", "NUTS2024_1": "ITH", "NUTS2024_0": "IT" }, "geometry": { "type": "Point", "coordinates": [ 11.684987890906882, 45.657692983396615 ] } },
{ "type": "Feature", "properties": { "DIST_BORD": 128187.16, "TOT_P_2018": 9.0, "TOT_P_2006": 0.0, "GRD_ID": "CRS3035RES1000mN2506000E4453000", "TOT_P_2011": 10.0, "TOT_P_2021": 58.0, "Y_LLC": 2506000, "CNTR_ID": "IT", "NUTS2016_3": "ITH32-ITH36", "NUTS2016_2": "ITH3", "NUTS2016_1": "ITH", "NUTS2016_0": "IT", "LAND_PC": 100.0, "X_LLC": 4453000, "NUTS2021_3": "ITH32-ITH36", "NUTS2021_2": "ITH3", "DIST_COAST": 45769.52, "NUTS2021_1": "ITH", "NUTS2021_0": "IT", "NUTS2024_3": "ITH32-ITH36", "NUTS2024_2": "ITH3", "NUTS2024_1": "ITH", "NUTS2024_0": "IT" }, "geometry": { "type": "Point", "coordinates": [ 11.697797665514665, 45.657488482214092 ] } },
{ "type": "Feature", "properties": { "DIST_BORD": 127765.32, "TOT_P_2018": 16.0, "TOT_P_2006": 17.0, "GRD_ID": "CRS3035RES1000mN2506000E4454000", "TOT_P_2011": 16.0, "TOT_P_2021": 22.0, "Y_LLC": 2506000, "CNTR_ID": "IT", "NUTS2016_3": "ITH32-ITH36", "NUTS2016_2": "ITH3", "NUTS2016_1": "ITH", "NUTS2016_0": "IT", "LAND_PC": 100.0, "X_LLC": 4454000, "NUTS2021_3": "ITH32-ITH36", "NUTS2021_2": "ITH3", "DIST_COAST": 44995.47, "NUTS2021_1": "ITH", "NUTS2021_0": "IT", "NUTS2024_3": "ITH32-ITH36", "NUTS2024_2": "ITH3", "NUTS2024_1": "ITH", "NUTS2024_0": "IT" }, "geometry": { "type": "Point", "coordinates": [ 11.710607353148363, 45.657282432524831 ] } },
{ "type": "Feature", "properties": { "DIST_BORD": 127349.93, "TOT_P_2018": 224.0, "TOT_P_2006": 254.0, "GRD_ID": "CRS3035RES1000mN2506000E4455000", "TOT_P_2011": 217.0, "TOT_P_2021": 189.0, "Y_LLC": 2506000, "CNTR_ID": "IT", "NUTS2016_3": "ITH32-ITH36", "NUTS2016_2": "ITH3", "NUTS2016_1": "ITH", "NUTS2016_0": "IT", "LAND_PC": 100.0, "X_LLC": 4455000, "NUTS2021_3": "ITH32-ITH36", "NUTS2021_2": "ITH3", "DIST_COAST": 44230.48, "NUTS2021_1": "ITH", "NUTS2021_0": "IT", "NUTS2024_3": "ITH32-ITH36", "NUTS2024_2": "ITH3", "NUTS2024_1": "ITH", "NUTS2024_0": "IT" }, "geometry": { "type": "Point", "coordinates": [ 11.723416953474498, 45.657074834261969 ] } },
{ "type": "Feature", "properties": { "DIST_BORD": 126941.06, "TOT_P_2018": 562.0, "TOT_P_2006": 405.0, "GRD_ID": "CRS3035RES1000mN2506000E4456000", "TOT_P_2011": 576.0, "TOT_P_2021": 450.0, "Y_LLC": 2506000, "CNTR_ID": "IT", "NUTS2016_3": "ITH36", "NUTS2016_2": "ITH3", "NUTS2016_1": "ITH", "NUTS2016_0": "IT", "LAND_PC": 100.0, "X_LLC": 4456000, "NUTS2021_3": "ITH36", "NUTS2021_2": "ITH3", "DIST_COAST": 43475.04, "NUTS2021_1": "ITH", "NUTS2021_0": "IT", "NUTS2024_3": "ITH36", "NUTS2024_2": "ITH3", "NUTS2024_1": "ITH", "NUTS2024_0": "IT" }, "geometry": { "type": "Point", "coordinates": [ 11.73622646558065, 45.656865687593807 ] } },
{ "type": "Feature", "properties": { "DIST_BORD": 126538.77, "TOT_P_2018": 184.0, "TOT_P_2006": 117.0, "GRD_ID": "CRS3035RES1000mN2506000E4457000", "TOT_P_2011": 188.0, "TOT_P_2021": 169.0, "Y_LLC": 2506000, "CNTR_ID": "IT", "NUTS2016_3": "ITH36", "NUTS2016_2": "ITH3", "NUTS2016_1": "ITH", "NUTS2016_0": "IT", "LAND_PC": 100.0, "X_LLC": 4457000, "NUTS2021_3": "ITH36", "NUTS2021_2": "ITH3", "DIST_COAST": 42729.64, "NUTS2021_1": "ITH", "NUTS2021_0": "IT", "NUTS2024_3": "ITH36", "NUTS2024_2": "ITH3", "NUTS2024_1": "ITH", "NUTS2024_0": "IT" }, "geometry": { "type": "Point", "coordinates": [ 11.749035888987185, 45.656654992464333 ] } },
{ "type": "Feature", "properties": { "DIST_BORD": 126143.12, "TOT_P_2018": 225.0, "TOT_P_2006": 240.0, "GRD_ID": "CRS3035RES1000mN2506000E4458000", "TOT_P_2011": 224.0, "TOT_P_2021": 243.0, "Y_LLC": 2506000, "CNTR_ID": "IT", "NUTS2016_3": "ITH36", "NUTS2016_2": "ITH3", "NUTS2016_1": "ITH", "NUTS2016_0": "IT", "LAND_PC": 100.0, "X_LLC": 4458000, "NUTS2021_3": "ITH36", "NUTS2021_2": "ITH3", "DIST_COAST": 41994.83, "NUTS2021_1": "ITH", "NUTS2021_0": "IT", "NUTS2024_3": "ITH36", "NUTS2024_2": "ITH3", "NUTS2024_1": "ITH", "NUTS2024_0": "IT" }, "geometry": { "type": "Point", "coordinates": [ 11.761845222940011, 45.656442748947519 ] } },
{ "type": "Feature", "properties": { "DIST_BORD": 125754.18, "TOT_P_2018": 795.0, "TOT_P_2006": 561.0, "GRD_ID": "CRS3035RES1000mN2506000E4459000", "TOT_P_2011": 805.0, "TOT_P_2021": 895.0, "Y_LLC": 2506000, "CNTR_ID": "IT", "NUTS2016_3": "ITH36", "NUTS2016_2": "ITH3", "NUTS2016_1": "ITH", "NUTS2016_0": "IT", "LAND_PC": 100.0, "X_LLC": 4459000, "NUTS2021_3": "ITH36", "NUTS2021_2": "ITH3", "DIST_COAST": 41271.16, "NUTS2021_1": "ITH", "NUTS2021_0": "IT", "NUTS2024_3": "ITH36", "NUTS2024_2": "ITH3", "NUTS2024_1": "ITH", "NUTS2024_0": "IT" }, "geometry": { "type": "Point", "coordinates": [ 11.774654466701792, 45.656228956995172 ] } },
{ "type": "Feature", "properties": { "DIST_BORD": 125372.01, "TOT_P_2018": 1802.0, "TOT_P_2006": 1693.0, "GRD_ID": "CRS3035RES1000mN2506000E4460000", "TOT_P_2011": 1810.0, "TOT_P_2021": 1764.0, "Y_LLC": 2506000, "CNTR_ID": "IT", "NUTS2016_3": "ITH36", "NUTS2016_2": "ITH3", "NUTS2016_1": "ITH", "NUTS2016_0": "IT", "LAND_PC": 100.0, "X_LLC": 4460000, "NUTS2021_3": "ITH36", "NUTS2021_2": "ITH3", "DIST_COAST": 40559.24, "NUTS2021_1": "ITH", "NUTS2021_0": "IT", "NUTS2024_3": "ITH36", "NUTS2024_2": "ITH3", "NUTS2024_1": "ITH", "NUTS2024_0": "IT" }, "geometry": { "type": "Point", "coordinates": [ 11.787463619903056, 45.656013616588773 ] } },
{ "type": "Feature", "properties": { "DIST_BORD": 124996.68, "TOT_P_2018": 971.0, "TOT_P_2006": 620.0, "GRD_ID": "CRS3035RES1000mN2506000E4461000", "TOT_P_2011": 973.0, "TOT_P_2021": 1032.0, "Y_LLC": 2506000, "CNTR_ID": "IT", "NUTS2016_3": "ITH36", "NUTS2016_2": "ITH3", "NUTS2016_1": "ITH", "NUTS2016_0": "IT", "LAND_PC": 100.0, "X_LLC": 4461000, "NUTS2021_3": "ITH36", "NUTS2021_2": "ITH3", "DIST_COAST": 39859.69, "NUTS2021_1": "ITH", "NUTS2021_0": "IT", "NUTS2024_3": "ITH36", "NUTS2024_2": "ITH3", "NUTS2024_1": "ITH", "NUTS2024_0": "IT" }, "geometry": { "type": "Point", "coordinates": [ 11.800272681703744, 45.655796727812771 ] } },
{ "type": "Feature", "properties": { "DIST_BORD": 124628.24, "TOT_P_2018": 438.0, "TOT_P_2006": 868.0, "GRD_ID": "CRS3035RES1000mN2506000E4462000", "TOT_P_2011": 425.0, "TOT_P_2021": 346.0, "Y_LLC": 2506000, "CNTR_ID": "IT", "NUTS2016_3": "ITH36", "NUTS2016_2": "ITH3", "NUTS2016_1": "ITH", "NUTS2016_0": "IT", "LAND_PC": 100.0, "X_LLC": 4462000, "NUTS2021_3": "ITH36", "NUTS2021_2": "ITH3", "DIST_COAST": 39173.18, "NUTS2021_1": "ITH", "NUTS2021_0": "IT", "NUTS2024_3": "ITH36", "NUTS2024_2": "ITH3", "NUTS2024_1": "ITH", "NUTS2024_0": "IT" }, "geometry": { "type": "Point", "coordinates": [ 11.813081651319946, 45.655578290707211 ] } },
{ "type": "Feature", "properties": { "DIST_BORD": 124266.75, "TOT_P_2018": 1265.0, "TOT_P_2006": 840.0, "GRD_ID": "CRS3035RES1000mN2506000E4463000", "TOT_P_2011": 1229.0, "TOT_P_2021": 1409.0, "Y_LLC": 2506000, "CNTR_ID": "IT", "NUTS2016_3": "ITH36", "NUTS2016_2": "ITH3", "NUTS2016_1": "ITH", "NUTS2016_0": "IT", "LAND_PC": 100.0, "X_LLC": 4463000, "NUTS2021_3": "ITH36", "NUTS2021_2": "ITH3", "DIST_COAST": 38500.41, "NUTS2021_1": "ITH", "NUTS2021_0": "IT", "NUTS2024_3": "ITH36", "NUTS2024_2": "ITH3", "NUTS2024_1": "ITH", "NUTS2024_0": "IT" }, "geometry": { "type": "Point", "coordinates": [ 11.825890528373822, 45.655358305267711 ] } },
{ "type": "Feature", "properties": { "DIST_BORD": 123891.3, "TOT_P_2018": 265.0, "TOT_P_2006": 104.0, "GRD_ID": "CRS3035RES1000mN2506000E4464000", "TOT_P_2011": 229.0, "TOT_P_2021": 261.0, "Y_LLC": 2506000, "CNTR_ID": "IT", "NUTS2016_3": "ITH36", "NUTS2016_2": "ITH3", "NUTS2016_1": "ITH", "NUTS2016_0": "IT", "LAND_PC": 100.0, "X_LLC": 4464000, "NUTS2021_3": "ITH36", "NUTS2021_2": "ITH3", "DIST_COAST": 37842.1, "NUTS2021_1": "ITH", "NUTS2021_0": "IT", "NUTS2024_3": "ITH36", "NUTS2024_2": "ITH3", "NUTS2024_1": "ITH", "NUTS2024_0": "IT" }, "geometry": { "type": "Point", "coordinates": [ 11.838699312047444, 45.655136771469806 ] } },
{ "type": "Feature", "properties": { "DIST_BORD": 123520.35, "TOT_P_2018": 1468.0, "TOT_P_2006": 2829.0, "GRD_ID": "CRS3035RES1000mN2506000E4465000", "TOT_P_2011": 1761.0, "TOT_P_2021": 1518.0, "Y_LLC": 2506000, "CNTR_ID": "IT", "NUTS2016_3": "ITH34-ITH36", "NUTS2016_2": "ITH3", "NUTS2016_1": "ITH", "NUTS2016_0": "IT", "LAND_PC": 100.0, "X_LLC": 4465000, "NUTS2021_3": "ITH34-ITH36", "NUTS2021_2": "ITH3", "DIST_COAST": 37199.03, "NUTS2021_1": "ITH", "NUTS2021_0": "IT", "NUTS2024_3": "ITH34-ITH36", "NUTS2024_2": "ITH3", "NUTS2024_1": "ITH", "NUTS2024_0": "IT" }, "geometry": { "type": "Point", "coordinates": [ 11.851508001713853, 45.654913689375256 ] } },
{ "type": "Feature", "properties": { "DIST_BORD": 123156.4, "TOT_P_2018": 1293.0, "TOT_P_2006": 1411.0, "GRD_ID": "CRS3035RES1000mN2506000E4466000", "TOT_P_2011": 1348.0, "TOT_P_2021": 1660.0, "Y_LLC": 2506000, "CNTR_ID": "IT", "NUTS2016_3": "ITH34-ITH36", "NUTS2016_2": "ITH3", "NUTS2016_1": "ITH", "NUTS2016_0": "IT", "LAND_PC": 100.0, "X_LLC": 4466000, "NUTS2021_3": "ITH34-ITH36", "NUTS2021_2": "ITH3", "DIST_COAST": 36572.0, "NUTS2021_1": "ITH", "NUTS2021_0": "IT", "NUTS2024_3": "ITH34-ITH36", "NUTS2024_2": "ITH3", "NUTS2024_1": "ITH", "NUTS2024_0": "IT" }, "geometry": { "type": "Point", "coordinates": [ 11.864316596739393, 45.654689058969652 ] } },
{ "type": "Feature", "properties": { "DIST_BORD": 122799.51, "TOT_P_2018": 229.0, "TOT_P_2006": 181.0, "GRD_ID": "CRS3035RES1000mN2506000E4467000", "TOT_P_2011": 256.0, "TOT_P_2021": 186.0, "Y_LLC": 2506000, "CNTR_ID": "IT", "NUTS2016_3": "ITH34-ITH36", "NUTS2016_2": "ITH3", "NUTS2016_1": "ITH", "NUTS2016_0": "IT", "LAND_PC": 100.0, "X_LLC": 4467000, "NUTS2021_3": "ITH34-ITH36", "NUTS2021_2": "ITH3", "DIST_COAST": 35961.85, "NUTS2021_1": "ITH", "NUTS2021_0": "IT", "NUTS2024_3": "ITH34-ITH36", "NUTS2024_2": "ITH3", "NUTS2024_1": "ITH", "NUTS2024_0": "IT" }, "geometry": { "type": "Point", "coordinates": [ 11.877125096480491, 45.654462880312991 ] } },
{ "type": "Feature", "properties": { "DIST_BORD": 119835.89, "TOT_P_2018": 834.0, "TOT_P_2006": 406.0, "GRD_ID": "CRS3035RES1000mN2506000E4475000", "TOT_P_2011": 900.0, "TOT_P_2021": 871.0, "Y_LLC": 2506000, "CNTR_ID": "IT", "NUTS2016_3": "ITH34", "NUTS2016_2": "ITH3", "NUTS2016_1": "ITH", "NUTS2016_0": "IT", "LAND_PC": 100.0, "X_LLC": 4475000, "NUTS2021_3": "ITH34", "NUTS2021_2": "ITH3", "DIST_COAST": 30395.08, "NUTS2021_1": "ITH", "NUTS2021_0": "IT", "NUTS2024_3": "ITH34", "NUTS2024_2": "ITH3", "NUTS2024_1": "ITH", "NUTS2024_0": "IT" }, "geometry": { "type": "Point", "coordinates": [ 11.979589584927323, 45.652597715474329 ] } },
{ "type": "Feature", "properties": { "DIST_BORD": 119491.53, "TOT_P_2018": 722.0, "TOT_P_2006": 589.0, "GRD_ID": "CRS3035RES1000mN2506000E4476000", "TOT_P_2011": 782.0, "TOT_P_2021": 897.0, "Y_LLC": 2506000, "CNTR_ID": "IT", "NUTS2016_3": "ITH34-ITH36", "NUTS2016_2": "ITH3", "NUTS2016_1": "ITH", "NUTS2016_0": "IT", "LAND_PC": 100.0, "X_LLC": 4476000, "NUTS2021_3": "ITH34-ITH36", "NUTS2021_2": "ITH3", "DIST_COAST": 29614.46, "NUTS2021_1": "ITH", "NUTS2021_0": "IT", "NUTS2024_3": "ITH34-ITH36", "NUTS2024_2": "ITH3", "NUTS2024_1": "ITH", "NUTS2024_0": "IT" }, "geometry": { "type": "Point", "coordinates": [ 11.992397197546952, 45.652357603241143 ] } },
{ "type": "Feature", "properties": { "DIST_BORD": 128595.5, "TOT_P_2018": 71.0, "TOT_P_2006": 169.0, "GRD_ID": "CRS3035RES1000mN2507000E4450000", "TOT_P_2011": 76.0, "TOT_P_2021": 40.0, "Y_LLC": 2507000, "CNTR_ID": "IT", "NUTS2016_3": "ITH32-ITH36", "NUTS2016_2": "ITH3", "NUTS2016_1": "ITH", "NUTS2016_0": "IT", "LAND_PC": 100.0, "X_LLC": 4450000, "NUTS2021_3": "ITH32-ITH36", "NUTS2021_2": "ITH3", "DIST_COAST": 48745.06, "NUTS2021_1": "ITH", "NUTS2021_0": "IT", "NUTS2024_3": "ITH32-ITH36", "NUTS2024_2": "ITH3", "NUTS2024_1": "ITH", "NUTS2024_0": "IT" }, "geometry": { "type": "Point", "coordinates": [ 11.659641201316743, 45.66710475844863 ] } },
{ "type": "Feature", "properties": { "DIST_BORD": 128151.59, "TOT_P_2018": 217.0, "TOT_P_2006": 272.0, "GRD_ID": "CRS3035RES1000mN2507000E4451000", "TOT_P_2011": 241.0, "TOT_P_2021": 136.0, "Y_LLC": 2507000, "CNTR_ID": "IT", "NUTS2016_3": "ITH32-ITH36", "NUTS2016_2": "ITH3", "NUTS2016_1": "ITH", "NUTS2016_0": "IT", "LAND_PC": 100.0, "X_LLC": 4451000, "NUTS2021_3": "ITH32-ITH36", "NUTS2021_2": "ITH3", "DIST_COAST": 47956.49, "NUTS2021_1": "ITH", "NUTS2021_0": "IT", "NUTS2024_3": "ITH32-ITH36", "NUTS2024_2": "ITH3", "NUTS2024_1": "ITH", "NUTS2024_0": "IT" }, "geometry": { "type": "Point", "coordinates": [ 11.672453254036078, 45.666903315948552 ] } },
{ "type": "Feature", "properties": { "DIST_BORD": 127713.97, "TOT_P_2018": 129.0, "TOT_P_2006": 203.0, "GRD_ID": "CRS3035RES1000mN2507000E4452000", "TOT_P_2011": 152.0, "TOT_P_2021": 273.0, "Y_LLC": 2507000, "CNTR_ID": "IT", "NUTS2016_3": "ITH32-ITH36", "NUTS2016_2": "ITH3", "NUTS2016_1": "ITH", "NUTS2016_0": "IT", "LAND_PC": 100.0, "X_LLC": 4452000, "NUTS2021_3": "ITH32-ITH36", "NUTS2021_2": "ITH3", "DIST_COAST": 47175.92, "NUTS2021_1": "ITH", "NUTS2021_0": "IT", "NUTS2024_3": "ITH32-ITH36", "NUTS2024_2": "ITH3", "NUTS2024_1": "ITH", "NUTS2024_0": "IT" }, "geometry": { "type": "Point", "coordinates": [ 11.685265221236689, 45.666700324625268 ] } },
{ "type": "Feature", "properties": { "DIST_BORD": 127282.7, "TOT_P_2018": 2.0, "TOT_P_2006": 0.0, "GRD_ID": "CRS3035RES1000mN2507000E4453000", "TOT_P_2011": 2.0, "TOT_P_2021": 22.0, "Y_LLC": 2507000, "CNTR_ID": "IT", "NUTS2016_3": "ITH32-ITH36", "NUTS2016_2": "ITH3", "NUTS2016_1": "ITH", "NUTS2016_0": "IT", "LAND_PC": 100.0, "X_LLC": 4453000, "NUTS2021_3": "ITH32-ITH36", "NUTS2021_2": "ITH3", "DIST_COAST": 46403.78, "NUTS2021_1": "ITH", "NUTS2021_0": "IT", "NUTS2024_3": "ITH32-ITH36", "NUTS2024_2": "ITH3", "NUTS2024_1": "ITH", "NUTS2024_0": "IT" }, "geometry": { "type": "Point", "coordinates": [ 11.698077102274549, 45.666495784440514 ] } },
{ "type": "Feature", "properties": { "DIST_BORD": 126857.85, "TOT_P_2018": 209.0, "TOT_P_2006": 370.0, "GRD_ID": "CRS3035RES1000mN2507000E4454000", "TOT_P_2011": 212.0, "TOT_P_2021": 176.0, "Y_LLC": 2507000, "CNTR_ID": "IT", "NUTS2016_3": "ITH32-ITH36", "NUTS2016_2": "ITH3", "NUTS2016_1": "ITH", "NUTS2016_0": "IT", "LAND_PC": 100.0, "X_LLC": 4454000, "NUTS2021_3": "ITH32-ITH36", "NUTS2021_2": "ITH3", "DIST_COAST": 45640.49, "NUTS2021_1": "ITH", "NUTS2021_0": "IT", "NUTS2024_3": "ITH32-ITH36", "NUTS2024_2": "ITH3", "NUTS2024_1": "ITH", "NUTS2024_0": "IT" }, "geometry": { "type": "Point", "coordinates": [ 11.710888896301531, 45.666289695441648 ] } },
{ "type": "Feature", "properties": { "DIST_BORD": 126439.48, "TOT_P_2018": 568.0, "TOT_P_2006": 706.0, "GRD_ID": "CRS3035RES1000mN2507000E4455000", "TOT_P_2011": 575.0, "TOT_P_2021": 557.0, "Y_LLC": 2507000, "CNTR_ID": "IT", "NUTS2016_3": "ITH32-ITH36", "NUTS2016_2": "ITH3", "NUTS2016_1": "ITH", "NUTS2016_0": "IT", "LAND_PC": 100.0, "X_LLC": 4455000, "NUTS2021_3": "ITH32-ITH36", "NUTS2021_2": "ITH3", "DIST_COAST": 44886.5, "NUTS2021_1": "ITH", "NUTS2021_0": "IT", "NUTS2024_3": "ITH32-ITH36", "NUTS2024_2": "ITH3", "NUTS2024_1": "ITH", "NUTS2024_0": "IT" }, "geometry": { "type": "Point", "coordinates": [ 11.723700602990098, 45.666082057748611 ] } },
{ "type": "Feature", "properties": { "DIST_BORD": 126027.65, "TOT_P_2018": 210.0, "TOT_P_2006": 189.0, "GRD_ID": "CRS3035RES1000mN2507000E4456000", "TOT_P_2011": 191.0, "TOT_P_2021": 177.0, "Y_LLC": 2507000, "CNTR_ID": "IT", "NUTS2016_3": "ITH32-ITH36", "NUTS2016_2": "ITH3", "NUTS2016_1": "ITH", "NUTS2016_0": "IT", "LAND_PC": 100.0, "X_LLC": 4456000, "NUTS2021_3": "ITH32-ITH36", "NUTS2021_2": "ITH3", "DIST_COAST": 44142.28, "NUTS2021_1": "ITH", "NUTS2021_0": "IT", "NUTS2024_3": "ITH32-ITH36", "NUTS2024_2": "ITH3", "NUTS2024_1": "ITH", "NUTS2024_0": "IT" }, "geometry": { "type": "Point", "coordinates": [ 11.736512221409013, 45.665872871218454 ] } },
{ "type": "Feature", "properties": { "DIST_BORD": 125622.44, "TOT_P_2018": 263.0, "TOT_P_2006": 240.0, "GRD_ID": "CRS3035RES1000mN2507000E4457000", "TOT_P_2011": 255.0, "TOT_P_2021": 256.0, "Y_LLC": 2507000, "CNTR_ID": "IT", "NUTS2016_3": "ITH32-ITH36", "NUTS2016_2": "ITH3", "NUTS2016_1": "ITH", "NUTS2016_0": "IT", "LAND_PC": 100.0, "X_LLC": 4457000, "NUTS2021_3": "ITH32-ITH36", "NUTS2021_2": "ITH3", "DIST_COAST": 43408.34, "NUTS2021_1": "ITH", "NUTS2021_0": "IT", "NUTS2024_3": "ITH32-ITH36", "NUTS2024_2": "ITH3", "NUTS2024_1": "ITH", "NUTS2024_0": "IT" }, "geometry": { "type": "Point", "coordinates": [ 11.749323751017526, 45.665662136028836 ] } },
{ "type": "Feature", "properties": { "DIST_BORD": 125223.9, "TOT_P_2018": 308.0, "TOT_P_2006": 225.0, "GRD_ID": "CRS3035RES1000mN2507000E4458000", "TOT_P_2011": 310.0, "TOT_P_2021": 206.0, "Y_LLC": 2507000, "CNTR_ID": "IT", "NUTS2016_3": "ITH32-ITH36", "NUTS2016_2": "ITH3", "NUTS2016_1": "ITH", "NUTS2016_0": "IT", "LAND_PC": 100.0, "X_LLC": 4458000, "NUTS2021_3": "ITH32-ITH36", "NUTS2021_2": "ITH3", "DIST_COAST": 42685.21, "NUTS2021_1": "ITH", "NUTS2021_0": "IT", "NUTS2024_3": "ITH32-ITH36", "NUTS2024_2": "ITH3", "NUTS2024_1": "ITH", "NUTS2024_0": "IT" }, "geometry": { "type": "Point", "coordinates": [ 11.762135191082342, 45.665449852005636 ] } },
{ "type": "Feature", "properties": { "DIST_BORD": 124832.1, "TOT_P_2018": 1151.0, "TOT_P_2006": 1037.0, "GRD_ID": "CRS3035RES1000mN2507000E4459000", "TOT_P_2011": 1166.0, "TOT_P_2021": 1447.0, "Y_LLC": 2507000, "CNTR_ID": "IT", "NUTS2016_3": "ITH32-ITH36", "NUTS2016_2": "ITH3", "NUTS2016_1": "ITH", "NUTS2016_0": "IT", "LAND_PC": 100.0, "X_LLC": 4459000, "NUTS2021_3": "ITH32-ITH36", "NUTS2021_2": "ITH3", "DIST_COAST": 41973.45, "NUTS2021_1": "ITH", "NUTS2021_0": "IT", "NUTS2024_3": "ITH32-ITH36", "NUTS2024_2": "ITH3", "NUTS2024_1": "ITH", "NUTS2024_0": "IT" }, "geometry": { "type": "Point", "coordinates": [ 11.774946541074886, 45.66523601929547 ] } },
{ "type": "Feature", "properties": { "DIST_BORD": 124447.1, "TOT_P_2018": 377.0, "TOT_P_2006": 275.0, "GRD_ID": "CRS3035RES1000mN2507000E4460000", "TOT_P_2011": 353.0, "TOT_P_2021": 399.0, "Y_LLC": 2507000, "CNTR_ID": "IT", "NUTS2016_3": "ITH32-ITH36", "NUTS2016_2": "ITH3", "NUTS2016_1": "ITH", "NUTS2016_0": "IT", "LAND_PC": 100.0, "X_LLC": 4460000, "NUTS2021_3": "ITH32-ITH36", "NUTS2021_2": "ITH3", "DIST_COAST": 41273.64, "NUTS2021_1": "ITH", "NUTS2021_0": "IT", "NUTS2024_3": "ITH32-ITH36", "NUTS2024_2": "ITH3", "NUTS2024_1": "ITH", "NUTS2024_0": "IT" }, "geometry": { "type": "Point", "coordinates": [ 11.787757800294036, 45.665020637961597 ] } },
{ "type": "Feature", "properties": { "DIST_BORD": 124068.96, "TOT_P_2018": 349.0, "TOT_P_2006": 272.0, "GRD_ID": "CRS3035RES1000mN2507000E4461000", "TOT_P_2011": 353.0, "TOT_P_2021": 358.0, "Y_LLC": 2507000, "CNTR_ID": "IT", "NUTS2016_3": "ITH32-ITH36", "NUTS2016_2": "ITH3", "NUTS2016_1": "ITH", "NUTS2016_0": "IT", "LAND_PC": 100.0, "X_LLC": 4461000, "NUTS2021_3": "ITH32-ITH36", "NUTS2021_2": "ITH3", "DIST_COAST": 40586.41, "NUTS2021_1": "ITH", "NUTS2021_0": "IT", "NUTS2024_3": "ITH32-ITH36", "NUTS2024_2": "ITH3", "NUTS2024_1": "ITH", "NUTS2024_0": "IT" }, "geometry": { "type": "Point", "coordinates": [ 11.80056896804806, 45.664803707927831 ] } },
{ "type": "Feature", "properties": { "DIST_BORD": 123697.76, "TOT_P_2018": 122.0, "TOT_P_2006": 1287.0, "GRD_ID": "CRS3035RES1000mN2507000E4462000", "TOT_P_2011": 108.0, "TOT_P_2021": 109.0, "Y_LLC": 2507000, "CNTR_ID": "IT", "NUTS2016_3": "ITH36", "NUTS2016_2": "ITH3", "NUTS2016_1": "ITH", "NUTS2016_0": "IT", "LAND_PC": 100.0, "X_LLC": 4462000, "NUTS2021_3": "ITH36", "NUTS2021_2": "ITH3", "DIST_COAST": 39912.41, "NUTS2021_1": "ITH", "NUTS2021_0": "IT", "NUTS2024_3": "ITH36", "NUTS2024_2": "ITH3", "NUTS2024_1": "ITH", "NUTS2024_0": "IT" }, "geometry": { "type": "Point", "coordinates": [ 11.813380043594879, 45.664585229218602 ] } },
{ "type": "Feature", "properties": { "DIST_BORD": 123333.54, "TOT_P_2018": 2262.0, "TOT_P_2006": 1234.0, "GRD_ID": "CRS3035RES1000mN2507000E4463000", "TOT_P_2011": 2254.0, "TOT_P_2021": 1977.0, "Y_LLC": 2507000, "CNTR_ID": "IT", "NUTS2016_3": "ITH34-ITH36", "NUTS2016_2": "ITH3", "NUTS2016_1": "ITH", "NUTS2016_0": "IT", "LAND_PC": 100.0, "X_LLC": 4463000, "NUTS2021_3": "ITH34-ITH36", "NUTS2021_2": "ITH3", "DIST_COAST": 39252.31, "NUTS2021_1": "ITH", "NUTS2021_0": "IT", "NUTS2024_3": "ITH34-ITH36", "NUTS2024_2": "ITH3", "NUTS2024_1": "ITH", "NUTS2024_0": "IT" }, "geometry": { "type": "Point", "coordinates": [ 11.826191026592429, 45.664365201863234 ] } },
{ "type": "Feature", "properties": { "DIST_BORD": 122964.62, "TOT_P_2018": 556.0, "TOT_P_2006": 253.0, "GRD_ID": "CRS3035RES1000mN2507000E4464000", "TOT_P_2011": 534.0, "TOT_P_2021": 551.0, "Y_LLC": 2507000, "CNTR_ID": "IT", "NUTS2016_3": "ITH34-ITH36", "NUTS2016_2": "ITH3", "NUTS2016_1": "ITH", "NUTS2016_0": "IT", "LAND_PC": 100.0, "X_LLC": 4464000, "NUTS2021_3": "ITH34-ITH36", "NUTS2021_2": "ITH3", "DIST_COAST": 38606.82, "NUTS2021_1": "ITH", "NUTS2021_0": "IT", "NUTS2024_3": "ITH34-ITH36", "NUTS2024_2": "ITH3", "NUTS2024_1": "ITH", "NUTS2024_0": "IT" }, "geometry": { "type": "Point", "coordinates": [ 11.839001915974691, 45.664143625902291 ] } },
{ "type": "Feature", "properties": { "DIST_BORD": 122590.86, "TOT_P_2018": 536.0, "TOT_P_2006": 1145.0, "GRD_ID": "CRS3035RES1000mN2507000E4465000", "TOT_P_2011": 643.0, "TOT_P_2021": 514.0, "Y_LLC": 2507000, "CNTR_ID": "IT", "NUTS2016_3": "ITH34-ITH36", "NUTS2016_2": "ITH3", "NUTS2016_1": "ITH", "NUTS2016_0": "IT", "LAND_PC": 100.0, "X_LLC": 4465000, "NUTS2021_3": "ITH34-ITH36", "NUTS2021_2": "ITH3", "DIST_COAST": 37976.7, "NUTS2021_1": "ITH", "NUTS2021_0": "IT", "NUTS2024_3": "ITH34-ITH36", "NUTS2024_2": "ITH3", "NUTS2024_1": "ITH", "NUTS2024_0": "IT" }, "geometry": { "type": "Point", "coordinates": [ 11.851812711438066, 45.663920501288409 ] } },
{ "type": "Feature", "properties": { "DIST_BORD": 122224.14, "TOT_P_2018": 185.0, "TOT_P_2006": 220.0, "GRD_ID": "CRS3035RES1000mN2507000E4466000", "TOT_P_2011": 222.0, "TOT_P_2021": 248.0, "Y_LLC": 2507000, "CNTR_ID": "IT", "NUTS2016_3": "ITH34-ITH36", "NUTS2016_2": "ITH3", "NUTS2016_1": "ITH", "NUTS2016_0": "IT", "LAND_PC": 100.0, "X_LLC": 4466000, "NUTS2021_3": "ITH34-ITH36", "NUTS2021_2": "ITH3", "DIST_COAST": 37362.72, "NUTS2021_1": "ITH", "NUTS2021_0": "IT", "NUTS2024_3": "ITH34-ITH36", "NUTS2024_2": "ITH3", "NUTS2024_1": "ITH", "NUTS2024_0": "IT" }, "geometry": { "type": "Point", "coordinates": [ 11.864623412199199, 45.663695828178227 ] } },
{ "type": "Feature", "properties": { "DIST_BORD": 121864.52, "TOT_P_2018": 260.0, "TOT_P_2006": 23.0, "GRD_ID": "CRS3035RES1000mN2507000E4467000", "TOT_P_2011": 264.0, "TOT_P_2021": 177.0, "Y_LLC": 2507000, "CNTR_ID": "IT", "NUTS2016_3": "ITH34-ITH36", "NUTS2016_2": "ITH3", "NUTS2016_1": "ITH", "NUTS2016_0": "IT", "LAND_PC": 100.0, "X_LLC": 4467000, "NUTS2021_3": "ITH34-ITH36", "NUTS2021_2": "ITH3", "DIST_COAST": 36765.7, "NUTS2021_1": "ITH", "NUTS2021_0": "IT", "NUTS2024_3": "ITH34-ITH36", "NUTS2024_2": "ITH3", "NUTS2024_1": "ITH", "NUTS2024_0": "IT" }, "geometry": { "type": "Point", "coordinates": [ 11.877434017458119, 45.663469606443137 ] } },
{ "type": "Feature", "properties": { "DIST_BORD": 118551.84, "TOT_P_2018": 277.0, "TOT_P_2006": 88.0, "GRD_ID": "CRS3035RES1000mN2507000E4476000", "TOT_P_2011": 168.0, "TOT_P_2021": 172.0, "Y_LLC": 2507000, "CNTR_ID": "IT", "NUTS2016_3": "ITH34", "NUTS2016_2": "ITH3", "NUTS2016_1": "ITH", "NUTS2016_0": "IT", "LAND_PC": 100.0, "X_LLC": 4476000, "NUTS2021_3": "ITH34", "NUTS2021_2": "ITH3", "DIST_COAST": 30257.51, "NUTS2021_1": "ITH", "NUTS2021_0": "IT", "NUTS2024_3": "ITH34", "NUTS2024_2": "ITH3", "NUTS2024_1": "ITH", "NUTS2024_0": "IT" }, "geometry": { "type": "Point", "coordinates": [ 11.992725066322738, 45.661363928529234 ] } },
{ "type": "Feature", "properties": { "DIST_BORD": 128614.49, "TOT_P_2018": 404.0, "TOT_P_2006": 399.0, "GRD_ID": "CRS3035RES1000mN2508000E4448000", "TOT_P_2011": 438.0, "TOT_P_2021": 458.0, "Y_LLC": 2508000, "CNTR_ID": "IT", "NUTS2016_3": "ITH32", "NUTS2016_2": "ITH3", "NUTS2016_1": "ITH", "NUTS2016_0": "IT", "LAND_PC": 100.0, "X_LLC": 4448000, "NUTS2021_3": "ITH32", "NUTS2021_2": "ITH3", "DIST_COAST": 50941.7, "NUTS2021_1": "ITH", "NUTS2021_0": "IT", "NUTS2024_3": "ITH32", "NUTS2024_2": "ITH3", "NUTS2024_1": "ITH", "NUTS2024_0": "IT" }, "geometry": { "type": "Point", "coordinates": [ 11.63428586078126, 45.676510438041461 ] } },
{ "type": "Feature", "properties": { "DIST_BORD": 128155.04, "TOT_P_2018": 420.0, "TOT_P_2006": 419.0, "GRD_ID": "CRS3035RES1000mN2508000E4449000", "TOT_P_2011": 443.0, "TOT_P_2021": 482.0, "Y_LLC": 2508000, "CNTR_ID": "IT", "NUTS2016_3": "ITH32", "NUTS2016_2": "ITH3", "NUTS2016_1": "ITH", "NUTS2016_0": "IT", "LAND_PC": 100.0, "X_LLC": 4449000, "NUTS2021_3": "ITH32", "NUTS2021_2": "ITH3", "DIST_COAST": 50147.78, "NUTS2021_1": "ITH", "NUTS2021_0": "IT", "NUTS2024_3": "ITH32", "NUTS2024_2": "ITH3", "NUTS2024_1": "ITH", "NUTS2024_0": "IT" }, "geometry": { "type": "Point", "coordinates": [ 11.647100190506126, 45.676312055448243 ] } },
{ "type": "Feature", "properties": { "DIST_BORD": 127701.77, "TOT_P_2018": 47.0, "TOT_P_2006": 84.0, "GRD_ID": "CRS3035RES1000mN2508000E4450000", "TOT_P_2011": 47.0, "TOT_P_2021": 28.0, "Y_LLC": 2508000, "CNTR_ID": "IT", "NUTS2016_3": "ITH32", "NUTS2016_2": "ITH3", "NUTS2016_1": "ITH", "NUTS2016_0": "IT", "LAND_PC": 100.0, "X_LLC": 4450000, "NUTS2021_3": "ITH32", "NUTS2021_2": "ITH3", "DIST_COAST": 49361.35, "NUTS2021_1": "ITH", "NUTS2021_0": "IT", "NUTS2024_3": "ITH32", "NUTS2024_2": "ITH3", "NUTS2024_1": "ITH", "NUTS2024_0": "IT" }, "geometry": { "type": "Point", "coordinates": [ 11.659914435605605, 45.676112123683779 ] } },
{ "type": "Feature", "properties": { "DIST_BORD": 127254.74, "TOT_P_2018": 390.0, "TOT_P_2006": 25.0, "GRD_ID": "CRS3035RES1000mN2508000E4451000", "TOT_P_2011": 157.0, "TOT_P_2021": 123.0, "Y_LLC": 2508000, "CNTR_ID": "IT", "NUTS2016_3": "ITH32-ITH36", "NUTS2016_2": "ITH3", "NUTS2016_1": "ITH", "NUTS2016_0": "IT", "LAND_PC": 100.0, "X_LLC": 4451000, "NUTS2021_3": "ITH32-ITH36", "NUTS2021_2": "ITH3", "DIST_COAST": 48582.78, "NUTS2021_1": "ITH", "NUTS2021_0": "IT", "NUTS2024_3": "ITH32-ITH36", "NUTS2024_2": "ITH3", "NUTS2024_1": "ITH", "NUTS2024_0": "IT" }, "geometry": { "type": "Point", "coordinates": [ 11.672728595830455, 45.675910642784309 ] } },
{ "type": "Feature", "properties": { "DIST_BORD": 126814.02, "TOT_P_2018": 323.0, "TOT_P_2006": 16.0, "GRD_ID": "CRS3035RES1000mN2508000E4452000", "TOT_P_2011": 374.0, "TOT_P_2021": 410.0, "Y_LLC": 2508000, "CNTR_ID": "IT", "NUTS2016_3": "ITH32-ITH36", "NUTS2016_2": "ITH3", "NUTS2016_1": "ITH", "NUTS2016_0": "IT", "LAND_PC": 100.0, "X_LLC": 4452000, "NUTS2021_3": "ITH32-ITH36", "NUTS2021_2": "ITH3", "DIST_COAST": 47812.44, "NUTS2021_1": "ITH", "NUTS2021_0": "IT", "NUTS2024_3": "ITH32-ITH36", "NUTS2024_2": "ITH3", "NUTS2024_1": "ITH", "NUTS2024_0": "IT" }, "geometry": { "type": "Point", "coordinates": [ 11.685542670465264, 45.675707612742656 ] } },
{ "type": "Feature", "properties": { "DIST_BORD": 126379.68, "TOT_P_2018": 221.0, "TOT_P_2006": 185.0, "GRD_ID": "CRS3035RES1000mN2508000E4453000", "TOT_P_2011": 194.0, "TOT_P_2021": 152.0, "Y_LLC": 2508000, "CNTR_ID": "IT", "NUTS2016_3": "ITH32-ITH36", "NUTS2016_2": "ITH3", "NUTS2016_1": "ITH", "NUTS2016_0": "IT", "LAND_PC": 100.0, "X_LLC": 4453000, "NUTS2021_3": "ITH32-ITH36", "NUTS2021_2": "ITH3", "DIST_COAST": 47050.75, "NUTS2021_1": "ITH", "NUTS2021_0": "IT", "NUTS2024_3": "ITH32-ITH36", "NUTS2024_2": "ITH3", "NUTS2024_1": "ITH", "NUTS2024_0": "IT" }, "geometry": { "type": "Point", "coordinates": [ 11.698356658853346, 45.675503033639941 ] } },
{ "type": "Feature", "properties": { "DIST_BORD": 125951.78, "TOT_P_2018": 121.0, "TOT_P_2006": 6.0, "GRD_ID": "CRS3035RES1000mN2508000E4454000", "TOT_P_2011": 122.0, "TOT_P_2021": 112.0, "Y_LLC": 2508000, "CNTR_ID": "IT", "NUTS2016_3": "ITH32-ITH36", "NUTS2016_2": "ITH3", "NUTS2016_1": "ITH", "NUTS2016_0": "IT", "LAND_PC": 100.0, "X_LLC": 4454000, "NUTS2021_3": "ITH32-ITH36", "NUTS2021_2": "ITH3", "DIST_COAST": 46298.12, "NUTS2021_1": "ITH", "NUTS2021_0": "IT", "NUTS2024_3": "ITH32-ITH36", "NUTS2024_2": "ITH3", "NUTS2024_1": "ITH", "NUTS2024_0": "IT" }, "geometry": { "type": "Point", "coordinates": [ 11.711170560220085, 45.675296905477417 ] } },
{ "type": "Feature", "properties": { "DIST_BORD": 125530.39, "TOT_P_2018": 2.0, "TOT_P_2006": 4.0, "GRD_ID": "CRS3035RES1000mN2508000E4455000", "TOT_P_2011": 2.0, "TOT_P_2021": 4.0, "Y_LLC": 2508000, "CNTR_ID": "IT", "NUTS2016_3": "ITH32-ITH36", "NUTS2016_2": "ITH3", "NUTS2016_1": "ITH", "NUTS2016_0": "IT", "LAND_PC": 100.0, "X_LLC": 4455000, "NUTS2021_3": "ITH32-ITH36", "NUTS2021_2": "ITH3", "DIST_COAST": 45555.02, "NUTS2021_1": "ITH", "NUTS2021_0": "IT", "NUTS2024_3": "ITH32-ITH36", "NUTS2024_2": "ITH3", "NUTS2024_1": "ITH", "NUTS2024_0": "IT" }, "geometry": { "type": "Point", "coordinates": [ 11.723984374139821, 45.675089228160303 ] } },
{ "type": "Feature", "properties": { "DIST_BORD": 125115.58, "TOT_P_2018": 295.0, "TOT_P_2006": 395.0, "GRD_ID": "CRS3035RES1000mN2508000E4456000", "TOT_P_2011": 296.0, "TOT_P_2021": 356.0, "Y_LLC": 2508000, "CNTR_ID": "IT", "NUTS2016_3": "ITH32-ITH36", "NUTS2016_2": "ITH3", "NUTS2016_1": "ITH", "NUTS2016_0": "IT", "LAND_PC": 100.0, "X_LLC": 4456000, "NUTS2021_3": "ITH32-ITH36", "NUTS2021_2": "ITH3", "DIST_COAST": 44821.9, "NUTS2021_1": "ITH", "NUTS2021_0": "IT", "NUTS2024_3": "ITH32-ITH36", "NUTS2024_2": "ITH3", "NUTS2024_1": "ITH", "NUTS2024_0": "IT" }, "geometry": { "type": "Point", "coordinates": [ 11.736798099737438, 45.67488000184251 ] } },
{ "type": "Feature", "properties": { "DIST_BORD": 124707.4, "TOT_P_2018": 531.0, "TOT_P_2006": 630.0, "GRD_ID": "CRS3035RES1000mN2508000E4457000", "TOT_P_2011": 538.0, "TOT_P_2021": 541.0, "Y_LLC": 2508000, "CNTR_ID": "IT", "NUTS2016_3": "ITH32-ITH36", "NUTS2016_2": "ITH3", "NUTS2016_1": "ITH", "NUTS2016_0": "IT", "LAND_PC": 100.0, "X_LLC": 4457000, "NUTS2021_3": "ITH32-ITH36", "NUTS2021_2": "ITH3", "DIST_COAST": 44099.27, "NUTS2021_1": "ITH", "NUTS2021_0": "IT", "NUTS2024_3": "ITH32-ITH36", "NUTS2024_2": "ITH3", "NUTS2024_1": "ITH", "NUTS2024_0": "IT" }, "geometry": { "type": "Point", "coordinates": [ 11.749611736499244, 45.674669226404674 ] } },
{ "type": "Feature", "properties": { "DIST_BORD": 124305.92, "TOT_P_2018": 276.0, "TOT_P_2006": 306.0, "GRD_ID": "CRS3035RES1000mN2508000E4458000", "TOT_P_2011": 275.0, "TOT_P_2021": 234.0, "Y_LLC": 2508000, "CNTR_ID": "IT", "NUTS2016_3": "ITH32-ITH36", "NUTS2016_2": "ITH3", "NUTS2016_1": "ITH", "NUTS2016_0": "IT", "LAND_PC": 100.0, "X_LLC": 4458000, "NUTS2021_3": "ITH32-ITH36", "NUTS2021_2": "ITH3", "DIST_COAST": 43387.66, "NUTS2021_1": "ITH", "NUTS2021_0": "IT", "NUTS2024_3": "ITH32-ITH36", "NUTS2024_2": "ITH3", "NUTS2024_1": "ITH", "NUTS2024_0": "IT" }, "geometry": { "type": "Point", "coordinates": [ 11.762425283621154, 45.674456902054921 ] } },
{ "type": "Feature", "properties": { "DIST_BORD": 123911.22, "TOT_P_2018": 378.0, "TOT_P_2006": 409.0, "GRD_ID": "CRS3035RES1000mN2508000E4459000", "TOT_P_2011": 377.0, "TOT_P_2021": 325.0, "Y_LLC": 2508000, "CNTR_ID": "IT", "NUTS2016_3": "ITH32-ITH36", "NUTS2016_2": "ITH3", "NUTS2016_1": "ITH", "NUTS2016_0": "IT", "LAND_PC": 100.0, "X_LLC": 4459000, "NUTS2021_3": "ITH32-ITH36", "NUTS2021_2": "ITH3", "DIST_COAST": 42687.61, "NUTS2021_1": "ITH", "NUTS2021_0": "IT", "NUTS2024_3": "ITH32-ITH36", "NUTS2024_2": "ITH3", "NUTS2024_1": "ITH", "NUTS2024_0": "IT" }, "geometry": { "type": "Point", "coordinates": [ 11.775238740707001, 45.674243028671647 ] } },
{ "type": "Feature", "properties": { "DIST_BORD": 123523.35, "TOT_P_2018": 62.0, "TOT_P_2006": 1.0, "GRD_ID": "CRS3035RES1000mN2508000E4460000", "TOT_P_2011": 46.0, "TOT_P_2021": 133.0, "Y_LLC": 2508000, "CNTR_ID": "IT", "NUTS2016_3": "ITH32-ITH36", "NUTS2016_2": "ITH3", "NUTS2016_1": "ITH", "NUTS2016_0": "IT", "LAND_PC": 100.0, "X_LLC": 4460000, "NUTS2021_3": "ITH32-ITH36", "NUTS2021_2": "ITH3", "DIST_COAST": 41999.71, "NUTS2021_1": "ITH", "NUTS2021_0": "IT", "NUTS2024_3": "ITH32-ITH36", "NUTS2024_2": "ITH3", "NUTS2024_1": "ITH", "NUTS2024_0": "IT" }, "geometry": { "type": "Point", "coordinates": [ 11.788052106799025, 45.674027606232059 ] } },
{ "type": "Feature", "properties": { "DIST_BORD": 123142.38, "TOT_P_2018": 731.0, "TOT_P_2006": 366.0, "GRD_ID": "CRS3035RES1000mN2508000E4461000", "TOT_P_2011": 739.0, "TOT_P_2021": 655.0, "Y_LLC": 2508000, "CNTR_ID": "IT", "NUTS2016_3": "ITH32-ITH34-ITH36", "NUTS2016_2": "ITH3", "NUTS2016_1": "ITH", "NUTS2016_0": "IT", "LAND_PC": 100.0, "X_LLC": 4461000, "NUTS2021_3": "ITH32-ITH34-ITH36", "NUTS2021_2": "ITH3", "DIST_COAST": 41324.56, "NUTS2021_1": "ITH", "NUTS2021_0": "IT", "NUTS2024_3": "ITH32-ITH34-ITH36", "NUTS2024_2": "ITH3", "NUTS2024_1": "ITH", "NUTS2024_0": "IT" }, "geometry": { "type": "Point", "coordinates": [ 11.800865381405901, 45.673810634884688 ] } },
{ "type": "Feature", "properties": { "DIST_BORD": 122768.37, "TOT_P_2018": 821.0, "TOT_P_2006": 1558.0, "GRD_ID": "CRS3035RES1000mN2508000E4462000", "TOT_P_2011": 817.0, "TOT_P_2021": 687.0, "Y_LLC": 2508000, "CNTR_ID": "IT", "NUTS2016_3": "ITH32-ITH34-ITH36", "NUTS2016_2": "ITH3", "NUTS2016_1": "ITH", "NUTS2016_0": "IT", "LAND_PC": 100.0, "X_LLC": 4462000, "NUTS2021_3": "ITH32-ITH34-ITH36", "NUTS2021_2": "ITH3", "DIST_COAST": 40662.79, "NUTS2021_1": "ITH", "NUTS2021_0": "IT", "NUTS2024_3": "ITH32-ITH34-ITH36", "NUTS2024_2": "ITH3", "NUTS2024_1": "ITH", "NUTS2024_0": "IT" }, "geometry": { "type": "Point", "coordinates": [ 11.813678563852852, 45.673592114541613 ] } },
{ "type": "Feature", "properties": { "DIST_BORD": 122401.39, "TOT_P_2018": 1537.0, "TOT_P_2006": 879.0, "GRD_ID": "CRS3035RES1000mN2508000E4463000", "TOT_P_2011": 1530.0, "TOT_P_2021": 1777.0, "Y_LLC": 2508000, "CNTR_ID": "IT", "NUTS2016_3": "ITH32-ITH34-ITH36", "NUTS2016_2": "ITH3", "NUTS2016_1": "ITH", "NUTS2016_0": "IT", "LAND_PC": 100.0, "X_LLC": 4463000, "NUTS2021_3": "ITH32-ITH34-ITH36", "NUTS2021_2": "ITH3", "DIST_COAST": 40015.06, "NUTS2021_1": "ITH", "NUTS2021_0": "IT", "NUTS2024_3": "ITH32-ITH34-ITH36", "NUTS2024_2": "ITH3", "NUTS2024_1": "ITH", "NUTS2024_0": "IT" }, "geometry": { "type": "Point", "coordinates": [ 11.826491653582412, 45.673372045244847 ] } },
{ "type": "Feature", "properties": { "DIST_BORD": 122039.09, "TOT_P_2018": 141.0, "TOT_P_2006": 47.0, "GRD_ID": "CRS3035RES1000mN2508000E4464000", "TOT_P_2011": 162.0, "TOT_P_2021": 248.0, "Y_LLC": 2508000, "CNTR_ID": "IT", "NUTS2016_3": "ITH32-ITH34-ITH36", "NUTS2016_2": "ITH3", "NUTS2016_1": "ITH", "NUTS2016_0": "IT", "LAND_PC": 100.0, "X_LLC": 4464000, "NUTS2021_3": "ITH32-ITH34-ITH36", "NUTS2021_2": "ITH3", "DIST_COAST": 39382.09, "NUTS2021_1": "ITH", "NUTS2021_0": "IT", "NUTS2024_3": "ITH32-ITH34-ITH36", "NUTS2024_2": "ITH3", "NUTS2024_1": "ITH", "NUTS2024_0": "IT" }, "geometry": { "type": "Point", "coordinates": [ 11.839304649764516, 45.673150427134559 ] } },
{ "type": "Feature", "properties": { "DIST_BORD": 121662.49, "TOT_P_2018": 558.0, "TOT_P_2006": 164.0, "GRD_ID": "CRS3035RES1000mN2508000E4465000", "TOT_P_2011": 634.0, "TOT_P_2021": 744.0, "Y_LLC": 2508000, "CNTR_ID": "IT", "NUTS2016_3": "ITH34-ITH36", "NUTS2016_2": "ITH3", "NUTS2016_1": "ITH", "NUTS2016_0": "IT", "LAND_PC": 100.0, "X_LLC": 4465000, "NUTS2021_3": "ITH34-ITH36", "NUTS2021_2": "ITH3", "DIST_COAST": 38764.57, "NUTS2021_1": "ITH", "NUTS2021_0": "IT", "NUTS2024_3": "ITH34-ITH36", "NUTS2024_2": "ITH3", "NUTS2024_1": "ITH", "NUTS2024_0": "IT" }, "geometry": { "type": "Point", "coordinates": [ 11.852117551808966, 45.672927260064533 ] } },
{ "type": "Feature", "properties": { "DIST_BORD": 128197.49, "TOT_P_2018": 110.0, "TOT_P_2006": 93.0, "GRD_ID": "CRS3035RES1000mN2509000E4447000", "TOT_P_2011": 71.0, "TOT_P_2021": 38.0, "Y_LLC": 2509000, "CNTR_ID": "IT", "NUTS2016_3": "ITH32", "NUTS2016_2": "ITH3", "NUTS2016_1": "ITH", "NUTS2016_0": "IT", "LAND_PC": 100.0, "X_LLC": 4447000, "NUTS2021_3": "ITH32", "NUTS2021_2": "ITH3", "DIST_COAST": 52342.86, "NUTS2021_1": "ITH", "NUTS2021_0": "IT", "NUTS2024_3": "ITH32", "NUTS2024_2": "ITH3", "NUTS2024_1": "ITH", "NUTS2024_0": "IT" }, "geometry": { "type": "Point", "coordinates": [ 11.621738473803529, 45.685714697185666 ] } },
{ "type": "Feature", "properties": { "DIST_BORD": 127728.71, "TOT_P_2018": 172.0, "TOT_P_2006": 159.0, "GRD_ID": "CRS3035RES1000mN2509000E4448000", "TOT_P_2011": 193.0, "TOT_P_2021": 224.0, "Y_LLC": 2509000, "CNTR_ID": "IT", "NUTS2016_3": "ITH32", "NUTS2016_2": "ITH3", "NUTS2016_1": "ITH", "NUTS2016_0": "IT", "LAND_PC": 100.0, "X_LLC": 4448000, "NUTS2021_3": "ITH32", "NUTS2021_2": "ITH3", "DIST_COAST": 51551.13, "NUTS2021_1": "ITH", "NUTS2021_0": "IT", "NUTS2024_3": "ITH32", "NUTS2024_2": "ITH3", "NUTS2024_1": "ITH", "NUTS2024_0": "IT" }, "geometry": { "type": "Point", "coordinates": [ 11.634554995467774, 45.685517826279629 ] } },
{ "type": "Feature", "properties": { "DIST_BORD": 127266.07, "TOT_P_2018": 141.0, "TOT_P_2006": 126.0, "GRD_ID": "CRS3035RES1000mN2509000E4449000", "TOT_P_2011": 154.0, "TOT_P_2021": 62.0, "Y_LLC": 2509000, "CNTR_ID": "IT", "NUTS2016_3": "ITH32", "NUTS2016_2": "ITH3", "NUTS2016_1": "ITH", "NUTS2016_0": "IT", "LAND_PC": 100.0, "X_LLC": 4449000, "NUTS2021_3": "ITH32", "NUTS2021_2": "ITH3", "DIST_COAST": 50766.74, "NUTS2021_1": "ITH", "NUTS2021_0": "IT", "NUTS2024_3": "ITH32", "NUTS2024_2": "ITH3", "NUTS2024_1": "ITH", "NUTS2024_0": "IT" }, "geometry": { "type": "Point", "coordinates": [ 11.647371433498623, 45.685319405857136 ] } },
{ "type": "Feature", "properties": { "DIST_BORD": 126809.62, "TOT_P_2018": 17.0, "TOT_P_2006": 0.0, "GRD_ID": "CRS3035RES1000mN2509000E4450000", "TOT_P_2011": 20.0, "TOT_P_2021": 21.0, "Y_LLC": 2509000, "CNTR_ID": "IT", "NUTS2016_3": "ITH32", "NUTS2016_2": "ITH3", "NUTS2016_1": "ITH", "NUTS2016_0": "IT", "LAND_PC": 100.0, "X_LLC": 4450000, "NUTS2021_3": "ITH32", "NUTS2021_2": "ITH3", "DIST_COAST": 49990.05, "NUTS2021_1": "ITH", "NUTS2021_0": "IT", "NUTS2024_3": "ITH32", "NUTS2024_2": "ITH3", "NUTS2024_1": "ITH", "NUTS2024_0": "IT" }, "geometry": { "type": "Point", "coordinates": [ 11.66018778710399, 45.685119436042029 ] } },
{ "type": "Feature", "properties": { "DIST_BORD": 126359.44, "TOT_P_2018": 130.0, "TOT_P_2006": 39.0, "GRD_ID": "CRS3035RES1000mN2509000E4451000", "TOT_P_2011": 117.0, "TOT_P_2021": 79.0, "Y_LLC": 2509000, "CNTR_ID": "IT", "NUTS2016_3": "ITH32", "NUTS2016_2": "ITH3", "NUTS2016_1": "ITH", "NUTS2016_0": "IT", "LAND_PC": 100.0, "X_LLC": 4451000, "NUTS2021_3": "ITH32", "NUTS2021_2": "ITH3", "DIST_COAST": 49221.42, "NUTS2021_1": "ITH", "NUTS2021_0": "IT", "NUTS2024_3": "ITH32", "NUTS2024_2": "ITH3", "NUTS2024_1": "ITH", "NUTS2024_0": "IT" }, "geometry": { "type": "Point", "coordinates": [ 11.673004055760741, 45.684917916784279 ] } },
{ "type": "Feature", "properties": { "DIST_BORD": 125915.59, "TOT_P_2018": 148.0, "TOT_P_2006": 29.0, "GRD_ID": "CRS3035RES1000mN2509000E4452000", "TOT_P_2011": 135.0, "TOT_P_2021": 102.0, "Y_LLC": 2509000, "CNTR_ID": "IT", "NUTS2016_3": "ITH32-ITH36", "NUTS2016_2": "ITH3", "NUTS2016_1": "ITH", "NUTS2016_0": "IT", "LAND_PC": 100.0, "X_LLC": 4452000, "NUTS2021_3": "ITH32-ITH36", "NUTS2021_2": "ITH3", "DIST_COAST": 48461.24, "NUTS2021_1": "ITH", "NUTS2021_0": "IT", "NUTS2024_3": "ITH32-ITH36", "NUTS2024_2": "ITH3", "NUTS2024_1": "ITH", "NUTS2024_0": "IT" }, "geometry": { "type": "Point", "coordinates": [ 11.685820238767034, 45.684714848110239 ] } },
{ "type": "Feature", "properties": { "DIST_BORD": 125478.13, "TOT_P_2018": 950.0, "TOT_P_2006": 823.0, "GRD_ID": "CRS3035RES1000mN2509000E4453000", "TOT_P_2011": 945.0, "TOT_P_2021": 994.0, "Y_LLC": 2509000, "CNTR_ID": "IT", "NUTS2016_3": "ITH32-ITH36", "NUTS2016_2": "ITH3", "NUTS2016_1": "ITH", "NUTS2016_0": "IT", "LAND_PC": 100.0, "X_LLC": 4453000, "NUTS2021_3": "ITH32-ITH36", "NUTS2021_2": "ITH3", "DIST_COAST": 47709.9, "NUTS2021_1": "ITH", "NUTS2021_0": "IT", "NUTS2024_3": "ITH32-ITH36", "NUTS2024_2": "ITH3", "NUTS2024_1": "ITH", "NUTS2024_0": "IT" }, "geometry": { "type": "Point", "coordinates": [ 11.698636335269635, 45.684510229996654 ] } },
{ "type": "Feature", "properties": { "DIST_BORD": 125047.15, "TOT_P_2018": 832.0, "TOT_P_2006": 776.0, "GRD_ID": "CRS3035RES1000mN2509000E4454000", "TOT_P_2011": 826.0, "TOT_P_2021": 782.0, "Y_LLC": 2509000, "CNTR_ID": "IT", "NUTS2016_3": "ITH32-ITH36", "NUTS2016_2": "ITH3", "NUTS2016_1": "ITH", "NUTS2016_0": "IT", "LAND_PC": 100.0, "X_LLC": 4454000, "NUTS2021_3": "ITH32-ITH36", "NUTS2021_2": "ITH3", "DIST_COAST": 46967.84, "NUTS2021_1": "ITH", "NUTS2021_0": "IT", "NUTS2024_3": "ITH32-ITH36", "NUTS2024_2": "ITH3", "NUTS2024_1": "ITH", "NUTS2024_0": "IT" }, "geometry": { "type": "Point", "coordinates": [ 11.711452345006412, 45.684304062511778 ] } },
{ "type": "Feature", "properties": { "DIST_BORD": 124622.7, "TOT_P_2018": 641.0, "TOT_P_2006": 598.0, "GRD_ID": "CRS3035RES1000mN2509000E4455000", "TOT_P_2011": 624.0, "TOT_P_2021": 628.0, "Y_LLC": 2509000, "CNTR_ID": "IT", "NUTS2016_3": "ITH32-ITH36", "NUTS2016_2": "ITH3", "NUTS2016_1": "ITH", "NUTS2016_0": "IT", "LAND_PC": 100.0, "X_LLC": 4455000, "NUTS2021_3": "ITH32-ITH36", "NUTS2021_2": "ITH3", "DIST_COAST": 46235.5, "NUTS2021_1": "ITH", "NUTS2021_0": "IT", "NUTS2024_3": "ITH32-ITH36", "NUTS2024_2": "ITH3", "NUTS2024_1": "ITH", "NUTS2024_0": "IT" }, "geometry": { "type": "Point", "coordinates": [ 11.724268266984158, 45.684096345663157 ] } },
{ "type": "Feature", "properties": { "DIST_BORD": 124204.85, "TOT_P_2018": 1545.0, "TOT_P_2006": 1259.0, "GRD_ID": "CRS3035RES1000mN2509000E4456000", "TOT_P_2011": 1542.0, "TOT_P_2021": 1637.0, "Y_LLC": 2509000, "CNTR_ID": "IT", "NUTS2016_3": "ITH32-ITH36", "NUTS2016_2": "ITH3", "NUTS2016_1": "ITH", "NUTS2016_0": "IT", "LAND_PC": 100.0, "X_LLC": 4456000, "NUTS2021_3": "ITH32-ITH36", "NUTS2021_2": "ITH3", "DIST_COAST": 45513.35, "NUTS2021_1": "ITH", "NUTS2021_0": "IT", "NUTS2024_3": "ITH32-ITH36", "NUTS2024_2": "ITH3", "NUTS2024_1": "ITH", "NUTS2024_0": "IT" }, "geometry": { "type": "Point", "coordinates": [ 11.737084100674547, 45.683887079462423 ] } },
{ "type": "Feature", "properties": { "DIST_BORD": 123793.67, "TOT_P_2018": 1260.0, "TOT_P_2006": 1304.0, "GRD_ID": "CRS3035RES1000mN2509000E4457000", "TOT_P_2011": 1235.0, "TOT_P_2021": 1230.0, "Y_LLC": 2509000, "CNTR_ID": "IT", "NUTS2016_3": "ITH32-ITH36", "NUTS2016_2": "ITH3", "NUTS2016_1": "ITH", "NUTS2016_0": "IT", "LAND_PC": 100.0, "X_LLC": 4457000, "NUTS2021_3": "ITH32-ITH36", "NUTS2021_2": "ITH3", "DIST_COAST": 44801.87, "NUTS2021_1": "ITH", "NUTS2021_0": "IT", "NUTS2024_3": "ITH32-ITH36", "NUTS2024_2": "ITH3", "NUTS2024_1": "ITH", "NUTS2024_0": "IT" }, "geometry": { "type": "Point", "coordinates": [ 11.749899845435664, 45.683676263938551 ] } },
{ "type": "Feature", "properties": { "DIST_BORD": 123389.22, "TOT_P_2018": 917.0, "TOT_P_2006": 1481.0, "GRD_ID": "CRS3035RES1000mN2509000E4458000", "TOT_P_2011": 864.0, "TOT_P_2021": 724.0, "Y_LLC": 2509000, "CNTR_ID": "IT", "NUTS2016_3": "ITH32-ITH36", "NUTS2016_2": "ITH3", "NUTS2016_1": "ITH", "NUTS2016_0": "IT", "LAND_PC": 100.0, "X_LLC": 4458000, "NUTS2021_3": "ITH32-ITH36", "NUTS2021_2": "ITH3", "DIST_COAST": 44101.6, "NUTS2021_1": "ITH", "NUTS2021_0": "IT", "NUTS2024_3": "ITH32-ITH36", "NUTS2024_2": "ITH3", "NUTS2024_1": "ITH", "NUTS2024_0": "IT" }, "geometry": { "type": "Point", "coordinates": [ 11.762715500624831, 45.68346389906619 ] } },
{ "type": "Feature", "properties": { "DIST_BORD": 122991.58, "TOT_P_2018": 1611.0, "TOT_P_2006": 1369.0, "GRD_ID": "CRS3035RES1000mN2509000E4459000", "TOT_P_2011": 1548.0, "TOT_P_2021": 1884.0, "Y_LLC": 2509000, "CNTR_ID": "IT", "NUTS2016_3": "ITH32-ITH36", "NUTS2016_2": "ITH3", "NUTS2016_1": "ITH", "NUTS2016_0": "IT", "LAND_PC": 100.0, "X_LLC": 4459000, "NUTS2021_3": "ITH32-ITH36", "NUTS2021_2": "ITH3", "DIST_COAST": 43413.07, "NUTS2021_1": "ITH", "NUTS2021_0": "IT", "NUTS2024_3": "ITH32-ITH36", "NUTS2024_2": "ITH3", "NUTS2024_1": "ITH", "NUTS2024_0": "IT" }, "geometry": { "type": "Point", "coordinates": [ 11.775531065569877, 45.683249984904506 ] } },
{ "type": "Feature", "properties": { "DIST_BORD": 122600.8, "TOT_P_2018": 348.0, "TOT_P_2006": 91.0, "GRD_ID": "CRS3035RES1000mN2509000E4460000", "TOT_P_2011": 294.0, "TOT_P_2021": 382.0, "Y_LLC": 2509000, "CNTR_ID": "IT", "NUTS2016_3": "ITH32-ITH36", "NUTS2016_2": "ITH3", "NUTS2016_1": "ITH", "NUTS2016_0": "IT", "LAND_PC": 100.0, "X_LLC": 4460000, "NUTS2021_3": "ITH32-ITH36", "NUTS2021_2": "ITH3", "DIST_COAST": 42736.84, "NUTS2021_1": "ITH", "NUTS2021_0": "IT", "NUTS2024_3": "ITH32-ITH36", "NUTS2024_2": "ITH3", "NUTS2024_1": "ITH", "NUTS2024_0": "IT" }, "geometry": { "type": "Point", "coordinates": [ 11.788346539432098, 45.683034521473715 ] } },
{ "type": "Feature", "properties": { "DIST_BORD": 122216.95, "TOT_P_2018": 456.0, "TOT_P_2006": 550.0, "GRD_ID": "CRS3035RES1000mN2509000E4461000", "TOT_P_2011": 470.0, "TOT_P_2021": 569.0, "Y_LLC": 2509000, "CNTR_ID": "IT", "NUTS2016_3": "ITH32-ITH34-ITH36", "NUTS2016_2": "ITH3", "NUTS2016_1": "ITH", "NUTS2016_0": "IT", "LAND_PC": 100.0, "X_LLC": 4461000, "NUTS2021_3": "ITH32-ITH34-ITH36", "NUTS2021_2": "ITH3", "DIST_COAST": 42073.52, "NUTS2021_1": "ITH", "NUTS2021_0": "IT", "NUTS2024_3": "ITH32-ITH34-ITH36", "NUTS2024_2": "ITH3", "NUTS2024_1": "ITH", "NUTS2024_0": "IT" }, "geometry": { "type": "Point", "coordinates": [ 11.801161922005122, 45.682817508768011 ] } },
{ "type": "Feature", "properties": { "DIST_BORD": 121840.1, "TOT_P_2018": 508.0, "TOT_P_2006": 368.0, "GRD_ID": "CRS3035RES1000mN2509000E4462000", "TOT_P_2011": 503.0, "TOT_P_2021": 598.0, "Y_LLC": 2509000, "CNTR_ID": "IT", "NUTS2016_3": "ITH32-ITH34-ITH36", "NUTS2016_2": "ITH3", "NUTS2016_1": "ITH", "NUTS2016_0": "IT", "LAND_PC": 100.0, "X_LLC": 4462000, "NUTS2021_3": "ITH32-ITH34-ITH36", "NUTS2021_2": "ITH3", "DIST_COAST": 41423.71, "NUTS2021_1": "ITH", "NUTS2021_0": "IT", "NUTS2024_3": "ITH32-ITH34-ITH36", "NUTS2024_2": "ITH3", "NUTS2024_1": "ITH", "NUTS2024_0": "IT" }, "geometry": { "type": "Point", "coordinates": [ 11.813977212185117, 45.682598946854931 ] } },
{ "type": "Feature", "properties": { "DIST_BORD": 121470.32, "TOT_P_2018": 319.0, "TOT_P_2006": 219.0, "GRD_ID": "CRS3035RES1000mN2509000E4463000", "TOT_P_2011": 300.0, "TOT_P_2021": 213.0, "Y_LLC": 2509000, "CNTR_ID": "IT", "NUTS2016_3": "ITH32-ITH34-ITH36", "NUTS2016_2": "ITH3", "NUTS2016_1": "ITH", "NUTS2016_0": "IT", "LAND_PC": 100.0, "X_LLC": 4463000, "NUTS2021_3": "ITH32-ITH34-ITH36", "NUTS2021_2": "ITH3", "DIST_COAST": 40788.08, "NUTS2021_1": "ITH", "NUTS2021_0": "IT", "NUTS2024_3": "ITH32-ITH34-ITH36", "NUTS2024_2": "ITH3", "NUTS2024_1": "ITH", "NUTS2024_0": "IT" }, "geometry": { "type": "Point", "coordinates": [ 11.826792409460632, 45.682378835677639 ] } },
{ "type": "Feature", "properties": { "DIST_BORD": 121107.66, "TOT_P_2018": 219.0, "TOT_P_2006": 0.0, "GRD_ID": "CRS3035RES1000mN2509000E4464000", "TOT_P_2011": 173.0, "TOT_P_2021": 176.0, "Y_LLC": 2509000, "CNTR_ID": "IT", "NUTS2016_3": "ITH32-ITH34-ITH36", "NUTS2016_2": "ITH3", "NUTS2016_1": "ITH", "NUTS2016_0": "IT", "LAND_PC": 100.0, "X_LLC": 4464000, "NUTS2021_3": "ITH32-ITH34-ITH36", "NUTS2021_2": "ITH3", "DIST_COAST": 40167.28, "NUTS2021_1": "ITH", "NUTS2021_0": "IT", "NUTS2024_3": "ITH32-ITH34-ITH36", "NUTS2024_2": "ITH3", "NUTS2024_1": "ITH", "NUTS2024_0": "IT" }, "geometry": { "type": "Point", "coordinates": [ 11.839607513297608, 45.682157175209191 ] } },
{ "type": "Feature", "properties": { "DIST_BORD": 127316.67, "TOT_P_2018": 208.0, "TOT_P_2006": 202.0, "GRD_ID": "CRS3035RES1000mN2510000E4447000", "TOT_P_2011": 161.0, "TOT_P_2021": 173.0, "Y_LLC": 2510000, "CNTR_ID": "IT", "NUTS2016_3": "ITH32", "NUTS2016_2": "ITH3", "NUTS2016_1": "ITH", "NUTS2016_0": "IT", "LAND_PC": 100.0, "X_LLC": 4447000, "NUTS2021_3": "ITH32", "NUTS2021_2": "ITH3", "DIST_COAST": 52955.05, "NUTS2021_1": "ITH", "NUTS2021_0": "IT", "NUTS2024_3": "ITH32", "NUTS2024_2": "ITH3", "NUTS2024_1": "ITH", "NUTS2024_0": "IT" }, "geometry": { "type": "Point", "coordinates": [ 11.62200561427634, 45.694722070192945 ] } },
{ "type": "Feature", "properties": { "DIST_BORD": 126844.64, "TOT_P_2018": 234.0, "TOT_P_2006": 102.0, "GRD_ID": "CRS3035RES1000mN2510000E4448000", "TOT_P_2011": 159.0, "TOT_P_2021": 132.0, "Y_LLC": 2510000, "CNTR_ID": "IT", "NUTS2016_3": "ITH32", "NUTS2016_2": "ITH3", "NUTS2016_1": "ITH", "NUTS2016_0": "IT", "LAND_PC": 100.0, "X_LLC": 4448000, "NUTS2021_3": "ITH32", "NUTS2021_2": "ITH3", "DIST_COAST": 52172.6, "NUTS2021_1": "ITH", "NUTS2021_0": "IT", "NUTS2024_3": "ITH32", "NUTS2024_2": "ITH3", "NUTS2024_1": "ITH", "NUTS2024_0": "IT" }, "geometry": { "type": "Point", "coordinates": [ 11.634824245595716, 45.694525161753631 ] } },
{ "type": "Feature", "properties": { "DIST_BORD": 126378.75, "TOT_P_2018": 715.0, "TOT_P_2006": 714.0, "GRD_ID": "CRS3035RES1000mN2510000E4449000", "TOT_P_2011": 754.0, "TOT_P_2021": 853.0, "Y_LLC": 2510000, "CNTR_ID": "IT", "NUTS2016_3": "ITH32", "NUTS2016_2": "ITH3", "NUTS2016_1": "ITH", "NUTS2016_0": "IT", "LAND_PC": 100.0, "X_LLC": 4449000, "NUTS2021_3": "ITH32", "NUTS2021_2": "ITH3", "DIST_COAST": 51397.7, "NUTS2021_1": "ITH", "NUTS2021_0": "IT", "NUTS2024_3": "ITH32", "NUTS2024_2": "ITH3", "NUTS2024_1": "ITH", "NUTS2024_0": "IT" }, "geometry": { "type": "Point", "coordinates": [ 11.647642792876919, 45.694326703561202 ] } },
{ "type": "Feature", "properties": { "DIST_BORD": 125919.09, "TOT_P_2018": 60.0, "TOT_P_2006": 61.0, "GRD_ID": "CRS3035RES1000mN2510000E4450000", "TOT_P_2011": 61.0, "TOT_P_2021": 71.0, "Y_LLC": 2510000, "CNTR_ID": "IT", "NUTS2016_3": "ITH32", "NUTS2016_2": "ITH3", "NUTS2016_1": "ITH", "NUTS2016_0": "IT", "LAND_PC": 100.0, "X_LLC": 4450000, "NUTS2021_3": "ITH32", "NUTS2021_2": "ITH3", "DIST_COAST": 50630.69, "NUTS2021_1": "ITH", "NUTS2021_0": "IT", "NUTS2024_3": "ITH32", "NUTS2024_2": "ITH3", "NUTS2024_1": "ITH", "NUTS2024_0": "IT" }, "geometry": { "type": "Point", "coordinates": [ 11.660461255924702, 45.69412669561099 ] } },
{ "type": "Feature", "properties": { "DIST_BORD": 125465.71, "TOT_P_2018": 82.0, "TOT_P_2006": 180.0, "GRD_ID": "CRS3035RES1000mN2510000E4451000", "TOT_P_2011": 89.0, "TOT_P_2021": 72.0, "Y_LLC": 2510000, "CNTR_ID": "IT", "NUTS2016_3": "ITH32", "NUTS2016_2": "ITH3", "NUTS2016_1": "ITH", "NUTS2016_0": "IT", "LAND_PC": 100.0, "X_LLC": 4451000, "NUTS2021_3": "ITH32", "NUTS2021_2": "ITH3", "DIST_COAST": 49871.94, "NUTS2021_1": "ITH", "NUTS2021_0": "IT", "NUTS2024_3": "ITH32", "NUTS2024_2": "ITH3", "NUTS2024_1": "ITH", "NUTS2024_0": "IT" }, "geometry": { "type": "Point", "coordinates": [ 11.67327963385307, 45.693925137958942 ] } },
{ "type": "Feature", "properties": { "DIST_BORD": 125018.69, "TOT_P_2018": 3.0, "TOT_P_2006": 78.0, "GRD_ID": "CRS3035RES1000mN2510000E4452000", "TOT_P_2011": 3.0, "TOT_P_2021": 3.0, "Y_LLC": 2510000, "CNTR_ID": "IT", "NUTS2016_3": "ITH32-ITH36", "NUTS2016_2": "ITH3", "NUTS2016_1": "ITH", "NUTS2016_0": "IT", "LAND_PC": 100.0, "X_LLC": 4452000, "NUTS2021_3": "ITH32-ITH36", "NUTS2021_2": "ITH3", "DIST_COAST": 49121.82, "NUTS2021_1": "ITH", "NUTS2021_0": "IT", "NUTS2024_3": "ITH32-ITH36", "NUTS2024_2": "ITH3", "NUTS2024_1": "ITH", "NUTS2024_0": "IT" }, "geometry": { "type": "Point", "coordinates": [ 11.686097925988948, 45.693722030515218 ] } },
{ "type": "Feature", "properties": { "DIST_BORD": 124578.09, "TOT_P_2018": 445.0, "TOT_P_2006": 352.0, "GRD_ID": "CRS3035RES1000mN2510000E4453000", "TOT_P_2011": 439.0, "TOT_P_2021": 562.0, "Y_LLC": 2510000, "CNTR_ID": "IT", "NUTS2016_3": "ITH32-ITH36", "NUTS2016_2": "ITH3", "NUTS2016_1": "ITH", "NUTS2016_0": "IT", "LAND_PC": 100.0, "X_LLC": 4453000, "NUTS2021_3": "ITH32-ITH36", "NUTS2021_2": "ITH3", "DIST_COAST": 48380.75, "NUTS2021_1": "ITH", "NUTS2021_0": "IT", "NUTS2024_3": "ITH32-ITH36", "NUTS2024_2": "ITH3", "NUTS2024_1": "ITH", "NUTS2024_0": "IT" }, "geometry": { "type": "Point", "coordinates": [ 11.69891613180476, 45.6935173734445 ] } },
{ "type": "Feature", "properties": { "DIST_BORD": 124143.98, "TOT_P_2018": 1148.0, "TOT_P_2006": 936.0, "GRD_ID": "CRS3035RES1000mN2510000E4454000", "TOT_P_2011": 1128.0, "TOT_P_2021": 1160.0, "Y_LLC": 2510000, "CNTR_ID": "IT", "NUTS2016_3": "ITH32-ITH36", "NUTS2016_2": "ITH3", "NUTS2016_1": "ITH", "NUTS2016_0": "IT", "LAND_PC": 100.0, "X_LLC": 4454000, "NUTS2021_3": "ITH32-ITH36", "NUTS2021_2": "ITH3", "DIST_COAST": 47649.13, "NUTS2021_1": "ITH", "NUTS2021_0": "IT", "NUTS2024_3": "ITH32-ITH36", "NUTS2024_2": "ITH3", "NUTS2024_1": "ITH", "NUTS2024_0": "IT" }, "geometry": { "type": "Point", "coordinates": [ 11.711734250576908, 45.693311166678818 ] } },
{ "type": "Feature", "properties": { "DIST_BORD": 123716.43, "TOT_P_2018": 406.0, "TOT_P_2006": 183.0, "GRD_ID": "CRS3035RES1000mN2510000E4455000", "TOT_P_2011": 280.0, "TOT_P_2021": 227.0, "Y_LLC": 2510000, "CNTR_ID": "IT", "NUTS2016_3": "ITH32-ITH36", "NUTS2016_2": "ITH3", "NUTS2016_1": "ITH", "NUTS2016_0": "IT", "LAND_PC": 100.0, "X_LLC": 4455000, "NUTS2021_3": "ITH32-ITH36", "NUTS2021_2": "ITH3", "DIST_COAST": 46927.43, "NUTS2021_1": "ITH", "NUTS2021_0": "IT", "NUTS2024_3": "ITH32-ITH36", "NUTS2024_2": "ITH3", "NUTS2024_1": "ITH", "NUTS2024_0": "IT" }, "geometry": { "type": "Point", "coordinates": [ 11.724552281572558, 45.693103410247929 ] } },
{ "type": "Feature", "properties": { "DIST_BORD": 123295.51, "TOT_P_2018": 294.0, "TOT_P_2006": 120.0, "GRD_ID": "CRS3035RES1000mN2510000E4456000", "TOT_P_2011": 261.0, "TOT_P_2021": 289.0, "Y_LLC": 2510000, "CNTR_ID": "IT", "NUTS2016_3": "ITH32-ITH36", "NUTS2016_2": "ITH3", "NUTS2016_1": "ITH", "NUTS2016_0": "IT", "LAND_PC": 100.0, "X_LLC": 4456000, "NUTS2021_3": "ITH32-ITH36", "NUTS2021_2": "ITH3", "DIST_COAST": 46216.08, "NUTS2021_1": "ITH", "NUTS2021_0": "IT", "NUTS2024_3": "ITH32-ITH36", "NUTS2024_2": "ITH3", "NUTS2024_1": "ITH", "NUTS2024_0": "IT" }, "geometry": { "type": "Point", "coordinates": [ 11.737370224353057, 45.692894104166442 ] } },
{ "type": "Feature", "properties": { "DIST_BORD": 122881.29, "TOT_P_2018": 309.0, "TOT_P_2006": 178.0, "GRD_ID": "CRS3035RES1000mN2510000E4457000", "TOT_P_2011": 307.0, "TOT_P_2021": 314.0, "Y_LLC": 2510000, "CNTR_ID": "IT", "NUTS2016_3": "ITH32-ITH36", "NUTS2016_2": "ITH3", "NUTS2016_1": "ITH", "NUTS2016_0": "IT", "LAND_PC": 100.0, "X_LLC": 4457000, "NUTS2021_3": "ITH32-ITH36", "NUTS2021_2": "ITH3", "DIST_COAST": 45515.6, "NUTS2021_1": "ITH", "NUTS2021_0": "IT", "NUTS2024_3": "ITH32-ITH36", "NUTS2024_2": "ITH3", "NUTS2024_1": "ITH", "NUTS2024_0": "IT" }, "geometry": { "type": "Point", "coordinates": [ 11.750188078010158, 45.692683248440602 ] } },
{ "type": "Feature", "properties": { "DIST_BORD": 122473.83, "TOT_P_2018": 386.0, "TOT_P_2006": 458.0, "GRD_ID": "CRS3035RES1000mN2510000E4458000", "TOT_P_2011": 372.0, "TOT_P_2021": 341.0, "Y_LLC": 2510000, "CNTR_ID": "IT", "NUTS2016_3": "ITH32-ITH36", "NUTS2016_2": "ITH3", "NUTS2016_1": "ITH", "NUTS2016_0": "IT", "LAND_PC": 100.0, "X_LLC": 4458000, "NUTS2021_3": "ITH32-ITH36", "NUTS2021_2": "ITH3", "DIST_COAST": 44826.48, "NUTS2021_1": "ITH", "NUTS2021_0": "IT", "NUTS2024_3": "ITH32-ITH36", "NUTS2024_2": "ITH3", "NUTS2024_1": "ITH", "NUTS2024_0": "IT" }, "geometry": { "type": "Point", "coordinates": [ 11.763005842016367, 45.692470843140711 ] } },
{ "type": "Feature", "properties": { "DIST_BORD": 122073.2, "TOT_P_2018": 768.0, "TOT_P_2006": 747.0, "GRD_ID": "CRS3035RES1000mN2510000E4459000", "TOT_P_2011": 763.0, "TOT_P_2021": 544.0, "Y_LLC": 2510000, "CNTR_ID": "IT", "NUTS2016_3": "ITH32-ITH36", "NUTS2016_2": "ITH3", "NUTS2016_1": "ITH", "NUTS2016_0": "IT", "LAND_PC": 100.0, "X_LLC": 4459000, "NUTS2021_3": "ITH32-ITH36", "NUTS2021_2": "ITH3", "DIST_COAST": 44149.25, "NUTS2021_1": "ITH", "NUTS2021_0": "IT", "NUTS2024_3": "ITH32-ITH36", "NUTS2024_2": "ITH3", "NUTS2024_1": "ITH", "NUTS2024_0": "IT" }, "geometry": { "type": "Point", "coordinates": [ 11.775823515891343, 45.692256888223625 ] } },
{ "type": "Feature", "properties": { "DIST_BORD": 121679.47, "TOT_P_2018": 5.0, "TOT_P_2006": 0.0, "GRD_ID": "CRS3035RES1000mN2510000E4460000", "TOT_P_2011": 12.0, "TOT_P_2021": 66.0, "Y_LLC": 2510000, "CNTR_ID": "IT", "NUTS2016_3": "ITH32-ITH36", "NUTS2016_2": "ITH3", "NUTS2016_1": "ITH", "NUTS2016_0": "IT", "LAND_PC": 100.0, "X_LLC": 4460000, "NUTS2021_3": "ITH32-ITH36", "NUTS2021_2": "ITH3", "DIST_COAST": 43484.47, "NUTS2021_1": "ITH", "NUTS2021_0": "IT", "NUTS2024_3": "ITH32-ITH36", "NUTS2024_2": "ITH3", "NUTS2024_1": "ITH", "NUTS2024_0": "IT" }, "geometry": { "type": "Point", "coordinates": [ 11.788641098504849, 45.692041383712933 ] } },
{ "type": "Feature", "properties": { "DIST_BORD": 121292.71, "TOT_P_2018": 615.0, "TOT_P_2006": 689.0, "GRD_ID": "CRS3035RES1000mN2510000E4461000", "TOT_P_2011": 631.0, "TOT_P_2021": 759.0, "Y_LLC": 2510000, "CNTR_ID": "IT", "NUTS2016_3": "ITH32-ITH34-ITH36", "NUTS2016_2": "ITH3", "NUTS2016_1": "ITH", "NUTS2016_0": "IT", "LAND_PC": 100.0, "X_LLC": 4461000, "NUTS2021_3": "ITH32-ITH34-ITH36", "NUTS2021_2": "ITH3", "DIST_COAST": 42832.73, "NUTS2021_1": "ITH", "NUTS2021_0": "IT", "NUTS2024_3": "ITH32-ITH34-ITH36", "NUTS2024_2": "ITH3", "NUTS2024_1": "ITH", "NUTS2024_0": "IT" }, "geometry": { "type": "Point", "coordinates": [ 11.801458589691496, 45.691824329700239 ] } },
{ "type": "Feature", "properties": { "DIST_BORD": 120912.98, "TOT_P_2018": 475.0, "TOT_P_2006": 525.0, "GRD_ID": "CRS3035RES1000mN2510000E4462000", "TOT_P_2011": 484.0, "TOT_P_2021": 320.0, "Y_LLC": 2510000, "CNTR_ID": "IT", "NUTS2016_3": "ITH32-ITH34-ITH36", "NUTS2016_2": "ITH3", "NUTS2016_1": "ITH", "NUTS2016_0": "IT", "LAND_PC": 100.0, "X_LLC": 4462000, "NUTS2021_3": "ITH32-ITH34-ITH36", "NUTS2021_2": "ITH3", "DIST_COAST": 42194.62, "NUTS2021_1": "ITH", "NUTS2021_0": "IT", "NUTS2024_3": "ITH32-ITH34-ITH36", "NUTS2024_2": "ITH3", "NUTS2024_1": "ITH", "NUTS2024_0": "IT" }, "geometry": { "type": "Point", "coordinates": [ 11.814275988496636, 45.691605726042539 ] } },
{ "type": "Feature", "properties": { "DIST_BORD": 126248.39, "TOT_P_2018": 66.0, "TOT_P_2006": 82.0, "GRD_ID": "CRS3035RES1000mN2511000E4446000", "TOT_P_2011": 32.0, "TOT_P_2021": 23.0, "Y_LLC": 2511000, "CNTR_ID": "IT", "NUTS2016_3": "ITH32", "NUTS2016_2": "ITH3", "NUTS2016_1": "ITH", "NUTS2016_0": "IT", "LAND_PC": 100.0, "X_LLC": 4446000, "NUTS2021_3": "ITH32", "NUTS2021_2": "ITH3", "DIST_COAST": 54359.51, "NUTS2021_1": "ITH", "NUTS2021_0": "IT", "NUTS2024_3": "ITH32", "NUTS2024_2": "ITH3", "NUTS2024_1": "ITH", "NUTS2024_0": "IT" }, "geometry": { "type": "Point", "coordinates": [ 11.609452044934487, 45.703924786352736 ] } },
{ "type": "Feature", "properties": { "DIST_BORD": 126437.62, "TOT_P_2018": 152.0, "TOT_P_2006": 62.0, "GRD_ID": "CRS3035RES1000mN2511000E4447000", "TOT_P_2011": 130.0, "TOT_P_2021": 88.0, "Y_LLC": 2511000, "CNTR_ID": "IT", "NUTS2016_3": "ITH32", "NUTS2016_2": "ITH3", "NUTS2016_1": "ITH", "NUTS2016_0": "IT", "LAND_PC": 100.0, "X_LLC": 4447000, "NUTS2021_3": "ITH32", "NUTS2021_2": "ITH3", "DIST_COAST": 53578.91, "NUTS2021_1": "ITH", "NUTS2021_0": "IT", "NUTS2024_3": "ITH32", "NUTS2024_2": "ITH3", "NUTS2024_1": "ITH", "NUTS2024_0": "IT" }, "geometry": { "type": "Point", "coordinates": [ 11.622272869569597, 45.703729390469469 ] } },
{ "type": "Feature", "properties": { "DIST_BORD": 125962.3, "TOT_P_2018": 176.0, "TOT_P_2006": 36.0, "GRD_ID": "CRS3035RES1000mN2511000E4448000", "TOT_P_2011": 82.0, "TOT_P_2021": 76.0, "Y_LLC": 2511000, "CNTR_ID": "IT", "NUTS2016_3": "ITH32", "NUTS2016_2": "ITH3", "NUTS2016_1": "ITH", "NUTS2016_0": "IT", "LAND_PC": 100.0, "X_LLC": 4448000, "NUTS2021_3": "ITH32", "NUTS2021_2": "ITH3", "DIST_COAST": 52805.7, "NUTS2021_1": "ITH", "NUTS2021_0": "IT", "NUTS2024_3": "ITH32", "NUTS2024_2": "ITH3", "NUTS2024_1": "ITH", "NUTS2024_0": "IT" }, "geometry": { "type": "Point", "coordinates": [ 11.635093611176544, 45.703532444554561 ] } },
{ "type": "Feature", "properties": { "DIST_BORD": 125493.14, "TOT_P_2018": 315.0, "TOT_P_2006": 261.0, "GRD_ID": "CRS3035RES1000mN2511000E4449000", "TOT_P_2011": 346.0, "TOT_P_2021": 328.0, "Y_LLC": 2511000, "CNTR_ID": "IT", "NUTS2016_3": "ITH32", "NUTS2016_2": "ITH3", "NUTS2016_1": "ITH", "NUTS2016_0": "IT", "LAND_PC": 100.0, "X_LLC": 4449000, "NUTS2021_3": "ITH32", "NUTS2021_2": "ITH3", "DIST_COAST": 52040.23, "NUTS2021_1": "ITH", "NUTS2021_0": "IT", "NUTS2024_3": "ITH32", "NUTS2024_2": "ITH3", "NUTS2024_1": "ITH", "NUTS2024_0": "IT" }, "geometry": { "type": "Point", "coordinates": [ 11.647914268764437, 45.703333948534365 ] } },
{ "type": "Feature", "properties": { "DIST_BORD": 125030.22, "TOT_P_2018": 98.0, "TOT_P_2006": 25.0, "GRD_ID": "CRS3035RES1000mN2511000E4450000", "TOT_P_2011": 104.0, "TOT_P_2021": 126.0, "Y_LLC": 2511000, "CNTR_ID": "IT", "NUTS2016_3": "ITH32", "NUTS2016_2": "ITH3", "NUTS2016_1": "ITH", "NUTS2016_0": "IT", "LAND_PC": 100.0, "X_LLC": 4450000, "NUTS2021_3": "ITH32", "NUTS2021_2": "ITH3", "DIST_COAST": 51282.83, "NUTS2021_1": "ITH", "NUTS2021_0": "IT", "NUTS2024_3": "ITH32", "NUTS2024_2": "ITH3", "NUTS2024_1": "ITH", "NUTS2024_0": "IT" }, "geometry": { "type": "Point", "coordinates": [ 11.660734842061423, 45.703133902484907 ] } },
{ "type": "Feature", "properties": { "DIST_BORD": 124573.6, "TOT_P_2018": 216.0, "TOT_P_2006": 233.0, "GRD_ID": "CRS3035RES1000mN2511000E4451000", "TOT_P_2011": 228.0, "TOT_P_2021": 230.0, "Y_LLC": 2511000, "CNTR_ID": "IT", "NUTS2016_3": "ITH32", "NUTS2016_2": "ITH3", "NUTS2016_1": "ITH", "NUTS2016_0": "IT", "LAND_PC": 100.0, "X_LLC": 4451000, "NUTS2021_3": "ITH32", "NUTS2021_2": "ITH3", "DIST_COAST": 50533.87, "NUTS2021_1": "ITH", "NUTS2021_0": "IT", "NUTS2024_3": "ITH32", "NUTS2024_2": "ITH3", "NUTS2024_1": "ITH", "NUTS2024_0": "IT" }, "geometry": { "type": "Point", "coordinates": [ 11.673555330094413, 45.702932306330275 ] } },
{ "type": "Feature", "properties": { "DIST_BORD": 123679.58, "TOT_P_2018": 602.0, "TOT_P_2006": 412.0, "GRD_ID": "CRS3035RES1000mN2511000E4453000", "TOT_P_2011": 580.0, "TOT_P_2021": 584.0, "Y_LLC": 2511000, "CNTR_ID": "IT", "NUTS2016_3": "ITH32", "NUTS2016_2": "ITH3", "NUTS2016_1": "ITH", "NUTS2016_0": "IT", "LAND_PC": 100.0, "X_LLC": 4453000, "NUTS2021_3": "ITH32", "NUTS2021_2": "ITH3", "DIST_COAST": 49062.8, "NUTS2021_1": "ITH", "NUTS2021_0": "IT", "NUTS2024_3": "ITH32", "NUTS2024_2": "ITH3", "NUTS2024_1": "ITH", "NUTS2024_0": "IT" }, "geometry": { "type": "Point", "coordinates": [ 11.69919604828087, 45.702524464156198 ] } },
{ "type": "Feature", "properties": { "DIST_BORD": 123242.3, "TOT_P_2018": 821.0, "TOT_P_2006": 774.0, "GRD_ID": "CRS3035RES1000mN2511000E4454000", "TOT_P_2011": 815.0, "TOT_P_2021": 763.0, "Y_LLC": 2511000, "CNTR_ID": "IT", "NUTS2016_3": "ITH32", "NUTS2016_2": "ITH3", "NUTS2016_1": "ITH", "NUTS2016_0": "IT", "LAND_PC": 100.0, "X_LLC": 4454000, "NUTS2021_3": "ITH32", "NUTS2021_2": "ITH3", "DIST_COAST": 48341.51, "NUTS2021_1": "ITH", "NUTS2021_0": "IT", "NUTS2024_3": "ITH32", "NUTS2024_2": "ITH3", "NUTS2024_1": "ITH", "NUTS2024_0": "IT" }, "geometry": { "type": "Point", "coordinates": [ 11.712016277138748, 45.702318218032389 ] } },
{ "type": "Feature", "properties": { "DIST_BORD": 122811.62, "TOT_P_2018": 334.0, "TOT_P_2006": 217.0, "GRD_ID": "CRS3035RES1000mN2511000E4455000", "TOT_P_2011": 330.0, "TOT_P_2021": 375.0, "Y_LLC": 2511000, "CNTR_ID": "IT", "NUTS2016_3": "ITH32", "NUTS2016_2": "ITH3", "NUTS2016_1": "ITH", "NUTS2016_0": "IT", "LAND_PC": 100.0, "X_LLC": 4455000, "NUTS2021_3": "ITH32", "NUTS2021_2": "ITH3", "DIST_COAST": 47630.3, "NUTS2021_1": "ITH", "NUTS2021_0": "IT", "NUTS2024_3": "ITH32", "NUTS2024_2": "ITH3", "NUTS2024_1": "ITH", "NUTS2024_0": "IT" }, "geometry": { "type": "Point", "coordinates": [ 11.724836418072545, 45.702110422029044 ] } },
{ "type": "Feature", "properties": { "DIST_BORD": 122387.59, "TOT_P_2018": 358.0, "TOT_P_2006": 194.0, "GRD_ID": "CRS3035RES1000mN2511000E4456000", "TOT_P_2011": 277.0, "TOT_P_2021": 265.0, "Y_LLC": 2511000, "CNTR_ID": "IT", "NUTS2016_3": "ITH32", "NUTS2016_2": "ITH3", "NUTS2016_1": "ITH", "NUTS2016_0": "IT", "LAND_PC": 100.0, "X_LLC": 4456000, "NUTS2021_3": "ITH32", "NUTS2021_2": "ITH3", "DIST_COAST": 46929.61, "NUTS2021_1": "ITH", "NUTS2021_0": "IT", "NUTS2024_3": "ITH32", "NUTS2024_2": "ITH3", "NUTS2024_1": "ITH", "NUTS2024_0": "IT" }, "geometry": { "type": "Point", "coordinates": [ 11.737656470731975, 45.70190107605297 ] } },
{ "type": "Feature", "properties": { "DIST_BORD": 121970.28, "TOT_P_2018": 492.0, "TOT_P_2006": 380.0, "GRD_ID": "CRS3035RES1000mN2511000E4457000", "TOT_P_2011": 474.0, "TOT_P_2021": 527.0, "Y_LLC": 2511000, "CNTR_ID": "IT", "NUTS2016_3": "ITH32", "NUTS2016_2": "ITH3", "NUTS2016_1": "ITH", "NUTS2016_0": "IT", "LAND_PC": 100.0, "X_LLC": 4457000, "NUTS2021_3": "ITH32", "NUTS2021_2": "ITH3", "DIST_COAST": 46239.94, "NUTS2021_1": "ITH", "NUTS2021_0": "IT", "NUTS2024_3": "ITH32", "NUTS2024_2": "ITH3", "NUTS2024_1": "ITH", "NUTS2024_0": "IT" }, "geometry": { "type": "Point", "coordinates": [ 11.750476434221023, 45.701690180147814 ] } },
{ "type": "Feature", "properties": { "DIST_BORD": 121559.76, "TOT_P_2018": 1027.0, "TOT_P_2006": 950.0, "GRD_ID": "CRS3035RES1000mN2511000E4458000", "TOT_P_2011": 961.0, "TOT_P_2021": 1163.0, "Y_LLC": 2511000, "CNTR_ID": "IT", "NUTS2016_3": "ITH32", "NUTS2016_2": "ITH3", "NUTS2016_1": "ITH", "NUTS2016_0": "IT", "LAND_PC": 100.0, "X_LLC": 4458000, "NUTS2021_3": "ITH32", "NUTS2021_2": "ITH3", "DIST_COAST": 45561.77, "NUTS2021_1": "ITH", "NUTS2021_0": "IT", "NUTS2024_3": "ITH32", "NUTS2024_2": "ITH3", "NUTS2024_1": "ITH", "NUTS2024_0": "IT" }, "geometry": { "type": "Point", "coordinates": [ 11.763296308063339, 45.701477734286506 ] } },
{ "type": "Feature", "properties": { "DIST_BORD": 121156.11, "TOT_P_2018": 632.0, "TOT_P_2006": 303.0, "GRD_ID": "CRS3035RES1000mN2511000E4459000", "TOT_P_2011": 618.0, "TOT_P_2021": 482.0, "Y_LLC": 2511000, "CNTR_ID": "IT", "NUTS2016_3": "ITH32", "NUTS2016_2": "ITH3", "NUTS2016_1": "ITH", "NUTS2016_0": "IT", "LAND_PC": 100.0, "X_LLC": 4459000, "NUTS2021_3": "ITH32", "NUTS2021_2": "ITH3", "DIST_COAST": 44895.64, "NUTS2021_1": "ITH", "NUTS2021_0": "IT", "NUTS2024_3": "ITH32", "NUTS2024_2": "ITH3", "NUTS2024_1": "ITH", "NUTS2024_0": "IT" }, "geometry": { "type": "Point", "coordinates": [ 11.776116091510403, 45.701263738609363 ] } },
{ "type": "Feature", "properties": { "DIST_BORD": 120759.4, "TOT_P_2018": 614.0, "TOT_P_2006": 412.0, "GRD_ID": "CRS3035RES1000mN2511000E4460000", "TOT_P_2011": 639.0, "TOT_P_2021": 612.0, "Y_LLC": 2511000, "CNTR_ID": "IT", "NUTS2016_3": "ITH32-ITH36", "NUTS2016_2": "ITH3", "NUTS2016_1": "ITH", "NUTS2016_0": "IT", "LAND_PC": 100.0, "X_LLC": 4460000, "NUTS2021_3": "ITH32-ITH36", "NUTS2021_2": "ITH3", "DIST_COAST": 44242.08, "NUTS2021_1": "ITH", "NUTS2021_0": "IT", "NUTS2024_3": "ITH32-ITH36", "NUTS2024_2": "ITH3", "NUTS2024_1": "ITH", "NUTS2024_0": "IT" }, "geometry": { "type": "Point", "coordinates": [ 11.788935783935568, 45.701048193037117 ] } },
{ "type": "Feature", "properties": { "DIST_BORD": 120369.68, "TOT_P_2018": 1411.0, "TOT_P_2006": 1303.0, "GRD_ID": "CRS3035RES1000mN2511000E4461000", "TOT_P_2011": 1460.0, "TOT_P_2021": 1529.0, "Y_LLC": 2511000, "CNTR_ID": "IT", "NUTS2016_3": "ITH32-ITH34-ITH36", "NUTS2016_2": "ITH3", "NUTS2016_1": "ITH", "NUTS2016_0": "IT", "LAND_PC": 100.0, "X_LLC": 4461000, "NUTS2021_3": "ITH32-ITH34-ITH36", "NUTS2021_2": "ITH3", "DIST_COAST": 43601.66, "NUTS2021_1": "ITH", "NUTS2021_0": "IT", "NUTS2024_3": "ITH32-ITH34-ITH36", "NUTS2024_2": "ITH3", "NUTS2024_1": "ITH", "NUTS2024_0": "IT" }, "geometry": { "type": "Point", "coordinates": [ 11.80175538469301, 45.700831097590239 ] } },
{ "type": "Feature", "properties": { "DIST_BORD": 119987.03, "TOT_P_2018": 394.0, "TOT_P_2006": 285.0, "GRD_ID": "CRS3035RES1000mN2511000E4462000", "TOT_P_2011": 330.0, "TOT_P_2021": 391.0, "Y_LLC": 2511000, "CNTR_ID": "IT", "NUTS2016_3": "ITH32-ITH34-ITH36", "NUTS2016_2": "ITH3", "NUTS2016_1": "ITH", "NUTS2016_0": "IT", "LAND_PC": 100.0, "X_LLC": 4462000, "NUTS2021_3": "ITH32-ITH34-ITH36", "NUTS2021_2": "ITH3", "DIST_COAST": 42974.97, "NUTS2021_1": "ITH", "NUTS2021_0": "IT", "NUTS2024_3": "ITH32-ITH34-ITH36", "NUTS2024_2": "ITH3", "NUTS2024_1": "ITH", "NUTS2024_0": "IT" }, "geometry": { "type": "Point", "coordinates": [ 11.814574893061893, 45.700612452323853 ] } },
{ "type": "Feature", "properties": { "DIST_BORD": 124947.59, "TOT_P_2018": 434.0, "TOT_P_2006": 339.0, "GRD_ID": "CRS3035RES1000mN2512000E4445000", "TOT_P_2011": 394.0, "TOT_P_2021": 295.0, "Y_LLC": 2512000, "CNTR_ID": "IT", "NUTS2016_3": "ITH32", "NUTS2016_2": "ITH3", "NUTS2016_1": "ITH", "NUTS2016_0": "IT", "LAND_PC": 100.0, "X_LLC": 4445000, "NUTS2021_3": "ITH32", "NUTS2021_2": "ITH3", "DIST_COAST": 55764.46, "NUTS2021_1": "ITH", "NUTS2021_0": "IT", "NUTS2024_3": "ITH32", "NUTS2024_2": "ITH3", "NUTS2024_1": "ITH", "NUTS2024_0": "IT" }, "geometry": { "type": "Point", "coordinates": [ 11.596894284938008, 45.713125974075986 ] } },
{ "type": "Feature", "properties": { "DIST_BORD": 125321.92, "TOT_P_2018": 537.0, "TOT_P_2006": 472.0, "GRD_ID": "CRS3035RES1000mN2512000E4446000", "TOT_P_2011": 564.0, "TOT_P_2021": 580.0, "Y_LLC": 2512000, "CNTR_ID": "IT", "NUTS2016_3": "ITH32", "NUTS2016_2": "ITH3", "NUTS2016_1": "ITH", "NUTS2016_0": "IT", "LAND_PC": 100.0, "X_LLC": 4446000, "NUTS2021_3": "ITH32", "NUTS2021_2": "ITH3", "DIST_COAST": 54985.62, "NUTS2021_1": "ITH", "NUTS2021_0": "IT", "NUTS2024_3": "ITH32", "NUTS2024_2": "ITH3", "NUTS2024_1": "ITH", "NUTS2024_0": "IT" }, "geometry": { "type": "Point", "coordinates": [ 11.609717303531555, 45.712932091297759 ] } },
{ "type": "Feature", "properties": { "DIST_BORD": 125560.38, "TOT_P_2018": 262.0, "TOT_P_2006": 334.0, "GRD_ID": "CRS3035RES1000mN2512000E4447000", "TOT_P_2011": 275.0, "TOT_P_2021": 239.0, "Y_LLC": 2512000, "CNTR_ID": "IT", "NUTS2016_3": "ITH32", "NUTS2016_2": "ITH3", "NUTS2016_1": "ITH", "NUTS2016_0": "IT", "LAND_PC": 100.0, "X_LLC": 4447000, "NUTS2021_3": "ITH32", "NUTS2021_2": "ITH3", "DIST_COAST": 54214.03, "NUTS2021_1": "ITH", "NUTS2021_0": "IT", "NUTS2024_3": "ITH32", "NUTS2024_2": "ITH3", "NUTS2024_1": "ITH", "NUTS2024_0": "IT" }, "geometry": { "type": "Point", "coordinates": [ 11.622540239562069, 45.712736658188732 ] } },
{ "type": "Feature", "properties": { "DIST_BORD": 125081.72, "TOT_P_2018": 155.0, "TOT_P_2006": 244.0, "GRD_ID": "CRS3035RES1000mN2512000E4448000", "TOT_P_2011": 161.0, "TOT_P_2021": 181.0, "Y_LLC": 2512000, "CNTR_ID": "IT", "NUTS2016_3": "ITH32", "NUTS2016_2": "ITH3", "NUTS2016_1": "ITH", "NUTS2016_0": "IT", "LAND_PC": 100.0, "X_LLC": 4448000, "NUTS2021_3": "ITH32", "NUTS2021_2": "ITH3", "DIST_COAST": 53450.02, "NUTS2021_1": "ITH", "NUTS2021_0": "IT", "NUTS2024_3": "ITH32", "NUTS2024_2": "ITH3", "NUTS2024_1": "ITH", "NUTS2024_0": "IT" }, "geometry": { "type": "Point", "coordinates": [ 11.635363092275615, 45.712539674617666 ] } },
{ "type": "Feature", "properties": { "DIST_BORD": 124609.25, "TOT_P_2018": 219.0, "TOT_P_2006": 236.0, "GRD_ID": "CRS3035RES1000mN2512000E4449000", "TOT_P_2011": 205.0, "TOT_P_2021": 213.0, "Y_LLC": 2512000, "CNTR_ID": "IT", "NUTS2016_3": "ITH32", "NUTS2016_2": "ITH3", "NUTS2016_1": "ITH", "NUTS2016_0": "IT", "LAND_PC": 100.0, "X_LLC": 4449000, "NUTS2021_3": "ITH32", "NUTS2021_2": "ITH3", "DIST_COAST": 52693.9, "NUTS2021_1": "ITH", "NUTS2021_0": "IT", "NUTS2024_3": "ITH32", "NUTS2024_2": "ITH3", "NUTS2024_1": "ITH", "NUTS2024_0": "IT" }, "geometry": { "type": "Point", "coordinates": [ 11.648185861184864, 45.712341140759008 ] } },
{ "type": "Feature", "properties": { "DIST_BORD": 124143.03, "TOT_P_2018": 115.0, "TOT_P_2006": 24.0, "GRD_ID": "CRS3035RES1000mN2512000E4450000", "TOT_P_2011": 98.0, "TOT_P_2021": 124.0, "Y_LLC": 2512000, "CNTR_ID": "IT", "NUTS2016_3": "ITH32", "NUTS2016_2": "ITH3", "NUTS2016_1": "ITH", "NUTS2016_0": "IT", "LAND_PC": 100.0, "X_LLC": 4450000, "NUTS2021_3": "ITH32", "NUTS2021_2": "ITH3", "DIST_COAST": 51946.04, "NUTS2021_1": "ITH", "NUTS2021_0": "IT", "NUTS2024_3": "ITH32", "NUTS2024_2": "ITH3", "NUTS2024_1": "ITH", "NUTS2024_0": "IT" }, "geometry": { "type": "Point", "coordinates": [ 11.661008545535157, 45.712141056483382 ] } },
{ "type": "Feature", "properties": { "DIST_BORD": 123683.15, "TOT_P_2018": 725.0, "TOT_P_2006": 1263.0, "GRD_ID": "CRS3035RES1000mN2512000E4451000", "TOT_P_2011": 742.0, "TOT_P_2021": 731.0, "Y_LLC": 2512000, "CNTR_ID": "IT", "NUTS2016_3": "ITH32", "NUTS2016_2": "ITH3", "NUTS2016_1": "ITH", "NUTS2016_0": "IT", "LAND_PC": 100.0, "X_LLC": 4451000, "NUTS2021_3": "ITH32", "NUTS2021_2": "ITH3", "DIST_COAST": 51206.78, "NUTS2021_1": "ITH", "NUTS2021_0": "IT", "NUTS2024_3": "ITH32", "NUTS2024_2": "ITH3", "NUTS2024_1": "ITH", "NUTS2024_0": "IT" }, "geometry": { "type": "Point", "coordinates": [ 11.673831144721591, 45.711939422023654 ] } },
{ "type": "Feature", "properties": { "DIST_BORD": 123229.66, "TOT_P_2018": 72.0, "TOT_P_2006": 373.0, "GRD_ID": "CRS3035RES1000mN2512000E4452000", "TOT_P_2011": 72.0, "TOT_P_2021": 24.0, "Y_LLC": 2512000, "CNTR_ID": "IT", "NUTS2016_3": "ITH32", "NUTS2016_2": "ITH3", "NUTS2016_1": "ITH", "NUTS2016_0": "IT", "LAND_PC": 100.0, "X_LLC": 4452000, "NUTS2021_3": "ITH32", "NUTS2021_2": "ITH3", "DIST_COAST": 50476.5, "NUTS2021_1": "ITH", "NUTS2021_0": "IT", "NUTS2024_3": "ITH32", "NUTS2024_2": "ITH3", "NUTS2024_1": "ITH", "NUTS2024_0": "IT" }, "geometry": { "type": "Point", "coordinates": [ 11.686653658122877, 45.711736237146397 ] } },
{ "type": "Feature", "properties": { "DIST_BORD": 122782.64, "TOT_P_2018": 1709.0, "TOT_P_2006": 1196.0, "GRD_ID": "CRS3035RES1000mN2512000E4453000", "TOT_P_2011": 1715.0, "TOT_P_2021": 1661.0, "Y_LLC": 2512000, "CNTR_ID": "IT", "NUTS2016_3": "ITH32", "NUTS2016_2": "ITH3", "NUTS2016_1": "ITH", "NUTS2016_0": "IT", "LAND_PC": 100.0, "X_LLC": 4453000, "NUTS2021_3": "ITH32", "NUTS2021_2": "ITH3", "DIST_COAST": 49755.61, "NUTS2021_1": "ITH", "NUTS2021_0": "IT", "NUTS2024_3": "ITH32", "NUTS2024_2": "ITH3", "NUTS2024_1": "ITH", "NUTS2024_0": "IT" }, "geometry": { "type": "Point", "coordinates": [ 11.699476084894011, 45.711531502017898 ] } },
{ "type": "Feature", "properties": { "DIST_BORD": 122342.16, "TOT_P_2018": 125.0, "TOT_P_2006": 41.0, "GRD_ID": "CRS3035RES1000mN2512000E4454000", "TOT_P_2011": 120.0, "TOT_P_2021": 200.0, "Y_LLC": 2512000, "CNTR_ID": "IT", "NUTS2016_3": "ITH32", "NUTS2016_2": "ITH3", "NUTS2016_1": "ITH", "NUTS2016_0": "IT", "LAND_PC": 100.0, "X_LLC": 4454000, "NUTS2021_3": "ITH32", "NUTS2021_2": "ITH3", "DIST_COAST": 49044.51, "NUTS2021_1": "ITH", "NUTS2021_0": "IT", "NUTS2024_3": "ITH32", "NUTS2024_2": "ITH3", "NUTS2024_1": "ITH", "NUTS2024_0": "IT" }, "geometry": { "type": "Point", "coordinates": [ 11.712298424671173, 45.711325216641875 ] } },
{ "type": "Feature", "properties": { "DIST_BORD": 121908.29, "TOT_P_2018": 683.0, "TOT_P_2006": 606.0, "GRD_ID": "CRS3035RES1000mN2512000E4455000", "TOT_P_2011": 672.0, "TOT_P_2021": 673.0, "Y_LLC": 2512000, "CNTR_ID": "IT", "NUTS2016_3": "ITH32", "NUTS2016_2": "ITH3", "NUTS2016_1": "ITH", "NUTS2016_0": "IT", "LAND_PC": 100.0, "X_LLC": 4455000, "NUTS2021_3": "ITH32", "NUTS2021_2": "ITH3", "DIST_COAST": 48343.64, "NUTS2021_1": "ITH", "NUTS2021_0": "IT", "NUTS2024_3": "ITH32", "NUTS2024_2": "ITH3", "NUTS2024_1": "ITH", "NUTS2024_0": "IT" }, "geometry": { "type": "Point", "coordinates": [ 11.725120676516854, 45.711117380968588 ] } },
{ "type": "Feature", "properties": { "DIST_BORD": 121481.11, "TOT_P_2018": 272.0, "TOT_P_2006": 263.0, "GRD_ID": "CRS3035RES1000mN2512000E4456000", "TOT_P_2011": 268.0, "TOT_P_2021": 292.0, "Y_LLC": 2512000, "CNTR_ID": "IT", "NUTS2016_3": "ITH32", "NUTS2016_2": "ITH3", "NUTS2016_1": "ITH", "NUTS2016_0": "IT", "LAND_PC": 100.0, "X_LLC": 4456000, "NUTS2021_3": "ITH32", "NUTS2021_2": "ITH3", "DIST_COAST": 47653.44, "NUTS2021_1": "ITH", "NUTS2021_0": "IT", "NUTS2024_3": "ITH32", "NUTS2024_2": "ITH3", "NUTS2024_1": "ITH", "NUTS2024_0": "IT" }, "geometry": { "type": "Point", "coordinates": [ 11.737942839877132, 45.710907995050412 ] } },
{ "type": "Feature", "properties": { "DIST_BORD": 121060.67, "TOT_P_2018": 120.0, "TOT_P_2006": 77.0, "GRD_ID": "CRS3035RES1000mN2512000E4457000", "TOT_P_2011": 110.0, "TOT_P_2021": 160.0, "Y_LLC": 2512000, "CNTR_ID": "IT", "NUTS2016_3": "ITH32", "NUTS2016_2": "ITH3", "NUTS2016_1": "ITH", "NUTS2016_0": "IT", "LAND_PC": 100.0, "X_LLC": 4457000, "NUTS2021_3": "ITH32", "NUTS2021_2": "ITH3", "DIST_COAST": 46974.39, "NUTS2021_1": "ITH", "NUTS2021_0": "IT", "NUTS2024_3": "ITH32", "NUTS2024_2": "ITH3", "NUTS2024_1": "ITH", "NUTS2024_0": "IT" }, "geometry": { "type": "Point", "coordinates": [ 11.750764914177395, 45.710697058931387 ] } },
{ "type": "Feature", "properties": { "DIST_BORD": 120647.06, "TOT_P_2018": 871.0, "TOT_P_2006": 839.0, "GRD_ID": "CRS3035RES1000mN2512000E4458000", "TOT_P_2011": 857.0, "TOT_P_2021": 787.0, "Y_LLC": 2512000, "CNTR_ID": "IT", "NUTS2016_3": "ITH32", "NUTS2016_2": "ITH3", "NUTS2016_1": "ITH", "NUTS2016_0": "IT", "LAND_PC": 100.0, "X_LLC": 4458000, "NUTS2021_3": "ITH32", "NUTS2021_2": "ITH3", "DIST_COAST": 46306.98, "NUTS2021_1": "ITH", "NUTS2021_0": "IT", "NUTS2024_3": "ITH32", "NUTS2024_2": "ITH3", "NUTS2024_1": "ITH", "NUTS2024_0": "IT" }, "geometry": { "type": "Point", "coordinates": [ 11.763586898758247, 45.710484572654323 ] } },
{ "type": "Feature", "properties": { "DIST_BORD": 120240.35, "TOT_P_2018": 158.0, "TOT_P_2006": 71.0, "GRD_ID": "CRS3035RES1000mN2512000E4459000", "TOT_P_2011": 151.0, "TOT_P_2021": 161.0, "Y_LLC": 2512000, "CNTR_ID": "IT", "NUTS2016_3": "ITH32", "NUTS2016_2": "ITH3", "NUTS2016_1": "ITH", "NUTS2016_0": "IT", "LAND_PC": 100.0, "X_LLC": 4459000, "NUTS2021_3": "ITH32", "NUTS2021_2": "ITH3", "DIST_COAST": 45651.73, "NUTS2021_1": "ITH", "NUTS2021_0": "IT", "NUTS2024_3": "ITH32", "NUTS2024_2": "ITH3", "NUTS2024_1": "ITH", "NUTS2024_0": "IT" }, "geometry": { "type": "Point", "coordinates": [ 11.776408792740392, 45.710270536131894 ] } },
{ "type": "Feature", "properties": { "DIST_BORD": 119840.6, "TOT_P_2018": 610.0, "TOT_P_2006": 792.0, "GRD_ID": "CRS3035RES1000mN2512000E4460000", "TOT_P_2011": 621.0, "TOT_P_2021": 589.0, "Y_LLC": 2512000, "CNTR_ID": "IT", "NUTS2016_3": "ITH32", "NUTS2016_2": "ITH3", "NUTS2016_1": "ITH", "NUTS2016_0": "IT", "LAND_PC": 100.0, "X_LLC": 4460000, "NUTS2021_3": "ITH32", "NUTS2021_2": "ITH3", "DIST_COAST": 45009.15, "NUTS2021_1": "ITH", "NUTS2021_0": "IT", "NUTS2024_3": "ITH32", "NUTS2024_2": "ITH3", "NUTS2024_1": "ITH", "NUTS2024_0": "IT" }, "geometry": { "type": "Point", "coordinates": [ 11.789230595778001, 45.710054949470681 ] } },
{ "type": "Feature", "properties": { "DIST_BORD": 119447.88, "TOT_P_2018": 1453.0, "TOT_P_2006": 1325.0, "GRD_ID": "CRS3035RES1000mN2512000E4461000", "TOT_P_2011": 1507.0, "TOT_P_2021": 1742.0, "Y_LLC": 2512000, "CNTR_ID": "IT", "NUTS2016_3": "ITH32-ITH34", "NUTS2016_2": "ITH3", "NUTS2016_1": "ITH", "NUTS2016_0": "IT", "LAND_PC": 100.0, "X_LLC": 4461000, "NUTS2021_3": "ITH32-ITH34", "NUTS2021_2": "ITH3", "DIST_COAST": 44379.8, "NUTS2021_1": "ITH", "NUTS2021_0": "IT", "NUTS2024_3": "ITH32-ITH34", "NUTS2024_2": "ITH3", "NUTS2024_1": "ITH", "NUTS2024_0": "IT" }, "geometry": { "type": "Point", "coordinates": [ 11.80205230708383, 45.709837812617778 ] } },
{ "type": "Feature", "properties": { "DIST_BORD": 119062.27, "TOT_P_2018": 740.0, "TOT_P_2006": 455.0, "GRD_ID": "CRS3035RES1000mN2512000E4462000", "TOT_P_2011": 735.0, "TOT_P_2021": 751.0, "Y_LLC": 2512000, "CNTR_ID": "IT", "NUTS2016_3": "ITH32-ITH34", "NUTS2016_2": "ITH3", "NUTS2016_1": "ITH", "NUTS2016_0": "IT", "LAND_PC": 100.0, "X_LLC": 4462000, "NUTS2021_3": "ITH32-ITH34", "NUTS2021_2": "ITH3", "DIST_COAST": 43764.25, "NUTS2021_1": "ITH", "NUTS2021_0": "IT", "NUTS2024_3": "ITH32-ITH34", "NUTS2024_2": "ITH3", "NUTS2024_1": "ITH", "NUTS2024_0": "IT" }, "geometry": { "type": "Point", "coordinates": [ 11.814873925883933, 45.709619125716479 ] } },
{ "type": "Feature", "properties": { "DIST_BORD": 124019.47, "TOT_P_2018": 179.0, "TOT_P_2006": 30.0, "GRD_ID": "CRS3035RES1000mN2513000E4445000", "TOT_P_2011": 188.0, "TOT_P_2021": 211.0, "Y_LLC": 2513000, "CNTR_ID": "IT", "NUTS2016_3": "ITH32", "NUTS2016_2": "ITH3", "NUTS2016_1": "ITH", "NUTS2016_0": "IT", "LAND_PC": 100.0, "X_LLC": 4445000, "NUTS2021_3": "ITH32", "NUTS2021_2": "ITH3", "DIST_COAST": 56392.7, "NUTS2021_1": "ITH", "NUTS2021_0": "IT", "NUTS2024_3": "ITH32", "NUTS2024_2": "ITH3", "NUTS2024_1": "ITH", "NUTS2024_0": "IT" }, "geometry": { "type": "Point", "coordinates": [ 11.597157545214635, 45.722133263373813 ] } },
{ "type": "Feature", "properties": { "DIST_BORD": 124396.58, "TOT_P_2018": 960.0, "TOT_P_2006": 1019.0, "GRD_ID": "CRS3035RES1000mN2513000E4446000", "TOT_P_2011": 1012.0, "TOT_P_2021": 1051.0, "Y_LLC": 2513000, "CNTR_ID": "IT", "NUTS2016_3": "ITH32", "NUTS2016_2": "ITH3", "NUTS2016_1": "ITH", "NUTS2016_0": "IT", "LAND_PC": 100.0, "X_LLC": 4446000, "NUTS2021_3": "ITH32", "NUTS2021_2": "ITH3", "DIST_COAST": 55622.66, "NUTS2021_1": "ITH", "NUTS2021_0": "IT", "NUTS2024_3": "ITH32", "NUTS2024_2": "ITH3", "NUTS2024_1": "ITH", "NUTS2024_0": "IT" }, "geometry": { "type": "Point", "coordinates": [ 11.609982675969793, 45.721939343662484 ] } },
{ "type": "Feature", "properties": { "DIST_BORD": 124685.0, "TOT_P_2018": 423.0, "TOT_P_2006": 858.0, "GRD_ID": "CRS3035RES1000mN2513000E4447000", "TOT_P_2011": 428.0, "TOT_P_2021": 347.0, "Y_LLC": 2513000, "CNTR_ID": "IT", "NUTS2016_3": "ITH32", "NUTS2016_2": "ITH3", "NUTS2016_1": "ITH", "NUTS2016_0": "IT", "LAND_PC": 100.0, "X_LLC": 4447000, "NUTS2021_3": "ITH32", "NUTS2021_2": "ITH3", "DIST_COAST": 54860.03, "NUTS2021_1": "ITH", "NUTS2021_0": "IT", "NUTS2024_3": "ITH32", "NUTS2024_2": "ITH3", "NUTS2024_1": "ITH", "NUTS2024_0": "IT" }, "geometry": { "type": "Point", "coordinates": [ 11.622807724180712, 45.721743873189951 ] } },
{ "type": "Feature", "properties": { "DIST_BORD": 124202.96, "TOT_P_2018": 150.0, "TOT_P_2006": 159.0, "GRD_ID": "CRS3035RES1000mN2513000E4448000", "TOT_P_2011": 152.0, "TOT_P_2021": 170.0, "Y_LLC": 2513000, "CNTR_ID": "IT", "NUTS2016_3": "ITH32", "NUTS2016_2": "ITH3", "NUTS2016_1": "ITH", "NUTS2016_0": "IT", "LAND_PC": 100.0, "X_LLC": 4448000, "NUTS2021_3": "ITH32", "NUTS2021_2": "ITH3", "DIST_COAST": 54105.14, "NUTS2021_1": "ITH", "NUTS2021_0": "IT", "NUTS2024_3": "ITH32", "NUTS2024_2": "ITH3", "NUTS2024_1": "ITH", "NUTS2024_0": "IT" }, "geometry": { "type": "Point", "coordinates": [ 11.635632689120005, 45.721546852120476 ] } },
{ "type": "Feature", "properties": { "DIST_BORD": 123727.13, "TOT_P_2018": 254.0, "TOT_P_2006": 60.0, "GRD_ID": "CRS3035RES1000mN2513000E4449000", "TOT_P_2011": 231.0, "TOT_P_2021": 157.0, "Y_LLC": 2513000, "CNTR_ID": "IT", "NUTS2016_3": "ITH32", "NUTS2016_2": "ITH3", "NUTS2016_1": "ITH", "NUTS2016_0": "IT", "LAND_PC": 100.0, "X_LLC": 4449000, "NUTS2021_3": "ITH32", "NUTS2021_2": "ITH3", "DIST_COAST": 53358.31, "NUTS2021_1": "ITH", "NUTS2021_0": "IT", "NUTS2024_3": "ITH32", "NUTS2024_2": "ITH3", "NUTS2024_1": "ITH", "NUTS2024_0": "IT" }, "geometry": { "type": "Point", "coordinates": [ 11.648457570116509, 45.721348280400512 ] } },
{ "type": "Feature", "properties": { "DIST_BORD": 123257.58, "TOT_P_2018": 135.0, "TOT_P_2006": 55.0, "GRD_ID": "CRS3035RES1000mN2513000E4450000", "TOT_P_2011": 130.0, "TOT_P_2021": 99.0, "Y_LLC": 2513000, "CNTR_ID": "IT", "NUTS2016_3": "ITH32", "NUTS2016_2": "ITH3", "NUTS2016_1": "ITH", "NUTS2016_0": "IT", "LAND_PC": 100.0, "X_LLC": 4450000, "NUTS2021_3": "ITH32", "NUTS2021_2": "ITH3", "DIST_COAST": 52619.89, "NUTS2021_1": "ITH", "NUTS2021_0": "IT", "NUTS2024_3": "ITH32", "NUTS2024_2": "ITH3", "NUTS2024_1": "ITH", "NUTS2024_0": "IT" }, "geometry": { "type": "Point", "coordinates": [ 11.661282366499025, 45.721148158015481 ] } },
{ "type": "Feature", "properties": { "DIST_BORD": 122794.38, "TOT_P_2018": 1342.0, "TOT_P_2006": 1321.0, "GRD_ID": "CRS3035RES1000mN2513000E4451000", "TOT_P_2011": 1383.0, "TOT_P_2021": 1243.0, "Y_LLC": 2513000, "CNTR_ID": "IT", "NUTS2016_3": "ITH32", "NUTS2016_2": "ITH3", "NUTS2016_1": "ITH", "NUTS2016_0": "IT", "LAND_PC": 100.0, "X_LLC": 4451000, "NUTS2021_3": "ITH32", "NUTS2021_2": "ITH3", "DIST_COAST": 51890.23, "NUTS2021_1": "ITH", "NUTS2021_0": "IT", "NUTS2024_3": "ITH32", "NUTS2024_2": "ITH3", "NUTS2024_1": "ITH", "NUTS2024_0": "IT" }, "geometry": { "type": "Point", "coordinates": [ 11.674107077737615, 45.720946484941173 ] } },
{ "type": "Feature", "properties": { "DIST_BORD": 122337.59, "TOT_P_2018": 346.0, "TOT_P_2006": 289.0, "GRD_ID": "CRS3035RES1000mN2513000E4452000", "TOT_P_2011": 362.0, "TOT_P_2021": 317.0, "Y_LLC": 2513000, "CNTR_ID": "IT", "NUTS2016_3": "ITH32", "NUTS2016_2": "ITH3", "NUTS2016_1": "ITH", "NUTS2016_0": "IT", "LAND_PC": 100.0, "X_LLC": 4452000, "NUTS2021_3": "ITH32", "NUTS2021_2": "ITH3", "DIST_COAST": 51169.71, "NUTS2021_1": "ITH", "NUTS2021_0": "IT", "NUTS2024_3": "ITH32", "NUTS2024_2": "ITH3", "NUTS2024_1": "ITH", "NUTS2024_0": "IT" }, "geometry": { "type": "Point", "coordinates": [ 11.686931703077461, 45.720743261456285 ] } },
{ "type": "Feature", "properties": { "DIST_BORD": 121887.3, "TOT_P_2018": 958.0, "TOT_P_2006": 657.0, "GRD_ID": "CRS3035RES1000mN2513000E4453000", "TOT_P_2011": 936.0, "TOT_P_2021": 889.0, "Y_LLC": 2513000, "CNTR_ID": "IT", "NUTS2016_3": "ITH32", "NUTS2016_2": "ITH3", "NUTS2016_1": "ITH", "NUTS2016_0": "IT", "LAND_PC": 100.0, "X_LLC": 4453000, "NUTS2021_3": "ITH32", "NUTS2021_2": "ITH3", "DIST_COAST": 50458.72, "NUTS2021_1": "ITH", "NUTS2021_0": "IT", "NUTS2024_3": "ITH32", "NUTS2024_2": "ITH3", "NUTS2024_1": "ITH", "NUTS2024_0": "IT" }, "geometry": { "type": "Point", "coordinates": [ 11.699756241740754, 45.720538487236105 ] } },
{ "type": "Feature", "properties": { "DIST_BORD": 121443.57, "TOT_P_2018": 142.0, "TOT_P_2006": 118.0, "GRD_ID": "CRS3035RES1000mN2513000E4454000", "TOT_P_2011": 137.0, "TOT_P_2021": 143.0, "Y_LLC": 2513000, "CNTR_ID": "IT", "NUTS2016_3": "ITH32", "NUTS2016_2": "ITH3", "NUTS2016_1": "ITH", "NUTS2016_0": "IT", "LAND_PC": 100.0, "X_LLC": 4454000, "NUTS2021_3": "ITH32", "NUTS2021_2": "ITH3", "DIST_COAST": 49757.67, "NUTS2021_1": "ITH", "NUTS2021_0": "IT", "NUTS2024_3": "ITH32", "NUTS2024_2": "ITH3", "NUTS2024_1": "ITH", "NUTS2024_0": "IT" }, "geometry": { "type": "Point", "coordinates": [ 11.712580693281414, 45.720332162507226 ] } },
{ "type": "Feature", "properties": { "DIST_BORD": 121006.48, "TOT_P_2018": 309.0, "TOT_P_2006": 649.0, "GRD_ID": "CRS3035RES1000mN2513000E4455000", "TOT_P_2011": 288.0, "TOT_P_2021": 140.0, "Y_LLC": 2513000, "CNTR_ID": "IT", "NUTS2016_3": "ITH32", "NUTS2016_2": "ITH3", "NUTS2016_1": "ITH", "NUTS2016_0": "IT", "LAND_PC": 100.0, "X_LLC": 4455000, "NUTS2021_3": "ITH32", "NUTS2021_2": "ITH3", "DIST_COAST": 49066.98, "NUTS2021_1": "ITH", "NUTS2021_0": "IT", "NUTS2024_3": "ITH32", "NUTS2024_2": "ITH3", "NUTS2024_1": "ITH", "NUTS2024_0": "IT" }, "geometry": { "type": "Point", "coordinates": [ 11.725405056924449, 45.720124287250059 ] } },
{ "type": "Feature", "properties": { "DIST_BORD": 120576.1, "TOT_P_2018": 284.0, "TOT_P_2006": 340.0, "GRD_ID": "CRS3035RES1000mN2513000E4456000", "TOT_P_2011": 275.0, "TOT_P_2021": 333.0, "Y_LLC": 2513000, "CNTR_ID": "IT", "NUTS2016_3": "ITH32", "NUTS2016_2": "ITH3", "NUTS2016_1": "ITH", "NUTS2016_0": "IT", "LAND_PC": 100.0, "X_LLC": 4456000, "NUTS2021_3": "ITH32", "NUTS2021_2": "ITH3", "DIST_COAST": 48387.11, "NUTS2021_1": "ITH", "NUTS2021_0": "IT", "NUTS2024_3": "ITH32", "NUTS2024_2": "ITH3", "NUTS2024_1": "ITH", "NUTS2024_0": "IT" }, "geometry": { "type": "Point", "coordinates": [ 11.738229331959465, 45.719914861383906 ] } },
{ "type": "Feature", "properties": { "DIST_BORD": 120152.5, "TOT_P_2018": 515.0, "TOT_P_2006": 263.0, "GRD_ID": "CRS3035RES1000mN2513000E4457000", "TOT_P_2011": 454.0, "TOT_P_2021": 537.0, "Y_LLC": 2513000, "CNTR_ID": "IT", "NUTS2016_3": "ITH32", "NUTS2016_2": "ITH3", "NUTS2016_1": "ITH", "NUTS2016_0": "IT", "LAND_PC": 100.0, "X_LLC": 4457000, "NUTS2021_3": "ITH32", "NUTS2021_2": "ITH3", "DIST_COAST": 47718.5, "NUTS2021_1": "ITH", "NUTS2021_0": "IT", "NUTS2024_3": "ITH32", "NUTS2024_2": "ITH3", "NUTS2024_1": "ITH", "NUTS2024_0": "IT" }, "geometry": { "type": "Point", "coordinates": [ 11.751053518041426, 45.719703885085011 ] } },
{ "type": "Feature", "properties": { "DIST_BORD": 119735.76, "TOT_P_2018": 1990.0, "TOT_P_2006": 1578.0, "GRD_ID": "CRS3035RES1000mN2513000E4458000", "TOT_P_2011": 1955.0, "TOT_P_2021": 2365.0, "Y_LLC": 2513000, "CNTR_ID": "IT", "NUTS2016_3": "ITH32", "NUTS2016_2": "ITH3", "NUTS2016_1": "ITH", "NUTS2016_0": "IT", "LAND_PC": 100.0, "X_LLC": 4458000, "NUTS2021_3": "ITH32", "NUTS2021_2": "ITH3", "DIST_COAST": 47061.65, "NUTS2021_1": "ITH", "NUTS2021_0": "IT", "NUTS2024_3": "ITH32", "NUTS2024_2": "ITH3", "NUTS2024_1": "ITH", "NUTS2024_0": "IT" }, "geometry": { "type": "Point", "coordinates": [ 11.763877614016883, 45.719491358201651 ] } },
{ "type": "Feature", "properties": { "DIST_BORD": 119325.94, "TOT_P_2018": 756.0, "TOT_P_2006": 689.0, "GRD_ID": "CRS3035RES1000mN2513000E4459000", "TOT_P_2011": 675.0, "TOT_P_2021": 601.0, "Y_LLC": 2513000, "CNTR_ID": "IT", "NUTS2016_3": "ITH32", "NUTS2016_2": "ITH3", "NUTS2016_1": "ITH", "NUTS2016_0": "IT", "LAND_PC": 100.0, "X_LLC": 4459000, "NUTS2021_3": "ITH32", "NUTS2021_2": "ITH3", "DIST_COAST": 46417.04, "NUTS2021_1": "ITH", "NUTS2021_0": "IT", "NUTS2024_3": "ITH32", "NUTS2024_2": "ITH3", "NUTS2024_1": "ITH", "NUTS2024_0": "IT" }, "geometry": { "type": "Point", "coordinates": [ 11.776701619734636, 45.719277280862784 ] } },
{ "type": "Feature", "properties": { "DIST_BORD": 118923.12, "TOT_P_2018": 497.0, "TOT_P_2006": 450.0, "GRD_ID": "CRS3035RES1000mN2513000E4460000", "TOT_P_2011": 472.0, "TOT_P_2021": 401.0, "Y_LLC": 2513000, "CNTR_ID": "IT", "NUTS2016_3": "ITH32", "NUTS2016_2": "ITH3", "NUTS2016_1": "ITH", "NUTS2016_0": "IT", "LAND_PC": 100.0, "X_LLC": 4460000, "NUTS2021_3": "ITH32", "NUTS2021_2": "ITH3", "DIST_COAST": 45785.21, "NUTS2021_1": "ITH", "NUTS2021_0": "IT", "NUTS2024_3": "ITH32", "NUTS2024_2": "ITH3", "NUTS2024_1": "ITH", "NUTS2024_0": "IT" }, "geometry": { "type": "Point", "coordinates": [ 11.789525534128822, 45.719061653133181 ] } },
{ "type": "Feature", "properties": { "DIST_BORD": 118527.36, "TOT_P_2018": 470.0, "TOT_P_2006": 327.0, "GRD_ID": "CRS3035RES1000mN2513000E4461000", "TOT_P_2011": 481.0, "TOT_P_2021": 514.0, "Y_LLC": 2513000, "CNTR_ID": "IT", "NUTS2016_3": "ITH32-ITH34", "NUTS2016_2": "ITH3", "NUTS2016_1": "ITH", "NUTS2016_0": "IT", "LAND_PC": 100.0, "X_LLC": 4461000, "NUTS2021_3": "ITH32-ITH34", "NUTS2021_2": "ITH3", "DIST_COAST": 45166.67, "NUTS2021_1": "ITH", "NUTS2021_0": "IT", "NUTS2024_3": "ITH32-ITH34", "NUTS2024_2": "ITH3", "NUTS2024_1": "ITH", "NUTS2024_0": "IT" }, "geometry": { "type": "Point", "coordinates": [ 11.802349356806678, 45.718844474889572 ] } },
{ "type": "Feature", "properties": { "DIST_BORD": 118138.74, "TOT_P_2018": 335.0, "TOT_P_2006": 215.0, "GRD_ID": "CRS3035RES1000mN2513000E4462000", "TOT_P_2011": 339.0, "TOT_P_2021": 406.0, "Y_LLC": 2513000, "CNTR_ID": "IT", "NUTS2016_3": "ITH32-ITH34", "NUTS2016_2": "ITH3", "NUTS2016_1": "ITH", "NUTS2016_0": "IT", "LAND_PC": 100.0, "X_LLC": 4462000, "NUTS2021_3": "ITH32-ITH34", "NUTS2021_2": "ITH3", "DIST_COAST": 44562.0, "NUTS2021_1": "ITH", "NUTS2021_0": "IT", "NUTS2024_3": "ITH32-ITH34", "NUTS2024_2": "ITH3", "NUTS2024_1": "ITH", "NUTS2024_0": "IT" }, "geometry": { "type": "Point", "coordinates": [ 11.815173087035504, 45.718625746244797 ] } },
{ "type": "Feature", "properties": { "DIST_BORD": 123092.47, "TOT_P_2018": 3.0, "TOT_P_2006": 0.0, "GRD_ID": "CRS3035RES1000mN2514000E4445000", "TOT_P_2011": 130.0, "TOT_P_2021": 187.0, "Y_LLC": 2514000, "CNTR_ID": "IT", "NUTS2016_3": "ITH32", "NUTS2016_2": "ITH3", "NUTS2016_1": "ITH", "NUTS2016_0": "IT", "LAND_PC": 100.0, "X_LLC": 4445000, "NUTS2021_3": "ITH32", "NUTS2021_2": "ITH3", "DIST_COAST": 57031.56, "NUTS2021_1": "ITH", "NUTS2021_0": "IT", "NUTS2024_3": "ITH32", "NUTS2024_2": "ITH3", "NUTS2024_1": "ITH", "NUTS2024_0": "IT" }, "geometry": { "type": "Point", "coordinates": [ 11.597420918379195, 45.731140500213662 ] } },
{ "type": "Feature", "properties": { "DIST_BORD": 123472.42, "TOT_P_2018": 499.0, "TOT_P_2006": 360.0, "GRD_ID": "CRS3035RES1000mN2514000E4446000", "TOT_P_2011": 533.0, "TOT_P_2021": 516.0, "Y_LLC": 2514000, "CNTR_ID": "IT", "NUTS2016_3": "ITH32", "NUTS2016_2": "ITH3", "NUTS2016_1": "ITH", "NUTS2016_0": "IT", "LAND_PC": 100.0, "X_LLC": 4446000, "NUTS2021_3": "ITH32", "NUTS2021_2": "ITH3", "DIST_COAST": 56270.26, "NUTS2021_1": "ITH", "NUTS2021_0": "IT", "NUTS2024_3": "ITH32", "NUTS2024_2": "ITH3", "NUTS2024_1": "ITH", "NUTS2024_0": "IT" }, "geometry": { "type": "Point", "coordinates": [ 11.610248162354676, 45.730946543471333 ] } },
{ "type": "Feature", "properties": { "DIST_BORD": 123811.49, "TOT_P_2018": 396.0, "TOT_P_2006": 1250.0, "GRD_ID": "CRS3035RES1000mN2514000E4447000", "TOT_P_2011": 398.0, "TOT_P_2021": 412.0, "Y_LLC": 2514000, "CNTR_ID": "IT", "NUTS2016_3": "ITH32", "NUTS2016_2": "ITH3", "NUTS2016_1": "ITH", "NUTS2016_0": "IT", "LAND_PC": 100.0, "X_LLC": 4447000, "NUTS2021_3": "ITH32", "NUTS2021_2": "ITH3", "DIST_COAST": 55516.53, "NUTS2021_1": "ITH", "NUTS2021_0": "IT", "NUTS2024_3": "ITH32", "NUTS2024_2": "ITH3", "NUTS2024_1": "ITH", "NUTS2024_0": "IT" }, "geometry": { "type": "Point", "coordinates": [ 11.623075323651193, 45.73075103575011 ] } },
{ "type": "Feature", "properties": { "DIST_BORD": 123326.05, "TOT_P_2018": 446.0, "TOT_P_2006": 536.0, "GRD_ID": "CRS3035RES1000mN2514000E4448000", "TOT_P_2011": 426.0, "TOT_P_2021": 488.0, "Y_LLC": 2514000, "CNTR_ID": "IT", "NUTS2016_3": "ITH32", "NUTS2016_2": "ITH3", "NUTS2016_1": "ITH", "NUTS2016_0": "IT", "LAND_PC": 100.0, "X_LLC": 4448000, "NUTS2021_3": "ITH32", "NUTS2021_2": "ITH3", "DIST_COAST": 54770.69, "NUTS2021_1": "ITH", "NUTS2021_0": "IT", "NUTS2024_3": "ITH32", "NUTS2024_2": "ITH3", "NUTS2024_1": "ITH", "NUTS2024_0": "IT" }, "geometry": { "type": "Point", "coordinates": [ 11.635902401697917, 45.730553977037125 ] } },
{ "type": "Feature", "properties": { "DIST_BORD": 122846.82, "TOT_P_2018": 421.0, "TOT_P_2006": 320.0, "GRD_ID": "CRS3035RES1000mN2514000E4449000", "TOT_P_2011": 399.0, "TOT_P_2021": 272.0, "Y_LLC": 2514000, "CNTR_ID": "IT", "NUTS2016_3": "ITH32", "NUTS2016_2": "ITH3", "NUTS2016_1": "ITH", "NUTS2016_0": "IT", "LAND_PC": 100.0, "X_LLC": 4449000, "NUTS2021_3": "ITH32", "NUTS2021_2": "ITH3", "DIST_COAST": 54033.06, "NUTS2021_1": "ITH", "NUTS2021_0": "IT", "NUTS2024_3": "ITH32", "NUTS2024_2": "ITH3", "NUTS2024_1": "ITH", "NUTS2024_0": "IT" }, "geometry": { "type": "Point", "coordinates": [ 11.648729395723782, 45.730355367378912 ] } },
{ "type": "Feature", "properties": { "DIST_BORD": 122373.89, "TOT_P_2018": 365.0, "TOT_P_2006": 245.0, "GRD_ID": "CRS3035RES1000mN2514000E4450000", "TOT_P_2011": 270.0, "TOT_P_2021": 239.0, "Y_LLC": 2514000, "CNTR_ID": "IT", "NUTS2016_3": "ITH32", "NUTS2016_2": "ITH3", "NUTS2016_1": "ITH", "NUTS2016_0": "IT", "LAND_PC": 100.0, "X_LLC": 4450000, "NUTS2021_3": "ITH32", "NUTS2021_2": "ITH3", "DIST_COAST": 53303.98, "NUTS2021_1": "ITH", "NUTS2021_0": "IT", "NUTS2024_3": "ITH32", "NUTS2024_2": "ITH3", "NUTS2024_1": "ITH", "NUTS2024_0": "IT" }, "geometry": { "type": "Point", "coordinates": [ 11.661556305056163, 45.73015520686954 ] } },
{ "type": "Feature", "properties": { "DIST_BORD": 121907.33, "TOT_P_2018": 1127.0, "TOT_P_2006": 997.0, "GRD_ID": "CRS3035RES1000mN2514000E4451000", "TOT_P_2011": 1180.0, "TOT_P_2021": 1151.0, "Y_LLC": 2514000, "CNTR_ID": "IT", "NUTS2016_3": "ITH32", "NUTS2016_2": "ITH3", "NUTS2016_1": "ITH", "NUTS2016_0": "IT", "LAND_PC": 100.0, "X_LLC": 4451000, "NUTS2021_3": "ITH32", "NUTS2021_2": "ITH3", "DIST_COAST": 52583.82, "NUTS2021_1": "ITH", "NUTS2021_0": "IT", "NUTS2024_3": "ITH32", "NUTS2024_2": "ITH3", "NUTS2024_1": "ITH", "NUTS2024_0": "IT" }, "geometry": { "type": "Point", "coordinates": [ 11.674383129181257, 45.729953495455575 ] } },
{ "type": "Feature", "properties": { "DIST_BORD": 121447.21, "TOT_P_2018": 1010.0, "TOT_P_2006": 864.0, "GRD_ID": "CRS3035RES1000mN2514000E4452000", "TOT_P_2011": 1024.0, "TOT_P_2021": 1068.0, "Y_LLC": 2514000, "CNTR_ID": "IT", "NUTS2016_3": "ITH32", "NUTS2016_2": "ITH3", "NUTS2016_1": "ITH", "NUTS2016_0": "IT", "LAND_PC": 100.0, "X_LLC": 4452000, "NUTS2021_3": "ITH32", "NUTS2021_2": "ITH3", "DIST_COAST": 51872.93, "NUTS2021_1": "ITH", "NUTS2021_0": "IT", "NUTS2024_3": "ITH32", "NUTS2024_2": "ITH3", "NUTS2024_1": "ITH", "NUTS2024_0": "IT" }, "geometry": { "type": "Point", "coordinates": [ 11.687209867313031, 45.729750232990881 ] } },
{ "type": "Feature", "properties": { "DIST_BORD": 120993.6, "TOT_P_2018": 201.0, "TOT_P_2006": 482.0, "GRD_ID": "CRS3035RES1000mN2514000E4453000", "TOT_P_2011": 180.0, "TOT_P_2021": 171.0, "Y_LLC": 2514000, "CNTR_ID": "IT", "NUTS2016_3": "ITH32", "NUTS2016_2": "ITH3", "NUTS2016_1": "ITH", "NUTS2016_0": "IT", "LAND_PC": 100.0, "X_LLC": 4453000, "NUTS2021_3": "ITH32", "NUTS2021_2": "ITH3", "DIST_COAST": 51171.71, "NUTS2021_1": "ITH", "NUTS2021_0": "IT", "NUTS2024_3": "ITH32", "NUTS2024_2": "ITH3", "NUTS2024_1": "ITH", "NUTS2024_0": "IT" }, "geometry": { "type": "Point", "coordinates": [ 11.700036518777626, 45.729545419776102 ] } },
{ "type": "Feature", "properties": { "DIST_BORD": 120546.59, "TOT_P_2018": 20.0, "TOT_P_2006": 29.0, "GRD_ID": "CRS3035RES1000mN2514000E4454000", "TOT_P_2011": 17.0, "TOT_P_2021": 30.0, "Y_LLC": 2514000, "CNTR_ID": "IT", "NUTS2016_3": "ITH32", "NUTS2016_2": "ITH3", "NUTS2016_1": "ITH", "NUTS2016_0": "IT", "LAND_PC": 100.0, "X_LLC": 4454000, "NUTS2021_3": "ITH32", "NUTS2021_2": "ITH3", "DIST_COAST": 50480.57, "NUTS2021_1": "ITH", "NUTS2021_0": "IT", "NUTS2024_3": "ITH32", "NUTS2024_2": "ITH3", "NUTS2024_1": "ITH", "NUTS2024_0": "IT" }, "geometry": { "type": "Point", "coordinates": [ 11.712863083113891, 45.729339055689415 ] } },
{ "type": "Feature", "properties": { "DIST_BORD": 120106.23, "TOT_P_2018": 1248.0, "TOT_P_2006": 750.0, "GRD_ID": "CRS3035RES1000mN2514000E4455000", "TOT_P_2011": 1228.0, "TOT_P_2021": 1157.0, "Y_LLC": 2514000, "CNTR_ID": "IT", "NUTS2016_3": "ITH32", "NUTS2016_2": "ITH3", "NUTS2016_1": "ITH", "NUTS2016_0": "IT", "LAND_PC": 100.0, "X_LLC": 4455000, "NUTS2021_3": "ITH32", "NUTS2021_2": "ITH3", "DIST_COAST": 49799.91, "NUTS2021_1": "ITH", "NUTS2021_0": "IT", "NUTS2024_3": "ITH32", "NUTS2024_2": "ITH3", "NUTS2024_1": "ITH", "NUTS2024_0": "IT" }, "geometry": { "type": "Point", "coordinates": [ 11.725689559395223, 45.729131140680259 ] } },
{ "type": "Feature", "properties": { "DIST_BORD": 119672.61, "TOT_P_2018": 900.0, "TOT_P_2006": 546.0, "GRD_ID": "CRS3035RES1000mN2514000E4456000", "TOT_P_2011": 863.0, "TOT_P_2021": 991.0, "Y_LLC": 2514000, "CNTR_ID": "IT", "NUTS2016_3": "ITH32", "NUTS2016_2": "ITH3", "NUTS2016_1": "ITH", "NUTS2016_0": "IT", "LAND_PC": 100.0, "X_LLC": 4456000, "NUTS2021_3": "ITH32", "NUTS2021_2": "ITH3", "DIST_COAST": 49130.18, "NUTS2021_1": "ITH", "NUTS2021_0": "IT", "NUTS2024_3": "ITH32", "NUTS2024_2": "ITH3", "NUTS2024_1": "ITH", "NUTS2024_0": "IT" }, "geometry": { "type": "Point", "coordinates": [ 11.738515947052917, 45.728921674943315 ] } },
{ "type": "Feature", "properties": { "DIST_BORD": 119245.81, "TOT_P_2018": 663.0, "TOT_P_2006": 683.0, "GRD_ID": "CRS3035RES1000mN2514000E4457000", "TOT_P_2011": 643.0, "TOT_P_2021": 707.0, "Y_LLC": 2514000, "CNTR_ID": "IT", "NUTS2016_3": "ITH32", "NUTS2016_2": "ITH3", "NUTS2016_1": "ITH", "NUTS2016_0": "IT", "LAND_PC": 100.0, "X_LLC": 4457000, "NUTS2021_3": "ITH32", "NUTS2021_2": "ITH3", "DIST_COAST": 48471.82, "NUTS2021_1": "ITH", "NUTS2021_0": "IT", "NUTS2024_3": "ITH32", "NUTS2024_2": "ITH3", "NUTS2024_1": "ITH", "NUTS2024_0": "IT" }, "geometry": { "type": "Point", "coordinates": [ 11.751342245693959, 45.728710658313553 ] } },
{ "type": "Feature", "properties": { "DIST_BORD": 118825.88, "TOT_P_2018": 1535.0, "TOT_P_2006": 2172.0, "GRD_ID": "CRS3035RES1000mN2514000E4458000", "TOT_P_2011": 1510.0, "TOT_P_2021": 1905.0, "Y_LLC": 2514000, "CNTR_ID": "IT", "NUTS2016_3": "ITH32", "NUTS2016_2": "ITH3", "NUTS2016_1": "ITH", "NUTS2016_0": "IT", "LAND_PC": 100.0, "X_LLC": 4458000, "NUTS2021_3": "ITH32", "NUTS2021_2": "ITH3", "DIST_COAST": 47825.31, "NUTS2021_1": "ITH", "NUTS2021_0": "IT", "NUTS2024_3": "ITH32", "NUTS2024_2": "ITH3", "NUTS2024_1": "ITH", "NUTS2024_0": "IT" }, "geometry": { "type": "Point", "coordinates": [ 11.764168454171928, 45.728498090990783 ] } },
{ "type": "Feature", "properties": { "DIST_BORD": 118412.91, "TOT_P_2018": 300.0, "TOT_P_2006": 446.0, "GRD_ID": "CRS3035RES1000mN2514000E4459000", "TOT_P_2011": 291.0, "TOT_P_2021": 386.0, "Y_LLC": 2514000, "CNTR_ID": "IT", "NUTS2016_3": "ITH32", "NUTS2016_2": "ITH3", "NUTS2016_1": "ITH", "NUTS2016_0": "IT", "LAND_PC": 100.0, "X_LLC": 4459000, "NUTS2021_3": "ITH32", "NUTS2021_2": "ITH3", "DIST_COAST": 47191.14, "NUTS2021_1": "ITH", "NUTS2021_0": "IT", "NUTS2024_3": "ITH32", "NUTS2024_2": "ITH3", "NUTS2024_1": "ITH", "NUTS2024_0": "IT" }, "geometry": { "type": "Point", "coordinates": [ 11.776994572328954, 45.72828397286154 ] } },
{ "type": "Feature", "properties": { "DIST_BORD": 118006.97, "TOT_P_2018": 990.0, "TOT_P_2006": 1654.0, "GRD_ID": "CRS3035RES1000mN2514000E4460000", "TOT_P_2011": 881.0, "TOT_P_2021": 1060.0, "Y_LLC": 2514000, "CNTR_ID": "IT", "NUTS2016_3": "ITH32", "NUTS2016_2": "ITH3", "NUTS2016_1": "ITH", "NUTS2016_0": "IT", "LAND_PC": 100.0, "X_LLC": 4460000, "NUTS2021_3": "ITH32", "NUTS2021_2": "ITH3", "DIST_COAST": 46569.81, "NUTS2021_1": "ITH", "NUTS2021_0": "IT", "NUTS2024_3": "ITH32", "NUTS2024_2": "ITH3", "NUTS2024_1": "ITH", "NUTS2024_0": "IT" }, "geometry": { "type": "Point", "coordinates": [ 11.789820599073982, 45.728068303892449 ] } },
{ "type": "Feature", "properties": { "DIST_BORD": 117608.13, "TOT_P_2018": 1195.0, "TOT_P_2006": 1188.0, "GRD_ID": "CRS3035RES1000mN2514000E4461000", "TOT_P_2011": 1080.0, "TOT_P_2021": 915.0, "Y_LLC": 2514000, "CNTR_ID": "IT", "NUTS2016_3": "ITH32-ITH34", "NUTS2016_2": "ITH3", "NUTS2016_1": "ITH", "NUTS2016_0": "IT", "LAND_PC": 100.0, "X_LLC": 4461000, "NUTS2021_3": "ITH32-ITH34", "NUTS2021_2": "ITH3", "DIST_COAST": 45961.84, "NUTS2021_1": "ITH", "NUTS2021_0": "IT", "NUTS2024_3": "ITH32-ITH34", "NUTS2024_2": "ITH3", "NUTS2024_1": "ITH", "NUTS2024_0": "IT" }, "geometry": { "type": "Point", "coordinates": [ 11.8026465341477, 45.727851084285 ] } },
{ "type": "Feature", "properties": { "DIST_BORD": 117216.47, "TOT_P_2018": 326.0, "TOT_P_2006": 76.0, "GRD_ID": "CRS3035RES1000mN2514000E4462000", "TOT_P_2011": 191.0, "TOT_P_2021": 410.0, "Y_LLC": 2514000, "CNTR_ID": "IT", "NUTS2016_3": "ITH32-ITH34", "NUTS2016_2": "ITH3", "NUTS2016_1": "ITH", "NUTS2016_0": "IT", "LAND_PC": 100.0, "X_LLC": 4462000, "NUTS2021_3": "ITH32-ITH34", "NUTS2021_2": "ITH3", "DIST_COAST": 45367.76, "NUTS2021_1": "ITH", "NUTS2021_0": "IT", "NUTS2024_3": "ITH32-ITH34", "NUTS2024_2": "ITH3", "NUTS2024_1": "ITH", "NUTS2024_0": "IT" }, "geometry": { "type": "Point", "coordinates": [ 11.815472376471295, 45.727632313875141 ] } },
{ "type": "Feature", "properties": { "DIST_BORD": 122166.62, "TOT_P_2018": 246.0, "TOT_P_2006": 0.0, "GRD_ID": "CRS3035RES1000mN2515000E4445000", "TOT_P_2011": 264.0, "TOT_P_2021": 324.0, "Y_LLC": 2515000, "CNTR_ID": "IT", "NUTS2016_3": "ITH32", "NUTS2016_2": "ITH3", "NUTS2016_1": "ITH", "NUTS2016_0": "IT", "LAND_PC": 100.0, "X_LLC": 4445000, "NUTS2021_3": "ITH32", "NUTS2021_2": "ITH3", "DIST_COAST": 57680.68, "NUTS2021_1": "ITH", "NUTS2021_0": "IT", "NUTS2024_3": "ITH32", "NUTS2024_2": "ITH3", "NUTS2024_1": "ITH", "NUTS2024_0": "IT" }, "geometry": { "type": "Point", "coordinates": [ 11.597684404638509, 45.74014768456604 ] } },
{ "type": "Feature", "properties": { "DIST_BORD": 122549.44, "TOT_P_2018": 396.0, "TOT_P_2006": 161.0, "GRD_ID": "CRS3035RES1000mN2515000E4446000", "TOT_P_2011": 423.0, "TOT_P_2021": 417.0, "Y_LLC": 2515000, "CNTR_ID": "IT", "NUTS2016_3": "ITH32", "NUTS2016_2": "ITH3", "NUTS2016_1": "ITH", "NUTS2016_0": "IT", "LAND_PC": 100.0, "X_LLC": 4446000, "NUTS2021_3": "ITH32", "NUTS2021_2": "ITH3", "DIST_COAST": 56928.06, "NUTS2021_1": "ITH", "NUTS2021_0": "IT", "NUTS2024_3": "ITH32", "NUTS2024_2": "ITH3", "NUTS2024_1": "ITH", "NUTS2024_0": "IT" }, "geometry": { "type": "Point", "coordinates": [ 11.610513762652655, 45.739953690802331 ] } },
{ "type": "Feature", "properties": { "DIST_BORD": 122939.2, "TOT_P_2018": 680.0, "TOT_P_2006": 571.0, "GRD_ID": "CRS3035RES1000mN2515000E4447000", "TOT_P_2011": 671.0, "TOT_P_2021": 607.0, "Y_LLC": 2515000, "CNTR_ID": "IT", "NUTS2016_3": "ITH32", "NUTS2016_2": "ITH3", "NUTS2016_1": "ITH", "NUTS2016_0": "IT", "LAND_PC": 100.0, "X_LLC": 4447000, "NUTS2021_3": "ITH32", "NUTS2021_2": "ITH3", "DIST_COAST": 56183.15, "NUTS2021_1": "ITH", "NUTS2021_0": "IT", "NUTS2024_3": "ITH32", "NUTS2024_2": "ITH3", "NUTS2024_1": "ITH", "NUTS2024_0": "IT" }, "geometry": { "type": "Point", "coordinates": [ 11.62334303804054, 45.739758145735379 ] } },
{ "type": "Feature", "properties": { "DIST_BORD": 122451.02, "TOT_P_2018": 1141.0, "TOT_P_2006": 1088.0, "GRD_ID": "CRS3035RES1000mN2515000E4448000", "TOT_P_2011": 1091.0, "TOT_P_2021": 1165.0, "Y_LLC": 2515000, "CNTR_ID": "IT", "NUTS2016_3": "ITH32", "NUTS2016_2": "ITH3", "NUTS2016_1": "ITH", "NUTS2016_0": "IT", "LAND_PC": 100.0, "X_LLC": 4448000, "NUTS2021_3": "ITH32", "NUTS2021_2": "ITH3", "DIST_COAST": 55446.28, "NUTS2021_1": "ITH", "NUTS2021_0": "IT", "NUTS2024_3": "ITH32", "NUTS2024_2": "ITH3", "NUTS2024_1": "ITH", "NUTS2024_0": "IT" }, "geometry": { "type": "Point", "coordinates": [ 11.636172230096459, 45.739561049503614 ] } },
{ "type": "Feature", "properties": { "DIST_BORD": 121968.35, "TOT_P_2018": 1789.0, "TOT_P_2006": 2268.0, "GRD_ID": "CRS3035RES1000mN2515000E4449000", "TOT_P_2011": 1707.0, "TOT_P_2021": 1880.0, "Y_LLC": 2515000, "CNTR_ID": "IT", "NUTS2016_3": "ITH32", "NUTS2016_2": "ITH3", "NUTS2016_1": "ITH", "NUTS2016_0": "IT", "LAND_PC": 100.0, "X_LLC": 4449000, "NUTS2021_3": "ITH32", "NUTS2021_2": "ITH3", "DIST_COAST": 54717.76, "NUTS2021_1": "ITH", "NUTS2021_0": "IT", "NUTS2024_3": "ITH32", "NUTS2024_2": "ITH3", "NUTS2024_1": "ITH", "NUTS2024_0": "IT" }, "geometry": { "type": "Point", "coordinates": [ 11.649001337984584, 45.739362402012475 ] } },
{ "type": "Feature", "properties": { "DIST_BORD": 121492.0, "TOT_P_2018": 1515.0, "TOT_P_2006": 2222.0, "GRD_ID": "CRS3035RES1000mN2515000E4450000", "TOT_P_2011": 1447.0, "TOT_P_2021": 1555.0, "Y_LLC": 2515000, "CNTR_ID": "IT", "NUTS2016_3": "ITH32", "NUTS2016_2": "ITH3", "NUTS2016_1": "ITH", "NUTS2016_0": "IT", "LAND_PC": 100.0, "X_LLC": 4450000, "NUTS2021_3": "ITH32", "NUTS2021_2": "ITH3", "DIST_COAST": 53997.93, "NUTS2021_1": "ITH", "NUTS2021_0": "IT", "NUTS2024_3": "ITH32", "NUTS2024_2": "ITH3", "NUTS2024_1": "ITH", "NUTS2024_0": "IT" }, "geometry": { "type": "Point", "coordinates": [ 11.661830361207352, 45.739162203237235 ] } },
{ "type": "Feature", "properties": { "DIST_BORD": 121022.04, "TOT_P_2018": 26.0, "TOT_P_2006": 0.0, "GRD_ID": "CRS3035RES1000mN2515000E4451000", "TOT_P_2011": 135.0, "TOT_P_2021": 116.0, "Y_LLC": 2515000, "CNTR_ID": "IT", "NUTS2016_3": "ITH32", "NUTS2016_2": "ITH3", "NUTS2016_1": "ITH", "NUTS2016_0": "IT", "LAND_PC": 100.0, "X_LLC": 4451000, "NUTS2021_3": "ITH32", "NUTS2021_2": "ITH3", "DIST_COAST": 53287.15, "NUTS2021_1": "ITH", "NUTS2021_0": "IT", "NUTS2024_3": "ITH32", "NUTS2024_2": "ITH3", "NUTS2024_1": "ITH", "NUTS2024_0": "IT" }, "geometry": { "type": "Point", "coordinates": [ 11.67465929914937, 45.738960453230646 ] } },
{ "type": "Feature", "properties": { "DIST_BORD": 120558.54, "TOT_P_2018": 308.0, "TOT_P_2006": 788.0, "GRD_ID": "CRS3035RES1000mN2515000E4452000", "TOT_P_2011": 291.0, "TOT_P_2021": 306.0, "Y_LLC": 2515000, "CNTR_ID": "IT", "NUTS2016_3": "ITH32", "NUTS2016_2": "ITH3", "NUTS2016_1": "ITH", "NUTS2016_0": "IT", "LAND_PC": 100.0, "X_LLC": 4452000, "NUTS2021_3": "ITH32", "NUTS2021_2": "ITH3", "DIST_COAST": 52585.77, "NUTS2021_1": "ITH", "NUTS2021_0": "IT", "NUTS2024_3": "ITH32", "NUTS2024_2": "ITH3", "NUTS2024_1": "ITH", "NUTS2024_0": "IT" }, "geometry": { "type": "Point", "coordinates": [ 11.687488151064464, 45.738757152133836 ] } },
{ "type": "Feature", "properties": { "DIST_BORD": 120101.58, "TOT_P_2018": 109.0, "TOT_P_2006": 256.0, "GRD_ID": "CRS3035RES1000mN2515000E4453000", "TOT_P_2011": 110.0, "TOT_P_2021": 105.0, "Y_LLC": 2515000, "CNTR_ID": "IT", "NUTS2016_3": "ITH32", "NUTS2016_2": "ITH3", "NUTS2016_1": "ITH", "NUTS2016_0": "IT", "LAND_PC": 100.0, "X_LLC": 4453000, "NUTS2021_3": "ITH32", "NUTS2021_2": "ITH3", "DIST_COAST": 51894.18, "NUTS2021_1": "ITH", "NUTS2021_0": "IT", "NUTS2024_3": "ITH32", "NUTS2024_2": "ITH3", "NUTS2024_1": "ITH", "NUTS2024_0": "IT" }, "geometry": { "type": "Point", "coordinates": [ 11.700316916191422, 45.738552299813399 ] } },
{ "type": "Feature", "properties": { "DIST_BORD": 119651.23, "TOT_P_2018": 239.0, "TOT_P_2006": 336.0, "GRD_ID": "CRS3035RES1000mN2515000E4454000", "TOT_P_2011": 217.0, "TOT_P_2021": 222.0, "Y_LLC": 2515000, "CNTR_ID": "IT", "NUTS2016_3": "ITH32", "NUTS2016_2": "ITH3", "NUTS2016_1": "ITH", "NUTS2016_0": "IT", "LAND_PC": 100.0, "X_LLC": 4454000, "NUTS2021_3": "ITH32", "NUTS2021_2": "ITH3", "DIST_COAST": 51212.79, "NUTS2021_1": "ITH", "NUTS2021_0": "IT", "NUTS2024_3": "ITH32", "NUTS2024_2": "ITH3", "NUTS2024_1": "ITH", "NUTS2024_0": "IT" }, "geometry": { "type": "Point", "coordinates": [ 11.71314559414842, 45.738345896268392 ] } },
{ "type": "Feature", "properties": { "DIST_BORD": 119207.57, "TOT_P_2018": 416.0, "TOT_P_2006": 551.0, "GRD_ID": "CRS3035RES1000mN2515000E4455000", "TOT_P_2011": 351.0, "TOT_P_2021": 289.0, "Y_LLC": 2515000, "CNTR_ID": "IT", "NUTS2016_3": "ITH32", "NUTS2016_2": "ITH3", "NUTS2016_1": "ITH", "NUTS2016_0": "IT", "LAND_PC": 100.0, "X_LLC": 4455000, "NUTS2021_3": "ITH32", "NUTS2021_2": "ITH3", "DIST_COAST": 50541.99, "NUTS2021_1": "ITH", "NUTS2021_0": "IT", "NUTS2024_3": "ITH32", "NUTS2024_2": "ITH3", "NUTS2024_1": "ITH", "NUTS2024_0": "IT" }, "geometry": { "type": "Point", "coordinates": [ 11.725974184013561, 45.738137941655538 ] } },
{ "type": "Feature", "properties": { "DIST_BORD": 118770.67, "TOT_P_2018": 472.0, "TOT_P_2006": 448.0, "GRD_ID": "CRS3035RES1000mN2515000E4456000", "TOT_P_2011": 447.0, "TOT_P_2021": 382.0, "Y_LLC": 2515000, "CNTR_ID": "IT", "NUTS2016_3": "ITH32", "NUTS2016_2": "ITH3", "NUTS2016_1": "ITH", "NUTS2016_0": "IT", "LAND_PC": 100.0, "X_LLC": 4456000, "NUTS2021_3": "ITH32", "NUTS2021_2": "ITH3", "DIST_COAST": 49882.22, "NUTS2021_1": "ITH", "NUTS2021_0": "IT", "NUTS2024_3": "ITH32", "NUTS2024_2": "ITH3", "NUTS2024_1": "ITH", "NUTS2024_0": "IT" }, "geometry": { "type": "Point", "coordinates": [ 11.738802685237024, 45.737928435973018 ] } },
{ "type": "Feature", "properties": { "DIST_BORD": 118340.61, "TOT_P_2018": 282.0, "TOT_P_2006": 853.0, "GRD_ID": "CRS3035RES1000mN2515000E4457000", "TOT_P_2011": 256.0, "TOT_P_2021": 179.0, "Y_LLC": 2515000, "CNTR_ID": "IT", "NUTS2016_3": "ITH32", "NUTS2016_2": "ITH3", "NUTS2016_1": "ITH", "NUTS2016_0": "IT", "LAND_PC": 100.0, "X_LLC": 4457000, "NUTS2021_3": "ITH32", "NUTS2021_2": "ITH3", "DIST_COAST": 49233.92, "NUTS2021_1": "ITH", "NUTS2021_0": "IT", "NUTS2024_3": "ITH32", "NUTS2024_2": "ITH3", "NUTS2024_1": "ITH", "NUTS2024_0": "IT" }, "geometry": { "type": "Point", "coordinates": [ 11.751631097280356, 45.73771737908806 ] } },
{ "type": "Feature", "properties": { "DIST_BORD": 117917.46, "TOT_P_2018": 981.0, "TOT_P_2006": 1149.0, "GRD_ID": "CRS3035RES1000mN2515000E4458000", "TOT_P_2011": 941.0, "TOT_P_2021": 521.0, "Y_LLC": 2515000, "CNTR_ID": "IT", "NUTS2016_3": "ITH32", "NUTS2016_2": "ITH3", "NUTS2016_1": "ITH", "NUTS2016_0": "IT", "LAND_PC": 100.0, "X_LLC": 4458000, "NUTS2021_3": "ITH32", "NUTS2021_2": "ITH3", "DIST_COAST": 48597.56, "NUTS2021_1": "ITH", "NUTS2021_0": "IT", "NUTS2024_3": "ITH32", "NUTS2024_2": "ITH3", "NUTS2024_1": "ITH", "NUTS2024_0": "IT" }, "geometry": { "type": "Point", "coordinates": [ 11.764459419218014, 45.737504771141047 ] } },
{ "type": "Feature", "properties": { "DIST_BORD": 117501.3, "TOT_P_2018": 230.0, "TOT_P_2006": 364.0, "GRD_ID": "CRS3035RES1000mN2515000E4459000", "TOT_P_2011": 176.0, "TOT_P_2021": 272.0, "Y_LLC": 2515000, "CNTR_ID": "IT", "NUTS2016_3": "ITH32", "NUTS2016_2": "ITH3", "NUTS2016_1": "ITH", "NUTS2016_0": "IT", "LAND_PC": 100.0, "X_LLC": 4459000, "NUTS2021_3": "ITH32", "NUTS2021_2": "ITH3", "DIST_COAST": 47973.59, "NUTS2021_1": "ITH", "NUTS2021_0": "IT", "NUTS2024_3": "ITH32", "NUTS2024_2": "ITH3", "NUTS2024_1": "ITH", "NUTS2024_0": "IT" }, "geometry": { "type": "Point", "coordinates": [ 11.777287650595715, 45.737290612145578 ] } },
{ "type": "Feature", "properties": { "DIST_BORD": 117092.2, "TOT_P_2018": 1155.0, "TOT_P_2006": 1754.0, "GRD_ID": "CRS3035RES1000mN2515000E4460000", "TOT_P_2011": 1103.0, "TOT_P_2021": 1140.0, "Y_LLC": 2515000, "CNTR_ID": "IT", "NUTS2016_3": "ITH32-ITH34", "NUTS2016_2": "ITH3", "NUTS2016_1": "ITH", "NUTS2016_0": "IT", "LAND_PC": 100.0, "X_LLC": 4460000, "NUTS2021_3": "ITH32-ITH34", "NUTS2021_2": "ITH3", "DIST_COAST": 47362.53, "NUTS2021_1": "ITH", "NUTS2021_0": "IT", "NUTS2024_3": "ITH32-ITH34", "NUTS2024_2": "ITH3", "NUTS2024_1": "ITH", "NUTS2024_0": "IT" }, "geometry": { "type": "Point", "coordinates": [ 11.790115790720243, 45.737074902041506 ] } },
{ "type": "Feature", "properties": { "DIST_BORD": 116690.23, "TOT_P_2018": 699.0, "TOT_P_2006": 380.0, "GRD_ID": "CRS3035RES1000mN2515000E4461000", "TOT_P_2011": 612.0, "TOT_P_2021": 434.0, "Y_LLC": 2515000, "CNTR_ID": "IT", "NUTS2016_3": "ITH32-ITH34", "NUTS2016_2": "ITH3", "NUTS2016_1": "ITH", "NUTS2016_0": "IT", "LAND_PC": 100.0, "X_LLC": 4461000, "NUTS2021_3": "ITH32-ITH34", "NUTS2021_2": "ITH3", "DIST_COAST": 46764.86, "NUTS2021_1": "ITH", "NUTS2021_0": "IT", "NUTS2024_3": "ITH32-ITH34", "NUTS2024_2": "ITH3", "NUTS2024_1": "ITH", "NUTS2024_0": "IT" }, "geometry": { "type": "Point", "coordinates": [ 11.802943838966204, 45.736857640949658 ] } },
{ "type": "Feature", "properties": { "DIST_BORD": 116295.48, "TOT_P_2018": 415.0, "TOT_P_2006": 87.0, "GRD_ID": "CRS3035RES1000mN2515000E4462000", "TOT_P_2011": 368.0, "TOT_P_2021": 704.0, "Y_LLC": 2515000, "CNTR_ID": "IT", "NUTS2016_3": "ITH32-ITH34", "NUTS2016_2": "ITH3", "NUTS2016_1": "ITH", "NUTS2016_0": "IT", "LAND_PC": 100.0, "X_LLC": 4462000, "NUTS2021_3": "ITH32-ITH34", "NUTS2021_2": "ITH3", "DIST_COAST": 46181.12, "NUTS2021_1": "ITH", "NUTS2021_0": "IT", "NUTS2024_3": "ITH32-ITH34", "NUTS2024_2": "ITH3", "NUTS2024_1": "ITH", "NUTS2024_0": "IT" }, "geometry": { "type": "Point", "coordinates": [ 11.815771794620971, 45.736638828804892 ] } },
{ "type": "Feature", "properties": { "DIST_BORD": 121241.95, "TOT_P_2018": 109.0, "TOT_P_2006": 0.0, "GRD_ID": "CRS3035RES1000mN2516000E4445000", "TOT_P_2011": 105.0, "TOT_P_2021": 78.0, "Y_LLC": 2516000, "CNTR_ID": "IT", "NUTS2016_3": "ITH32", "NUTS2016_2": "ITH3", "NUTS2016_1": "ITH", "NUTS2016_0": "IT", "LAND_PC": 100.0, "X_LLC": 4445000, "NUTS2021_3": "ITH32", "NUTS2021_2": "ITH3", "DIST_COAST": 58339.71, "NUTS2021_1": "ITH", "NUTS2021_0": "IT", "NUTS2024_3": "ITH32", "NUTS2024_2": "ITH3", "NUTS2024_1": "ITH", "NUTS2024_0": "IT" }, "geometry": { "type": "Point", "coordinates": [ 11.597948004074238, 45.749154816495086 ] } },
{ "type": "Feature", "properties": { "DIST_BORD": 121627.68, "TOT_P_2018": 367.0, "TOT_P_2006": 0.0, "GRD_ID": "CRS3035RES1000mN2516000E4446000", "TOT_P_2011": 361.0, "TOT_P_2021": 247.0, "Y_LLC": 2516000, "CNTR_ID": "IT", "NUTS2016_3": "ITH32", "NUTS2016_2": "ITH3", "NUTS2016_1": "ITH", "NUTS2016_0": "IT", "LAND_PC": 100.0, "X_LLC": 4446000, "NUTS2021_3": "ITH32", "NUTS2021_2": "ITH3", "DIST_COAST": 57595.71, "NUTS2021_1": "ITH", "NUTS2021_0": "IT", "NUTS2024_3": "ITH32", "NUTS2024_2": "ITH3", "NUTS2024_1": "ITH", "NUTS2024_0": "IT" }, "geometry": { "type": "Point", "coordinates": [ 11.610779477113072, 45.748960785720705 ] } },
{ "type": "Feature", "properties": { "DIST_BORD": 122020.39, "TOT_P_2018": 188.0, "TOT_P_2006": 27.0, "GRD_ID": "CRS3035RES1000mN2516000E4447000", "TOT_P_2011": 179.0, "TOT_P_2021": 223.0, "Y_LLC": 2516000, "CNTR_ID": "IT", "NUTS2016_3": "ITH32", "NUTS2016_2": "ITH3", "NUTS2016_1": "ITH", "NUTS2016_0": "IT", "LAND_PC": 100.0, "X_LLC": 4447000, "NUTS2021_3": "ITH32", "NUTS2021_2": "ITH3", "DIST_COAST": 56859.55, "NUTS2021_1": "ITH", "NUTS2021_0": "IT", "NUTS2024_3": "ITH32", "NUTS2024_2": "ITH3", "NUTS2024_1": "ITH", "NUTS2024_0": "IT" }, "geometry": { "type": "Point", "coordinates": [ 11.623610867420631, 45.748765203412745 ] } },
{ "type": "Feature", "properties": { "DIST_BORD": 121577.92, "TOT_P_2018": 121.0, "TOT_P_2006": 53.0, "GRD_ID": "CRS3035RES1000mN2516000E4448000", "TOT_P_2011": 116.0, "TOT_P_2021": 107.0, "Y_LLC": 2516000, "CNTR_ID": "IT", "NUTS2016_3": "ITH32", "NUTS2016_2": "ITH3", "NUTS2016_1": "ITH", "NUTS2016_0": "IT", "LAND_PC": 100.0, "X_LLC": 4448000, "NUTS2021_3": "ITH32", "NUTS2021_2": "ITH3", "DIST_COAST": 56131.56, "NUTS2021_1": "ITH", "NUTS2021_0": "IT", "NUTS2024_3": "ITH32", "NUTS2024_2": "ITH3", "NUTS2024_1": "ITH", "NUTS2024_0": "IT" }, "geometry": { "type": "Point", "coordinates": [ 11.636442174326151, 45.748568069463374 ] } },
{ "type": "Feature", "properties": { "DIST_BORD": 121091.77, "TOT_P_2018": 521.0, "TOT_P_2006": 644.0, "GRD_ID": "CRS3035RES1000mN2516000E4449000", "TOT_P_2011": 501.0, "TOT_P_2021": 443.0, "Y_LLC": 2516000, "CNTR_ID": "IT", "NUTS2016_3": "ITH32", "NUTS2016_2": "ITH3", "NUTS2016_1": "ITH", "NUTS2016_0": "IT", "LAND_PC": 100.0, "X_LLC": 4449000, "NUTS2021_3": "ITH32", "NUTS2021_2": "ITH3", "DIST_COAST": 55412.05, "NUTS2021_1": "ITH", "NUTS2021_0": "IT", "NUTS2024_3": "ITH32", "NUTS2024_2": "ITH3", "NUTS2024_1": "ITH", "NUTS2024_0": "IT" }, "geometry": { "type": "Point", "coordinates": [ 11.649273397030273, 45.748369384011795 ] } },
{ "type": "Feature", "properties": { "DIST_BORD": 120611.96, "TOT_P_2018": 2801.0, "TOT_P_2006": 2791.0, "GRD_ID": "CRS3035RES1000mN2516000E4450000", "TOT_P_2011": 2686.0, "TOT_P_2021": 3062.0, "Y_LLC": 2516000, "CNTR_ID": "IT", "NUTS2016_3": "ITH32", "NUTS2016_2": "ITH3", "NUTS2016_1": "ITH", "NUTS2016_0": "IT", "LAND_PC": 100.0, "X_LLC": 4450000, "NUTS2021_3": "ITH32", "NUTS2021_2": "ITH3", "DIST_COAST": 54701.36, "NUTS2021_1": "ITH", "NUTS2021_0": "IT", "NUTS2024_3": "ITH32", "NUTS2024_2": "ITH3", "NUTS2024_1": "ITH", "NUTS2024_0": "IT" }, "geometry": { "type": "Point", "coordinates": [ 11.662104535097605, 45.748169147098935 ] } },
{ "type": "Feature", "properties": { "DIST_BORD": 120138.55, "TOT_P_2018": 706.0, "TOT_P_2006": 623.0, "GRD_ID": "CRS3035RES1000mN2516000E4451000", "TOT_P_2011": 662.0, "TOT_P_2021": 646.0, "Y_LLC": 2516000, "CNTR_ID": "IT", "NUTS2016_3": "ITH32", "NUTS2016_2": "ITH3", "NUTS2016_1": "ITH", "NUTS2016_0": "IT", "LAND_PC": 100.0, "X_LLC": 4451000, "NUTS2021_3": "ITH32", "NUTS2021_2": "ITH3", "DIST_COAST": 53999.83, "NUTS2021_1": "ITH", "NUTS2021_0": "IT", "NUTS2024_3": "ITH32", "NUTS2024_2": "ITH3", "NUTS2024_1": "ITH", "NUTS2024_0": "IT" }, "geometry": { "type": "Point", "coordinates": [ 11.674935587681093, 45.747967358661199 ] } },
{ "type": "Feature", "properties": { "DIST_BORD": 119671.63, "TOT_P_2018": 229.0, "TOT_P_2006": 87.0, "GRD_ID": "CRS3035RES1000mN2516000E4452000", "TOT_P_2011": 210.0, "TOT_P_2021": 235.0, "Y_LLC": 2516000, "CNTR_ID": "IT", "NUTS2016_3": "ITH32", "NUTS2016_2": "ITH3", "NUTS2016_1": "ITH", "NUTS2016_0": "IT", "LAND_PC": 100.0, "X_LLC": 4452000, "NUTS2021_3": "ITH32", "NUTS2021_2": "ITH3", "DIST_COAST": 53307.83, "NUTS2021_1": "ITH", "NUTS2021_0": "IT", "NUTS2024_3": "ITH32", "NUTS2024_2": "ITH3", "NUTS2024_1": "ITH", "NUTS2024_0": "IT" }, "geometry": { "type": "Point", "coordinates": [ 11.68776655424182, 45.747764018656092 ] } },
{ "type": "Feature", "properties": { "DIST_BORD": 119211.27, "TOT_P_2018": 919.0, "TOT_P_2006": 2086.0, "GRD_ID": "CRS3035RES1000mN2516000E4453000", "TOT_P_2011": 927.0, "TOT_P_2021": 922.0, "Y_LLC": 2516000, "CNTR_ID": "IT", "NUTS2016_3": "ITH32", "NUTS2016_2": "ITH3", "NUTS2016_1": "ITH", "NUTS2016_0": "IT", "LAND_PC": 100.0, "X_LLC": 4453000, "NUTS2021_3": "ITH32", "NUTS2021_2": "ITH3", "DIST_COAST": 52625.74, "NUTS2021_1": "ITH", "NUTS2021_0": "IT", "NUTS2024_3": "ITH32", "NUTS2024_2": "ITH3", "NUTS2024_1": "ITH", "NUTS2024_0": "IT" }, "geometry": { "type": "Point", "coordinates": [ 11.700597433970009, 45.747559127226538 ] } },
{ "type": "Feature", "properties": { "DIST_BORD": 118757.55, "TOT_P_2018": 805.0, "TOT_P_2006": 1154.0, "GRD_ID": "CRS3035RES1000mN2516000E4454000", "TOT_P_2011": 817.0, "TOT_P_2021": 825.0, "Y_LLC": 2516000, "CNTR_ID": "IT", "NUTS2016_3": "ITH32", "NUTS2016_2": "ITH3", "NUTS2016_1": "ITH", "NUTS2016_0": "IT", "LAND_PC": 100.0, "X_LLC": 4454000, "NUTS2021_3": "ITH32", "NUTS2021_2": "ITH3", "DIST_COAST": 51953.94, "NUTS2021_1": "ITH", "NUTS2021_0": "IT", "NUTS2024_3": "ITH32", "NUTS2024_2": "ITH3", "NUTS2024_1": "ITH", "NUTS2024_0": "IT" }, "geometry": { "type": "Point", "coordinates": [ 11.713428226554669, 45.747352684379536 ] } },
{ "type": "Feature", "properties": { "DIST_BORD": 118310.54, "TOT_P_2018": 1623.0, "TOT_P_2006": 3162.0, "GRD_ID": "CRS3035RES1000mN2516000E4455000", "TOT_P_2011": 1644.0, "TOT_P_2021": 1901.0, "Y_LLC": 2516000, "CNTR_ID": "IT", "NUTS2016_3": "ITH32", "NUTS2016_2": "ITH3", "NUTS2016_1": "ITH", "NUTS2016_0": "IT", "LAND_PC": 100.0, "X_LLC": 4455000, "NUTS2021_3": "ITH32", "NUTS2021_2": "ITH3", "DIST_COAST": 51292.83, "NUTS2021_1": "ITH", "NUTS2021_0": "IT", "NUTS2024_3": "ITH32", "NUTS2024_2": "ITH3", "NUTS2024_1": "ITH", "NUTS2024_0": "IT" }, "geometry": { "type": "Point", "coordinates": [ 11.726258930868687, 45.747144690059173 ] } },
{ "type": "Feature", "properties": { "DIST_BORD": 117870.31, "TOT_P_2018": 579.0, "TOT_P_2006": 1309.0, "GRD_ID": "CRS3035RES1000mN2516000E4456000", "TOT_P_2011": 584.0, "TOT_P_2021": 311.0, "Y_LLC": 2516000, "CNTR_ID": "IT", "NUTS2016_3": "ITH32", "NUTS2016_2": "ITH3", "NUTS2016_1": "ITH", "NUTS2016_0": "IT", "LAND_PC": 100.0, "X_LLC": 4456000, "NUTS2021_3": "ITH32", "NUTS2021_2": "ITH3", "DIST_COAST": 50642.85, "NUTS2021_1": "ITH", "NUTS2021_0": "IT", "NUTS2024_3": "ITH32", "NUTS2024_2": "ITH3", "NUTS2024_1": "ITH", "NUTS2024_0": "IT" }, "geometry": { "type": "Point", "coordinates": [ 11.739089546534885, 45.746935144332554 ] } },
{ "type": "Feature", "properties": { "DIST_BORD": 117436.95, "TOT_P_2018": 805.0, "TOT_P_2006": 1899.0, "GRD_ID": "CRS3035RES1000mN2516000E4457000", "TOT_P_2011": 673.0, "TOT_P_2021": 731.0, "Y_LLC": 2516000, "CNTR_ID": "IT", "NUTS2016_3": "ITH32", "NUTS2016_2": "ITH3", "NUTS2016_1": "ITH", "NUTS2016_0": "IT", "LAND_PC": 100.0, "X_LLC": 4457000, "NUTS2021_3": "ITH32", "NUTS2021_2": "ITH3", "DIST_COAST": 50004.41, "NUTS2021_1": "ITH", "NUTS2021_0": "IT", "NUTS2024_3": "ITH32", "NUTS2024_2": "ITH3", "NUTS2024_1": "ITH", "NUTS2024_0": "IT" }, "geometry": { "type": "Point", "coordinates": [ 11.751920072809085, 45.746724047214215 ] } },
{ "type": "Feature", "properties": { "DIST_BORD": 117010.54, "TOT_P_2018": 875.0, "TOT_P_2006": 1520.0, "GRD_ID": "CRS3035RES1000mN2516000E4458000", "TOT_P_2011": 843.0, "TOT_P_2021": 793.0, "Y_LLC": 2516000, "CNTR_ID": "IT", "NUTS2016_3": "ITH32", "NUTS2016_2": "ITH3", "NUTS2016_1": "ITH", "NUTS2016_0": "IT", "LAND_PC": 100.0, "X_LLC": 4458000, "NUTS2021_3": "ITH32", "NUTS2021_2": "ITH3", "DIST_COAST": 49377.98, "NUTS2021_1": "ITH", "NUTS2021_0": "IT", "NUTS2024_3": "ITH32", "NUTS2024_2": "ITH3", "NUTS2024_1": "ITH", "NUTS2024_0": "IT" }, "geometry": { "type": "Point", "coordinates": [ 11.764750509286934, 45.746511398706183 ] } },
{ "type": "Feature", "properties": { "DIST_BORD": 116591.14, "TOT_P_2018": 391.0, "TOT_P_2006": 222.0, "GRD_ID": "CRS3035RES1000mN2516000E4459000", "TOT_P_2011": 361.0, "TOT_P_2021": 829.0, "Y_LLC": 2516000, "CNTR_ID": "IT", "NUTS2016_3": "ITH32", "NUTS2016_2": "ITH3", "NUTS2016_1": "ITH", "NUTS2016_0": "IT", "LAND_PC": 100.0, "X_LLC": 4459000, "NUTS2021_3": "ITH32", "NUTS2021_2": "ITH3", "DIST_COAST": 48764.0, "NUTS2021_1": "ITH", "NUTS2021_0": "IT", "NUTS2024_3": "ITH32", "NUTS2024_2": "ITH3", "NUTS2024_1": "ITH", "NUTS2024_0": "IT" }, "geometry": { "type": "Point", "coordinates": [ 11.777580854769004, 45.746297198791858 ] } },
{ "type": "Feature", "properties": { "DIST_BORD": 116178.83, "TOT_P_2018": 288.0, "TOT_P_2006": 334.0, "GRD_ID": "CRS3035RES1000mN2516000E4460000", "TOT_P_2011": 285.0, "TOT_P_2021": 352.0, "Y_LLC": 2516000, "CNTR_ID": "IT", "NUTS2016_3": "ITH32-ITH34", "NUTS2016_2": "ITH3", "NUTS2016_1": "ITH", "NUTS2016_0": "IT", "LAND_PC": 100.0, "X_LLC": 4460000, "NUTS2021_3": "ITH32-ITH34", "NUTS2021_2": "ITH3", "DIST_COAST": 48162.96, "NUTS2021_1": "ITH", "NUTS2021_0": "IT", "NUTS2024_3": "ITH32-ITH34", "NUTS2024_2": "ITH3", "NUTS2024_1": "ITH", "NUTS2024_0": "IT" }, "geometry": { "type": "Point", "coordinates": [ 11.790411109159145, 45.746081447611175 ] } },
{ "type": "Feature", "properties": { "DIST_BORD": 115773.7, "TOT_P_2018": 515.0, "TOT_P_2006": 107.0, "GRD_ID": "CRS3035RES1000mN2516000E4461000", "TOT_P_2011": 374.0, "TOT_P_2021": 314.0, "Y_LLC": 2516000, "CNTR_ID": "IT", "NUTS2016_3": "ITH32-ITH34", "NUTS2016_2": "ITH3", "NUTS2016_1": "ITH", "NUTS2016_0": "IT", "LAND_PC": 100.0, "X_LLC": 4461000, "NUTS2021_3": "ITH32-ITH34", "NUTS2021_2": "ITH3", "DIST_COAST": 47575.35, "NUTS2021_1": "ITH", "NUTS2021_0": "IT", "NUTS2024_3": "ITH32-ITH34", "NUTS2024_2": "ITH3", "NUTS2024_1": "ITH", "NUTS2024_0": "IT" }, "geometry": { "type": "Point", "coordinates": [ 11.803241271403984, 45.745864145014231 ] } },
{ "type": "Feature", "properties": { "DIST_BORD": 115375.8, "TOT_P_2018": 399.0, "TOT_P_2006": 155.0, "GRD_ID": "CRS3035RES1000mN2516000E4462000", "TOT_P_2011": 369.0, "TOT_P_2021": 410.0, "Y_LLC": 2516000, "CNTR_ID": "IT", "NUTS2016_3": "ITH32-ITH34", "NUTS2016_2": "ITH3", "NUTS2016_1": "ITH", "NUTS2016_0": "IT", "LAND_PC": 100.0, "X_LLC": 4462000, "NUTS2021_3": "ITH32-ITH34", "NUTS2021_2": "ITH3", "DIST_COAST": 46795.86, "NUTS2021_1": "ITH", "NUTS2021_0": "IT", "NUTS2024_3": "ITH32-ITH34", "NUTS2024_2": "ITH3", "NUTS2024_1": "ITH", "NUTS2024_0": "IT" }, "geometry": { "type": "Point", "coordinates": [ 11.816071341196327, 45.745645291174398 ] } },
{ "type": "Feature", "properties": { "DIST_BORD": 114985.23, "TOT_P_2018": 106.0, "TOT_P_2006": 10.0, "GRD_ID": "CRS3035RES1000mN2516000E4463000", "TOT_P_2011": 106.0, "TOT_P_2021": 124.0, "Y_LLC": 2516000, "CNTR_ID": "IT", "NUTS2016_3": "ITH32-ITH34", "NUTS2016_2": "ITH3", "NUTS2016_1": "ITH", "NUTS2016_0": "IT", "LAND_PC": 100.0, "X_LLC": 4463000, "NUTS2021_3": "ITH32-ITH34", "NUTS2021_2": "ITH3", "DIST_COAST": 46010.95, "NUTS2021_1": "ITH", "NUTS2021_0": "IT", "NUTS2024_3": "ITH32-ITH34", "NUTS2024_2": "ITH3", "NUTS2024_1": "ITH", "NUTS2024_0": "IT" }, "geometry": { "type": "Point", "coordinates": [ 11.828901317485311, 45.745424885949511 ] } },
{ "type": "Feature", "properties": { "DIST_BORD": 120318.49, "TOT_P_2018": 16.0, "TOT_P_2006": 0.0, "GRD_ID": "CRS3035RES1000mN2517000E4445000", "TOT_P_2011": 87.0, "TOT_P_2021": 154.0, "Y_LLC": 2517000, "CNTR_ID": "IT", "NUTS2016_3": "ITH32", "NUTS2016_2": "ITH3", "NUTS2016_1": "ITH", "NUTS2016_0": "IT", "LAND_PC": 100.0, "X_LLC": 4445000, "NUTS2021_3": "ITH32", "NUTS2021_2": "ITH3", "DIST_COAST": 59008.34, "NUTS2021_1": "ITH", "NUTS2021_0": "IT", "NUTS2024_3": "ITH32", "NUTS2024_2": "ITH3", "NUTS2024_1": "ITH", "NUTS2024_0": "IT" }, "geometry": { "type": "Point", "coordinates": [ 11.598211716679012, 45.758161896168659 ] } },
{ "type": "Feature", "properties": { "DIST_BORD": 120707.17, "TOT_P_2018": 233.0, "TOT_P_2006": 0.0, "GRD_ID": "CRS3035RES1000mN2517000E4446000", "TOT_P_2011": 224.0, "TOT_P_2021": 200.0, "Y_LLC": 2517000, "CNTR_ID": "IT", "NUTS2016_3": "ITH32", "NUTS2016_2": "ITH3", "NUTS2016_1": "ITH", "NUTS2016_0": "IT", "LAND_PC": 100.0, "X_LLC": 4446000, "NUTS2021_3": "ITH32", "NUTS2021_2": "ITH3", "DIST_COAST": 58272.87, "NUTS2021_1": "ITH", "NUTS2021_0": "IT", "NUTS2024_3": "ITH32", "NUTS2024_2": "ITH3", "NUTS2024_1": "ITH", "NUTS2024_0": "IT" }, "geometry": { "type": "Point", "coordinates": [ 11.61104530565083, 45.757967828337627 ] } },
{ "type": "Feature", "properties": { "DIST_BORD": 121102.86, "TOT_P_2018": 181.0, "TOT_P_2006": 0.0, "GRD_ID": "CRS3035RES1000mN2517000E4447000", "TOT_P_2011": 174.0, "TOT_P_2021": 83.0, "Y_LLC": 2517000, "CNTR_ID": "IT", "NUTS2016_3": "ITH32", "NUTS2016_2": "ITH3", "NUTS2016_1": "ITH", "NUTS2016_0": "IT", "LAND_PC": 100.0, "X_LLC": 4447000, "NUTS2021_3": "ITH32", "NUTS2021_2": "ITH3", "DIST_COAST": 57545.38, "NUTS2021_1": "ITH", "NUTS2021_0": "IT", "NUTS2024_3": "ITH32", "NUTS2024_2": "ITH3", "NUTS2024_1": "ITH", "NUTS2024_0": "IT" }, "geometry": { "type": "Point", "coordinates": [ 11.623878811832261, 45.757772208648738 ] } },
{ "type": "Feature", "properties": { "DIST_BORD": 120706.78, "TOT_P_2018": 158.0, "TOT_P_2006": 0.0, "GRD_ID": "CRS3035RES1000mN2517000E4448000", "TOT_P_2011": 152.0, "TOT_P_2021": 125.0, "Y_LLC": 2517000, "CNTR_ID": "IT", "NUTS2016_3": "ITH32", "NUTS2016_2": "ITH3", "NUTS2016_1": "ITH", "NUTS2016_0": "IT", "LAND_PC": 100.0, "X_LLC": 4448000, "NUTS2021_3": "ITH32", "NUTS2021_2": "ITH3", "DIST_COAST": 56826.17, "NUTS2021_1": "ITH", "NUTS2021_0": "IT", "NUTS2024_3": "ITH32", "NUTS2024_2": "ITH3", "NUTS2024_1": "ITH", "NUTS2024_0": "IT" }, "geometry": { "type": "Point", "coordinates": [ 11.636712234496093, 45.757575037115735 ] } },
{ "type": "Feature", "properties": { "DIST_BORD": 120217.12, "TOT_P_2018": 514.0, "TOT_P_2006": 594.0, "GRD_ID": "CRS3035RES1000mN2517000E4449000", "TOT_P_2011": 494.0, "TOT_P_2021": 488.0, "Y_LLC": 2517000, "CNTR_ID": "IT", "NUTS2016_3": "ITH32", "NUTS2016_2": "ITH3", "NUTS2016_1": "ITH", "NUTS2016_0": "IT", "LAND_PC": 100.0, "X_LLC": 4449000, "NUTS2021_3": "ITH32", "NUTS2021_2": "ITH3", "DIST_COAST": 56115.57, "NUTS2021_1": "ITH", "NUTS2021_0": "IT", "NUTS2024_3": "ITH32", "NUTS2024_2": "ITH3", "NUTS2024_1": "ITH", "NUTS2024_0": "IT" }, "geometry": { "type": "Point", "coordinates": [ 11.649545572942369, 45.757376313700703 ] } },
{ "type": "Feature", "properties": { "DIST_BORD": 119733.8, "TOT_P_2018": 554.0, "TOT_P_2006": 793.0, "GRD_ID": "CRS3035RES1000mN2517000E4450000", "TOT_P_2011": 533.0, "TOT_P_2021": 460.0, "Y_LLC": 2517000, "CNTR_ID": "IT", "NUTS2016_3": "ITH32", "NUTS2016_2": "ITH3", "NUTS2016_1": "ITH", "NUTS2016_0": "IT", "LAND_PC": 100.0, "X_LLC": 4450000, "NUTS2021_3": "ITH32", "NUTS2021_2": "ITH3", "DIST_COAST": 55413.9, "NUTS2021_1": "ITH", "NUTS2021_0": "IT", "NUTS2024_3": "ITH32", "NUTS2024_2": "ITH3", "NUTS2024_1": "ITH", "NUTS2024_0": "IT" }, "geometry": { "type": "Point", "coordinates": [ 11.662378826693288, 45.757176038498443 ] } },
{ "type": "Feature", "properties": { "DIST_BORD": 119256.91, "TOT_P_2018": 281.0, "TOT_P_2006": 715.0, "GRD_ID": "CRS3035RES1000mN2517000E4451000", "TOT_P_2011": 264.0, "TOT_P_2021": 306.0, "Y_LLC": 2517000, "CNTR_ID": "IT", "NUTS2016_3": "ITH32", "NUTS2016_2": "ITH3", "NUTS2016_1": "ITH", "NUTS2016_0": "IT", "LAND_PC": 100.0, "X_LLC": 4451000, "NUTS2021_3": "ITH32", "NUTS2021_2": "ITH3", "DIST_COAST": 54721.51, "NUTS2021_1": "ITH", "NUTS2021_0": "IT", "NUTS2024_3": "ITH32", "NUTS2024_2": "ITH3", "NUTS2024_1": "ITH", "NUTS2024_0": "IT" }, "geometry": { "type": "Point", "coordinates": [ 11.675211994922989, 45.756974211540474 ] } },
{ "type": "Feature", "properties": { "DIST_BORD": 118786.52, "TOT_P_2018": 537.0, "TOT_P_2006": 676.0, "GRD_ID": "CRS3035RES1000mN2517000E4452000", "TOT_P_2011": 513.0, "TOT_P_2021": 444.0, "Y_LLC": 2517000, "CNTR_ID": "IT", "NUTS2016_3": "ITH32", "NUTS2016_2": "ITH3", "NUTS2016_1": "ITH", "NUTS2016_0": "IT", "LAND_PC": 100.0, "X_LLC": 4452000, "NUTS2021_3": "ITH32", "NUTS2021_2": "ITH3", "DIST_COAST": 54038.75, "NUTS2021_1": "ITH", "NUTS2021_0": "IT", "NUTS2024_3": "ITH32", "NUTS2024_2": "ITH3", "NUTS2024_1": "ITH", "NUTS2024_0": "IT" }, "geometry": { "type": "Point", "coordinates": [ 11.688045077071134, 45.756770832786721 ] } },
{ "type": "Feature", "properties": { "DIST_BORD": 118322.72, "TOT_P_2018": 1018.0, "TOT_P_2006": 1612.0, "GRD_ID": "CRS3035RES1000mN2517000E4453000", "TOT_P_2011": 1026.0, "TOT_P_2021": 1017.0, "Y_LLC": 2517000, "CNTR_ID": "IT", "NUTS2016_3": "ITH32", "NUTS2016_2": "ITH3", "NUTS2016_1": "ITH", "NUTS2016_0": "IT", "LAND_PC": 100.0, "X_LLC": 4453000, "NUTS2021_3": "ITH32", "NUTS2021_2": "ITH3", "DIST_COAST": 53366.0, "NUTS2021_1": "ITH", "NUTS2021_0": "IT", "NUTS2024_3": "ITH32", "NUTS2024_2": "ITH3", "NUTS2024_1": "ITH", "NUTS2024_0": "IT" }, "geometry": { "type": "Point", "coordinates": [ 11.70087807227082, 45.756565902252795 ] } },
{ "type": "Feature", "properties": { "DIST_BORD": 117865.57, "TOT_P_2018": 1949.0, "TOT_P_2006": 1740.0, "GRD_ID": "CRS3035RES1000mN2517000E4454000", "TOT_P_2011": 1970.0, "TOT_P_2021": 2011.0, "Y_LLC": 2517000, "CNTR_ID": "IT", "NUTS2016_3": "ITH32", "NUTS2016_2": "ITH3", "NUTS2016_1": "ITH", "NUTS2016_0": "IT", "LAND_PC": 100.0, "X_LLC": 4454000, "NUTS2021_3": "ITH32", "NUTS2021_2": "ITH3", "DIST_COAST": 52703.64, "NUTS2021_1": "ITH", "NUTS2021_0": "IT", "NUTS2024_3": "ITH32", "NUTS2024_2": "ITH3", "NUTS2024_1": "ITH", "NUTS2024_0": "IT" }, "geometry": { "type": "Point", "coordinates": [ 11.713710980226466, 45.756359419967417 ] } },
{ "type": "Feature", "properties": { "DIST_BORD": 117415.16, "TOT_P_2018": 2864.0, "TOT_P_2006": 3433.0, "GRD_ID": "CRS3035RES1000mN2517000E4455000", "TOT_P_2011": 2907.0, "TOT_P_2021": 2952.0, "Y_LLC": 2517000, "CNTR_ID": "IT", "NUTS2016_3": "ITH32", "NUTS2016_2": "ITH3", "NUTS2016_1": "ITH", "NUTS2016_0": "IT", "LAND_PC": 100.0, "X_LLC": 4455000, "NUTS2021_3": "ITH32", "NUTS2021_2": "ITH3", "DIST_COAST": 52052.06, "NUTS2021_1": "ITH", "NUTS2021_0": "IT", "NUTS2024_3": "ITH32", "NUTS2024_2": "ITH3", "NUTS2024_1": "ITH", "NUTS2024_0": "IT" }, "geometry": { "type": "Point", "coordinates": [ 11.726543800011264, 45.756151385949757 ] } },
{ "type": "Feature", "properties": { "DIST_BORD": 116971.57, "TOT_P_2018": 3926.0, "TOT_P_2006": 4148.0, "GRD_ID": "CRS3035RES1000mN2517000E4456000", "TOT_P_2011": 3966.0, "TOT_P_2021": 3956.0, "Y_LLC": 2517000, "CNTR_ID": "IT", "NUTS2016_3": "ITH32", "NUTS2016_2": "ITH3", "NUTS2016_1": "ITH", "NUTS2016_0": "IT", "LAND_PC": 100.0, "X_LLC": 4456000, "NUTS2021_3": "ITH32", "NUTS2021_2": "ITH3", "DIST_COAST": 51411.67, "NUTS2021_1": "ITH", "NUTS2021_0": "IT", "NUTS2024_3": "ITH32", "NUTS2024_2": "ITH3", "NUTS2024_1": "ITH", "NUTS2024_0": "IT" }, "geometry": { "type": "Point", "coordinates": [ 11.73937653098327, 45.755941800158467 ] } },
{ "type": "Feature", "properties": { "DIST_BORD": 116534.87, "TOT_P_2018": 2427.0, "TOT_P_2006": 2480.0, "GRD_ID": "CRS3035RES1000mN2517000E4457000", "TOT_P_2011": 2431.0, "TOT_P_2021": 2197.0, "Y_LLC": 2517000, "CNTR_ID": "IT", "NUTS2016_3": "ITH32", "NUTS2016_2": "ITH3", "NUTS2016_1": "ITH", "NUTS2016_0": "IT", "LAND_PC": 100.0, "X_LLC": 4457000, "NUTS2021_3": "ITH32", "NUTS2021_2": "ITH3", "DIST_COAST": 50782.9, "NUTS2021_1": "ITH", "NUTS2021_0": "IT", "NUTS2024_3": "ITH32", "NUTS2024_2": "ITH3", "NUTS2024_1": "ITH", "NUTS2024_0": "IT" }, "geometry": { "type": "Point", "coordinates": [ 11.752209172624671, 45.755730662743971 ] } },
{ "type": "Feature", "properties": { "DIST_BORD": 116105.14, "TOT_P_2018": 657.0, "TOT_P_2006": 105.0, "GRD_ID": "CRS3035RES1000mN2517000E4458000", "TOT_P_2011": 604.0, "TOT_P_2021": 715.0, "Y_LLC": 2517000, "CNTR_ID": "IT", "NUTS2016_3": "ITH32", "NUTS2016_2": "ITH3", "NUTS2016_1": "ITH", "NUTS2016_0": "IT", "LAND_PC": 100.0, "X_LLC": 4458000, "NUTS2021_3": "ITH32", "NUTS2021_2": "ITH3", "DIST_COAST": 50166.19, "NUTS2021_1": "ITH", "NUTS2021_0": "IT", "NUTS2024_3": "ITH32", "NUTS2024_2": "ITH3", "NUTS2024_1": "ITH", "NUTS2024_0": "IT" }, "geometry": { "type": "Point", "coordinates": [ 11.765041724197323, 45.755517973630397 ] } },
{ "type": "Feature", "properties": { "DIST_BORD": 115682.46, "TOT_P_2018": 499.0, "TOT_P_2006": 119.0, "GRD_ID": "CRS3035RES1000mN2517000E4459000", "TOT_P_2011": 489.0, "TOT_P_2021": 398.0, "Y_LLC": 2517000, "CNTR_ID": "IT", "NUTS2016_3": "ITH32", "NUTS2016_2": "ITH3", "NUTS2016_1": "ITH", "NUTS2016_0": "IT", "LAND_PC": 100.0, "X_LLC": 4459000, "NUTS2021_3": "ITH32", "NUTS2021_2": "ITH3", "DIST_COAST": 49561.98, "NUTS2021_1": "ITH", "NUTS2021_0": "IT", "NUTS2024_3": "ITH32", "NUTS2024_2": "ITH3", "NUTS2024_1": "ITH", "NUTS2024_0": "IT" }, "geometry": { "type": "Point", "coordinates": [ 11.777874184904119, 45.755303732863126 ] } },
{ "type": "Feature", "properties": { "DIST_BORD": 115266.9, "TOT_P_2018": 440.0, "TOT_P_2006": 343.0, "GRD_ID": "CRS3035RES1000mN2517000E4460000", "TOT_P_2011": 448.0, "TOT_P_2021": 469.0, "Y_LLC": 2517000, "CNTR_ID": "IT", "NUTS2016_3": "ITH32", "NUTS2016_2": "ITH3", "NUTS2016_1": "ITH", "NUTS2016_0": "IT", "LAND_PC": 100.0, "X_LLC": 4460000, "NUTS2021_3": "ITH32", "NUTS2021_2": "ITH3", "DIST_COAST": 48970.73, "NUTS2021_1": "ITH", "NUTS2021_0": "IT", "NUTS2024_3": "ITH32", "NUTS2024_2": "ITH3", "NUTS2024_1": "ITH", "NUTS2024_0": "IT" }, "geometry": { "type": "Point", "coordinates": [ 11.790706554357058, 45.755087940427345 ] } },
{ "type": "Feature", "properties": { "DIST_BORD": 114858.55, "TOT_P_2018": 882.0, "TOT_P_2006": 849.0, "GRD_ID": "CRS3035RES1000mN2517000E4461000", "TOT_P_2011": 855.0, "TOT_P_2021": 789.0, "Y_LLC": 2517000, "CNTR_ID": "IT", "NUTS2016_3": "ITH32-ITH34", "NUTS2016_2": "ITH3", "NUTS2016_1": "ITH", "NUTS2016_0": "IT", "LAND_PC": 100.0, "X_LLC": 4461000, "NUTS2021_3": "ITH32-ITH34", "NUTS2021_2": "ITH3", "DIST_COAST": 48199.56, "NUTS2021_1": "ITH", "NUTS2021_0": "IT", "NUTS2024_3": "ITH32-ITH34", "NUTS2024_2": "ITH3", "NUTS2024_1": "ITH", "NUTS2024_0": "IT" }, "geometry": { "type": "Point", "coordinates": [ 11.803538831764961, 45.754870596395982 ] } },
{ "type": "Feature", "properties": { "DIST_BORD": 114457.48, "TOT_P_2018": 940.0, "TOT_P_2006": 580.0, "GRD_ID": "CRS3035RES1000mN2517000E4462000", "TOT_P_2011": 903.0, "TOT_P_2021": 989.0, "Y_LLC": 2517000, "CNTR_ID": "IT", "NUTS2016_3": "ITH32-ITH34", "NUTS2016_2": "ITH3", "NUTS2016_1": "ITH", "NUTS2016_0": "IT", "LAND_PC": 100.0, "X_LLC": 4462000, "NUTS2021_3": "ITH32-ITH34", "NUTS2021_2": "ITH3", "DIST_COAST": 47416.8, "NUTS2021_1": "ITH", "NUTS2021_0": "IT", "NUTS2024_3": "ITH32-ITH34", "NUTS2024_2": "ITH3", "NUTS2024_1": "ITH", "NUTS2024_0": "IT" }, "geometry": { "type": "Point", "coordinates": [ 11.816371016339447, 45.754651700719812 ] } },
{ "type": "Feature", "properties": { "DIST_BORD": 114063.76, "TOT_P_2018": 282.0, "TOT_P_2006": 62.0, "GRD_ID": "CRS3035RES1000mN2517000E4463000", "TOT_P_2011": 135.0, "TOT_P_2021": 172.0, "Y_LLC": 2517000, "CNTR_ID": "IT", "NUTS2016_3": "ITH32-ITH34", "NUTS2016_2": "ITH3", "NUTS2016_1": "ITH", "NUTS2016_0": "IT", "LAND_PC": 100.0, "X_LLC": 4463000, "NUTS2021_3": "ITH32-ITH34", "NUTS2021_2": "ITH3", "DIST_COAST": 46642.35, "NUTS2021_1": "ITH", "NUTS2021_0": "IT", "NUTS2024_3": "ITH32-ITH34", "NUTS2024_2": "ITH3", "NUTS2024_1": "ITH", "NUTS2024_0": "IT" }, "geometry": { "type": "Point", "coordinates": [ 11.82920310768313, 45.754431253507335 ] } },
{ "type": "Feature", "properties": { "DIST_BORD": 117901.39, "TOT_P_2018": 0.0, "TOT_P_2006": 32.0, "GRD_ID": "CRS3035RES1000mN2518000E4441000", "TOT_P_2011": 65.0, "TOT_P_2021": 60.0, "Y_LLC": 2518000, "CNTR_ID": "IT", "NUTS2016_3": "ITH32", "NUTS2016_2": "ITH3", "NUTS2016_1": "ITH", "NUTS2016_0": "IT", "LAND_PC": 100.0, "X_LLC": 4441000, "NUTS2021_3": "ITH32", "NUTS2021_2": "ITH3", "DIST_COAST": 62669.55, "NUTS2021_1": "ITH", "NUTS2021_0": "IT", "NUTS2024_3": "ITH32", "NUTS2024_2": "ITH3", "NUTS2024_1": "ITH", "NUTS2024_0": "IT" }, "geometry": { "type": "Point", "coordinates": [ 11.547131903738816, 45.767929821109462 ] } },
{ "type": "Feature", "properties": { "DIST_BORD": 118264.19, "TOT_P_2018": 171.0, "TOT_P_2006": 239.0, "GRD_ID": "CRS3035RES1000mN2518000E4442000", "TOT_P_2011": 181.0, "TOT_P_2021": 210.0, "Y_LLC": 2518000, "CNTR_ID": "IT", "NUTS2016_3": "ITH32", "NUTS2016_2": "ITH3", "NUTS2016_1": "ITH", "NUTS2016_0": "IT", "LAND_PC": 100.0, "X_LLC": 4442000, "NUTS2021_3": "ITH32", "NUTS2021_2": "ITH3", "DIST_COAST": 61912.97, "NUTS2021_1": "ITH", "NUTS2021_0": "IT", "NUTS2024_3": "ITH32", "NUTS2024_2": "ITH3", "NUTS2024_1": "ITH", "NUTS2024_0": "IT" }, "geometry": { "type": "Point", "coordinates": [ 11.559967934553862, 45.767741925060299 ] } },
{ "type": "Feature", "properties": { "DIST_BORD": 119396.26, "TOT_P_2018": 240.0, "TOT_P_2006": 151.0, "GRD_ID": "CRS3035RES1000mN2518000E4445000", "TOT_P_2011": 196.0, "TOT_P_2021": 188.0, "Y_LLC": 2518000, "CNTR_ID": "IT", "NUTS2016_3": "ITH32", "NUTS2016_2": "ITH3", "NUTS2016_1": "ITH", "NUTS2016_0": "IT", "LAND_PC": 100.0, "X_LLC": 4445000, "NUTS2021_3": "ITH32", "NUTS2021_2": "ITH3", "DIST_COAST": 59686.23, "NUTS2021_1": "ITH", "NUTS2021_0": "IT", "NUTS2024_3": "ITH32", "NUTS2024_2": "ITH3", "NUTS2024_1": "ITH", "NUTS2024_0": "IT" }, "geometry": { "type": "Point", "coordinates": [ 11.598475542653031, 45.767168923462023 ] } },
{ "type": "Feature", "properties": { "DIST_BORD": 119787.93, "TOT_P_2018": 76.0, "TOT_P_2006": 9.0, "GRD_ID": "CRS3035RES1000mN2518000E4446000", "TOT_P_2011": 73.0, "TOT_P_2021": 54.0, "Y_LLC": 2518000, "CNTR_ID": "IT", "NUTS2016_3": "ITH32", "NUTS2016_2": "ITH3", "NUTS2016_1": "ITH", "NUTS2016_0": "IT", "LAND_PC": 100.0, "X_LLC": 4446000, "NUTS2021_3": "ITH32", "NUTS2021_2": "ITH3", "DIST_COAST": 58959.22, "NUTS2021_1": "ITH", "NUTS2021_0": "IT", "NUTS2024_3": "ITH32", "NUTS2024_2": "ITH3", "NUTS2024_1": "ITH", "NUTS2024_0": "IT" }, "geometry": { "type": "Point", "coordinates": [ 11.611311248401464, 45.766974818531239 ] } },
{ "type": "Feature", "properties": { "DIST_BORD": 120186.65, "TOT_P_2018": 186.0, "TOT_P_2006": 99.0, "GRD_ID": "CRS3035RES1000mN2518000E4447000", "TOT_P_2011": 179.0, "TOT_P_2021": 157.0, "Y_LLC": 2518000, "CNTR_ID": "IT", "NUTS2016_3": "ITH32", "NUTS2016_2": "ITH3", "NUTS2016_1": "ITH", "NUTS2016_0": "IT", "LAND_PC": 100.0, "X_LLC": 4447000, "NUTS2021_3": "ITH32", "NUTS2021_2": "ITH3", "DIST_COAST": 58240.3, "NUTS2021_1": "ITH", "NUTS2021_0": "IT", "NUTS2024_3": "ITH32", "NUTS2024_2": "ITH3", "NUTS2024_1": "ITH", "NUTS2024_0": "IT" }, "geometry": { "type": "Point", "coordinates": [ 11.624146871287067, 45.766779161537109 ] } },
{ "type": "Feature", "properties": { "DIST_BORD": 119837.66, "TOT_P_2018": 213.0, "TOT_P_2006": 260.0, "GRD_ID": "CRS3035RES1000mN2518000E4448000", "TOT_P_2011": 205.0, "TOT_P_2021": 180.0, "Y_LLC": 2518000, "CNTR_ID": "IT", "NUTS2016_3": "ITH32", "NUTS2016_2": "ITH3", "NUTS2016_1": "ITH", "NUTS2016_0": "IT", "LAND_PC": 100.0, "X_LLC": 4448000, "NUTS2021_3": "ITH32", "NUTS2021_2": "ITH3", "DIST_COAST": 57529.78, "NUTS2021_1": "ITH", "NUTS2021_0": "IT", "NUTS2024_3": "ITH32", "NUTS2024_2": "ITH3", "NUTS2024_1": "ITH", "NUTS2024_0": "IT" }, "geometry": { "type": "Point", "coordinates": [ 11.636982410670768, 45.766581952332807 ] } },
{ "type": "Feature", "properties": { "DIST_BORD": 119344.43, "TOT_P_2018": 348.0, "TOT_P_2006": 259.0, "GRD_ID": "CRS3035RES1000mN2518000E4449000", "TOT_P_2011": 322.0, "TOT_P_2021": 367.0, "Y_LLC": 2518000, "CNTR_ID": "IT", "NUTS2016_3": "ITH32", "NUTS2016_2": "ITH3", "NUTS2016_1": "ITH", "NUTS2016_0": "IT", "LAND_PC": 100.0, "X_LLC": 4449000, "NUTS2021_3": "ITH32", "NUTS2021_2": "ITH3", "DIST_COAST": 56827.98, "NUTS2021_1": "ITH", "NUTS2021_0": "IT", "NUTS2024_3": "ITH32", "NUTS2024_2": "ITH3", "NUTS2024_1": "ITH", "NUTS2024_0": "IT" }, "geometry": { "type": "Point", "coordinates": [ 11.649817865829673, 45.766383191071782 ] } },
{ "type": "Feature", "properties": { "DIST_BORD": 118857.56, "TOT_P_2018": 349.0, "TOT_P_2006": 0.0, "GRD_ID": "CRS3035RES1000mN2518000E4450000", "TOT_P_2011": 336.0, "TOT_P_2021": 265.0, "Y_LLC": 2518000, "CNTR_ID": "IT", "NUTS2016_3": "ITH32", "NUTS2016_2": "ITH3", "NUTS2016_1": "ITH", "NUTS2016_0": "IT", "LAND_PC": 100.0, "X_LLC": 4450000, "NUTS2021_3": "ITH32", "NUTS2021_2": "ITH3", "DIST_COAST": 56135.21, "NUTS2021_1": "ITH", "NUTS2021_0": "IT", "NUTS2024_3": "ITH32", "NUTS2024_2": "ITH3", "NUTS2024_1": "ITH", "NUTS2024_0": "IT" }, "geometry": { "type": "Point", "coordinates": [ 11.66265323608763, 45.766182877619073 ] } },
{ "type": "Feature", "properties": { "DIST_BORD": 118377.14, "TOT_P_2018": 0.0, "TOT_P_2006": 0.0, "GRD_ID": "CRS3035RES1000mN2518000E4451000", "TOT_P_2011": 0.0, "TOT_P_2021": 34.0, "Y_LLC": 2518000, "CNTR_ID": "IT", "NUTS2016_3": "ITH32", "NUTS2016_2": "ITH3", "NUTS2016_1": "ITH", "NUTS2016_0": "IT", "LAND_PC": 100.0, "X_LLC": 4451000, "NUTS2021_3": "ITH32", "NUTS2021_2": "ITH3", "DIST_COAST": 55451.83, "NUTS2021_1": "ITH", "NUTS2021_0": "IT", "NUTS2024_3": "ITH32", "NUTS2024_2": "ITH3", "NUTS2024_1": "ITH", "NUTS2024_0": "IT" }, "geometry": { "type": "Point", "coordinates": [ 11.675488520886962, 45.765981012040889 ] } },
{ "type": "Feature", "properties": { "DIST_BORD": 117903.25, "TOT_P_2018": 260.0, "TOT_P_2006": 266.0, "GRD_ID": "CRS3035RES1000mN2518000E4452000", "TOT_P_2011": 236.0, "TOT_P_2021": 282.0, "Y_LLC": 2518000, "CNTR_ID": "IT", "NUTS2016_3": "ITH32", "NUTS2016_2": "ITH3", "NUTS2016_1": "ITH", "NUTS2016_0": "IT", "LAND_PC": 100.0, "X_LLC": 4452000, "NUTS2021_3": "ITH32", "NUTS2021_2": "ITH3", "DIST_COAST": 54778.18, "NUTS2021_1": "ITH", "NUTS2021_0": "IT", "NUTS2024_3": "ITH32", "NUTS2024_2": "ITH3", "NUTS2024_1": "ITH", "NUTS2024_0": "IT" }, "geometry": { "type": "Point", "coordinates": [ 11.688323719483188, 45.765777594447997 ] } },
{ "type": "Feature", "properties": { "DIST_BORD": 117435.95, "TOT_P_2018": 420.0, "TOT_P_2006": 166.0, "GRD_ID": "CRS3035RES1000mN2518000E4453000", "TOT_P_2011": 384.0, "TOT_P_2021": 381.0, "Y_LLC": 2518000, "CNTR_ID": "IT", "NUTS2016_3": "ITH32", "NUTS2016_2": "ITH3", "NUTS2016_1": "ITH", "NUTS2016_0": "IT", "LAND_PC": 100.0, "X_LLC": 4453000, "NUTS2021_3": "ITH32", "NUTS2021_2": "ITH3", "DIST_COAST": 54114.62, "NUTS2021_1": "ITH", "NUTS2021_0": "IT", "NUTS2024_3": "ITH32", "NUTS2024_2": "ITH3", "NUTS2024_1": "ITH", "NUTS2024_0": "IT" }, "geometry": { "type": "Point", "coordinates": [ 11.701158831141756, 45.765572624821793 ] } },
{ "type": "Feature", "properties": { "DIST_BORD": 116975.34, "TOT_P_2018": 2698.0, "TOT_P_2006": 1847.0, "GRD_ID": "CRS3035RES1000mN2518000E4454000", "TOT_P_2011": 2725.0, "TOT_P_2021": 2596.0, "Y_LLC": 2518000, "CNTR_ID": "IT", "NUTS2016_3": "ITH32", "NUTS2016_2": "ITH3", "NUTS2016_1": "ITH", "NUTS2016_0": "IT", "LAND_PC": 100.0, "X_LLC": 4454000, "NUTS2021_3": "ITH32", "NUTS2021_2": "ITH3", "DIST_COAST": 53461.53, "NUTS2021_1": "ITH", "NUTS2021_0": "IT", "NUTS2024_3": "ITH32", "NUTS2024_2": "ITH3", "NUTS2024_1": "ITH", "NUTS2024_0": "IT" }, "geometry": { "type": "Point", "coordinates": [ 11.713993855431921, 45.765366103079067 ] } },
{ "type": "Feature", "properties": { "DIST_BORD": 116521.49, "TOT_P_2018": 3289.0, "TOT_P_2006": 2567.0, "GRD_ID": "CRS3035RES1000mN2518000E4455000", "TOT_P_2011": 3335.0, "TOT_P_2021": 3320.0, "Y_LLC": 2518000, "CNTR_ID": "IT", "NUTS2016_3": "ITH32", "NUTS2016_2": "ITH3", "NUTS2016_1": "ITH", "NUTS2016_0": "IT", "LAND_PC": 100.0, "X_LLC": 4455000, "NUTS2021_3": "ITH32", "NUTS2021_2": "ITH3", "DIST_COAST": 52819.3, "NUTS2021_1": "ITH", "NUTS2021_0": "IT", "NUTS2024_3": "ITH32", "NUTS2024_2": "ITH3", "NUTS2024_1": "ITH", "NUTS2024_0": "IT" }, "geometry": { "type": "Point", "coordinates": [ 11.72682879150849, 45.765158029328603 ] } },
{ "type": "Feature", "properties": { "DIST_BORD": 116074.49, "TOT_P_2018": 4096.0, "TOT_P_2006": 3967.0, "GRD_ID": "CRS3035RES1000mN2518000E4456000", "TOT_P_2011": 4160.0, "TOT_P_2021": 4162.0, "Y_LLC": 2518000, "CNTR_ID": "IT", "NUTS2016_3": "ITH32", "NUTS2016_2": "ITH3", "NUTS2016_1": "ITH", "NUTS2016_0": "IT", "LAND_PC": 100.0, "X_LLC": 4456000, "NUTS2021_3": "ITH32", "NUTS2021_2": "ITH3", "DIST_COAST": 52188.33, "NUTS2021_1": "ITH", "NUTS2021_0": "IT", "NUTS2024_3": "ITH32", "NUTS2024_2": "ITH3", "NUTS2024_1": "ITH", "NUTS2024_0": "IT" }, "geometry": { "type": "Point", "coordinates": [ 11.739663638718824, 45.764948403576938 ] } },
{ "type": "Feature", "properties": { "DIST_BORD": 115634.4, "TOT_P_2018": 4251.0, "TOT_P_2006": 3454.0, "GRD_ID": "CRS3035RES1000mN2518000E4457000", "TOT_P_2011": 4230.0, "TOT_P_2021": 4182.0, "Y_LLC": 2518000, "CNTR_ID": "IT", "NUTS2016_3": "ITH32", "NUTS2016_2": "ITH3", "NUTS2016_1": "ITH", "NUTS2016_0": "IT", "LAND_PC": 100.0, "X_LLC": 4457000, "NUTS2021_3": "ITH32", "NUTS2021_2": "ITH3", "DIST_COAST": 51569.03, "NUTS2021_1": "ITH", "NUTS2021_0": "IT", "NUTS2024_3": "ITH32", "NUTS2024_2": "ITH3", "NUTS2024_1": "ITH", "NUTS2024_0": "IT" }, "geometry": { "type": "Point", "coordinates": [ 11.752498396612063, 45.764737225837642 ] } },
{ "type": "Feature", "properties": { "DIST_BORD": 115201.31, "TOT_P_2018": 2334.0, "TOT_P_2006": 1390.0, "GRD_ID": "CRS3035RES1000mN2518000E4458000", "TOT_P_2011": 2261.0, "TOT_P_2021": 1907.0, "Y_LLC": 2518000, "CNTR_ID": "IT", "NUTS2016_3": "ITH32", "NUTS2016_2": "ITH3", "NUTS2016_1": "ITH", "NUTS2016_0": "IT", "LAND_PC": 100.0, "X_LLC": 4458000, "NUTS2021_3": "ITH32", "NUTS2021_2": "ITH3", "DIST_COAST": 50961.83, "NUTS2021_1": "ITH", "NUTS2021_0": "IT", "NUTS2024_3": "ITH32", "NUTS2024_2": "ITH3", "NUTS2024_1": "ITH", "NUTS2024_0": "IT" }, "geometry": { "type": "Point", "coordinates": [ 11.765333064220128, 45.764524496129361 ] } },
{ "type": "Feature", "properties": { "DIST_BORD": 114775.3, "TOT_P_2018": 1224.0, "TOT_P_2006": 945.0, "GRD_ID": "CRS3035RES1000mN2518000E4459000", "TOT_P_2011": 1281.0, "TOT_P_2021": 1166.0, "Y_LLC": 2518000, "CNTR_ID": "IT", "NUTS2016_3": "ITH32", "NUTS2016_2": "ITH3", "NUTS2016_1": "ITH", "NUTS2016_0": "IT", "LAND_PC": 100.0, "X_LLC": 4459000, "NUTS2021_3": "ITH32", "NUTS2021_2": "ITH3", "DIST_COAST": 50367.17, "NUTS2021_1": "ITH", "NUTS2021_0": "IT", "NUTS2024_3": "ITH32", "NUTS2024_2": "ITH3", "NUTS2024_1": "ITH", "NUTS2024_0": "IT" }, "geometry": { "type": "Point", "coordinates": [ 11.778167641015724, 45.764310214451939 ] } },
{ "type": "Feature", "properties": { "DIST_BORD": 114356.45, "TOT_P_2018": 478.0, "TOT_P_2006": 118.0, "GRD_ID": "CRS3035RES1000mN2518000E4460000", "TOT_P_2011": 500.0, "TOT_P_2021": 394.0, "Y_LLC": 2518000, "CNTR_ID": "IT", "NUTS2016_3": "ITH32", "NUTS2016_2": "ITH3", "NUTS2016_1": "ITH", "NUTS2016_0": "IT", "LAND_PC": 100.0, "X_LLC": 4460000, "NUTS2021_3": "ITH32", "NUTS2021_2": "ITH3", "DIST_COAST": 49603.87, "NUTS2021_1": "ITH", "NUTS2021_0": "IT", "NUTS2024_3": "ITH32", "NUTS2024_2": "ITH3", "NUTS2024_1": "ITH", "NUTS2024_0": "IT" }, "geometry": { "type": "Point", "coordinates": [ 11.791002126519205, 45.764094380821064 ] } },
{ "type": "Feature", "properties": { "DIST_BORD": 113944.83, "TOT_P_2018": 512.0, "TOT_P_2006": 409.0, "GRD_ID": "CRS3035RES1000mN2518000E4461000", "TOT_P_2011": 504.0, "TOT_P_2021": 495.0, "Y_LLC": 2518000, "CNTR_ID": "IT", "NUTS2016_3": "ITH32-ITH34", "NUTS2016_2": "ITH3", "NUTS2016_1": "ITH", "NUTS2016_0": "IT", "LAND_PC": 100.0, "X_LLC": 4461000, "NUTS2021_3": "ITH32-ITH34", "NUTS2021_2": "ITH3", "DIST_COAST": 48823.14, "NUTS2021_1": "ITH", "NUTS2021_0": "IT", "NUTS2024_3": "ITH32-ITH34", "NUTS2024_2": "ITH3", "NUTS2024_1": "ITH", "NUTS2024_0": "IT" }, "geometry": { "type": "Point", "coordinates": [ 11.803836519794265, 45.763876995258272 ] } },
{ "type": "Feature", "properties": { "DIST_BORD": 113540.53, "TOT_P_2018": 365.0, "TOT_P_2006": 49.0, "GRD_ID": "CRS3035RES1000mN2518000E4462000", "TOT_P_2011": 364.0, "TOT_P_2021": 425.0, "Y_LLC": 2518000, "CNTR_ID": "IT", "NUTS2016_3": "ITH32-ITH34", "NUTS2016_2": "ITH3", "NUTS2016_1": "ITH", "NUTS2016_0": "IT", "LAND_PC": 100.0, "X_LLC": 4462000, "NUTS2021_3": "ITH32-ITH34", "NUTS2021_2": "ITH3", "DIST_COAST": 48050.54, "NUTS2021_1": "ITH", "NUTS2021_0": "IT", "NUTS2024_3": "ITH32-ITH34", "NUTS2024_2": "ITH3", "NUTS2024_1": "ITH", "NUTS2024_0": "IT" }, "geometry": { "type": "Point", "coordinates": [ 11.816670820252005, 45.763658057817601 ] } },
{ "type": "Feature", "properties": { "DIST_BORD": 116968.65, "TOT_P_2018": 110.0, "TOT_P_2006": 91.0, "GRD_ID": "CRS3035RES1000mN2519000E4441000", "TOT_P_2011": 100.0, "TOT_P_2021": 81.0, "Y_LLC": 2519000, "CNTR_ID": "IT", "NUTS2016_3": "ITH32", "NUTS2016_2": "ITH3", "NUTS2016_1": "ITH", "NUTS2016_0": "IT", "LAND_PC": 100.0, "X_LLC": 4441000, "NUTS2021_3": "ITH32", "NUTS2021_2": "ITH3", "DIST_COAST": 63324.05, "NUTS2021_1": "ITH", "NUTS2021_0": "IT", "NUTS2024_3": "ITH32", "NUTS2024_2": "ITH3", "NUTS2024_1": "ITH", "NUTS2024_0": "IT" }, "geometry": { "type": "Point", "coordinates": [ 11.547387371673979, 45.776936941619589 ] } },
{ "type": "Feature", "properties": { "DIST_BORD": 117334.34, "TOT_P_2018": 186.0, "TOT_P_2006": 318.0, "GRD_ID": "CRS3035RES1000mN2519000E4442000", "TOT_P_2011": 183.0, "TOT_P_2021": 96.0, "Y_LLC": 2519000, "CNTR_ID": "IT", "NUTS2016_3": "ITH32", "NUTS2016_2": "ITH3", "NUTS2016_1": "ITH", "NUTS2016_0": "IT", "LAND_PC": 100.0, "X_LLC": 4442000, "NUTS2021_3": "ITH32", "NUTS2021_2": "ITH3", "DIST_COAST": 62575.38, "NUTS2021_1": "ITH", "NUTS2021_0": "IT", "NUTS2024_3": "ITH32", "NUTS2024_2": "ITH3", "NUTS2024_1": "ITH", "NUTS2024_0": "IT" }, "geometry": { "type": "Point", "coordinates": [ 11.560225520371375, 45.776749009593345 ] } },
{ "type": "Feature", "properties": { "DIST_BORD": 117707.39, "TOT_P_2018": 224.0, "TOT_P_2006": 310.0, "GRD_ID": "CRS3035RES1000mN2519000E4443000", "TOT_P_2011": 231.0, "TOT_P_2021": 279.0, "Y_LLC": 2519000, "CNTR_ID": "IT", "NUTS2016_3": "ITH32", "NUTS2016_2": "ITH3", "NUTS2016_1": "ITH", "NUTS2016_0": "IT", "LAND_PC": 100.0, "X_LLC": 4443000, "NUTS2021_3": "ITH32", "NUTS2021_2": "ITH3", "DIST_COAST": 61833.82, "NUTS2021_1": "ITH", "NUTS2021_0": "IT", "NUTS2024_3": "ITH32", "NUTS2024_2": "ITH3", "NUTS2024_1": "ITH", "NUTS2024_0": "IT" }, "geometry": { "type": "Point", "coordinates": [ 11.573063588691339, 45.776559525148308 ] } },
{ "type": "Feature", "properties": { "DIST_BORD": 118087.73, "TOT_P_2018": 34.0, "TOT_P_2006": 56.0, "GRD_ID": "CRS3035RES1000mN2519000E4444000", "TOT_P_2011": 36.0, "TOT_P_2021": 34.0, "Y_LLC": 2519000, "CNTR_ID": "IT", "NUTS2016_3": "ITH32", "NUTS2016_2": "ITH3", "NUTS2016_1": "ITH", "NUTS2016_0": "IT", "LAND_PC": 100.0, "X_LLC": 4444000, "NUTS2021_3": "ITH32", "NUTS2021_2": "ITH3", "DIST_COAST": 61099.63, "NUTS2021_1": "ITH", "NUTS2021_0": "IT", "NUTS2024_3": "ITH32", "NUTS2024_2": "ITH3", "NUTS2024_1": "ITH", "NUTS2024_0": "IT" }, "geometry": { "type": "Point", "coordinates": [ 11.585901576203048, 45.776368488080202 ] } },
{ "type": "Feature", "properties": { "DIST_BORD": 118475.29, "TOT_P_2018": 3.0, "TOT_P_2006": 93.0, "GRD_ID": "CRS3035RES1000mN2519000E4445000", "TOT_P_2011": 37.0, "TOT_P_2021": 35.0, "Y_LLC": 2519000, "CNTR_ID": "IT", "NUTS2016_3": "ITH32", "NUTS2016_2": "ITH3", "NUTS2016_1": "ITH", "NUTS2016_0": "IT", "LAND_PC": 100.0, "X_LLC": 4445000, "NUTS2021_3": "ITH32", "NUTS2021_2": "ITH3", "DIST_COAST": 60373.07, "NUTS2021_1": "ITH", "NUTS2021_0": "IT", "NUTS2024_3": "ITH32", "NUTS2024_2": "ITH3", "NUTS2024_1": "ITH", "NUTS2024_0": "IT" }, "geometry": { "type": "Point", "coordinates": [ 11.598739481853295, 45.7761758986234 ] } },
{ "type": "Feature", "properties": { "DIST_BORD": 118870.0, "TOT_P_2018": 258.0, "TOT_P_2006": 4.0, "GRD_ID": "CRS3035RES1000mN2519000E4446000", "TOT_P_2011": 248.0, "TOT_P_2021": 205.0, "Y_LLC": 2519000, "CNTR_ID": "IT", "NUTS2016_3": "ITH32", "NUTS2016_2": "ITH3", "NUTS2016_1": "ITH", "NUTS2016_0": "IT", "LAND_PC": 100.0, "X_LLC": 4446000, "NUTS2021_3": "ITH32", "NUTS2021_2": "ITH3", "DIST_COAST": 59654.43, "NUTS2021_1": "ITH", "NUTS2021_0": "IT", "NUTS2024_3": "ITH32", "NUTS2024_2": "ITH3", "NUTS2024_1": "ITH", "NUTS2024_0": "IT" }, "geometry": { "type": "Point", "coordinates": [ 11.611577305444698, 45.77598175669371 ] } },
{ "type": "Feature", "properties": { "DIST_BORD": 119271.78, "TOT_P_2018": 197.0, "TOT_P_2006": 65.0, "GRD_ID": "CRS3035RES1000mN2519000E4447000", "TOT_P_2011": 166.0, "TOT_P_2021": 193.0, "Y_LLC": 2519000, "CNTR_ID": "IT", "NUTS2016_3": "ITH32", "NUTS2016_2": "ITH3", "NUTS2016_1": "ITH", "NUTS2016_0": "IT", "LAND_PC": 100.0, "X_LLC": 4447000, "NUTS2021_3": "ITH32", "NUTS2021_2": "ITH3", "DIST_COAST": 58943.99, "NUTS2021_1": "ITH", "NUTS2021_0": "IT", "NUTS2024_3": "ITH32", "NUTS2024_2": "ITH3", "NUTS2024_1": "ITH", "NUTS2024_0": "IT" }, "geometry": { "type": "Point", "coordinates": [ 11.624415046068169, 45.775786062228477 ] } },
{ "type": "Feature", "properties": { "DIST_BORD": 118970.6, "TOT_P_2018": 111.0, "TOT_P_2006": 27.0, "GRD_ID": "CRS3035RES1000mN2519000E4448000", "TOT_P_2011": 94.0, "TOT_P_2021": 121.0, "Y_LLC": 2519000, "CNTR_ID": "IT", "NUTS2016_3": "ITH32", "NUTS2016_2": "ITH3", "NUTS2016_1": "ITH", "NUTS2016_0": "IT", "LAND_PC": 100.0, "X_LLC": 4448000, "NUTS2021_3": "ITH32", "NUTS2021_2": "ITH3", "DIST_COAST": 58242.06, "NUTS2021_1": "ITH", "NUTS2021_0": "IT", "NUTS2024_3": "ITH32", "NUTS2024_2": "ITH3", "NUTS2024_1": "ITH", "NUTS2024_0": "IT" }, "geometry": { "type": "Point", "coordinates": [ 11.637252702850226, 45.775588815380971 ] } },
{ "type": "Feature", "properties": { "DIST_BORD": 118473.76, "TOT_P_2018": 164.0, "TOT_P_2006": 0.0, "GRD_ID": "CRS3035RES1000mN2519000E4449000", "TOT_P_2011": 158.0, "TOT_P_2021": 145.0, "Y_LLC": 2519000, "CNTR_ID": "IT", "NUTS2016_3": "ITH32", "NUTS2016_2": "ITH3", "NUTS2016_1": "ITH", "NUTS2016_0": "IT", "LAND_PC": 100.0, "X_LLC": 4449000, "NUTS2021_3": "ITH32", "NUTS2021_2": "ITH3", "DIST_COAST": 57548.94, "NUTS2021_1": "ITH", "NUTS2021_0": "IT", "NUTS2024_3": "ITH32", "NUTS2024_2": "ITH3", "NUTS2024_1": "ITH", "NUTS2024_0": "IT" }, "geometry": { "type": "Point", "coordinates": [ 11.650090275768292, 45.7753900160331 ] } },
{ "type": "Feature", "properties": { "DIST_BORD": 117983.3, "TOT_P_2018": 214.0, "TOT_P_2006": 10.0, "GRD_ID": "CRS3035RES1000mN2519000E4450000", "TOT_P_2011": 193.0, "TOT_P_2021": 167.0, "Y_LLC": 2519000, "CNTR_ID": "IT", "NUTS2016_3": "ITH32", "NUTS2016_2": "ITH3", "NUTS2016_1": "ITH", "NUTS2016_0": "IT", "LAND_PC": 100.0, "X_LLC": 4450000, "NUTS2021_3": "ITH32", "NUTS2021_2": "ITH3", "DIST_COAST": 56864.96, "NUTS2021_1": "ITH", "NUTS2021_0": "IT", "NUTS2024_3": "ITH32", "NUTS2024_2": "ITH3", "NUTS2024_1": "ITH", "NUTS2024_0": "IT" }, "geometry": { "type": "Point", "coordinates": [ 11.662927763370289, 45.775189664363396 ] } },
{ "type": "Feature", "properties": { "DIST_BORD": 117499.3, "TOT_P_2018": 1.0, "TOT_P_2006": 5.0, "GRD_ID": "CRS3035RES1000mN2519000E4451000", "TOT_P_2011": 87.0, "TOT_P_2021": 40.0, "Y_LLC": 2519000, "CNTR_ID": "IT", "NUTS2016_3": "ITH32", "NUTS2016_2": "ITH3", "NUTS2016_1": "ITH", "NUTS2016_0": "IT", "LAND_PC": 100.0, "X_LLC": 4451000, "NUTS2021_3": "ITH32", "NUTS2021_2": "ITH3", "DIST_COAST": 56190.46, "NUTS2021_1": "ITH", "NUTS2021_0": "IT", "NUTS2024_3": "ITH32", "NUTS2024_2": "ITH3", "NUTS2024_1": "ITH", "NUTS2024_0": "IT" }, "geometry": { "type": "Point", "coordinates": [ 11.675765165622135, 45.774987760310168 ] } },
{ "type": "Feature", "properties": { "DIST_BORD": 117021.85, "TOT_P_2018": 503.0, "TOT_P_2006": 204.0, "GRD_ID": "CRS3035RES1000mN2519000E4452000", "TOT_P_2011": 508.0, "TOT_P_2021": 488.0, "Y_LLC": 2519000, "CNTR_ID": "IT", "NUTS2016_3": "ITH32", "NUTS2016_2": "ITH3", "NUTS2016_1": "ITH", "NUTS2016_0": "IT", "LAND_PC": 100.0, "X_LLC": 4452000, "NUTS2021_3": "ITH32", "NUTS2021_2": "ITH3", "DIST_COAST": 55525.77, "NUTS2021_1": "ITH", "NUTS2021_0": "IT", "NUTS2024_3": "ITH32", "NUTS2024_2": "ITH3", "NUTS2024_1": "ITH", "NUTS2024_0": "IT" }, "geometry": { "type": "Point", "coordinates": [ 11.688602481616964, 45.774784303798391 ] } },
{ "type": "Feature", "properties": { "DIST_BORD": 116551.02, "TOT_P_2018": 191.0, "TOT_P_2006": 17.0, "GRD_ID": "CRS3035RES1000mN2519000E4453000", "TOT_P_2011": 194.0, "TOT_P_2021": 166.0, "Y_LLC": 2519000, "CNTR_ID": "IT", "NUTS2016_3": "ITH32", "NUTS2016_2": "ITH3", "NUTS2016_1": "ITH", "NUTS2016_0": "IT", "LAND_PC": 100.0, "X_LLC": 4453000, "NUTS2021_3": "ITH32", "NUTS2021_2": "ITH3", "DIST_COAST": 54871.25, "NUTS2021_1": "ITH", "NUTS2021_0": "IT", "NUTS2024_3": "ITH32", "NUTS2024_2": "ITH3", "NUTS2024_1": "ITH", "NUTS2024_0": "IT" }, "geometry": { "type": "Point", "coordinates": [ 11.701439710652778, 45.774579294952915 ] } },
{ "type": "Feature", "properties": { "DIST_BORD": 116086.9, "TOT_P_2018": 1350.0, "TOT_P_2006": 420.0, "GRD_ID": "CRS3035RES1000mN2519000E4454000", "TOT_P_2011": 1287.0, "TOT_P_2021": 1057.0, "Y_LLC": 2519000, "CNTR_ID": "IT", "NUTS2016_3": "ITH32", "NUTS2016_2": "ITH3", "NUTS2016_1": "ITH", "NUTS2016_0": "IT", "LAND_PC": 100.0, "X_LLC": 4454000, "NUTS2021_3": "ITH32", "NUTS2021_2": "ITH3", "DIST_COAST": 54227.27, "NUTS2021_1": "ITH", "NUTS2021_0": "IT", "NUTS2024_3": "ITH32", "NUTS2024_2": "ITH3", "NUTS2024_1": "ITH", "NUTS2024_0": "IT" }, "geometry": { "type": "Point", "coordinates": [ 11.714276852123358, 45.774372733852083 ] } },
{ "type": "Feature", "properties": { "DIST_BORD": 115629.57, "TOT_P_2018": 1047.0, "TOT_P_2006": 642.0, "GRD_ID": "CRS3035RES1000mN2519000E4455000", "TOT_P_2011": 1054.0, "TOT_P_2021": 1038.0, "Y_LLC": 2519000, "CNTR_ID": "IT", "NUTS2016_3": "ITH32", "NUTS2016_2": "ITH3", "NUTS2016_1": "ITH", "NUTS2016_0": "IT", "LAND_PC": 100.0, "X_LLC": 4455000, "NUTS2021_3": "ITH32", "NUTS2021_2": "ITH3", "DIST_COAST": 53594.22, "NUTS2021_1": "ITH", "NUTS2021_0": "IT", "NUTS2024_3": "ITH32", "NUTS2024_2": "ITH3", "NUTS2024_1": "ITH", "NUTS2024_0": "IT" }, "geometry": { "type": "Point", "coordinates": [ 11.727113905477587, 45.774164620351335 ] } },
{ "type": "Feature", "properties": { "DIST_BORD": 115179.1, "TOT_P_2018": 2647.0, "TOT_P_2006": 1456.0, "GRD_ID": "CRS3035RES1000mN2519000E4456000", "TOT_P_2011": 2689.0, "TOT_P_2021": 2699.0, "Y_LLC": 2519000, "CNTR_ID": "IT", "NUTS2016_3": "ITH32", "NUTS2016_2": "ITH3", "NUTS2016_1": "ITH", "NUTS2016_0": "IT", "LAND_PC": 100.0, "X_LLC": 4456000, "NUTS2021_3": "ITH32", "NUTS2021_2": "ITH3", "DIST_COAST": 52972.48, "NUTS2021_1": "ITH", "NUTS2021_0": "IT", "NUTS2024_3": "ITH32", "NUTS2024_2": "ITH3", "NUTS2024_1": "ITH", "NUTS2024_0": "IT" }, "geometry": { "type": "Point", "coordinates": [ 11.73995086985067, 45.773954954552522 ] } },
{ "type": "Feature", "properties": { "DIST_BORD": 114735.57, "TOT_P_2018": 4795.0, "TOT_P_2006": 3658.0, "GRD_ID": "CRS3035RES1000mN2519000E4457000", "TOT_P_2011": 4852.0, "TOT_P_2021": 5114.0, "Y_LLC": 2519000, "CNTR_ID": "IT", "NUTS2016_3": "ITH32", "NUTS2016_2": "ITH3", "NUTS2016_1": "ITH", "NUTS2016_0": "IT", "LAND_PC": 100.0, "X_LLC": 4457000, "NUTS2021_3": "ITH32", "NUTS2021_2": "ITH3", "DIST_COAST": 52362.46, "NUTS2021_1": "ITH", "NUTS2021_0": "IT", "NUTS2024_3": "ITH32", "NUTS2024_2": "ITH3", "NUTS2024_1": "ITH", "NUTS2024_0": "IT" }, "geometry": { "type": "Point", "coordinates": [ 11.752787744743205, 45.773743736480753 ] } },
{ "type": "Feature", "properties": { "DIST_BORD": 114299.08, "TOT_P_2018": 2392.0, "TOT_P_2006": 3430.0, "GRD_ID": "CRS3035RES1000mN2519000E4458000", "TOT_P_2011": 2453.0, "TOT_P_2021": 2742.0, "Y_LLC": 2519000, "CNTR_ID": "IT", "NUTS2016_3": "ITH32", "NUTS2016_2": "ITH3", "NUTS2016_1": "ITH", "NUTS2016_0": "IT", "LAND_PC": 100.0, "X_LLC": 4458000, "NUTS2021_3": "ITH32", "NUTS2021_2": "ITH3", "DIST_COAST": 51764.57, "NUTS2021_1": "ITH", "NUTS2021_0": "IT", "NUTS2024_3": "ITH32", "NUTS2024_2": "ITH3", "NUTS2024_1": "ITH", "NUTS2024_0": "IT" }, "geometry": { "type": "Point", "coordinates": [ 11.765624529461528, 45.773530966083115 ] } },
{ "type": "Feature", "properties": { "DIST_BORD": 113869.69, "TOT_P_2018": 1470.0, "TOT_P_2006": 1122.0, "GRD_ID": "CRS3035RES1000mN2519000E4459000", "TOT_P_2011": 1535.0, "TOT_P_2021": 1628.0, "Y_LLC": 2519000, "CNTR_ID": "IT", "NUTS2016_3": "ITH32", "NUTS2016_2": "ITH3", "NUTS2016_1": "ITH", "NUTS2016_0": "IT", "LAND_PC": 100.0, "X_LLC": 4459000, "NUTS2021_3": "ITH32", "NUTS2021_2": "ITH3", "DIST_COAST": 51008.72, "NUTS2021_1": "ITH", "NUTS2021_0": "IT", "NUTS2024_3": "ITH32", "NUTS2024_2": "ITH3", "NUTS2024_1": "ITH", "NUTS2024_0": "IT" }, "geometry": { "type": "Point", "coordinates": [ 11.778461223237437, 45.773316643464625 ] } },
{ "type": "Feature", "properties": { "DIST_BORD": 113447.5, "TOT_P_2018": 248.0, "TOT_P_2006": 76.0, "GRD_ID": "CRS3035RES1000mN2519000E4460000", "TOT_P_2011": 169.0, "TOT_P_2021": 222.0, "Y_LLC": 2519000, "CNTR_ID": "IT", "NUTS2016_3": "ITH32", "NUTS2016_2": "ITH3", "NUTS2016_1": "ITH", "NUTS2016_0": "IT", "LAND_PC": 100.0, "X_LLC": 4460000, "NUTS2021_3": "ITH32", "NUTS2021_2": "ITH3", "DIST_COAST": 50229.92, "NUTS2021_1": "ITH", "NUTS2021_0": "IT", "NUTS2024_3": "ITH32", "NUTS2024_2": "ITH3", "NUTS2024_1": "ITH", "NUTS2024_0": "IT" }, "geometry": { "type": "Point", "coordinates": [ 11.791297825553915, 45.773100768636581 ] } },
{ "type": "Feature", "properties": { "DIST_BORD": 113032.57, "TOT_P_2018": 376.0, "TOT_P_2006": 2476.0, "GRD_ID": "CRS3035RES1000mN2519000E4461000", "TOT_P_2011": 367.0, "TOT_P_2021": 329.0, "Y_LLC": 2519000, "CNTR_ID": "IT", "NUTS2016_3": "ITH32-ITH34", "NUTS2016_2": "ITH3", "NUTS2016_1": "ITH", "NUTS2016_0": "IT", "LAND_PC": 100.0, "X_LLC": 4461000, "NUTS2021_3": "ITH32-ITH34", "NUTS2021_2": "ITH3", "DIST_COAST": 49459.07, "NUTS2021_1": "ITH", "NUTS2021_0": "IT", "NUTS2024_3": "ITH32-ITH34", "NUTS2024_2": "ITH3", "NUTS2024_1": "ITH", "NUTS2024_0": "IT" }, "geometry": { "type": "Point", "coordinates": [ 11.804134335783129, 45.772883341600391 ] } },
{ "type": "Feature", "properties": { "DIST_BORD": 112625.0, "TOT_P_2018": 248.0, "TOT_P_2006": 21.0, "GRD_ID": "CRS3035RES1000mN2519000E4462000", "TOT_P_2011": 246.0, "TOT_P_2021": 236.0, "Y_LLC": 2519000, "CNTR_ID": "IT", "NUTS2016_3": "ITH32-ITH34", "NUTS2016_2": "ITH3", "NUTS2016_1": "ITH", "NUTS2016_0": "IT", "LAND_PC": 100.0, "X_LLC": 4462000, "NUTS2021_3": "ITH32-ITH34", "NUTS2021_2": "ITH3", "DIST_COAST": 48696.56, "NUTS2021_1": "ITH", "NUTS2021_0": "IT", "NUTS2024_3": "ITH32-ITH34", "NUTS2024_2": "ITH3", "NUTS2024_1": "ITH", "NUTS2024_0": "IT" }, "geometry": { "type": "Point", "coordinates": [ 11.816970753007778, 45.772664362314089 ] } },
{ "type": "Feature", "properties": { "DIST_BORD": 116405.65, "TOT_P_2018": 222.0, "TOT_P_2006": 130.0, "GRD_ID": "CRS3035RES1000mN2520000E4442000", "TOT_P_2011": 158.0, "TOT_P_2021": 183.0, "Y_LLC": 2520000, "CNTR_ID": "IT", "NUTS2016_3": "ITH32", "NUTS2016_2": "ITH3", "NUTS2016_1": "ITH", "NUTS2016_0": "IT", "LAND_PC": 100.0, "X_LLC": 4442000, "NUTS2021_3": "ITH32", "NUTS2021_2": "ITH3", "DIST_COAST": 63246.66, "NUTS2021_1": "ITH", "NUTS2021_0": "IT", "NUTS2024_3": "ITH32", "NUTS2024_2": "ITH3", "NUTS2024_1": "ITH", "NUTS2024_0": "IT" }, "geometry": { "type": "Point", "coordinates": [ 11.560483216877879, 45.785756042053777 ] } },
{ "type": "Feature", "properties": { "DIST_BORD": 116781.66, "TOT_P_2018": 483.0, "TOT_P_2006": 811.0, "GRD_ID": "CRS3035RES1000mN2520000E4443000", "TOT_P_2011": 489.0, "TOT_P_2021": 463.0, "Y_LLC": 2520000, "CNTR_ID": "IT", "NUTS2016_3": "ITH32", "NUTS2016_2": "ITH3", "NUTS2016_1": "ITH", "NUTS2016_0": "IT", "LAND_PC": 100.0, "X_LLC": 4443000, "NUTS2021_3": "ITH32", "NUTS2021_2": "ITH3", "DIST_COAST": 62513.07, "NUTS2021_1": "ITH", "NUTS2021_0": "IT", "NUTS2024_3": "ITH32", "NUTS2024_2": "ITH3", "NUTS2024_1": "ITH", "NUTS2024_0": "IT" }, "geometry": { "type": "Point", "coordinates": [ 11.573323404032472, 45.785566521353417 ] } },
{ "type": "Feature", "properties": { "DIST_BORD": 117165.01, "TOT_P_2018": 189.0, "TOT_P_2006": 170.0, "GRD_ID": "CRS3035RES1000mN2520000E4444000", "TOT_P_2011": 183.0, "TOT_P_2021": 134.0, "Y_LLC": 2520000, "CNTR_ID": "IT", "NUTS2016_3": "ITH32", "NUTS2016_2": "ITH3", "NUTS2016_1": "ITH", "NUTS2016_0": "IT", "LAND_PC": 100.0, "X_LLC": 4444000, "NUTS2021_3": "ITH32", "NUTS2021_2": "ITH3", "DIST_COAST": 61786.95, "NUTS2021_1": "ITH", "NUTS2021_0": "IT", "NUTS2024_3": "ITH32", "NUTS2024_2": "ITH3", "NUTS2024_1": "ITH", "NUTS2024_0": "IT" }, "geometry": { "type": "Point", "coordinates": [ 11.586163510204093, 45.785375447867089 ] } },
{ "type": "Feature", "properties": { "DIST_BORD": 117555.61, "TOT_P_2018": 35.0, "TOT_P_2006": 29.0, "GRD_ID": "CRS3035RES1000mN2520000E4445000", "TOT_P_2011": 30.0, "TOT_P_2021": 59.0, "Y_LLC": 2520000, "CNTR_ID": "IT", "NUTS2016_3": "ITH32", "NUTS2016_2": "ITH3", "NUTS2016_1": "ITH", "NUTS2016_0": "IT", "LAND_PC": 100.0, "X_LLC": 4445000, "NUTS2021_3": "ITH32", "NUTS2021_2": "ITH3", "DIST_COAST": 61068.57, "NUTS2021_1": "ITH", "NUTS2021_0": "IT", "NUTS2024_3": "ITH32", "NUTS2024_2": "ITH3", "NUTS2024_1": "ITH", "NUTS2024_0": "IT" }, "geometry": { "type": "Point", "coordinates": [ 11.59900353461734, 45.785182821585316 ] } },
{ "type": "Feature", "properties": { "DIST_BORD": 117953.4, "TOT_P_2018": 5.0, "TOT_P_2006": 17.0, "GRD_ID": "CRS3035RES1000mN2520000E4446000", "TOT_P_2011": 18.0, "TOT_P_2021": 19.0, "Y_LLC": 2520000, "CNTR_ID": "IT", "NUTS2016_3": "ITH32", "NUTS2016_2": "ITH3", "NUTS2016_1": "ITH", "NUTS2016_0": "IT", "LAND_PC": 100.0, "X_LLC": 4446000, "NUTS2021_3": "ITH32", "NUTS2021_2": "ITH3", "DIST_COAST": 60358.21, "NUTS2021_1": "ITH", "NUTS2021_0": "IT", "NUTS2024_3": "ITH32", "NUTS2024_2": "ITH3", "NUTS2024_1": "ITH", "NUTS2024_0": "IT" }, "geometry": { "type": "Point", "coordinates": [ 11.611843476778814, 45.784988642549031 ] } },
{ "type": "Feature", "properties": { "DIST_BORD": 118358.3, "TOT_P_2018": 113.0, "TOT_P_2006": 34.0, "GRD_ID": "CRS3035RES1000mN2520000E4447000", "TOT_P_2011": 117.0, "TOT_P_2021": 122.0, "Y_LLC": 2520000, "CNTR_ID": "IT", "NUTS2016_3": "ITH32", "NUTS2016_2": "ITH3", "NUTS2016_1": "ITH", "NUTS2016_0": "IT", "LAND_PC": 100.0, "X_LLC": 4447000, "NUTS2021_3": "ITH32", "NUTS2021_2": "ITH3", "DIST_COAST": 59656.15, "NUTS2021_1": "ITH", "NUTS2021_0": "IT", "NUTS2024_3": "ITH32", "NUTS2024_2": "ITH3", "NUTS2024_1": "ITH", "NUTS2024_0": "IT" }, "geometry": { "type": "Point", "coordinates": [ 11.624683335891554, 45.784792910663441 ] } },
{ "type": "Feature", "properties": { "DIST_BORD": 118105.64, "TOT_P_2018": 0.0, "TOT_P_2006": 31.0, "GRD_ID": "CRS3035RES1000mN2520000E4448000", "TOT_P_2011": 46.0, "TOT_P_2021": 36.0, "Y_LLC": 2520000, "CNTR_ID": "IT", "NUTS2016_3": "ITH32", "NUTS2016_2": "ITH3", "NUTS2016_1": "ITH", "NUTS2016_0": "IT", "LAND_PC": 100.0, "X_LLC": 4448000, "NUTS2021_3": "ITH32", "NUTS2021_2": "ITH3", "DIST_COAST": 58962.7, "NUTS2021_1": "ITH", "NUTS2021_0": "IT", "NUTS2024_3": "ITH32", "NUTS2024_2": "ITH3", "NUTS2024_1": "ITH", "NUTS2024_0": "IT" }, "geometry": { "type": "Point", "coordinates": [ 11.637523111366745, 45.78459562613277 ] } },
{ "type": "Feature", "properties": { "DIST_BORD": 117605.14, "TOT_P_2018": 7.0, "TOT_P_2006": 0.0, "GRD_ID": "CRS3035RES1000mN2520000E4449000", "TOT_P_2011": 7.0, "TOT_P_2021": 12.0, "Y_LLC": 2520000, "CNTR_ID": "IT", "NUTS2016_3": "ITH32", "NUTS2016_2": "ITH3", "NUTS2016_1": "ITH", "NUTS2016_0": "IT", "LAND_PC": 100.0, "X_LLC": 4449000, "NUTS2021_3": "ITH32", "NUTS2021_2": "ITH3", "DIST_COAST": 58278.15, "NUTS2021_1": "ITH", "NUTS2021_0": "IT", "NUTS2024_3": "ITH32", "NUTS2024_2": "ITH3", "NUTS2024_1": "ITH", "NUTS2024_0": "IT" }, "geometry": { "type": "Point", "coordinates": [ 11.650362802588141, 45.784396788920958 ] } },
{ "type": "Feature", "properties": { "DIST_BORD": 117111.04, "TOT_P_2018": 7.0, "TOT_P_2006": 16.0, "GRD_ID": "CRS3035RES1000mN2520000E4450000", "TOT_P_2011": 86.0, "TOT_P_2021": 102.0, "Y_LLC": 2520000, "CNTR_ID": "IT", "NUTS2016_3": "ITH32", "NUTS2016_2": "ITH3", "NUTS2016_1": "ITH", "NUTS2016_0": "IT", "LAND_PC": 100.0, "X_LLC": 4450000, "NUTS2021_3": "ITH32", "NUTS2021_2": "ITH3", "DIST_COAST": 57602.83, "NUTS2021_1": "ITH", "NUTS2021_0": "IT", "NUTS2024_3": "ITH32", "NUTS2024_2": "ITH3", "NUTS2024_1": "ITH", "NUTS2024_0": "IT" }, "geometry": { "type": "Point", "coordinates": [ 11.663202408724738, 45.784196398905983 ] } },
{ "type": "Feature", "properties": { "DIST_BORD": 116623.43, "TOT_P_2018": 4.0, "TOT_P_2006": 0.0, "GRD_ID": "CRS3035RES1000mN2520000E4451000", "TOT_P_2011": 52.0, "TOT_P_2021": 121.0, "Y_LLC": 2520000, "CNTR_ID": "IT", "NUTS2016_3": "ITH32", "NUTS2016_2": "ITH3", "NUTS2016_1": "ITH", "NUTS2016_0": "IT", "LAND_PC": 100.0, "X_LLC": 4451000, "NUTS2021_3": "ITH32", "NUTS2021_2": "ITH3", "DIST_COAST": 56937.07, "NUTS2021_1": "ITH", "NUTS2021_0": "IT", "NUTS2024_3": "ITH32", "NUTS2024_2": "ITH3", "NUTS2024_1": "ITH", "NUTS2024_0": "IT" }, "geometry": { "type": "Point", "coordinates": [ 11.676041929257648, 45.783994456197874 ] } },
{ "type": "Feature", "properties": { "DIST_BORD": 116142.38, "TOT_P_2018": 374.0, "TOT_P_2006": 37.0, "GRD_ID": "CRS3035RES1000mN2520000E4452000", "TOT_P_2011": 380.0, "TOT_P_2021": 417.0, "Y_LLC": 2520000, "CNTR_ID": "IT", "NUTS2016_3": "ITH32", "NUTS2016_2": "ITH3", "NUTS2016_1": "ITH", "NUTS2016_0": "IT", "LAND_PC": 100.0, "X_LLC": 4452000, "NUTS2021_3": "ITH32", "NUTS2021_2": "ITH3", "DIST_COAST": 56281.19, "NUTS2021_1": "ITH", "NUTS2021_0": "IT", "NUTS2024_3": "ITH32", "NUTS2024_2": "ITH3", "NUTS2024_1": "ITH", "NUTS2024_0": "IT" }, "geometry": { "type": "Point", "coordinates": [ 11.688881363503162, 45.783790960908611 ] } },
{ "type": "Feature", "properties": { "DIST_BORD": 115667.97, "TOT_P_2018": 76.0, "TOT_P_2006": 12.0, "GRD_ID": "CRS3035RES1000mN2520000E4453000", "TOT_P_2011": 77.0, "TOT_P_2021": 105.0, "Y_LLC": 2520000, "CNTR_ID": "IT", "NUTS2016_3": "ITH32", "NUTS2016_2": "ITH3", "NUTS2016_1": "ITH", "NUTS2016_0": "IT", "LAND_PC": 100.0, "X_LLC": 4453000, "NUTS2021_3": "ITH32", "NUTS2021_2": "ITH3", "DIST_COAST": 55635.56, "NUTS2021_1": "ITH", "NUTS2021_0": "IT", "NUTS2024_3": "ITH32", "NUTS2024_2": "ITH3", "NUTS2024_1": "ITH", "NUTS2024_0": "IT" }, "geometry": { "type": "Point", "coordinates": [ 11.70172071087584, 45.783585912900634 ] } },
{ "type": "Feature", "properties": { "DIST_BORD": 115200.29, "TOT_P_2018": 363.0, "TOT_P_2006": 82.0, "GRD_ID": "CRS3035RES1000mN2520000E4454000", "TOT_P_2011": 368.0, "TOT_P_2021": 340.0, "Y_LLC": 2520000, "CNTR_ID": "IT", "NUTS2016_3": "ITH32", "NUTS2016_2": "ITH3", "NUTS2016_1": "ITH", "NUTS2016_0": "IT", "LAND_PC": 100.0, "X_LLC": 4454000, "NUTS2021_3": "ITH32", "NUTS2021_2": "ITH3", "DIST_COAST": 55000.54, "NUTS2021_1": "ITH", "NUTS2021_0": "IT", "NUTS2024_3": "ITH32", "NUTS2024_2": "ITH3", "NUTS2024_1": "ITH", "NUTS2024_0": "IT" }, "geometry": { "type": "Point", "coordinates": [ 11.714559970491417, 45.783379312224262 ] } },
{ "type": "Feature", "properties": { "DIST_BORD": 114739.42, "TOT_P_2018": 514.0, "TOT_P_2006": 320.0, "GRD_ID": "CRS3035RES1000mN2520000E4455000", "TOT_P_2011": 524.0, "TOT_P_2021": 400.0, "Y_LLC": 2520000, "CNTR_ID": "IT", "NUTS2016_3": "ITH32", "NUTS2016_2": "ITH3", "NUTS2016_1": "ITH", "NUTS2016_0": "IT", "LAND_PC": 100.0, "X_LLC": 4455000, "NUTS2021_3": "ITH32", "NUTS2021_2": "ITH3", "DIST_COAST": 54376.49, "NUTS2021_1": "ITH", "NUTS2021_0": "IT", "NUTS2024_3": "ITH32", "NUTS2024_2": "ITH3", "NUTS2024_1": "ITH", "NUTS2024_0": "IT" }, "geometry": { "type": "Point", "coordinates": [ 11.727399141875303, 45.78317115904084 ] } },
{ "type": "Feature", "properties": { "DIST_BORD": 114285.44, "TOT_P_2018": 810.0, "TOT_P_2006": 681.0, "GRD_ID": "CRS3035RES1000mN2520000E4456000", "TOT_P_2011": 811.0, "TOT_P_2021": 770.0, "Y_LLC": 2520000, "CNTR_ID": "IT", "NUTS2016_3": "ITH32", "NUTS2016_2": "ITH3", "NUTS2016_1": "ITH", "NUTS2016_0": "IT", "LAND_PC": 100.0, "X_LLC": 4456000, "NUTS2021_3": "ITH32", "NUTS2021_2": "ITH3", "DIST_COAST": 53763.79, "NUTS2021_1": "ITH", "NUTS2021_0": "IT", "NUTS2024_3": "ITH32", "NUTS2024_2": "ITH3", "NUTS2024_1": "ITH", "NUTS2024_0": "IT" }, "geometry": { "type": "Point", "coordinates": [ 11.740238224391694, 45.782961453200791 ] } },
{ "type": "Feature", "properties": { "DIST_BORD": 113838.44, "TOT_P_2018": 1078.0, "TOT_P_2006": 1734.0, "GRD_ID": "CRS3035RES1000mN2520000E4457000", "TOT_P_2011": 1122.0, "TOT_P_2021": 1062.0, "Y_LLC": 2520000, "CNTR_ID": "IT", "NUTS2016_3": "ITH32-ITH34", "NUTS2016_2": "ITH3", "NUTS2016_1": "ITH", "NUTS2016_0": "IT", "LAND_PC": 100.0, "X_LLC": 4457000, "NUTS2021_3": "ITH32-ITH34", "NUTS2021_2": "ITH3", "DIST_COAST": 53162.85, "NUTS2021_1": "ITH", "NUTS2021_0": "IT", "NUTS2024_3": "ITH32-ITH34", "NUTS2024_2": "ITH3", "NUTS2024_1": "ITH", "NUTS2024_0": "IT" }, "geometry": { "type": "Point", "coordinates": [ 11.753077217322559, 45.782750194721892 ] } },
{ "type": "Feature", "properties": { "DIST_BORD": 113398.49, "TOT_P_2018": 1855.0, "TOT_P_2006": 2178.0, "GRD_ID": "CRS3035RES1000mN2520000E4458000", "TOT_P_2011": 1929.0, "TOT_P_2021": 1847.0, "Y_LLC": 2520000, "CNTR_ID": "IT", "NUTS2016_3": "ITH32-ITH34", "NUTS2016_2": "ITH3", "NUTS2016_1": "ITH", "NUTS2016_0": "IT", "LAND_PC": 100.0, "X_LLC": 4458000, "NUTS2021_3": "ITH32-ITH34", "NUTS2021_2": "ITH3", "DIST_COAST": 52414.07, "NUTS2021_1": "ITH", "NUTS2021_0": "IT", "NUTS2024_3": "ITH32-ITH34", "NUTS2024_2": "ITH3", "NUTS2024_1": "ITH", "NUTS2024_0": "IT" }, "geometry": { "type": "Point", "coordinates": [ 11.765916119810377, 45.782537383720218 ] } },
{ "type": "Feature", "properties": { "DIST_BORD": 112965.68, "TOT_P_2018": 659.0, "TOT_P_2006": 184.0, "GRD_ID": "CRS3035RES1000mN2520000E4459000", "TOT_P_2011": 666.0, "TOT_P_2021": 585.0, "Y_LLC": 2520000, "CNTR_ID": "IT", "NUTS2016_3": "ITH32-ITH34", "NUTS2016_2": "ITH3", "NUTS2016_1": "ITH", "NUTS2016_0": "IT", "LAND_PC": 100.0, "X_LLC": 4459000, "NUTS2021_3": "ITH32-ITH34", "NUTS2021_2": "ITH3", "DIST_COAST": 51637.1, "NUTS2021_1": "ITH", "NUTS2021_0": "IT", "NUTS2024_3": "ITH32-ITH34", "NUTS2024_2": "ITH3", "NUTS2024_1": "ITH", "NUTS2024_0": "IT" }, "geometry": { "type": "Point", "coordinates": [ 11.77875493166731, 45.782323020190148 ] } },
{ "type": "Feature", "properties": { "DIST_BORD": 112540.09, "TOT_P_2018": 318.0, "TOT_P_2006": 39.0, "GRD_ID": "CRS3035RES1000mN2520000E4460000", "TOT_P_2011": 317.0, "TOT_P_2021": 382.0, "Y_LLC": 2520000, "CNTR_ID": "IT", "NUTS2016_3": "ITH32-ITH34", "NUTS2016_2": "ITH3", "NUTS2016_1": "ITH", "NUTS2016_0": "IT", "LAND_PC": 100.0, "X_LLC": 4460000, "NUTS2021_3": "ITH32-ITH34", "NUTS2021_2": "ITH3", "DIST_COAST": 50867.92, "NUTS2021_1": "ITH", "NUTS2021_0": "IT", "NUTS2024_3": "ITH32-ITH34", "NUTS2024_2": "ITH3", "NUTS2024_1": "ITH", "NUTS2024_0": "IT" }, "geometry": { "type": "Point", "coordinates": [ 11.791593651720172, 45.782107104102224 ] } },
{ "type": "Feature", "properties": { "DIST_BORD": 112121.81, "TOT_P_2018": 1754.0, "TOT_P_2006": 1750.0, "GRD_ID": "CRS3035RES1000mN2520000E4461000", "TOT_P_2011": 1748.0, "TOT_P_2021": 1615.0, "Y_LLC": 2520000, "CNTR_ID": "IT", "NUTS2016_3": "ITH32-ITH34", "NUTS2016_2": "ITH3", "NUTS2016_1": "ITH", "NUTS2016_0": "IT", "LAND_PC": 100.0, "X_LLC": 4461000, "NUTS2021_3": "ITH32-ITH34", "NUTS2021_2": "ITH3", "DIST_COAST": 50106.9, "NUTS2021_1": "ITH", "NUTS2021_0": "IT", "NUTS2024_3": "ITH32-ITH34", "NUTS2024_2": "ITH3", "NUTS2024_1": "ITH", "NUTS2024_0": "IT" }, "geometry": { "type": "Point", "coordinates": [ 11.804432279708065, 45.781889635468083 ] } },
{ "type": "Feature", "properties": { "DIST_BORD": 111710.91, "TOT_P_2018": 336.0, "TOT_P_2006": 274.0, "GRD_ID": "CRS3035RES1000mN2520000E4462000", "TOT_P_2011": 334.0, "TOT_P_2021": 462.0, "Y_LLC": 2520000, "CNTR_ID": "IT", "NUTS2016_3": "ITH32-ITH34", "NUTS2016_2": "ITH3", "NUTS2016_1": "ITH", "NUTS2016_0": "IT", "LAND_PC": 100.0, "X_LLC": 4462000, "NUTS2021_3": "ITH32-ITH34", "NUTS2021_2": "ITH3", "DIST_COAST": 49354.4, "NUTS2021_1": "ITH", "NUTS2021_0": "IT", "NUTS2024_3": "ITH32-ITH34", "NUTS2024_2": "ITH3", "NUTS2024_1": "ITH", "NUTS2024_0": "IT" }, "geometry": { "type": "Point", "coordinates": [ 11.817270814647994, 45.781670614402714 ] } },
{ "type": "Feature", "properties": { "DIST_BORD": 115106.56, "TOT_P_2018": 20.0, "TOT_P_2006": 0.0, "GRD_ID": "CRS3035RES1000mN2521000E4441000", "TOT_P_2011": 63.0, "TOT_P_2021": 45.0, "Y_LLC": 2521000, "CNTR_ID": "IT", "NUTS2016_3": "ITH32", "NUTS2016_2": "ITH3", "NUTS2016_1": "ITH", "NUTS2016_0": "IT", "LAND_PC": 100.0, "X_LLC": 4441000, "NUTS2021_3": "ITH32", "NUTS2021_2": "ITH3", "DIST_COAST": 64659.56, "NUTS2021_1": "ITH", "NUTS2021_0": "IT", "NUTS2024_3": "ITH32", "NUTS2024_2": "ITH3", "NUTS2024_1": "ITH", "NUTS2024_0": "IT" }, "geometry": { "type": "Point", "coordinates": [ 11.547898636876615, 45.794951026297554 ] } },
{ "type": "Feature", "properties": { "DIST_BORD": 115478.15, "TOT_P_2018": 13.0, "TOT_P_2006": 0.0, "GRD_ID": "CRS3035RES1000mN2521000E4442000", "TOT_P_2011": 68.0, "TOT_P_2021": 60.0, "Y_LLC": 2521000, "CNTR_ID": "IT", "NUTS2016_3": "ITH32", "NUTS2016_2": "ITH3", "NUTS2016_1": "ITH", "NUTS2016_0": "IT", "LAND_PC": 100.0, "X_LLC": 4442000, "NUTS2021_3": "ITH32", "NUTS2021_2": "ITH3", "DIST_COAST": 63926.54, "NUTS2021_1": "ITH", "NUTS2021_0": "IT", "NUTS2024_3": "ITH32", "NUTS2024_2": "ITH3", "NUTS2024_1": "ITH", "NUTS2024_0": "IT" }, "geometry": { "type": "Point", "coordinates": [ 11.560741024181194, 45.794763022491864 ] } },
{ "type": "Feature", "properties": { "DIST_BORD": 115857.17, "TOT_P_2018": 203.0, "TOT_P_2006": 94.0, "GRD_ID": "CRS3035RES1000mN2521000E4443000", "TOT_P_2011": 200.0, "TOT_P_2021": 142.0, "Y_LLC": 2521000, "CNTR_ID": "IT", "NUTS2016_3": "ITH32", "NUTS2016_2": "ITH3", "NUTS2016_1": "ITH", "NUTS2016_0": "IT", "LAND_PC": 100.0, "X_LLC": 4443000, "NUTS2021_3": "ITH32", "NUTS2021_2": "ITH3", "DIST_COAST": 63200.83, "NUTS2021_1": "ITH", "NUTS2021_0": "IT", "NUTS2024_3": "ITH32", "NUTS2024_2": "ITH3", "NUTS2024_1": "ITH", "NUTS2024_0": "IT" }, "geometry": { "type": "Point", "coordinates": [ 11.573583331017655, 45.794573465576022 ] } },
{ "type": "Feature", "properties": { "DIST_BORD": 116243.57, "TOT_P_2018": 260.0, "TOT_P_2006": 169.0, "GRD_ID": "CRS3035RES1000mN2521000E4444000", "TOT_P_2011": 273.0, "TOT_P_2021": 239.0, "Y_LLC": 2521000, "CNTR_ID": "IT", "NUTS2016_3": "ITH32", "NUTS2016_2": "ITH3", "NUTS2016_1": "ITH", "NUTS2016_0": "IT", "LAND_PC": 100.0, "X_LLC": 4444000, "NUTS2021_3": "ITH32", "NUTS2021_2": "ITH3", "DIST_COAST": 62482.71, "NUTS2021_1": "ITH", "NUTS2021_0": "IT", "NUTS2024_3": "ITH32", "NUTS2024_2": "ITH3", "NUTS2024_1": "ITH", "NUTS2024_0": "IT" }, "geometry": { "type": "Point", "coordinates": [ 11.586425556791969, 45.794382355548336 ] } },
{ "type": "Feature", "properties": { "DIST_BORD": 116637.25, "TOT_P_2018": 340.0, "TOT_P_2006": 342.0, "GRD_ID": "CRS3035RES1000mN2521000E4445000", "TOT_P_2011": 354.0, "TOT_P_2021": 269.0, "Y_LLC": 2521000, "CNTR_ID": "IT", "NUTS2016_3": "ITH32", "NUTS2016_2": "ITH3", "NUTS2016_1": "ITH", "NUTS2016_0": "IT", "LAND_PC": 100.0, "X_LLC": 4445000, "NUTS2021_3": "ITH32", "NUTS2021_2": "ITH3", "DIST_COAST": 61772.42, "NUTS2021_1": "ITH", "NUTS2021_0": "IT", "NUTS2024_3": "ITH32", "NUTS2024_2": "ITH3", "NUTS2024_1": "ITH", "NUTS2024_0": "IT" }, "geometry": { "type": "Point", "coordinates": [ 11.599267700912742, 45.794189692382545 ] } },
{ "type": "Feature", "properties": { "DIST_BORD": 117038.16, "TOT_P_2018": 134.0, "TOT_P_2006": 80.0, "GRD_ID": "CRS3035RES1000mN2521000E4446000", "TOT_P_2011": 139.0, "TOT_P_2021": 123.0, "Y_LLC": 2521000, "CNTR_ID": "IT", "NUTS2016_3": "ITH32", "NUTS2016_2": "ITH3", "NUTS2016_1": "ITH", "NUTS2016_0": "IT", "LAND_PC": 100.0, "X_LLC": 4446000, "NUTS2021_3": "ITH32", "NUTS2021_2": "ITH3", "DIST_COAST": 61070.25, "NUTS2021_1": "ITH", "NUTS2021_0": "IT", "NUTS2024_3": "ITH32", "NUTS2024_2": "ITH3", "NUTS2024_1": "ITH", "NUTS2024_0": "IT" }, "geometry": { "type": "Point", "coordinates": [ 11.612109762530359, 45.793995476205346 ] } },
{ "type": "Feature", "properties": { "DIST_BORD": 117446.22, "TOT_P_2018": 233.0, "TOT_P_2006": 96.0, "GRD_ID": "CRS3035RES1000mN2521000E4447000", "TOT_P_2011": 237.0, "TOT_P_2021": 209.0, "Y_LLC": 2521000, "CNTR_ID": "IT", "NUTS2016_3": "ITH32", "NUTS2016_2": "ITH3", "NUTS2016_1": "ITH", "NUTS2016_0": "IT", "LAND_PC": 100.0, "X_LLC": 4447000, "NUTS2021_3": "ITH32", "NUTS2021_2": "ITH3", "DIST_COAST": 60376.47, "NUTS2021_1": "ITH", "NUTS2021_0": "IT", "NUTS2024_3": "ITH32", "NUTS2024_2": "ITH3", "NUTS2024_1": "ITH", "NUTS2024_0": "IT" }, "geometry": { "type": "Point", "coordinates": [ 11.624951741024212, 45.793799707030935 ] } },
{ "type": "Feature", "properties": { "DIST_BORD": 117242.82, "TOT_P_2018": 66.0, "TOT_P_2006": 2.0, "GRD_ID": "CRS3035RES1000mN2521000E4448000", "TOT_P_2011": 69.0, "TOT_P_2021": 68.0, "Y_LLC": 2521000, "CNTR_ID": "IT", "NUTS2016_3": "ITH32", "NUTS2016_2": "ITH3", "NUTS2016_1": "ITH", "NUTS2016_0": "IT", "LAND_PC": 100.0, "X_LLC": 4448000, "NUTS2021_3": "ITH32", "NUTS2021_2": "ITH3", "DIST_COAST": 59691.39, "NUTS2021_1": "ITH", "NUTS2021_0": "IT", "NUTS2024_3": "ITH32", "NUTS2024_2": "ITH3", "NUTS2024_1": "ITH", "NUTS2024_0": "IT" }, "geometry": { "type": "Point", "coordinates": [ 11.63779363611927, 45.793602384789082 ] } },
{ "type": "Feature", "properties": { "DIST_BORD": 116738.63, "TOT_P_2018": 97.0, "TOT_P_2006": 0.0, "GRD_ID": "CRS3035RES1000mN2521000E4449000", "TOT_P_2011": 93.0, "TOT_P_2021": 90.0, "Y_LLC": 2521000, "CNTR_ID": "IT", "NUTS2016_3": "ITH32", "NUTS2016_2": "ITH3", "NUTS2016_1": "ITH", "NUTS2016_0": "IT", "LAND_PC": 100.0, "X_LLC": 4449000, "NUTS2021_3": "ITH32", "NUTS2021_2": "ITH3", "DIST_COAST": 59015.29, "NUTS2021_1": "ITH", "NUTS2021_0": "IT", "NUTS2024_3": "ITH32", "NUTS2024_2": "ITH3", "NUTS2024_1": "ITH", "NUTS2024_0": "IT" }, "geometry": { "type": "Point", "coordinates": [ 11.650635446545001, 45.79340350947534 ] } },
{ "type": "Feature", "properties": { "DIST_BORD": 116240.85, "TOT_P_2018": 34.0, "TOT_P_2006": 0.0, "GRD_ID": "CRS3035RES1000mN2521000E4450000", "TOT_P_2011": 34.0, "TOT_P_2021": 19.0, "Y_LLC": 2521000, "CNTR_ID": "IT", "NUTS2016_3": "ITH32", "NUTS2016_2": "ITH3", "NUTS2016_1": "ITH", "NUTS2016_0": "IT", "LAND_PC": 100.0, "X_LLC": 4450000, "NUTS2021_3": "ITH32", "NUTS2021_2": "ITH3", "DIST_COAST": 58348.51, "NUTS2021_1": "ITH", "NUTS2021_0": "IT", "NUTS2024_3": "ITH32", "NUTS2024_2": "ITH3", "NUTS2024_1": "ITH", "NUTS2024_0": "IT" }, "geometry": { "type": "Point", "coordinates": [ 11.663477172064214, 45.793203081233244 ] } },
{ "type": "Feature", "properties": { "DIST_BORD": 115749.57, "TOT_P_2018": 48.0, "TOT_P_2006": 0.0, "GRD_ID": "CRS3035RES1000mN2521000E4451000", "TOT_P_2011": 49.0, "TOT_P_2021": 15.0, "Y_LLC": 2521000, "CNTR_ID": "IT", "NUTS2016_3": "ITH32", "NUTS2016_2": "ITH3", "NUTS2016_1": "ITH", "NUTS2016_0": "IT", "LAND_PC": 100.0, "X_LLC": 4451000, "NUTS2021_3": "ITH32", "NUTS2021_2": "ITH3", "DIST_COAST": 57691.35, "NUTS2021_1": "ITH", "NUTS2021_0": "IT", "NUTS2024_3": "ITH32", "NUTS2024_2": "ITH3", "NUTS2024_1": "ITH", "NUTS2024_0": "IT" }, "geometry": { "type": "Point", "coordinates": [ 11.676318811849375, 45.79300109997294 ] } },
{ "type": "Feature", "properties": { "DIST_BORD": 115264.87, "TOT_P_2018": 256.0, "TOT_P_2006": 46.0, "GRD_ID": "CRS3035RES1000mN2521000E4452000", "TOT_P_2011": 230.0, "TOT_P_2021": 212.0, "Y_LLC": 2521000, "CNTR_ID": "IT", "NUTS2016_3": "ITH32", "NUTS2016_2": "ITH3", "NUTS2016_1": "ITH", "NUTS2016_0": "IT", "LAND_PC": 100.0, "X_LLC": 4452000, "NUTS2021_3": "ITH32", "NUTS2021_2": "ITH3", "DIST_COAST": 57044.15, "NUTS2021_1": "ITH", "NUTS2021_0": "IT", "NUTS2024_3": "ITH32", "NUTS2024_2": "ITH3", "NUTS2024_1": "ITH", "NUTS2024_0": "IT" }, "geometry": { "type": "Point", "coordinates": [ 11.68916036532335, 45.792797565751172 ] } },
{ "type": "Feature", "properties": { "DIST_BORD": 114786.83, "TOT_P_2018": 144.0, "TOT_P_2006": 18.0, "GRD_ID": "CRS3035RES1000mN2521000E4453000", "TOT_P_2011": 146.0, "TOT_P_2021": 114.0, "Y_LLC": 2521000, "CNTR_ID": "IT", "NUTS2016_3": "ITH32", "NUTS2016_2": "ITH3", "NUTS2016_1": "ITH", "NUTS2016_0": "IT", "LAND_PC": 100.0, "X_LLC": 4453000, "NUTS2021_3": "ITH32", "NUTS2021_2": "ITH3", "DIST_COAST": 56407.25, "NUTS2021_1": "ITH", "NUTS2021_0": "IT", "NUTS2024_3": "ITH32", "NUTS2024_2": "ITH3", "NUTS2024_1": "ITH", "NUTS2024_0": "IT" }, "geometry": { "type": "Point", "coordinates": [ 11.702001831784408, 45.792592478543675 ] } },
{ "type": "Feature", "properties": { "DIST_BORD": 114315.55, "TOT_P_2018": 132.0, "TOT_P_2006": 170.0, "GRD_ID": "CRS3035RES1000mN2521000E4454000", "TOT_P_2011": 122.0, "TOT_P_2021": 137.0, "Y_LLC": 2521000, "CNTR_ID": "IT", "NUTS2016_3": "ITH32", "NUTS2016_2": "ITH3", "NUTS2016_1": "ITH", "NUTS2016_0": "IT", "LAND_PC": 100.0, "X_LLC": 4454000, "NUTS2021_3": "ITH32", "NUTS2021_2": "ITH3", "DIST_COAST": 55781.01, "NUTS2021_1": "ITH", "NUTS2021_0": "IT", "NUTS2024_3": "ITH32", "NUTS2024_2": "ITH3", "NUTS2024_1": "ITH", "NUTS2024_0": "IT" }, "geometry": { "type": "Point", "coordinates": [ 11.714843210551404, 45.792385838442875 ] } },
{ "type": "Feature", "properties": { "DIST_BORD": 113851.1, "TOT_P_2018": 1236.0, "TOT_P_2006": 1204.0, "GRD_ID": "CRS3035RES1000mN2521000E4455000", "TOT_P_2011": 1120.0, "TOT_P_2021": 1217.0, "Y_LLC": 2521000, "CNTR_ID": "IT", "NUTS2016_3": "ITH32", "NUTS2016_2": "ITH3", "NUTS2016_1": "ITH", "NUTS2016_0": "IT", "LAND_PC": 100.0, "X_LLC": 4455000, "NUTS2021_3": "ITH32", "NUTS2021_2": "ITH3", "DIST_COAST": 55165.79, "NUTS2021_1": "ITH", "NUTS2021_0": "IT", "NUTS2024_3": "ITH32", "NUTS2024_2": "ITH3", "NUTS2024_1": "ITH", "NUTS2024_0": "IT" }, "geometry": { "type": "Point", "coordinates": [ 11.727684500928722, 45.79217764537654 ] } },
{ "type": "Feature", "properties": { "DIST_BORD": 113393.56, "TOT_P_2018": 302.0, "TOT_P_2006": 727.0, "GRD_ID": "CRS3035RES1000mN2521000E4456000", "TOT_P_2011": 296.0, "TOT_P_2021": 421.0, "Y_LLC": 2521000, "CNTR_ID": "IT", "NUTS2016_3": "ITH32-ITH34", "NUTS2016_2": "ITH3", "NUTS2016_1": "ITH", "NUTS2016_0": "IT", "LAND_PC": 100.0, "X_LLC": 4456000, "NUTS2021_3": "ITH32-ITH34", "NUTS2021_2": "ITH3", "DIST_COAST": 54561.96, "NUTS2021_1": "ITH", "NUTS2021_0": "IT", "NUTS2024_3": "ITH32-ITH34", "NUTS2024_2": "ITH3", "NUTS2024_1": "ITH", "NUTS2024_0": "IT" }, "geometry": { "type": "Point", "coordinates": [ 11.740525702449826, 45.791967899504982 ] } },
{ "type": "Feature", "properties": { "DIST_BORD": 112943.03, "TOT_P_2018": 1837.0, "TOT_P_2006": 1572.0, "GRD_ID": "CRS3035RES1000mN2521000E4457000", "TOT_P_2011": 1913.0, "TOT_P_2021": 1795.0, "Y_LLC": 2521000, "CNTR_ID": "IT", "NUTS2016_3": "ITH32-ITH34", "NUTS2016_2": "ITH3", "NUTS2016_1": "ITH", "NUTS2016_0": "IT", "LAND_PC": 100.0, "X_LLC": 4457000, "NUTS2021_3": "ITH32-ITH34", "NUTS2021_2": "ITH3", "DIST_COAST": 53819.89, "NUTS2021_1": "ITH", "NUTS2021_0": "IT", "NUTS2024_3": "ITH32-ITH34", "NUTS2024_2": "ITH3", "NUTS2024_1": "ITH", "NUTS2024_0": "IT" }, "geometry": { "type": "Point", "coordinates": [ 11.753366814198353, 45.791756600685332 ] } },
{ "type": "Feature", "properties": { "DIST_BORD": 112499.58, "TOT_P_2018": 477.0, "TOT_P_2006": 832.0, "GRD_ID": "CRS3035RES1000mN2521000E4458000", "TOT_P_2011": 475.0, "TOT_P_2021": 510.0, "Y_LLC": 2521000, "CNTR_ID": "IT", "NUTS2016_3": "ITH32-ITH34", "NUTS2016_2": "ITH3", "NUTS2016_1": "ITH", "NUTS2016_0": "IT", "LAND_PC": 100.0, "X_LLC": 4458000, "NUTS2021_3": "ITH32-ITH34", "NUTS2021_2": "ITH3", "DIST_COAST": 53044.66, "NUTS2021_1": "ITH", "NUTS2021_0": "IT", "NUTS2024_3": "ITH32-ITH34", "NUTS2024_2": "ITH3", "NUTS2024_1": "ITH", "NUTS2024_0": "IT" }, "geometry": { "type": "Point", "coordinates": [ 11.766207835611821, 45.791543749028044 ] } },
{ "type": "Feature", "properties": { "DIST_BORD": 112063.3, "TOT_P_2018": 105.0, "TOT_P_2006": 55.0, "GRD_ID": "CRS3035RES1000mN2521000E4459000", "TOT_P_2011": 116.0, "TOT_P_2021": 112.0, "Y_LLC": 2521000, "CNTR_ID": "IT", "NUTS2016_3": "ITH32-ITH34", "NUTS2016_2": "ITH3", "NUTS2016_1": "ITH", "NUTS2016_0": "IT", "LAND_PC": 100.0, "X_LLC": 4459000, "NUTS2021_3": "ITH32-ITH34", "NUTS2021_2": "ITH3", "DIST_COAST": 52277.06, "NUTS2021_1": "ITH", "NUTS2021_0": "IT", "NUTS2024_3": "ITH32-ITH34", "NUTS2024_2": "ITH3", "NUTS2024_1": "ITH", "NUTS2024_0": "IT" }, "geometry": { "type": "Point", "coordinates": [ 11.779048766249989, 45.791329344461268 ] } },
{ "type": "Feature", "properties": { "DIST_BORD": 111634.27, "TOT_P_2018": 447.0, "TOT_P_2006": 192.0, "GRD_ID": "CRS3035RES1000mN2521000E4460000", "TOT_P_2011": 431.0, "TOT_P_2021": 407.0, "Y_LLC": 2521000, "CNTR_ID": "IT", "NUTS2016_3": "ITH32-ITH34", "NUTS2016_2": "ITH3", "NUTS2016_1": "ITH", "NUTS2016_0": "IT", "LAND_PC": 100.0, "X_LLC": 4460000, "NUTS2021_3": "ITH32-ITH34", "NUTS2021_2": "ITH3", "DIST_COAST": 51517.44, "NUTS2021_1": "ITH", "NUTS2021_0": "IT", "NUTS2024_3": "ITH32-ITH34", "NUTS2024_2": "ITH3", "NUTS2024_1": "ITH", "NUTS2024_0": "IT" }, "geometry": { "type": "Point", "coordinates": [ 11.79188960507523, 45.791113387122216 ] } },
{ "type": "Feature", "properties": { "DIST_BORD": 111212.58, "TOT_P_2018": 591.0, "TOT_P_2006": 436.0, "GRD_ID": "CRS3035RES1000mN2521000E4461000", "TOT_P_2011": 556.0, "TOT_P_2021": 616.0, "Y_LLC": 2521000, "CNTR_ID": "IT", "NUTS2016_3": "ITH32-ITH34", "NUTS2016_2": "ITH3", "NUTS2016_1": "ITH", "NUTS2016_0": "IT", "LAND_PC": 100.0, "X_LLC": 4461000, "NUTS2021_3": "ITH32-ITH34", "NUTS2021_2": "ITH3", "DIST_COAST": 50766.15, "NUTS2021_1": "ITH", "NUTS2021_0": "IT", "NUTS2024_3": "ITH32-ITH34", "NUTS2024_2": "ITH3", "NUTS2024_1": "ITH", "NUTS2024_0": "IT" }, "geometry": { "type": "Point", "coordinates": [ 11.804730351605176, 45.7908958770212 ] } },
{ "type": "Feature", "properties": { "DIST_BORD": 114177.26, "TOT_P_2018": 14.0, "TOT_P_2006": 0.0, "GRD_ID": "CRS3035RES1000mN2522000E4441000", "TOT_P_2011": 12.0, "TOT_P_2021": 4.0, "Y_LLC": 2522000, "CNTR_ID": "IT", "NUTS2016_3": "ITH32", "NUTS2016_2": "ITH3", "NUTS2016_1": "ITH", "NUTS2016_0": "IT", "LAND_PC": 100.0, "X_LLC": 4441000, "NUTS2021_3": "ITH32", "NUTS2021_2": "ITH3", "DIST_COAST": 65340.04, "NUTS2021_1": "ITH", "NUTS2021_0": "IT", "NUTS2024_3": "ITH32", "NUTS2024_2": "ITH3", "NUTS2024_1": "ITH", "NUTS2024_0": "IT" }, "geometry": { "type": "Point", "coordinates": [ 11.548154434335682, 45.803957990579534 ] } },
{ "type": "Feature", "properties": { "DIST_BORD": 114551.86, "TOT_P_2018": 0.0, "TOT_P_2006": 0.0, "GRD_ID": "CRS3035RES1000mN2522000E4442000", "TOT_P_2011": 0.0, "TOT_P_2021": 2.0, "Y_LLC": 2522000, "CNTR_ID": "IT", "NUTS2016_3": "ITH32", "NUTS2016_2": "ITH3", "NUTS2016_1": "ITH", "NUTS2016_0": "IT", "LAND_PC": 100.0, "X_LLC": 4442000, "NUTS2021_3": "ITH32", "NUTS2021_2": "ITH3", "DIST_COAST": 64614.74, "NUTS2021_1": "ITH", "NUTS2021_0": "IT", "NUTS2024_3": "ITH32", "NUTS2024_2": "ITH3", "NUTS2024_1": "ITH", "NUTS2024_0": "IT" }, "geometry": { "type": "Point", "coordinates": [ 11.560998942300415, 45.803769950823806 ] } },
{ "type": "Feature", "properties": { "DIST_BORD": 115323.43, "TOT_P_2018": 57.0, "TOT_P_2006": 53.0, "GRD_ID": "CRS3035RES1000mN2522000E4444000", "TOT_P_2011": 60.0, "TOT_P_2021": 61.0, "Y_LLC": 2522000, "CNTR_ID": "IT", "NUTS2016_3": "ITH32", "NUTS2016_2": "ITH3", "NUTS2016_1": "ITH", "NUTS2016_0": "IT", "LAND_PC": 100.0, "X_LLC": 4444000, "NUTS2021_3": "ITH32", "NUTS2021_2": "ITH3", "DIST_COAST": 63186.63, "NUTS2021_1": "ITH", "NUTS2021_0": "IT", "NUTS2024_3": "ITH32", "NUTS2024_2": "ITH3", "NUTS2024_1": "ITH", "NUTS2024_0": "IT" }, "geometry": { "type": "Point", "coordinates": [ 11.586687716072742, 45.803389211110826 ] } },
{ "type": "Feature", "properties": { "DIST_BORD": 115720.25, "TOT_P_2018": 183.0, "TOT_P_2006": 270.0, "GRD_ID": "CRS3035RES1000mN2522000E4445000", "TOT_P_2011": 190.0, "TOT_P_2021": 156.0, "Y_LLC": 2522000, "CNTR_ID": "IT", "NUTS2016_3": "ITH32", "NUTS2016_2": "ITH3", "NUTS2016_1": "ITH", "NUTS2016_0": "IT", "LAND_PC": 100.0, "X_LLC": 4445000, "NUTS2021_3": "ITH32", "NUTS2021_2": "ITH3", "DIST_COAST": 62484.35, "NUTS2021_1": "ITH", "NUTS2021_0": "IT", "NUTS2024_3": "ITH32", "NUTS2024_2": "ITH3", "NUTS2024_1": "ITH", "NUTS2024_0": "IT" }, "geometry": { "type": "Point", "coordinates": [ 11.599531980675163, 45.803196511183693 ] } },
{ "type": "Feature", "properties": { "DIST_BORD": 116124.33, "TOT_P_2018": 573.0, "TOT_P_2006": 872.0, "GRD_ID": "CRS3035RES1000mN2522000E4446000", "TOT_P_2011": 594.0, "TOT_P_2021": 582.0, "Y_LLC": 2522000, "CNTR_ID": "IT", "NUTS2016_3": "ITH32", "NUTS2016_2": "ITH3", "NUTS2016_1": "ITH", "NUTS2016_0": "IT", "LAND_PC": 100.0, "X_LLC": 4446000, "NUTS2021_3": "ITH32", "NUTS2021_2": "ITH3", "DIST_COAST": 61790.27, "NUTS2021_1": "ITH", "NUTS2021_0": "IT", "NUTS2024_3": "ITH32", "NUTS2024_2": "ITH3", "NUTS2024_1": "ITH", "NUTS2024_0": "IT" }, "geometry": { "type": "Point", "coordinates": [ 11.612376162750641, 45.803002257876827 ] } },
{ "type": "Feature", "properties": { "DIST_BORD": 116535.58, "TOT_P_2018": 24.0, "TOT_P_2006": 40.0, "GRD_ID": "CRS3035RES1000mN2522000E4447000", "TOT_P_2011": 25.0, "TOT_P_2021": 23.0, "Y_LLC": 2522000, "CNTR_ID": "IT", "NUTS2016_3": "ITH32", "NUTS2016_2": "ITH3", "NUTS2016_1": "ITH", "NUTS2016_0": "IT", "LAND_PC": 100.0, "X_LLC": 4447000, "NUTS2021_3": "ITH32", "NUTS2021_2": "ITH3", "DIST_COAST": 61104.67, "NUTS2021_1": "ITH", "NUTS2021_0": "IT", "NUTS2024_3": "ITH32", "NUTS2024_2": "ITH3", "NUTS2024_1": "ITH", "NUTS2024_0": "IT" }, "geometry": { "type": "Point", "coordinates": [ 11.625220261726048, 45.802806451243868 ] } },
{ "type": "Feature", "properties": { "DIST_BORD": 116382.2, "TOT_P_2018": 93.0, "TOT_P_2006": 33.0, "GRD_ID": "CRS3035RES1000mN2522000E4448000", "TOT_P_2011": 97.0, "TOT_P_2021": 99.0, "Y_LLC": 2522000, "CNTR_ID": "IT", "NUTS2016_3": "ITH32", "NUTS2016_2": "ITH3", "NUTS2016_1": "ITH", "NUTS2016_0": "IT", "LAND_PC": 100.0, "X_LLC": 4448000, "NUTS2021_3": "ITH32", "NUTS2021_2": "ITH3", "DIST_COAST": 60427.84, "NUTS2021_1": "ITH", "NUTS2021_0": "IT", "NUTS2024_3": "ITH32", "NUTS2024_2": "ITH3", "NUTS2024_1": "ITH", "NUTS2024_0": "IT" }, "geometry": { "type": "Point", "coordinates": [ 11.638064276992793, 45.8026090912198 ] } },
{ "type": "Feature", "properties": { "DIST_BORD": 115874.26, "TOT_P_2018": 182.0, "TOT_P_2006": 128.0, "GRD_ID": "CRS3035RES1000mN2522000E4449000", "TOT_P_2011": 184.0, "TOT_P_2021": 185.0, "Y_LLC": 2522000, "CNTR_ID": "IT", "NUTS2016_3": "ITH32", "NUTS2016_2": "ITH3", "NUTS2016_1": "ITH", "NUTS2016_0": "IT", "LAND_PC": 100.0, "X_LLC": 4449000, "NUTS2021_3": "ITH32", "NUTS2021_2": "ITH3", "DIST_COAST": 59760.08, "NUTS2021_1": "ITH", "NUTS2021_0": "IT", "NUTS2024_3": "ITH32", "NUTS2024_2": "ITH3", "NUTS2024_1": "ITH", "NUTS2024_0": "IT" }, "geometry": { "type": "Point", "coordinates": [ 11.65090820782707, 45.802410177956517 ] } },
{ "type": "Feature", "properties": { "DIST_BORD": 115372.75, "TOT_P_2018": 107.0, "TOT_P_2006": 73.0, "GRD_ID": "CRS3035RES1000mN2522000E4450000", "TOT_P_2011": 92.0, "TOT_P_2021": 74.0, "Y_LLC": 2522000, "CNTR_ID": "IT", "NUTS2016_3": "ITH32", "NUTS2016_2": "ITH3", "NUTS2016_1": "ITH", "NUTS2016_0": "IT", "LAND_PC": 100.0, "X_LLC": 4450000, "NUTS2021_3": "ITH32", "NUTS2021_2": "ITH3", "DIST_COAST": 59101.69, "NUTS2021_1": "ITH", "NUTS2021_0": "IT", "NUTS2024_3": "ITH32", "NUTS2024_2": "ITH3", "NUTS2024_1": "ITH", "NUTS2024_0": "IT" }, "geometry": { "type": "Point", "coordinates": [ 11.663752053542041, 45.802209711350642 ] } },
{ "type": "Feature", "properties": { "DIST_BORD": 114877.76, "TOT_P_2018": 36.0, "TOT_P_2006": 0.0, "GRD_ID": "CRS3035RES1000mN2522000E4451000", "TOT_P_2011": 5.0, "TOT_P_2021": 6.0, "Y_LLC": 2522000, "CNTR_ID": "IT", "NUTS2016_3": "ITH32", "NUTS2016_2": "ITH3", "NUTS2016_1": "ITH", "NUTS2016_0": "IT", "LAND_PC": 100.0, "X_LLC": 4451000, "NUTS2021_3": "ITH32", "NUTS2021_2": "ITH3", "DIST_COAST": 58453.0, "NUTS2021_1": "ITH", "NUTS2021_0": "IT", "NUTS2024_3": "ITH32", "NUTS2024_2": "ITH3", "NUTS2024_1": "ITH", "NUTS2024_0": "IT" }, "geometry": { "type": "Point", "coordinates": [ 11.676595813461336, 45.802007691537391 ] } },
{ "type": "Feature", "properties": { "DIST_BORD": 114389.37, "TOT_P_2018": 1.0, "TOT_P_2006": 0.0, "GRD_ID": "CRS3035RES1000mN2522000E4452000", "TOT_P_2011": 1.0, "TOT_P_2021": 2.0, "Y_LLC": 2522000, "CNTR_ID": "IT", "NUTS2016_3": "ITH32", "NUTS2016_2": "ITH3", "NUTS2016_1": "ITH", "NUTS2016_0": "IT", "LAND_PC": 100.0, "X_LLC": 4452000, "NUTS2021_3": "ITH32", "NUTS2021_2": "ITH3", "DIST_COAST": 57814.33, "NUTS2021_1": "ITH", "NUTS2021_0": "IT", "NUTS2024_3": "ITH32", "NUTS2024_2": "ITH3", "NUTS2024_1": "ITH", "NUTS2024_0": "IT" }, "geometry": { "type": "Point", "coordinates": [ 11.689439486991798, 45.801804118391729 ] } },
{ "type": "Feature", "properties": { "DIST_BORD": 113907.66, "TOT_P_2018": 28.0, "TOT_P_2006": 17.0, "GRD_ID": "CRS3035RES1000mN2522000E4453000", "TOT_P_2011": 28.0, "TOT_P_2021": 67.0, "Y_LLC": 2522000, "CNTR_ID": "IT", "NUTS2016_3": "ITH32", "NUTS2016_2": "ITH3", "NUTS2016_1": "ITH", "NUTS2016_0": "IT", "LAND_PC": 100.0, "X_LLC": 4453000, "NUTS2021_3": "ITH32", "NUTS2021_2": "ITH3", "DIST_COAST": 57186.01, "NUTS2021_1": "ITH", "NUTS2021_0": "IT", "NUTS2024_3": "ITH32", "NUTS2024_2": "ITH3", "NUTS2024_1": "ITH", "NUTS2024_0": "IT" }, "geometry": { "type": "Point", "coordinates": [ 11.70228307359273, 45.801598992053329 ] } },
{ "type": "Feature", "properties": { "DIST_BORD": 113432.72, "TOT_P_2018": 1352.0, "TOT_P_2006": 551.0, "GRD_ID": "CRS3035RES1000mN2522000E4454000", "TOT_P_2011": 1339.0, "TOT_P_2021": 1030.0, "Y_LLC": 2522000, "CNTR_ID": "IT", "NUTS2016_3": "ITH32", "NUTS2016_2": "ITH3", "NUTS2016_1": "ITH", "NUTS2016_0": "IT", "LAND_PC": 100.0, "X_LLC": 4454000, "NUTS2021_3": "ITH32", "NUTS2021_2": "ITH3", "DIST_COAST": 56568.39, "NUTS2021_1": "ITH", "NUTS2021_0": "IT", "NUTS2024_3": "ITH32", "NUTS2024_2": "ITH3", "NUTS2024_1": "ITH", "NUTS2024_0": "IT" }, "geometry": { "type": "Point", "coordinates": [ 11.715126572314736, 45.80139231243745 ] } },
{ "type": "Feature", "properties": { "DIST_BORD": 112964.64, "TOT_P_2018": 1468.0, "TOT_P_2006": 1471.0, "GRD_ID": "CRS3035RES1000mN2522000E4455000", "TOT_P_2011": 1405.0, "TOT_P_2021": 1396.0, "Y_LLC": 2522000, "CNTR_ID": "IT", "NUTS2016_3": "ITH32", "NUTS2016_2": "ITH3", "NUTS2016_1": "ITH", "NUTS2016_0": "IT", "LAND_PC": 100.0, "X_LLC": 4455000, "NUTS2021_3": "ITH32", "NUTS2021_2": "ITH3", "DIST_COAST": 55961.83, "NUTS2021_1": "ITH", "NUTS2021_0": "IT", "NUTS2024_3": "ITH32", "NUTS2024_2": "ITH3", "NUTS2024_1": "ITH", "NUTS2024_0": "IT" }, "geometry": { "type": "Point", "coordinates": [ 11.727969982651194, 45.801184079604958 ] } },
{ "type": "Feature", "properties": { "DIST_BORD": 112503.5, "TOT_P_2018": 30.0, "TOT_P_2006": 7.0, "GRD_ID": "CRS3035RES1000mN2522000E4456000", "TOT_P_2011": 21.0, "TOT_P_2021": 78.0, "Y_LLC": 2522000, "CNTR_ID": "IT", "NUTS2016_3": "ITH32-ITH34", "NUTS2016_2": "ITH3", "NUTS2016_1": "ITH", "NUTS2016_0": "IT", "LAND_PC": 100.0, "X_LLC": 4456000, "NUTS2021_3": "ITH32-ITH34", "NUTS2021_2": "ITH3", "DIST_COAST": 55226.14, "NUTS2021_1": "ITH", "NUTS2021_0": "IT", "NUTS2024_3": "ITH32-ITH34", "NUTS2024_2": "ITH3", "NUTS2024_1": "ITH", "NUTS2024_0": "IT" }, "geometry": { "type": "Point", "coordinates": [ 11.740813304023993, 45.800974293518649 ] } },
{ "type": "Feature", "properties": { "DIST_BORD": 112049.39, "TOT_P_2018": 990.0, "TOT_P_2006": 405.0, "GRD_ID": "CRS3035RES1000mN2522000E4457000", "TOT_P_2011": 1003.0, "TOT_P_2021": 969.0, "Y_LLC": 2522000, "CNTR_ID": "IT", "NUTS2016_3": "ITH32-ITH34", "NUTS2016_2": "ITH3", "NUTS2016_1": "ITH", "NUTS2016_0": "IT", "LAND_PC": 100.0, "X_LLC": 4457000, "NUTS2021_3": "ITH32-ITH34", "NUTS2021_2": "ITH3", "DIST_COAST": 54452.57, "NUTS2021_1": "ITH", "NUTS2021_0": "IT", "NUTS2024_3": "ITH32-ITH34", "NUTS2024_2": "ITH3", "NUTS2024_1": "ITH", "NUTS2024_0": "IT" }, "geometry": { "type": "Point", "coordinates": [ 11.753656535613805, 45.800762954362078 ] } },
{ "type": "Feature", "properties": { "DIST_BORD": 111602.39, "TOT_P_2018": 492.0, "TOT_P_2006": 315.0, "GRD_ID": "CRS3035RES1000mN2522000E4458000", "TOT_P_2011": 518.0, "TOT_P_2021": 481.0, "Y_LLC": 2522000, "CNTR_ID": "IT", "NUTS2016_3": "ITH32-ITH34", "NUTS2016_2": "ITH3", "NUTS2016_1": "ITH", "NUTS2016_0": "IT", "LAND_PC": 100.0, "X_LLC": 4458000, "NUTS2021_3": "ITH32-ITH34", "NUTS2021_2": "ITH3", "DIST_COAST": 53686.47, "NUTS2021_1": "ITH", "NUTS2021_0": "IT", "NUTS2024_3": "ITH32-ITH34", "NUTS2024_2": "ITH3", "NUTS2024_1": "ITH", "NUTS2024_0": "IT" }, "geometry": { "type": "Point", "coordinates": [ 11.766499676858141, 45.800550062000795 ] } },
{ "type": "Feature", "properties": { "DIST_BORD": 110730.07, "TOT_P_2018": 338.0, "TOT_P_2006": 357.0, "GRD_ID": "CRS3035RES1000mN2522000E4460000", "TOT_P_2011": 315.0, "TOT_P_2021": 249.0, "Y_LLC": 2522000, "CNTR_ID": "IT", "NUTS2016_3": "ITH32-ITH34", "NUTS2016_2": "ITH3", "NUTS2016_1": "ITH", "NUTS2016_0": "IT", "LAND_PC": 100.0, "X_LLC": 4460000, "NUTS2021_3": "ITH32-ITH34", "NUTS2021_2": "ITH3", "DIST_COAST": 52178.04, "NUTS2021_1": "ITH", "NUTS2021_0": "IT", "NUTS2024_3": "ITH32-ITH34", "NUTS2024_2": "ITH3", "NUTS2024_1": "ITH", "NUTS2024_0": "IT" }, "geometry": { "type": "Point", "coordinates": [ 11.792185685592447, 45.800119617894318 ] } },
{ "type": "Feature", "properties": { "DIST_BORD": 110822.37, "TOT_P_2018": 0.0, "TOT_P_2006": 0.0, "GRD_ID": "CRS3035RES1000mN2523000E4434000", "TOT_P_2011": 0.0, "TOT_P_2021": 1.0, "Y_LLC": 2523000, "CNTR_ID": "IT", "NUTS2016_3": "ITH32", "NUTS2016_2": "ITH3", "NUTS2016_1": "ITH", "NUTS2016_0": "IT", "LAND_PC": 100.0, "X_LLC": 4434000, "NUTS2021_3": "ITH32", "NUTS2021_2": "ITH3", "DIST_COAST": 71243.1, "NUTS2021_1": "ITH", "NUTS2021_0": "IT", "NUTS2024_3": "ITH32", "NUTS2024_2": "ITH3", "NUTS2024_1": "ITH", "NUTS2024_0": "IT" }, "geometry": { "type": "Point", "coordinates": [ 11.458481736472592, 45.814237927878473 ] } },
{ "type": "Feature", "properties": { "DIST_BORD": 114804.64, "TOT_P_2018": 52.0, "TOT_P_2006": 30.0, "GRD_ID": "CRS3035RES1000mN2523000E4445000", "TOT_P_2011": 54.0, "TOT_P_2021": 25.0, "Y_LLC": 2523000, "CNTR_ID": "IT", "NUTS2016_3": "ITH32", "NUTS2016_2": "ITH3", "NUTS2016_1": "ITH", "NUTS2016_0": "IT", "LAND_PC": 100.0, "X_LLC": 4445000, "NUTS2021_3": "ITH32", "NUTS2021_2": "ITH3", "DIST_COAST": 63204.08, "NUTS2021_1": "ITH", "NUTS2021_0": "IT", "NUTS2024_3": "ITH32", "NUTS2024_2": "ITH3", "NUTS2024_1": "ITH", "NUTS2024_0": "IT" }, "geometry": { "type": "Point", "coordinates": [ 11.599796373986933, 45.812203278002876 ] } },
{ "type": "Feature", "properties": { "DIST_BORD": 115211.92, "TOT_P_2018": 83.0, "TOT_P_2006": 102.0, "GRD_ID": "CRS3035RES1000mN2523000E4446000", "TOT_P_2011": 86.0, "TOT_P_2021": 111.0, "Y_LLC": 2523000, "CNTR_ID": "IT", "NUTS2016_3": "ITH32", "NUTS2016_2": "ITH3", "NUTS2016_1": "ITH", "NUTS2016_0": "IT", "LAND_PC": 100.0, "X_LLC": 4446000, "NUTS2021_3": "ITH32", "NUTS2021_2": "ITH3", "DIST_COAST": 62517.99, "NUTS2021_1": "ITH", "NUTS2021_0": "IT", "NUTS2024_3": "ITH32", "NUTS2024_2": "ITH3", "NUTS2024_1": "ITH", "NUTS2024_0": "IT" }, "geometry": { "type": "Point", "coordinates": [ 11.612642677547765, 45.81200898751807 ] } },
{ "type": "Feature", "properties": { "DIST_BORD": 115514.01, "TOT_P_2018": 1.0, "TOT_P_2006": 7.0, "GRD_ID": "CRS3035RES1000mN2523000E4448000", "TOT_P_2011": 12.0, "TOT_P_2021": 6.0, "Y_LLC": 2523000, "CNTR_ID": "IT", "NUTS2016_3": "ITH32", "NUTS2016_2": "ITH3", "NUTS2016_1": "ITH", "NUTS2016_0": "IT", "LAND_PC": 100.0, "X_LLC": 4448000, "NUTS2021_3": "ITH32", "NUTS2021_2": "ITH3", "DIST_COAST": 61171.77, "NUTS2021_1": "ITH", "NUTS2021_0": "IT", "NUTS2024_3": "ITH32", "NUTS2024_2": "ITH3", "NUTS2024_1": "ITH", "NUTS2024_0": "IT" }, "geometry": { "type": "Point", "coordinates": [ 11.638335034355935, 45.81161574572716 ] } },
{ "type": "Feature", "properties": { "DIST_BORD": 115012.1, "TOT_P_2018": 1.0, "TOT_P_2006": 0.0, "GRD_ID": "CRS3035RES1000mN2523000E4449000", "TOT_P_2011": 1.0, "TOT_P_2021": 4.0, "Y_LLC": 2523000, "CNTR_ID": "IT", "NUTS2016_3": "ITH32", "NUTS2016_2": "ITH3", "NUTS2016_1": "ITH", "NUTS2016_0": "IT", "LAND_PC": 100.0, "X_LLC": 4449000, "NUTS2021_3": "ITH32", "NUTS2021_2": "ITH3", "DIST_COAST": 60512.22, "NUTS2021_1": "ITH", "NUTS2021_0": "IT", "NUTS2024_3": "ITH32", "NUTS2024_2": "ITH3", "NUTS2024_1": "ITH", "NUTS2024_0": "IT" }, "geometry": { "type": "Point", "coordinates": [ 11.651181086271531, 45.811416794407272 ] } },
{ "type": "Feature", "properties": { "DIST_BORD": 113030.5, "TOT_P_2018": 11.0, "TOT_P_2006": 0.0, "GRD_ID": "CRS3035RES1000mN2523000E4453000", "TOT_P_2011": 11.0, "TOT_P_2021": 4.0, "Y_LLC": 2523000, "CNTR_ID": "IT", "NUTS2016_3": "ITH32", "NUTS2016_2": "ITH3", "NUTS2016_1": "ITH", "NUTS2016_0": "IT", "LAND_PC": 100.0, "X_LLC": 4453000, "NUTS2021_3": "ITH32", "NUTS2021_2": "ITH3", "DIST_COAST": 57971.56, "NUTS2021_1": "ITH", "NUTS2021_0": "IT", "NUTS2024_3": "ITH32", "NUTS2024_2": "ITH3", "NUTS2024_1": "ITH", "NUTS2024_0": "IT" }, "geometry": { "type": "Point", "coordinates": [ 11.702564436245199, 45.81060545331723 ] } },
{ "type": "Feature", "properties": { "DIST_BORD": 112551.86, "TOT_P_2018": 413.0, "TOT_P_2006": 558.0, "GRD_ID": "CRS3035RES1000mN2523000E4454000", "TOT_P_2011": 450.0, "TOT_P_2021": 603.0, "Y_LLC": 2523000, "CNTR_ID": "IT", "NUTS2016_3": "ITH32", "NUTS2016_2": "ITH3", "NUTS2016_1": "ITH", "NUTS2016_0": "IT", "LAND_PC": 100.0, "X_LLC": 4454000, "NUTS2021_3": "ITH32", "NUTS2021_2": "ITH3", "DIST_COAST": 57362.4, "NUTS2021_1": "ITH", "NUTS2021_0": "IT", "NUTS2024_3": "ITH32", "NUTS2024_2": "ITH3", "NUTS2024_1": "ITH", "NUTS2024_0": "IT" }, "geometry": { "type": "Point", "coordinates": [ 11.715410055930471, 45.810398734170441 ] } },
{ "type": "Feature", "properties": { "DIST_BORD": 112080.1, "TOT_P_2018": 0.0, "TOT_P_2006": 7.0, "GRD_ID": "CRS3035RES1000mN2523000E4455000", "TOT_P_2011": 21.0, "TOT_P_2021": 55.0, "Y_LLC": 2523000, "CNTR_ID": "IT", "NUTS2016_3": "ITH32-ITH34", "NUTS2016_2": "ITH3", "NUTS2016_1": "ITH", "NUTS2016_0": "IT", "LAND_PC": 100.0, "X_LLC": 4455000, "NUTS2021_3": "ITH32-ITH34", "NUTS2021_2": "ITH3", "DIST_COAST": 56632.78, "NUTS2021_1": "ITH", "NUTS2021_0": "IT", "NUTS2024_3": "ITH32-ITH34", "NUTS2024_2": "ITH3", "NUTS2024_1": "ITH", "NUTS2024_0": "IT" }, "geometry": { "type": "Point", "coordinates": [ 11.728255587149354, 45.81019046158098 ] } },
{ "type": "Feature", "properties": { "DIST_BORD": 111615.3, "TOT_P_2018": 60.0, "TOT_P_2006": 0.0, "GRD_ID": "CRS3035RES1000mN2523000E4456000", "TOT_P_2011": 60.0, "TOT_P_2021": 65.0, "Y_LLC": 2523000, "CNTR_ID": "IT", "NUTS2016_3": "ITH32-ITH34", "NUTS2016_2": "ITH3", "NUTS2016_1": "ITH", "NUTS2016_0": "IT", "LAND_PC": 100.0, "X_LLC": 4456000, "NUTS2021_3": "ITH32-ITH34", "NUTS2021_2": "ITH3", "DIST_COAST": 55860.79, "NUTS2021_1": "ITH", "NUTS2021_0": "IT", "NUTS2024_3": "ITH32-ITH34", "NUTS2024_2": "ITH3", "NUTS2024_1": "ITH", "NUTS2024_0": "IT" }, "geometry": { "type": "Point", "coordinates": [ 11.741101029216779, 45.809980635471767 ] } },
{ "type": "Feature", "properties": { "DIST_BORD": 111157.56, "TOT_P_2018": 61.0, "TOT_P_2006": 0.0, "GRD_ID": "CRS3035RES1000mN2523000E4457000", "TOT_P_2011": 64.0, "TOT_P_2021": 52.0, "Y_LLC": 2523000, "CNTR_ID": "IT", "NUTS2016_3": "ITH32-ITH34", "NUTS2016_2": "ITH3", "NUTS2016_1": "ITH", "NUTS2016_0": "IT", "LAND_PC": 100.0, "X_LLC": 4457000, "NUTS2021_3": "ITH32-ITH34", "NUTS2021_2": "ITH3", "DIST_COAST": 55096.12, "NUTS2021_1": "ITH", "NUTS2021_0": "IT", "NUTS2024_3": "ITH32-ITH34", "NUTS2024_2": "ITH3", "NUTS2024_1": "ITH", "NUTS2024_0": "IT" }, "geometry": { "type": "Point", "coordinates": [ 11.753946381583027, 45.809769255867252 ] } },
{ "type": "Feature", "properties": { "DIST_BORD": 108594.2, "TOT_P_2018": 3.0, "TOT_P_2006": 2.0, "GRD_ID": "CRS3035RES1000mN2524000E4432000", "TOT_P_2011": 3.0, "TOT_P_2021": 2.0, "Y_LLC": 2524000, "CNTR_ID": "IT", "NUTS2016_3": "ITH32", "NUTS2016_2": "ITH3", "NUTS2016_1": "ITH", "NUTS2016_0": "IT", "LAND_PC": 100.0, "X_LLC": 4432000, "NUTS2021_3": "ITH32", "NUTS2021_2": "ITH3", "DIST_COAST": 73420.4, "NUTS2021_1": "ITH", "NUTS2021_0": "IT", "NUTS2024_3": "ITH32", "NUTS2024_2": "ITH3", "NUTS2024_1": "ITH", "NUTS2024_0": "IT" }, "geometry": { "type": "Point", "coordinates": [ 11.433024075075494, 45.823594835913788 ] } },
{ "type": "Feature", "properties": { "DIST_BORD": 113890.44, "TOT_P_2018": 6.0, "TOT_P_2006": 34.0, "GRD_ID": "CRS3035RES1000mN2524000E4445000", "TOT_P_2011": 6.0, "TOT_P_2021": 11.0, "Y_LLC": 2524000, "CNTR_ID": "IT", "NUTS2016_3": "ITH32", "NUTS2016_2": "ITH3", "NUTS2016_1": "ITH", "NUTS2016_0": "IT", "LAND_PC": 100.0, "X_LLC": 4445000, "NUTS2021_3": "ITH32", "NUTS2021_2": "ITH3", "DIST_COAST": 63931.35, "NUTS2021_1": "ITH", "NUTS2021_0": "IT", "NUTS2024_3": "ITH32", "NUTS2024_2": "ITH3", "NUTS2024_1": "ITH", "NUTS2024_0": "IT" }, "geometry": { "type": "Point", "coordinates": [ 11.600060881088483, 45.82120999276637 ] } },
{ "type": "Feature", "properties": { "DIST_BORD": 114300.98, "TOT_P_2018": 21.0, "TOT_P_2006": 110.0, "GRD_ID": "CRS3035RES1000mN2524000E4446000", "TOT_P_2011": 22.0, "TOT_P_2021": 25.0, "Y_LLC": 2524000, "CNTR_ID": "IT", "NUTS2016_3": "ITH32", "NUTS2016_2": "ITH3", "NUTS2016_1": "ITH", "NUTS2016_0": "IT", "LAND_PC": 100.0, "X_LLC": 4446000, "NUTS2021_3": "ITH32", "NUTS2021_2": "ITH3", "DIST_COAST": 63253.15, "NUTS2021_1": "ITH", "NUTS2021_0": "IT", "NUTS2024_3": "ITH32", "NUTS2024_2": "ITH3", "NUTS2024_1": "ITH", "NUTS2024_0": "IT" }, "geometry": { "type": "Point", "coordinates": [ 11.612909306947946, 45.821015665170179 ] } },
{ "type": "Feature", "properties": { "DIST_BORD": 114718.77, "TOT_P_2018": 8.0, "TOT_P_2006": 86.0, "GRD_ID": "CRS3035RES1000mN2524000E4447000", "TOT_P_2011": 8.0, "TOT_P_2021": 13.0, "Y_LLC": 2524000, "CNTR_ID": "IT", "NUTS2016_3": "ITH32", "NUTS2016_2": "ITH3", "NUTS2016_1": "ITH", "NUTS2016_0": "IT", "LAND_PC": 100.0, "X_LLC": 4447000, "NUTS2021_3": "ITH32", "NUTS2021_2": "ITH3", "DIST_COAST": 62583.58, "NUTS2021_1": "ITH", "NUTS2021_0": "IT", "NUTS2024_3": "ITH32", "NUTS2024_2": "ITH3", "NUTS2024_1": "ITH", "NUTS2024_0": "IT" }, "geometry": { "type": "Point", "coordinates": [ 11.625757649379484, 45.820819783667574 ] } },
{ "type": "Feature", "properties": { "DIST_BORD": 112155.39, "TOT_P_2018": 128.0, "TOT_P_2006": 107.0, "GRD_ID": "CRS3035RES1000mN2524000E4453000", "TOT_P_2011": 144.0, "TOT_P_2021": 130.0, "Y_LLC": 2524000, "CNTR_ID": "IT", "NUTS2016_3": "ITH32", "NUTS2016_2": "ITH3", "NUTS2016_1": "ITH", "NUTS2016_0": "IT", "LAND_PC": 100.0, "X_LLC": 4453000, "NUTS2021_3": "ITH32", "NUTS2021_2": "ITH3", "DIST_COAST": 58763.62, "NUTS2021_1": "ITH", "NUTS2021_0": "IT", "NUTS2024_3": "ITH32", "NUTS2024_2": "ITH3", "NUTS2024_1": "ITH", "NUTS2024_0": "IT" }, "geometry": { "type": "Point", "coordinates": [ 11.702845919973827, 45.819611862557593 ] } },
{ "type": "Feature", "properties": { "DIST_BORD": 111673.0, "TOT_P_2018": 1199.0, "TOT_P_2006": 1142.0, "GRD_ID": "CRS3035RES1000mN2524000E4454000", "TOT_P_2011": 1247.0, "TOT_P_2021": 1067.0, "Y_LLC": 2524000, "CNTR_ID": "IT", "NUTS2016_3": "ITH32", "NUTS2016_2": "ITH3", "NUTS2016_1": "ITH", "NUTS2016_0": "IT", "LAND_PC": 100.0, "X_LLC": 4454000, "NUTS2021_3": "ITH32", "NUTS2021_2": "ITH3", "DIST_COAST": 58039.8, "NUTS2021_1": "ITH", "NUTS2021_0": "IT", "NUTS2024_3": "ITH32", "NUTS2024_2": "ITH3", "NUTS2024_1": "ITH", "NUTS2024_0": "IT" }, "geometry": { "type": "Point", "coordinates": [ 11.715693661378152, 45.819405103937299 ] } },
{ "type": "Feature", "properties": { "DIST_BORD": 111197.51, "TOT_P_2018": 0.0, "TOT_P_2006": 33.0, "GRD_ID": "CRS3035RES1000mN2524000E4455000", "TOT_P_2011": 74.0, "TOT_P_2021": 117.0, "Y_LLC": 2524000, "CNTR_ID": "IT", "NUTS2016_3": "ITH32-ITH34", "NUTS2016_2": "ITH3", "NUTS2016_1": "ITH", "NUTS2016_0": "IT", "LAND_PC": 100.0, "X_LLC": 4455000, "NUTS2021_3": "ITH32-ITH34", "NUTS2021_2": "ITH3", "DIST_COAST": 57269.31, "NUTS2021_1": "ITH", "NUTS2021_0": "IT", "NUTS2024_3": "ITH32-ITH34", "NUTS2024_2": "ITH3", "NUTS2024_1": "ITH", "NUTS2024_0": "IT" }, "geometry": { "type": "Point", "coordinates": [ 11.728541314425833, 45.819196791423558 ] } },
{ "type": "Feature", "properties": { "DIST_BORD": 107261.94, "TOT_P_2018": 12.0, "TOT_P_2006": 19.0, "GRD_ID": "CRS3035RES1000mN2525000E4431000", "TOT_P_2011": 13.0, "TOT_P_2021": 24.0, "Y_LLC": 2525000, "CNTR_ID": "IT", "NUTS2016_3": "ITH32", "NUTS2016_2": "ITH3", "NUTS2016_1": "ITH", "NUTS2016_0": "IT", "LAND_PC": 100.0, "X_LLC": 4431000, "NUTS2021_3": "ITH32", "NUTS2021_2": "ITH3", "DIST_COAST": 74828.3, "NUTS2021_1": "ITH", "NUTS2021_0": "IT", "NUTS2024_3": "ITH32", "NUTS2024_2": "ITH3", "NUTS2024_1": "ITH", "NUTS2024_0": "IT" }, "geometry": { "type": "Point", "coordinates": [ 11.420409444657574, 45.832774558956515 ] } },
{ "type": "Feature", "properties": { "DIST_BORD": 108167.08, "TOT_P_2018": 92.0, "TOT_P_2006": 124.0, "GRD_ID": "CRS3035RES1000mN2525000E4432000", "TOT_P_2011": 100.0, "TOT_P_2021": 89.0, "Y_LLC": 2525000, "CNTR_ID": "IT", "NUTS2016_3": "ITH32", "NUTS2016_2": "ITH3", "NUTS2016_1": "ITH", "NUTS2016_0": "IT", "LAND_PC": 100.0, "X_LLC": 4432000, "NUTS2021_3": "ITH32", "NUTS2021_2": "ITH3", "DIST_COAST": 74060.9, "NUTS2021_1": "ITH", "NUTS2021_0": "IT", "NUTS2024_3": "ITH32", "NUTS2024_2": "ITH3", "NUTS2024_1": "ITH", "NUTS2024_0": "IT" }, "geometry": { "type": "Point", "coordinates": [ 11.43326108982197, 45.832601955185936 ] } },
{ "type": "Feature", "properties": { "DIST_BORD": 108928.66, "TOT_P_2018": 73.0, "TOT_P_2006": 82.0, "GRD_ID": "CRS3035RES1000mN2525000E4434000", "TOT_P_2011": 79.0, "TOT_P_2021": 64.0, "Y_LLC": 2525000, "CNTR_ID": "IT", "NUTS2016_3": "ITH32", "NUTS2016_2": "ITH3", "NUTS2016_1": "ITH", "NUTS2016_0": "IT", "LAND_PC": 100.0, "X_LLC": 4434000, "NUTS2021_3": "ITH32", "NUTS2021_2": "ITH3", "DIST_COAST": 72543.12, "NUTS2021_1": "ITH", "NUTS2021_0": "IT", "NUTS2024_3": "ITH32", "NUTS2024_2": "ITH3", "NUTS2024_1": "ITH", "NUTS2024_0": "IT" }, "geometry": { "type": "Point", "coordinates": [ 11.458964157504839, 45.832252084181746 ] } },
{ "type": "Feature", "properties": { "DIST_BORD": 112172.17, "TOT_P_2018": 16.0, "TOT_P_2006": 0.0, "GRD_ID": "CRS3035RES1000mN2525000E4443000", "TOT_P_2011": 17.0, "TOT_P_2021": 19.0, "Y_LLC": 2525000, "CNTR_ID": "IT", "NUTS2016_3": "ITH32", "NUTS2016_2": "ITH3", "NUTS2016_1": "ITH", "NUTS2016_0": "IT", "LAND_PC": 100.0, "X_LLC": 4443000, "NUTS2021_3": "ITH32", "NUTS2021_2": "ITH3", "DIST_COAST": 66031.76, "NUTS2021_1": "ITH", "NUTS2021_0": "IT", "NUTS2024_3": "ITH32", "NUTS2024_2": "ITH3", "NUTS2024_1": "ITH", "NUTS2024_0": "IT" }, "geometry": { "type": "Point", "coordinates": [ 11.574624157037778, 45.830600722525084 ] } },
{ "type": "Feature", "properties": { "DIST_BORD": 112571.21, "TOT_P_2018": 2.0, "TOT_P_2006": 0.0, "GRD_ID": "CRS3035RES1000mN2525000E4444000", "TOT_P_2011": 2.0, "TOT_P_2021": 1.0, "Y_LLC": 2525000, "CNTR_ID": "IT", "NUTS2016_3": "ITH32", "NUTS2016_2": "ITH3", "NUTS2016_1": "ITH", "NUTS2016_0": "IT", "LAND_PC": 100.0, "X_LLC": 4444000, "NUTS2021_3": "ITH32", "NUTS2021_2": "ITH3", "DIST_COAST": 65344.75, "NUTS2021_1": "ITH", "NUTS2021_0": "IT", "NUTS2024_3": "ITH32", "NUTS2024_2": "ITH3", "NUTS2024_1": "ITH", "NUTS2024_0": "IT" }, "geometry": { "type": "Point", "coordinates": [ 11.587474870554649, 45.830409466289311 ] } },
{ "type": "Feature", "properties": { "DIST_BORD": 112977.7, "TOT_P_2018": 12.0, "TOT_P_2006": 0.0, "GRD_ID": "CRS3035RES1000mN2525000E4445000", "TOT_P_2011": 12.0, "TOT_P_2021": 9.0, "Y_LLC": 2525000, "CNTR_ID": "IT", "NUTS2016_3": "ITH32", "NUTS2016_2": "ITH3", "NUTS2016_1": "ITH", "NUTS2016_0": "IT", "LAND_PC": 100.0, "X_LLC": 4445000, "NUTS2021_3": "ITH32", "NUTS2021_2": "ITH3", "DIST_COAST": 64665.91, "NUTS2021_1": "ITH", "NUTS2021_0": "IT", "NUTS2024_3": "ITH32", "NUTS2024_2": "ITH3", "NUTS2024_1": "ITH", "NUTS2024_0": "IT" }, "geometry": { "type": "Point", "coordinates": [ 11.600325502052137, 45.830216655733764 ] } },
{ "type": "Feature", "properties": { "DIST_BORD": 111282.38, "TOT_P_2018": 559.0, "TOT_P_2006": 505.0, "GRD_ID": "CRS3035RES1000mN2525000E4453000", "TOT_P_2011": 607.0, "TOT_P_2021": 598.0, "Y_LLC": 2525000, "CNTR_ID": "IT", "NUTS2016_3": "ITH32", "NUTS2016_2": "ITH3", "NUTS2016_1": "ITH", "NUTS2016_0": "IT", "LAND_PC": 100.0, "X_LLC": 4453000, "NUTS2021_3": "ITH32", "NUTS2021_2": "ITH3", "DIST_COAST": 59447.15, "NUTS2021_1": "ITH", "NUTS2021_0": "IT", "NUTS2024_3": "ITH32", "NUTS2024_2": "ITH3", "NUTS2024_1": "ITH", "NUTS2024_0": "IT" }, "geometry": { "type": "Point", "coordinates": [ 11.703127524736169, 45.82861821978571 ] } },
{ "type": "Feature", "properties": { "DIST_BORD": 110796.19, "TOT_P_2018": 125.0, "TOT_P_2006": 38.0, "GRD_ID": "CRS3035RES1000mN2525000E4454000", "TOT_P_2011": 137.0, "TOT_P_2021": 115.0, "Y_LLC": 2525000, "CNTR_ID": "IT", "NUTS2016_3": "ITH32", "NUTS2016_2": "ITH3", "NUTS2016_1": "ITH", "NUTS2016_0": "IT", "LAND_PC": 100.0, "X_LLC": 4454000, "NUTS2021_3": "ITH32", "NUTS2021_2": "ITH3", "DIST_COAST": 58678.1, "NUTS2021_1": "ITH", "NUTS2021_0": "IT", "NUTS2024_3": "ITH32", "NUTS2024_2": "ITH3", "NUTS2024_1": "ITH", "NUTS2024_0": "IT" }, "geometry": { "type": "Point", "coordinates": [ 11.71597738891821, 45.828411421534142 ] } },
{ "type": "Feature", "properties": { "DIST_BORD": 109844.67, "TOT_P_2018": 1.0, "TOT_P_2006": 0.0, "GRD_ID": "CRS3035RES1000mN2525000E4456000", "TOT_P_2011": 1.0, "TOT_P_2021": 9.0, "Y_LLC": 2525000, "CNTR_ID": "IT", "NUTS2016_3": "ITH32-ITH34", "NUTS2016_2": "ITH3", "NUTS2016_1": "ITH", "NUTS2016_0": "IT", "LAND_PC": 100.0, "X_LLC": 4456000, "NUTS2021_3": "ITH32-ITH34", "NUTS2021_2": "ITH3", "DIST_COAST": 57161.44, "NUTS2021_1": "ITH", "NUTS2021_0": "IT", "NUTS2024_3": "ITH32-ITH34", "NUTS2024_2": "ITH3", "NUTS2024_1": "ITH", "NUTS2024_0": "IT" }, "geometry": { "type": "Point", "coordinates": [ 11.74167685094713, 45.827993162851151 ] } },
{ "type": "Feature", "properties": { "DIST_BORD": 105931.81, "TOT_P_2018": 50.0, "TOT_P_2006": 35.0, "GRD_ID": "CRS3035RES1000mN2526000E4430000", "TOT_P_2011": 54.0, "TOT_P_2021": 75.0, "Y_LLC": 2526000, "CNTR_ID": "IT", "NUTS2016_3": "ITH32", "NUTS2016_2": "ITH3", "NUTS2016_1": "ITH", "NUTS2016_0": "IT", "LAND_PC": 100.0, "X_LLC": 4430000, "NUTS2021_3": "ITH32", "NUTS2021_2": "ITH3", "DIST_COAST": 76236.43, "NUTS2021_1": "ITH", "NUTS2021_0": "IT", "NUTS2024_3": "ITH32", "NUTS2024_2": "ITH3", "NUTS2024_1": "ITH", "NUTS2024_0": "IT" }, "geometry": { "type": "Point", "coordinates": [ 11.407790593149437, 45.841952741716973 ] } },
{ "type": "Feature", "properties": { "DIST_BORD": 106838.85, "TOT_P_2018": 177.0, "TOT_P_2006": 159.0, "GRD_ID": "CRS3035RES1000mN2526000E4431000", "TOT_P_2011": 187.0, "TOT_P_2021": 143.0, "Y_LLC": 2526000, "CNTR_ID": "IT", "NUTS2016_3": "ITH32", "NUTS2016_2": "ITH3", "NUTS2016_1": "ITH", "NUTS2016_0": "IT", "LAND_PC": 100.0, "X_LLC": 4431000, "NUTS2021_3": "ITH32", "NUTS2021_2": "ITH3", "DIST_COAST": 75470.1, "NUTS2021_1": "ITH", "NUTS2021_0": "IT", "NUTS2024_3": "ITH32", "NUTS2024_2": "ITH3", "NUTS2024_1": "ITH", "NUTS2024_0": "IT" }, "geometry": { "type": "Point", "coordinates": [ 11.420644436511278, 45.841781659613915 ] } },
{ "type": "Feature", "properties": { "DIST_BORD": 107345.32, "TOT_P_2018": 339.0, "TOT_P_2006": 346.0, "GRD_ID": "CRS3035RES1000mN2526000E4432000", "TOT_P_2011": 359.0, "TOT_P_2021": 338.0, "Y_LLC": 2526000, "CNTR_ID": "IT", "NUTS2016_3": "ITH32", "NUTS2016_2": "ITH3", "NUTS2016_1": "ITH", "NUTS2016_0": "IT", "LAND_PC": 100.0, "X_LLC": 4432000, "NUTS2021_3": "ITH32", "NUTS2021_2": "ITH3", "DIST_COAST": 74709.3, "NUTS2021_1": "ITH", "NUTS2021_0": "IT", "NUTS2024_3": "ITH32", "NUTS2024_2": "ITH3", "NUTS2024_1": "ITH", "NUTS2024_0": "IT" }, "geometry": { "type": "Point", "coordinates": [ 11.43349820655412, 45.841609022752095 ] } },
{ "type": "Feature", "properties": { "DIST_BORD": 107660.11, "TOT_P_2018": 123.0, "TOT_P_2006": 136.0, "GRD_ID": "CRS3035RES1000mN2526000E4433000", "TOT_P_2011": 131.0, "TOT_P_2021": 143.0, "Y_LLC": 2526000, "CNTR_ID": "IT", "NUTS2016_3": "ITH32", "NUTS2016_2": "ITH3", "NUTS2016_1": "ITH", "NUTS2016_0": "IT", "LAND_PC": 100.0, "X_LLC": 4433000, "NUTS2021_3": "ITH32", "NUTS2021_2": "ITH3", "DIST_COAST": 73954.19, "NUTS2021_1": "ITH", "NUTS2021_0": "IT", "NUTS2024_3": "ITH32", "NUTS2024_2": "ITH3", "NUTS2024_1": "ITH", "NUTS2024_0": "IT" }, "geometry": { "type": "Point", "coordinates": [ 11.446351902466629, 45.841434831131188 ] } },
{ "type": "Feature", "properties": { "DIST_BORD": 107983.25, "TOT_P_2018": 383.0, "TOT_P_2006": 604.0, "GRD_ID": "CRS3035RES1000mN2526000E4434000", "TOT_P_2011": 411.0, "TOT_P_2021": 337.0, "Y_LLC": 2526000, "CNTR_ID": "IT", "NUTS2016_3": "ITH32", "NUTS2016_2": "ITH3", "NUTS2016_1": "ITH", "NUTS2016_0": "IT", "LAND_PC": 100.0, "X_LLC": 4434000, "NUTS2021_3": "ITH32", "NUTS2021_2": "ITH3", "DIST_COAST": 73204.96, "NUTS2021_1": "ITH", "NUTS2021_0": "IT", "NUTS2024_3": "ITH32", "NUTS2024_2": "ITH3", "NUTS2024_1": "ITH", "NUTS2024_0": "IT" }, "geometry": { "type": "Point", "coordinates": [ 11.459205523705425, 45.841259084749353 ] } },
{ "type": "Feature", "properties": { "DIST_BORD": 109001.97, "TOT_P_2018": 4.0, "TOT_P_2006": 0.0, "GRD_ID": "CRS3035RES1000mN2526000E4437000", "TOT_P_2011": 4.0, "TOT_P_2021": 8.0, "Y_LLC": 2526000, "CNTR_ID": "IT", "NUTS2016_3": "ITH32", "NUTS2016_2": "ITH3", "NUTS2016_1": "ITH", "NUTS2016_0": "IT", "LAND_PC": 100.0, "X_LLC": 4437000, "NUTS2021_3": "ITH32", "NUTS2021_2": "ITH3", "DIST_COAST": 70994.33, "NUTS2021_1": "ITH", "NUTS2021_0": "IT", "NUTS2024_3": "ITH32", "NUTS2024_2": "ITH3", "NUTS2024_1": "ITH", "NUTS2024_0": "IT" }, "geometry": { "type": "Point", "coordinates": [ 11.497765932536716, 45.840722517463462 ] } },
{ "type": "Feature", "properties": { "DIST_BORD": 111412.08, "TOT_P_2018": 80.0, "TOT_P_2006": 39.0, "GRD_ID": "CRS3035RES1000mN2526000E4451000", "TOT_P_2011": 75.0, "TOT_P_2021": 126.0, "Y_LLC": 2526000, "CNTR_ID": "IT", "NUTS2016_3": "ITH32", "NUTS2016_2": "ITH3", "NUTS2016_1": "ITH", "NUTS2016_0": "IT", "LAND_PC": 100.0, "X_LLC": 4451000, "NUTS2021_3": "ITH32", "NUTS2021_2": "ITH3", "DIST_COAST": 61567.86, "NUTS2021_1": "ITH", "NUTS2021_0": "IT", "NUTS2024_3": "ITH32", "NUTS2024_2": "ITH3", "NUTS2024_1": "ITH", "NUTS2024_0": "IT" }, "geometry": { "type": "Point", "coordinates": [ 11.677705011643162, 45.838033537311993 ] } },
{ "type": "Feature", "properties": { "DIST_BORD": 110908.43, "TOT_P_2018": 744.0, "TOT_P_2006": 825.0, "GRD_ID": "CRS3035RES1000mN2526000E4452000", "TOT_P_2011": 737.0, "TOT_P_2021": 599.0, "Y_LLC": 2526000, "CNTR_ID": "IT", "NUTS2016_3": "ITH32", "NUTS2016_2": "ITH3", "NUTS2016_1": "ITH", "NUTS2016_0": "IT", "LAND_PC": 100.0, "X_LLC": 4452000, "NUTS2021_3": "ITH32", "NUTS2021_2": "ITH3", "DIST_COAST": 60854.82, "NUTS2021_1": "ITH", "NUTS2021_0": "IT", "NUTS2024_3": "ITH32", "NUTS2024_2": "ITH3", "NUTS2024_1": "ITH", "NUTS2024_0": "IT" }, "geometry": { "type": "Point", "coordinates": [ 11.690557174830822, 45.83782980839684 ] } },
{ "type": "Feature", "properties": { "DIST_BORD": 110411.53, "TOT_P_2018": 41.0, "TOT_P_2006": 65.0, "GRD_ID": "CRS3035RES1000mN2526000E4453000", "TOT_P_2011": 40.0, "TOT_P_2021": 31.0, "Y_LLC": 2526000, "CNTR_ID": "IT", "NUTS2016_3": "ITH32", "NUTS2016_2": "ITH3", "NUTS2016_1": "ITH", "NUTS2016_0": "IT", "LAND_PC": 100.0, "X_LLC": 4453000, "NUTS2021_3": "ITH32", "NUTS2021_2": "ITH3", "DIST_COAST": 60087.14, "NUTS2021_1": "ITH", "NUTS2021_0": "IT", "NUTS2024_3": "ITH32", "NUTS2024_2": "ITH3", "NUTS2024_1": "ITH", "NUTS2024_0": "IT" }, "geometry": { "type": "Point", "coordinates": [ 11.703409250620375, 45.83762452500121 ] } },
{ "type": "Feature", "properties": { "DIST_BORD": 109438.39, "TOT_P_2018": 15.0, "TOT_P_2006": 0.0, "GRD_ID": "CRS3035RES1000mN2526000E4455000", "TOT_P_2011": 16.0, "TOT_P_2021": 19.0, "Y_LLC": 2526000, "CNTR_ID": "IT", "NUTS2016_3": "ITH32-ITH34", "NUTS2016_2": "ITH3", "NUTS2016_1": "ITH", "NUTS2016_0": "IT", "LAND_PC": 100.0, "X_LLC": 4455000, "NUTS2021_3": "ITH32-ITH34", "NUTS2021_2": "ITH3", "DIST_COAST": 58572.82, "NUTS2021_1": "ITH", "NUTS2021_0": "IT", "NUTS2024_3": "ITH32-ITH34", "NUTS2024_2": "ITH3", "NUTS2024_1": "ITH", "NUTS2024_0": "IT" }, "geometry": { "type": "Point", "coordinates": [ 11.729113137671764, 45.837209295047003 ] } },
{ "type": "Feature", "properties": { "DIST_BORD": 108962.33, "TOT_P_2018": 1.0, "TOT_P_2006": 0.0, "GRD_ID": "CRS3035RES1000mN2526000E4456000", "TOT_P_2011": 1.0, "TOT_P_2021": 1.0, "Y_LLC": 2526000, "CNTR_ID": "IT", "NUTS2016_3": "ITH32-ITH34", "NUTS2016_2": "ITH3", "NUTS2016_1": "ITH", "NUTS2016_0": "IT", "LAND_PC": 100.0, "X_LLC": 4456000, "NUTS2021_3": "ITH32-ITH34", "NUTS2021_2": "ITH3", "DIST_COAST": 57826.73, "NUTS2021_1": "ITH", "NUTS2021_0": "IT", "NUTS2024_3": "ITH32-ITH34", "NUTS2024_2": "ITH3", "NUTS2024_1": "ITH", "NUTS2024_0": "IT" }, "geometry": { "type": "Point", "coordinates": [ 11.741964947597898, 45.836999348437132 ] } },
{ "type": "Feature", "properties": { "DIST_BORD": 105511.68, "TOT_P_2018": 2.0, "TOT_P_2006": 6.0, "GRD_ID": "CRS3035RES1000mN2527000E4430000", "TOT_P_2011": 7.0, "TOT_P_2021": 27.0, "Y_LLC": 2527000, "CNTR_ID": "IT", "NUTS2016_3": "ITH32", "NUTS2016_2": "ITH3", "NUTS2016_1": "ITH", "NUTS2016_0": "IT", "LAND_PC": 100.0, "X_LLC": 4430000, "NUTS2021_3": "ITH32", "NUTS2021_2": "ITH3", "DIST_COAST": 76879.48, "NUTS2021_1": "ITH", "NUTS2021_0": "IT", "NUTS2024_3": "ITH32", "NUTS2024_2": "ITH3", "NUTS2024_1": "ITH", "NUTS2024_0": "IT" }, "geometry": { "type": "Point", "coordinates": [ 11.408023560393747, 45.8509598235159 ] } },
{ "type": "Feature", "properties": { "DIST_BORD": 106086.11, "TOT_P_2018": 37.0, "TOT_P_2006": 0.0, "GRD_ID": "CRS3035RES1000mN2527000E4431000", "TOT_P_2011": 40.0, "TOT_P_2021": 43.0, "Y_LLC": 2527000, "CNTR_ID": "IT", "NUTS2016_3": "ITH32", "NUTS2016_2": "ITH3", "NUTS2016_1": "ITH", "NUTS2016_0": "IT", "LAND_PC": 100.0, "X_LLC": 4431000, "NUTS2021_3": "ITH32", "NUTS2021_2": "ITH3", "DIST_COAST": 76119.63, "NUTS2021_1": "ITH", "NUTS2021_0": "IT", "NUTS2024_3": "ITH32", "NUTS2024_2": "ITH3", "NUTS2024_1": "ITH", "NUTS2024_0": "IT" }, "geometry": { "type": "Point", "coordinates": [ 11.420879529576055, 45.850788708659906 ] } },
{ "type": "Feature", "properties": { "DIST_BORD": 106395.23, "TOT_P_2018": 7.0, "TOT_P_2006": 0.0, "GRD_ID": "CRS3035RES1000mN2527000E4432000", "TOT_P_2011": 8.0, "TOT_P_2021": 18.0, "Y_LLC": 2527000, "CNTR_ID": "IT", "NUTS2016_3": "ITH32", "NUTS2016_2": "ITH3", "NUTS2016_1": "ITH", "NUTS2016_0": "IT", "LAND_PC": 100.0, "X_LLC": 4432000, "NUTS2021_3": "ITH32", "NUTS2021_2": "ITH3", "DIST_COAST": 75365.38, "NUTS2021_1": "ITH", "NUTS2021_0": "IT", "NUTS2024_3": "ITH32", "NUTS2024_2": "ITH3", "NUTS2024_1": "ITH", "NUTS2024_0": "IT" }, "geometry": { "type": "Point", "coordinates": [ 11.433735425293662, 45.850616038731317 ] } },
{ "type": "Feature", "properties": { "DIST_BORD": 106712.82, "TOT_P_2018": 6.0, "TOT_P_2006": 3.0, "GRD_ID": "CRS3035RES1000mN2527000E4433000", "TOT_P_2011": 7.0, "TOT_P_2021": 8.0, "Y_LLC": 2527000, "CNTR_ID": "IT", "NUTS2016_3": "ITH32", "NUTS2016_2": "ITH3", "NUTS2016_1": "ITH", "NUTS2016_0": "IT", "LAND_PC": 100.0, "X_LLC": 4433000, "NUTS2021_3": "ITH32", "NUTS2021_2": "ITH3", "DIST_COAST": 74616.92, "NUTS2021_1": "ITH", "NUTS2021_0": "IT", "NUTS2024_3": "ITH32", "NUTS2024_2": "ITH3", "NUTS2024_1": "ITH", "NUTS2024_0": "IT" }, "geometry": { "type": "Point", "coordinates": [ 11.446591246906566, 45.850441813785075 ] } },
{ "type": "Feature", "properties": { "DIST_BORD": 107373.14, "TOT_P_2018": 5.0, "TOT_P_2006": 0.0, "GRD_ID": "CRS3035RES1000mN2527000E4435000", "TOT_P_2011": 5.0, "TOT_P_2021": 5.0, "Y_LLC": 2527000, "CNTR_ID": "IT", "NUTS2016_3": "ITH32", "NUTS2016_2": "ITH3", "NUTS2016_1": "ITH", "NUTS2016_0": "IT", "LAND_PC": 100.0, "X_LLC": 4435000, "NUTS2021_3": "ITH32", "NUTS2021_2": "ITH3", "DIST_COAST": 73138.03, "NUTS2021_1": "ITH", "NUTS2021_0": "IT", "NUTS2024_3": "ITH32", "NUTS2024_2": "ITH3", "NUTS2024_1": "ITH", "NUTS2024_0": "IT" }, "geometry": { "type": "Point", "coordinates": [ 11.472302665227524, 45.850088698823249 ] } },
{ "type": "Feature", "properties": { "DIST_BORD": 107715.71, "TOT_P_2018": 27.0, "TOT_P_2006": 39.0, "GRD_ID": "CRS3035RES1000mN2527000E4436000", "TOT_P_2011": 28.0, "TOT_P_2021": 30.0, "Y_LLC": 2527000, "CNTR_ID": "IT", "NUTS2016_3": "ITH32", "NUTS2016_2": "ITH3", "NUTS2016_1": "ITH", "NUTS2016_0": "IT", "LAND_PC": 100.0, "X_LLC": 4436000, "NUTS2021_3": "ITH32", "NUTS2021_2": "ITH3", "DIST_COAST": 72407.97, "NUTS2021_1": "ITH", "NUTS2021_0": "IT", "NUTS2024_3": "ITH32", "NUTS2024_2": "ITH3", "NUTS2024_1": "ITH", "NUTS2024_0": "IT" }, "geometry": { "type": "Point", "coordinates": [ 11.485158260571158, 45.84990980887396 ] } },
{ "type": "Feature", "properties": { "DIST_BORD": 108066.44, "TOT_P_2018": 10.0, "TOT_P_2006": 0.0, "GRD_ID": "CRS3035RES1000mN2527000E4437000", "TOT_P_2011": 26.0, "TOT_P_2021": 21.0, "Y_LLC": 2527000, "CNTR_ID": "IT", "NUTS2016_3": "ITH32", "NUTS2016_2": "ITH3", "NUTS2016_1": "ITH", "NUTS2016_0": "IT", "LAND_PC": 100.0, "X_LLC": 4437000, "NUTS2021_3": "ITH32", "NUTS2021_2": "ITH3", "DIST_COAST": 71684.43, "NUTS2021_1": "ITH", "NUTS2021_0": "IT", "NUTS2024_3": "ITH32", "NUTS2024_2": "ITH3", "NUTS2024_1": "ITH", "NUTS2024_0": "IT" }, "geometry": { "type": "Point", "coordinates": [ 11.498013779147428, 45.849729363812024 ] } },
{ "type": "Feature", "properties": { "DIST_BORD": 109549.47, "TOT_P_2018": 8.0, "TOT_P_2006": 36.0, "GRD_ID": "CRS3035RES1000mN2527000E4441000", "TOT_P_2011": 8.0, "TOT_P_2021": 19.0, "Y_LLC": 2527000, "CNTR_ID": "IT", "NUTS2016_3": "ITH32", "NUTS2016_2": "ITH3", "NUTS2016_1": "ITH", "NUTS2016_0": "IT", "LAND_PC": 100.0, "X_LLC": 4441000, "NUTS2021_3": "ITH32", "NUTS2021_2": "ITH3", "DIST_COAST": 68859.5, "NUTS2021_1": "ITH", "NUTS2021_0": "IT", "NUTS2024_3": "ITH32", "NUTS2024_2": "ITH3", "NUTS2024_1": "ITH", "NUTS2024_0": "IT" }, "geometry": { "type": "Point", "coordinates": [ 11.549435072737849, 45.848992034232836 ] } },
{ "type": "Feature", "properties": { "DIST_BORD": 111048.89, "TOT_P_2018": 280.0, "TOT_P_2006": 300.0, "GRD_ID": "CRS3035RES1000mN2527000E4450000", "TOT_P_2011": 304.0, "TOT_P_2021": 243.0, "Y_LLC": 2527000, "CNTR_ID": "IT", "NUTS2016_3": "ITH32", "NUTS2016_2": "ITH3", "NUTS2016_1": "ITH", "NUTS2016_0": "IT", "LAND_PC": 100.0, "X_LLC": 4450000, "NUTS2021_3": "ITH32", "NUTS2021_2": "ITH3", "DIST_COAST": 62970.78, "NUTS2021_1": "ITH", "NUTS2021_0": "IT", "NUTS2024_3": "ITH32", "NUTS2024_2": "ITH3", "NUTS2024_1": "ITH", "NUTS2024_0": "IT" }, "geometry": { "type": "Point", "coordinates": [ 11.665128235052729, 45.847242082109972 ] } },
{ "type": "Feature", "properties": { "DIST_BORD": 110551.3, "TOT_P_2018": 429.0, "TOT_P_2006": 57.0, "GRD_ID": "CRS3035RES1000mN2527000E4451000", "TOT_P_2011": 404.0, "TOT_P_2021": 385.0, "Y_LLC": 2527000, "CNTR_ID": "IT", "NUTS2016_3": "ITH32", "NUTS2016_2": "ITH3", "NUTS2016_1": "ITH", "NUTS2016_0": "IT", "LAND_PC": 100.0, "X_LLC": 4451000, "NUTS2021_3": "ITH32", "NUTS2021_2": "ITH3", "DIST_COAST": 62262.79, "NUTS2021_1": "ITH", "NUTS2021_0": "IT", "NUTS2024_3": "ITH32", "NUTS2024_2": "ITH3", "NUTS2024_1": "ITH", "NUTS2024_0": "IT" }, "geometry": { "type": "Point", "coordinates": [ 11.677982609504419, 45.847039868897774 ] } },
{ "type": "Feature", "properties": { "DIST_BORD": 110043.7, "TOT_P_2018": 6.0, "TOT_P_2006": 1.0, "GRD_ID": "CRS3035RES1000mN2527000E4452000", "TOT_P_2011": 27.0, "TOT_P_2021": 19.0, "Y_LLC": 2527000, "CNTR_ID": "IT", "NUTS2016_3": "ITH32", "NUTS2016_2": "ITH3", "NUTS2016_1": "ITH", "NUTS2016_0": "IT", "LAND_PC": 100.0, "X_LLC": 4452000, "NUTS2021_3": "ITH32", "NUTS2021_2": "ITH3", "DIST_COAST": 61496.43, "NUTS2021_1": "ITH", "NUTS2021_0": "IT", "NUTS2024_3": "ITH32", "NUTS2024_2": "ITH3", "NUTS2024_1": "ITH", "NUTS2024_0": "IT" }, "geometry": { "type": "Point", "coordinates": [ 11.690836897171616, 45.846836100996931 ] } },
{ "type": "Feature", "properties": { "DIST_BORD": 109048.94, "TOT_P_2018": 0.0, "TOT_P_2006": 0.0, "GRD_ID": "CRS3035RES1000mN2527000E4454000", "TOT_P_2011": 0.0, "TOT_P_2021": 1.0, "Y_LLC": 2527000, "CNTR_ID": "IT", "NUTS2016_3": "ITH32", "NUTS2016_2": "ITH3", "NUTS2016_1": "ITH", "NUTS2016_0": "IT", "LAND_PC": 100.0, "X_LLC": 4454000, "NUTS2021_3": "ITH32", "NUTS2021_2": "ITH3", "DIST_COAST": 59984.34, "NUTS2021_1": "ITH", "NUTS2021_0": "IT", "NUTS2024_3": "ITH32", "NUTS2024_2": "ITH3", "NUTS2024_1": "ITH", "NUTS2024_0": "IT" }, "geometry": { "type": "Point", "coordinates": [ 11.716545210150811, 45.846423901011228 ] } },
{ "type": "Feature", "properties": { "DIST_BORD": 108561.96, "TOT_P_2018": 4.0, "TOT_P_2006": 0.0, "GRD_ID": "CRS3035RES1000mN2527000E4455000", "TOT_P_2011": 3.0, "TOT_P_2021": 2.0, "Y_LLC": 2527000, "CNTR_ID": "IT", "NUTS2016_3": "ITH32-ITH34", "NUTS2016_2": "ITH3", "NUTS2016_1": "ITH", "NUTS2016_0": "IT", "LAND_PC": 100.0, "X_LLC": 4455000, "NUTS2021_3": "ITH32-ITH34", "NUTS2021_2": "ITH3", "DIST_COAST": 59239.15, "NUTS2021_1": "ITH", "NUTS2021_0": "IT", "NUTS2024_3": "ITH32-ITH34", "NUTS2024_2": "ITH3", "NUTS2024_1": "ITH", "NUTS2024_0": "IT" }, "geometry": { "type": "Point", "coordinates": [ 11.729399233749751, 45.846215468935561 ] } },
{ "type": "Feature", "properties": { "DIST_BORD": 103278.25, "TOT_P_2018": 133.0, "TOT_P_2006": 131.0, "GRD_ID": "CRS3035RES1000mN2528000E4428000", "TOT_P_2011": 145.0, "TOT_P_2021": 133.0, "Y_LLC": 2528000, "CNTR_ID": "IT", "NUTS2016_3": "ITH32", "NUTS2016_2": "ITH3", "NUTS2016_1": "ITH", "NUTS2016_0": "IT", "LAND_PC": 100.0, "X_LLC": 4428000, "NUTS2021_3": "ITH32", "NUTS2021_2": "ITH3", "DIST_COAST": 79053.34, "NUTS2021_1": "ITH", "NUTS2021_0": "IT", "NUTS2024_3": "ITH32", "NUTS2024_2": "ITH3", "NUTS2024_1": "ITH", "NUTS2024_0": "IT" }, "geometry": { "type": "Point", "coordinates": [ 11.382540218510348, 45.860304482878632 ] } },
{ "type": "Feature", "properties": { "DIST_BORD": 104097.69, "TOT_P_2018": 277.0, "TOT_P_2006": 324.0, "GRD_ID": "CRS3035RES1000mN2528000E4429000", "TOT_P_2011": 271.0, "TOT_P_2021": 246.0, "Y_LLC": 2528000, "CNTR_ID": "IT", "NUTS2016_3": "ITH32", "NUTS2016_2": "ITH3", "NUTS2016_1": "ITH", "NUTS2016_0": "IT", "LAND_PC": 100.0, "X_LLC": 4429000, "NUTS2021_3": "ITH32", "NUTS2021_2": "ITH3", "DIST_COAST": 78289.04, "NUTS2021_1": "ITH", "NUTS2021_0": "IT", "NUTS2024_3": "ITH32", "NUTS2024_2": "ITH3", "NUTS2024_1": "ITH", "NUTS2024_0": "IT" }, "geometry": { "type": "Point", "coordinates": [ 11.395398459248771, 45.860136446037743 ] } },
{ "type": "Feature", "properties": { "DIST_BORD": 106095.41, "TOT_P_2018": 197.0, "TOT_P_2006": 108.0, "GRD_ID": "CRS3035RES1000mN2528000E4434000", "TOT_P_2011": 194.0, "TOT_P_2021": 215.0, "Y_LLC": 2528000, "CNTR_ID": "IT", "NUTS2016_3": "ITH32", "NUTS2016_2": "ITH3", "NUTS2016_1": "ITH", "NUTS2016_0": "IT", "LAND_PC": 100.0, "X_LLC": 4434000, "NUTS2021_3": "ITH32", "NUTS2021_2": "ITH3", "DIST_COAST": 74551.25, "NUTS2021_1": "ITH", "NUTS2021_0": "IT", "NUTS2024_3": "ITH32", "NUTS2024_2": "ITH3", "NUTS2024_1": "ITH", "NUTS2024_0": "IT" }, "geometry": { "type": "Point", "coordinates": [ 11.459688567818858, 45.859272931284686 ] } },
{ "type": "Feature", "properties": { "DIST_BORD": 106432.7, "TOT_P_2018": 351.0, "TOT_P_2006": 289.0, "GRD_ID": "CRS3035RES1000mN2528000E4435000", "TOT_P_2011": 368.0, "TOT_P_2021": 311.0, "Y_LLC": 2528000, "CNTR_ID": "IT", "NUTS2016_3": "ITH32", "NUTS2016_2": "ITH3", "NUTS2016_1": "ITH", "NUTS2016_0": "IT", "LAND_PC": 100.0, "X_LLC": 4435000, "NUTS2021_3": "ITH32", "NUTS2021_2": "ITH3", "DIST_COAST": 73821.63, "NUTS2021_1": "ITH", "NUTS2021_0": "IT", "NUTS2024_3": "ITH32", "NUTS2024_2": "ITH3", "NUTS2024_1": "ITH", "NUTS2024_0": "IT" }, "geometry": { "type": "Point", "coordinates": [ 11.472546365697982, 45.859095562294598 ] } },
{ "type": "Feature", "properties": { "DIST_BORD": 106778.28, "TOT_P_2018": 122.0, "TOT_P_2006": 136.0, "GRD_ID": "CRS3035RES1000mN2528000E4436000", "TOT_P_2011": 127.0, "TOT_P_2021": 157.0, "Y_LLC": 2528000, "CNTR_ID": "IT", "NUTS2016_3": "ITH32", "NUTS2016_2": "ITH3", "NUTS2016_1": "ITH", "NUTS2016_0": "IT", "LAND_PC": 100.0, "X_LLC": 4436000, "NUTS2021_3": "ITH32", "NUTS2021_2": "ITH3", "DIST_COAST": 73098.4, "NUTS2021_1": "ITH", "NUTS2021_0": "IT", "NUTS2024_3": "ITH32", "NUTS2024_2": "ITH3", "NUTS2024_1": "ITH", "NUTS2024_0": "IT" }, "geometry": { "type": "Point", "coordinates": [ 11.485404087493382, 45.858916638050616 ] } },
{ "type": "Feature", "properties": { "DIST_BORD": 107132.09, "TOT_P_2018": 86.0, "TOT_P_2006": 12.0, "GRD_ID": "CRS3035RES1000mN2528000E4437000", "TOT_P_2011": 33.0, "TOT_P_2021": 78.0, "Y_LLC": 2528000, "CNTR_ID": "IT", "NUTS2016_3": "ITH32", "NUTS2016_2": "ITH3", "NUTS2016_1": "ITH", "NUTS2016_0": "IT", "LAND_PC": 100.0, "X_LLC": 4437000, "NUTS2021_3": "ITH32", "NUTS2021_2": "ITH3", "DIST_COAST": 72381.76, "NUTS2021_1": "ITH", "NUTS2021_0": "IT", "NUTS2024_3": "ITH32", "NUTS2024_2": "ITH3", "NUTS2024_1": "ITH", "NUTS2024_0": "IT" }, "geometry": { "type": "Point", "coordinates": [ 11.498261732462378, 45.858736158568732 ] } },
{ "type": "Feature", "properties": { "DIST_BORD": 107494.03, "TOT_P_2018": 67.0, "TOT_P_2006": 4.0, "GRD_ID": "CRS3035RES1000mN2528000E4438000", "TOT_P_2011": 70.0, "TOT_P_2021": 24.0, "Y_LLC": 2528000, "CNTR_ID": "IT", "NUTS2016_3": "ITH32", "NUTS2016_2": "ITH3", "NUTS2016_1": "ITH", "NUTS2016_0": "IT", "LAND_PC": 100.0, "X_LLC": 4438000, "NUTS2021_3": "ITH32", "NUTS2021_2": "ITH3", "DIST_COAST": 71671.91, "NUTS2021_1": "ITH", "NUTS2021_0": "IT", "NUTS2024_3": "ITH32", "NUTS2024_2": "ITH3", "NUTS2024_1": "ITH", "NUTS2024_0": "IT" }, "geometry": { "type": "Point", "coordinates": [ 11.511119300088618, 45.85855412371442 ] } },
{ "type": "Feature", "properties": { "DIST_BORD": 108242.0, "TOT_P_2018": 144.0, "TOT_P_2006": 162.0, "GRD_ID": "CRS3035RES1000mN2528000E4440000", "TOT_P_2011": 151.0, "TOT_P_2021": 170.0, "Y_LLC": 2528000, "CNTR_ID": "IT", "NUTS2016_3": "ITH32", "NUTS2016_2": "ITH3", "NUTS2016_1": "ITH", "NUTS2016_0": "IT", "LAND_PC": 100.0, "X_LLC": 4440000, "NUTS2021_3": "ITH32", "NUTS2021_2": "ITH3", "DIST_COAST": 70273.39, "NUTS2021_1": "ITH", "NUTS2021_0": "IT", "NUTS2024_3": "ITH32", "NUTS2024_2": "ITH3", "NUTS2024_1": "ITH", "NUTS2024_0": "IT" }, "geometry": { "type": "Point", "coordinates": [ 11.536834200066055, 45.858185388367332 ] } },
{ "type": "Feature", "properties": { "DIST_BORD": 108627.87, "TOT_P_2018": 27.0, "TOT_P_2006": 190.0, "GRD_ID": "CRS3035RES1000mN2528000E4441000", "TOT_P_2011": 27.0, "TOT_P_2021": 37.0, "Y_LLC": 2528000, "CNTR_ID": "IT", "NUTS2016_3": "ITH32", "NUTS2016_2": "ITH3", "NUTS2016_1": "ITH", "NUTS2016_0": "IT", "LAND_PC": 100.0, "X_LLC": 4441000, "NUTS2021_3": "ITH32", "NUTS2021_2": "ITH3", "DIST_COAST": 69585.14, "NUTS2021_1": "ITH", "NUTS2021_0": "IT", "NUTS2024_3": "ITH32", "NUTS2024_2": "ITH3", "NUTS2024_1": "ITH", "NUTS2024_0": "IT" }, "geometry": { "type": "Point", "coordinates": [ 11.549691531199217, 45.857998687848493 ] } },
{ "type": "Feature", "properties": { "DIST_BORD": 110672.6, "TOT_P_2018": 0.0, "TOT_P_2006": 0.0, "GRD_ID": "CRS3035RES1000mN2528000E4446000", "TOT_P_2011": 0.0, "TOT_P_2021": 5.0, "Y_LLC": 2528000, "CNTR_ID": "IT", "NUTS2016_3": "ITH32", "NUTS2016_2": "ITH3", "NUTS2016_1": "ITH", "NUTS2016_0": "IT", "LAND_PC": 100.0, "X_LLC": 4446000, "NUTS2021_3": "ITH32", "NUTS2021_2": "ITH3", "DIST_COAST": 66263.18, "NUTS2021_1": "ITH", "NUTS2021_0": "IT", "NUTS2024_3": "ITH32", "NUTS2024_2": "ITH3", "NUTS2024_1": "ITH", "NUTS2024_0": "IT" }, "geometry": { "type": "Point", "coordinates": [ 11.61397697194433, 45.857041857409413 ] } },
{ "type": "Feature", "properties": { "DIST_BORD": 110687.39, "TOT_P_2018": 255.0, "TOT_P_2006": 588.0, "GRD_ID": "CRS3035RES1000mN2528000E4449000", "TOT_P_2011": 280.0, "TOT_P_2021": 247.0, "Y_LLC": 2528000, "CNTR_ID": "IT", "NUTS2016_3": "ITH32", "NUTS2016_2": "ITH3", "NUTS2016_1": "ITH", "NUTS2016_0": "IT", "LAND_PC": 100.0, "X_LLC": 4449000, "NUTS2021_3": "ITH32", "NUTS2021_2": "ITH3", "DIST_COAST": 64374.2, "NUTS2021_1": "ITH", "NUTS2021_0": "IT", "NUTS2024_3": "ITH32", "NUTS2024_2": "ITH3", "NUTS2024_1": "ITH", "NUTS2024_0": "IT" }, "geometry": { "type": "Point", "coordinates": [ 11.65254724036715, 45.856449097472847 ] } },
{ "type": "Feature", "properties": { "DIST_BORD": 110182.56, "TOT_P_2018": 613.0, "TOT_P_2006": 1520.0, "GRD_ID": "CRS3035RES1000mN2528000E4450000", "TOT_P_2011": 620.0, "TOT_P_2021": 607.0, "Y_LLC": 2528000, "CNTR_ID": "IT", "NUTS2016_3": "ITH32", "NUTS2016_2": "ITH3", "NUTS2016_1": "ITH", "NUTS2016_0": "IT", "LAND_PC": 100.0, "X_LLC": 4450000, "NUTS2021_3": "ITH32", "NUTS2021_2": "ITH3", "DIST_COAST": 63671.04, "NUTS2021_1": "ITH", "NUTS2021_0": "IT", "NUTS2024_3": "ITH32", "NUTS2024_2": "ITH3", "NUTS2024_1": "ITH", "NUTS2024_0": "IT" }, "geometry": { "type": "Point", "coordinates": [ 11.665403826714455, 45.856248400636147 ] } },
{ "type": "Feature", "properties": { "DIST_BORD": 108178.6, "TOT_P_2018": 2.0, "TOT_P_2006": 0.0, "GRD_ID": "CRS3035RES1000mN2528000E4454000", "TOT_P_2011": 2.0, "TOT_P_2021": 4.0, "Y_LLC": 2528000, "CNTR_ID": "IT", "NUTS2016_3": "ITH32", "NUTS2016_2": "ITH3", "NUTS2016_1": "ITH", "NUTS2016_0": "IT", "LAND_PC": 100.0, "X_LLC": 4454000, "NUTS2021_3": "ITH32", "NUTS2021_2": "ITH3", "DIST_COAST": 60651.65, "NUTS2021_1": "ITH", "NUTS2021_0": "IT", "NUTS2024_3": "ITH32", "NUTS2024_2": "ITH3", "NUTS2024_1": "ITH", "NUTS2024_0": "IT" }, "geometry": { "type": "Point", "coordinates": [ 11.71682930395815, 45.855430062762537 ] } },
{ "type": "Feature", "properties": { "DIST_BORD": 107687.69, "TOT_P_2018": 4.0, "TOT_P_2006": 0.0, "GRD_ID": "CRS3035RES1000mN2528000E4455000", "TOT_P_2011": 5.0, "TOT_P_2021": 8.0, "Y_LLC": 2528000, "CNTR_ID": "IT", "NUTS2016_3": "ITH32-ITH34", "NUTS2016_2": "ITH3", "NUTS2016_1": "ITH", "NUTS2016_0": "IT", "LAND_PC": 100.0, "X_LLC": 4455000, "NUTS2021_3": "ITH32-ITH34", "NUTS2021_2": "ITH3", "DIST_COAST": 59914.75, "NUTS2021_1": "ITH", "NUTS2021_0": "IT", "NUTS2024_3": "ITH32-ITH34", "NUTS2024_2": "ITH3", "NUTS2024_1": "ITH", "NUTS2024_0": "IT" }, "geometry": { "type": "Point", "coordinates": [ 11.729685453107422, 45.855221590795878 ] } },
{ "type": "Feature", "properties": { "DIST_BORD": 103380.53, "TOT_P_2018": 0.0, "TOT_P_2006": 5.0, "GRD_ID": "CRS3035RES1000mN2529000E4429000", "TOT_P_2011": 6.0, "TOT_P_2021": 3.0, "Y_LLC": 2529000, "CNTR_ID": "IT", "NUTS2016_3": "ITH32", "NUTS2016_2": "ITH3", "NUTS2016_1": "ITH", "NUTS2016_0": "IT", "LAND_PC": 100.0, "X_LLC": 4429000, "NUTS2021_3": "ITH32", "NUTS2021_2": "ITH3", "DIST_COAST": 78940.71, "NUTS2021_1": "ITH", "NUTS2021_0": "IT", "NUTS2024_3": "ITH32", "NUTS2024_2": "ITH3", "NUTS2024_1": "ITH", "NUTS2024_0": "IT" }, "geometry": { "type": "Point", "coordinates": [ 11.395629499372003, 45.869143457425906 ] } },
{ "type": "Feature", "properties": { "DIST_BORD": 103877.02, "TOT_P_2018": 178.0, "TOT_P_2006": 87.0, "GRD_ID": "CRS3035RES1000mN2529000E4430000", "TOT_P_2011": 150.0, "TOT_P_2021": 171.0, "Y_LLC": 2529000, "CNTR_ID": "IT", "NUTS2016_3": "ITH32", "NUTS2016_2": "ITH3", "NUTS2016_1": "ITH", "NUTS2016_0": "IT", "LAND_PC": 100.0, "X_LLC": 4430000, "NUTS2021_3": "ITH32", "NUTS2021_2": "ITH3", "DIST_COAST": 78188.1, "NUTS2021_1": "ITH", "NUTS2021_0": "IT", "NUTS2024_3": "ITH32", "NUTS2024_2": "ITH3", "NUTS2024_1": "ITH", "NUTS2024_0": "IT" }, "geometry": { "type": "Point", "coordinates": [ 11.408489795839879, 45.86897383267511 ] } },
{ "type": "Feature", "properties": { "DIST_BORD": 104183.09, "TOT_P_2018": 89.0, "TOT_P_2006": 54.0, "GRD_ID": "CRS3035RES1000mN2529000E4431000", "TOT_P_2011": 68.0, "TOT_P_2021": 81.0, "Y_LLC": 2529000, "CNTR_ID": "IT", "NUTS2016_3": "ITH32", "NUTS2016_2": "ITH3", "NUTS2016_1": "ITH", "NUTS2016_0": "IT", "LAND_PC": 100.0, "X_LLC": 4431000, "NUTS2021_3": "ITH32", "NUTS2021_2": "ITH3", "DIST_COAST": 77441.09, "NUTS2021_1": "ITH", "NUTS2021_0": "IT", "NUTS2024_3": "ITH32", "NUTS2024_2": "ITH3", "NUTS2024_1": "ITH", "NUTS2024_0": "IT" }, "geometry": { "type": "Point", "coordinates": [ 11.421350019181229, 45.868802652281431 ] } },
{ "type": "Feature", "properties": { "DIST_BORD": 104497.84, "TOT_P_2018": 145.0, "TOT_P_2006": 247.0, "GRD_ID": "CRS3035RES1000mN2529000E4432000", "TOT_P_2011": 151.0, "TOT_P_2021": 173.0, "Y_LLC": 2529000, "CNTR_ID": "IT", "NUTS2016_3": "ITH32", "NUTS2016_2": "ITH3", "NUTS2016_1": "ITH", "NUTS2016_0": "IT", "LAND_PC": 100.0, "X_LLC": 4432000, "NUTS2021_3": "ITH32", "NUTS2021_2": "ITH3", "DIST_COAST": 76699.84, "NUTS2021_1": "ITH", "NUTS2021_0": "IT", "NUTS2024_3": "ITH32", "NUTS2024_2": "ITH3", "NUTS2024_1": "ITH", "NUTS2024_0": "IT" }, "geometry": { "type": "Point", "coordinates": [ 11.434210169192108, 45.868629916254356 ] } },
{ "type": "Feature", "properties": { "DIST_BORD": 104821.19, "TOT_P_2018": 51.0, "TOT_P_2006": 34.0, "GRD_ID": "CRS3035RES1000mN2529000E4433000", "TOT_P_2011": 56.0, "TOT_P_2021": 45.0, "Y_LLC": 2529000, "CNTR_ID": "IT", "NUTS2016_3": "ITH32", "NUTS2016_2": "ITH3", "NUTS2016_1": "ITH", "NUTS2016_0": "IT", "LAND_PC": 100.0, "X_LLC": 4433000, "NUTS2021_3": "ITH32", "NUTS2021_2": "ITH3", "DIST_COAST": 75964.52, "NUTS2021_1": "ITH", "NUTS2021_0": "IT", "NUTS2024_3": "ITH32", "NUTS2024_2": "ITH3", "NUTS2024_1": "ITH", "NUTS2024_0": "IT" }, "geometry": { "type": "Point", "coordinates": [ 11.447070244843475, 45.868455624570217 ] } },
{ "type": "Feature", "properties": { "DIST_BORD": 105153.05, "TOT_P_2018": 76.0, "TOT_P_2006": 26.0, "GRD_ID": "CRS3035RES1000mN2529000E4434000", "TOT_P_2011": 83.0, "TOT_P_2021": 34.0, "Y_LLC": 2529000, "CNTR_ID": "IT", "NUTS2016_3": "ITH32", "NUTS2016_2": "ITH3", "NUTS2016_1": "ITH", "NUTS2016_0": "IT", "LAND_PC": 100.0, "X_LLC": 4434000, "NUTS2021_3": "ITH32", "NUTS2021_2": "ITH3", "DIST_COAST": 75235.31, "NUTS2021_1": "ITH", "NUTS2021_0": "IT", "NUTS2024_3": "ITH32", "NUTS2024_2": "ITH3", "NUTS2024_1": "ITH", "NUTS2024_0": "IT" }, "geometry": { "type": "Point", "coordinates": [ 11.459930245788106, 45.86827977725185 ] } },
{ "type": "Feature", "properties": { "DIST_BORD": 105493.35, "TOT_P_2018": 463.0, "TOT_P_2006": 375.0, "GRD_ID": "CRS3035RES1000mN2529000E4435000", "TOT_P_2011": 394.0, "TOT_P_2021": 418.0, "Y_LLC": 2529000, "CNTR_ID": "IT", "NUTS2016_3": "ITH32", "NUTS2016_2": "ITH3", "NUTS2016_1": "ITH", "NUTS2016_0": "IT", "LAND_PC": 100.0, "X_LLC": 4435000, "NUTS2021_3": "ITH32", "NUTS2021_2": "ITH3", "DIST_COAST": 74512.38, "NUTS2021_1": "ITH", "NUTS2021_0": "IT", "NUTS2024_3": "ITH32", "NUTS2024_2": "ITH3", "NUTS2024_1": "ITH", "NUTS2024_0": "IT" }, "geometry": { "type": "Point", "coordinates": [ 11.472790171070399, 45.868102374341646 ] } },
{ "type": "Feature", "properties": { "DIST_BORD": 105842.0, "TOT_P_2018": 284.0, "TOT_P_2006": 95.0, "GRD_ID": "CRS3035RES1000mN2529000E4436000", "TOT_P_2011": 261.0, "TOT_P_2021": 243.0, "Y_LLC": 2529000, "CNTR_ID": "IT", "NUTS2016_3": "ITH32", "NUTS2016_2": "ITH3", "NUTS2016_1": "ITH", "NUTS2016_0": "IT", "LAND_PC": 100.0, "X_LLC": 4436000, "NUTS2021_3": "ITH32", "NUTS2021_2": "ITH3", "DIST_COAST": 73795.92, "NUTS2021_1": "ITH", "NUTS2021_0": "IT", "NUTS2024_3": "ITH32", "NUTS2024_2": "ITH3", "NUTS2024_1": "ITH", "NUTS2024_0": "IT" }, "geometry": { "type": "Point", "coordinates": [ 11.485650020251274, 45.867923415799659 ] } },
{ "type": "Feature", "properties": { "DIST_BORD": 106198.92, "TOT_P_2018": 239.0, "TOT_P_2006": 364.0, "GRD_ID": "CRS3035RES1000mN2529000E4437000", "TOT_P_2011": 251.0, "TOT_P_2021": 204.0, "Y_LLC": 2529000, "CNTR_ID": "IT", "NUTS2016_3": "ITH32", "NUTS2016_2": "ITH3", "NUTS2016_1": "ITH", "NUTS2016_0": "IT", "LAND_PC": 100.0, "X_LLC": 4437000, "NUTS2021_3": "ITH32", "NUTS2021_2": "ITH3", "DIST_COAST": 73086.12, "NUTS2021_1": "ITH", "NUTS2021_0": "IT", "NUTS2024_3": "ITH32", "NUTS2024_2": "ITH3", "NUTS2024_1": "ITH", "NUTS2024_0": "IT" }, "geometry": { "type": "Point", "coordinates": [ 11.498509792558796, 45.867742901669899 ] } },
{ "type": "Feature", "properties": { "DIST_BORD": 106564.04, "TOT_P_2018": 802.0, "TOT_P_2006": 664.0, "GRD_ID": "CRS3035RES1000mN2529000E4438000", "TOT_P_2011": 795.0, "TOT_P_2021": 766.0, "Y_LLC": 2529000, "CNTR_ID": "IT", "NUTS2016_3": "ITH32", "NUTS2016_2": "ITH3", "NUTS2016_1": "ITH", "NUTS2016_0": "IT", "LAND_PC": 100.0, "X_LLC": 4438000, "NUTS2021_3": "ITH32", "NUTS2021_2": "ITH3", "DIST_COAST": 72383.18, "NUTS2021_1": "ITH", "NUTS2021_0": "IT", "NUTS2024_3": "ITH32", "NUTS2024_2": "ITH3", "NUTS2024_1": "ITH", "NUTS2024_0": "IT" }, "geometry": { "type": "Point", "coordinates": [ 11.511369487269816, 45.867560832016657 ] } },
{ "type": "Feature", "properties": { "DIST_BORD": 106937.25, "TOT_P_2018": 128.0, "TOT_P_2006": 178.0, "GRD_ID": "CRS3035RES1000mN2529000E4439000", "TOT_P_2011": 115.0, "TOT_P_2021": 110.0, "Y_LLC": 2529000, "CNTR_ID": "IT", "NUTS2016_3": "ITH32", "NUTS2016_2": "ITH3", "NUTS2016_1": "ITH", "NUTS2016_0": "IT", "LAND_PC": 100.0, "X_LLC": 4439000, "NUTS2021_3": "ITH32", "NUTS2021_2": "ITH3", "DIST_COAST": 71687.29, "NUTS2021_1": "ITH", "NUTS2021_0": "IT", "NUTS2024_3": "ITH32", "NUTS2024_2": "ITH3", "NUTS2024_1": "ITH", "NUTS2024_0": "IT" }, "geometry": { "type": "Point", "coordinates": [ 11.524229103944236, 45.86737720678196 ] } },
{ "type": "Feature", "properties": { "DIST_BORD": 107318.49, "TOT_P_2018": 184.0, "TOT_P_2006": 180.0, "GRD_ID": "CRS3035RES1000mN2529000E4440000", "TOT_P_2011": 193.0, "TOT_P_2021": 163.0, "Y_LLC": 2529000, "CNTR_ID": "IT", "NUTS2016_3": "ITH32", "NUTS2016_2": "ITH3", "NUTS2016_1": "ITH", "NUTS2016_0": "IT", "LAND_PC": 100.0, "X_LLC": 4440000, "NUTS2021_3": "ITH32", "NUTS2021_2": "ITH3", "DIST_COAST": 70998.67, "NUTS2021_1": "ITH", "NUTS2021_0": "IT", "NUTS2024_3": "ITH32", "NUTS2024_2": "ITH3", "NUTS2024_1": "ITH", "NUTS2024_0": "IT" }, "geometry": { "type": "Point", "coordinates": [ 11.53708864177376, 45.867192026012845 ] } },
{ "type": "Feature", "properties": { "DIST_BORD": 107707.66, "TOT_P_2018": 162.0, "TOT_P_2006": 294.0, "GRD_ID": "CRS3035RES1000mN2529000E4441000", "TOT_P_2011": 168.0, "TOT_P_2021": 147.0, "Y_LLC": 2529000, "CNTR_ID": "IT", "NUTS2016_3": "ITH32", "NUTS2016_2": "ITH3", "NUTS2016_1": "ITH", "NUTS2016_0": "IT", "LAND_PC": 100.0, "X_LLC": 4441000, "NUTS2021_3": "ITH32", "NUTS2021_2": "ITH3", "DIST_COAST": 70317.52, "NUTS2021_1": "ITH", "NUTS2021_0": "IT", "NUTS2024_3": "ITH32", "NUTS2024_2": "ITH3", "NUTS2024_1": "ITH", "NUTS2024_0": "IT" }, "geometry": { "type": "Point", "coordinates": [ 11.549948099909612, 45.867005289740526 ] } },
{ "type": "Feature", "properties": { "DIST_BORD": 108104.69, "TOT_P_2018": 48.0, "TOT_P_2006": 76.0, "GRD_ID": "CRS3035RES1000mN2529000E4442000", "TOT_P_2011": 50.0, "TOT_P_2021": 68.0, "Y_LLC": 2529000, "CNTR_ID": "IT", "NUTS2016_3": "ITH32", "NUTS2016_2": "ITH3", "NUTS2016_1": "ITH", "NUTS2016_0": "IT", "LAND_PC": 100.0, "X_LLC": 4442000, "NUTS2021_3": "ITH32", "NUTS2021_2": "ITH3", "DIST_COAST": 69644.08, "NUTS2021_1": "ITH", "NUTS2021_0": "IT", "NUTS2024_3": "ITH32", "NUTS2024_2": "ITH3", "NUTS2024_1": "ITH", "NUTS2024_0": "IT" }, "geometry": { "type": "Point", "coordinates": [ 11.562807478119309, 45.866816997982525 ] } },
{ "type": "Feature", "properties": { "DIST_BORD": 108921.93, "TOT_P_2018": 0.0, "TOT_P_2006": 0.0, "GRD_ID": "CRS3035RES1000mN2529000E4444000", "TOT_P_2011": 0.0, "TOT_P_2021": 1.0, "Y_LLC": 2529000, "CNTR_ID": "IT", "NUTS2016_3": "ITH32", "NUTS2016_2": "ITH3", "NUTS2016_1": "ITH", "NUTS2016_0": "IT", "LAND_PC": 100.0, "X_LLC": 4444000, "NUTS2021_3": "ITH32", "NUTS2021_2": "ITH3", "DIST_COAST": 68321.18, "NUTS2021_1": "ITH", "NUTS2021_0": "IT", "NUTS2024_3": "ITH32", "NUTS2024_2": "ITH3", "NUTS2024_1": "ITH", "NUTS2024_0": "IT" }, "geometry": { "type": "Point", "coordinates": [ 11.588525991069773, 45.866435747942781 ] } },
{ "type": "Feature", "properties": { "DIST_BORD": 109341.99, "TOT_P_2018": 68.0, "TOT_P_2006": 0.0, "GRD_ID": "CRS3035RES1000mN2529000E4445000", "TOT_P_2011": 71.0, "TOT_P_2021": 71.0, "Y_LLC": 2529000, "CNTR_ID": "IT", "NUTS2016_3": "ITH32", "NUTS2016_2": "ITH3", "NUTS2016_1": "ITH", "NUTS2016_0": "IT", "LAND_PC": 100.0, "X_LLC": 4445000, "NUTS2021_3": "ITH32", "NUTS2021_2": "ITH3", "DIST_COAST": 67672.2, "NUTS2021_1": "ITH", "NUTS2021_0": "IT", "NUTS2024_3": "ITH32", "NUTS2024_2": "ITH3", "NUTS2024_1": "ITH", "NUTS2024_0": "IT" }, "geometry": { "type": "Point", "coordinates": [ 11.601385124691973, 45.866242789727735 ] } },
{ "type": "Feature", "properties": { "DIST_BORD": 109769.54, "TOT_P_2018": 327.0, "TOT_P_2006": 26.0, "GRD_ID": "CRS3035RES1000mN2529000E4446000", "TOT_P_2011": 276.0, "TOT_P_2021": 267.0, "Y_LLC": 2529000, "CNTR_ID": "IT", "NUTS2016_3": "ITH32", "NUTS2016_2": "ITH3", "NUTS2016_1": "ITH", "NUTS2016_0": "IT", "LAND_PC": 100.0, "X_LLC": 4446000, "NUTS2021_3": "ITH32", "NUTS2021_2": "ITH3", "DIST_COAST": 67031.86, "NUTS2021_1": "ITH", "NUTS2021_0": "IT", "NUTS2024_3": "ITH32", "NUTS2024_2": "ITH3", "NUTS2024_1": "ITH", "NUTS2024_0": "IT" }, "geometry": { "type": "Point", "coordinates": [ 11.614244175398442, 45.866048276025595 ] } },
{ "type": "Feature", "properties": { "DIST_BORD": 109827.32, "TOT_P_2018": 111.0, "TOT_P_2006": 199.0, "GRD_ID": "CRS3035RES1000mN2529000E4449000", "TOT_P_2011": 122.0, "TOT_P_2021": 87.0, "Y_LLC": 2529000, "CNTR_ID": "IT", "NUTS2016_3": "ITH32", "NUTS2016_2": "ITH3", "NUTS2016_1": "ITH", "NUTS2016_0": "IT", "LAND_PC": 100.0, "X_LLC": 4449000, "NUTS2021_3": "ITH32", "NUTS2021_2": "ITH3", "DIST_COAST": 65079.54, "NUTS2021_1": "ITH", "NUTS2021_0": "IT", "NUTS2024_3": "ITH32", "NUTS2024_2": "ITH3", "NUTS2024_1": "ITH", "NUTS2024_0": "IT" }, "geometry": { "type": "Point", "coordinates": [ 11.652820824095999, 45.865455402581979 ] } },
{ "type": "Feature", "properties": { "DIST_BORD": 109318.53, "TOT_P_2018": 218.0, "TOT_P_2006": 275.0, "GRD_ID": "CRS3035RES1000mN2529000E4450000", "TOT_P_2011": 203.0, "TOT_P_2021": 145.0, "Y_LLC": 2529000, "CNTR_ID": "IT", "NUTS2016_3": "ITH32", "NUTS2016_2": "ITH3", "NUTS2016_1": "ITH", "NUTS2016_0": "IT", "LAND_PC": 100.0, "X_LLC": 4450000, "NUTS2021_3": "ITH32", "NUTS2021_2": "ITH3", "DIST_COAST": 64315.64, "NUTS2021_1": "ITH", "NUTS2021_0": "IT", "NUTS2024_3": "ITH32", "NUTS2024_2": "ITH3", "NUTS2024_1": "ITH", "NUTS2024_0": "IT" }, "geometry": { "type": "Point", "coordinates": [ 11.66567953693923, 45.865254667320279 ] } },
{ "type": "Feature", "properties": { "DIST_BORD": 107310.52, "TOT_P_2018": 1.0, "TOT_P_2006": 0.0, "GRD_ID": "CRS3035RES1000mN2529000E4454000", "TOT_P_2011": 1.0, "TOT_P_2021": 6.0, "Y_LLC": 2529000, "CNTR_ID": "IT", "NUTS2016_3": "ITH32", "NUTS2016_2": "ITH3", "NUTS2016_1": "ITH", "NUTS2016_0": "IT", "LAND_PC": 100.0, "X_LLC": 4454000, "NUTS2021_3": "ITH32", "NUTS2021_2": "ITH3", "DIST_COAST": 61328.0, "NUTS2021_1": "ITH", "NUTS2021_0": "IT", "NUTS2024_3": "ITH32", "NUTS2024_2": "ITH3", "NUTS2024_1": "ITH", "NUTS2024_0": "IT" }, "geometry": { "type": "Point", "coordinates": [ 11.717113520082762, 45.864436172882264 ] } },
{ "type": "Feature", "properties": { "DIST_BORD": 106815.62, "TOT_P_2018": 1.0, "TOT_P_2006": 0.0, "GRD_ID": "CRS3035RES1000mN2529000E4455000", "TOT_P_2011": 1.0, "TOT_P_2021": 3.0, "Y_LLC": 2529000, "CNTR_ID": "IT", "NUTS2016_3": "ITH32-ITH34", "NUTS2016_2": "ITH3", "NUTS2016_1": "ITH", "NUTS2016_0": "IT", "LAND_PC": 100.0, "X_LLC": 4455000, "NUTS2021_3": "ITH32-ITH34", "NUTS2021_2": "ITH3", "DIST_COAST": 60599.33, "NUTS2021_1": "ITH", "NUTS2021_0": "IT", "NUTS2024_3": "ITH32-ITH34", "NUTS2024_2": "ITH3", "NUTS2024_1": "ITH", "NUTS2024_0": "IT" }, "geometry": { "type": "Point", "coordinates": [ 11.72997179557094, 45.86422766102978 ] } },
{ "type": "Feature", "properties": { "DIST_BORD": 105847.21, "TOT_P_2018": 0.0, "TOT_P_2006": 0.0, "GRD_ID": "CRS3035RES1000mN2529000E4457000", "TOT_P_2011": 0.0, "TOT_P_2021": 3.0, "Y_LLC": 2529000, "CNTR_ID": "IT", "NUTS2016_3": "ITH32-ITH34", "NUTS2016_2": "ITH3", "NUTS2016_1": "ITH", "NUTS2016_0": "IT", "LAND_PC": 100.0, "X_LLC": 4457000, "NUTS2021_3": "ITH32-ITH34", "NUTS2021_2": "ITH3", "DIST_COAST": 59165.78, "NUTS2021_1": "ITH", "NUTS2021_0": "IT", "NUTS2024_3": "ITH32-ITH34", "NUTS2024_2": "ITH3", "NUTS2024_1": "ITH", "NUTS2024_0": "IT" }, "geometry": { "type": "Point", "coordinates": [ 11.755688077347395, 45.86380597141379 ] } },
{ "type": "Feature", "properties": { "DIST_BORD": 103550.6, "TOT_P_2018": 54.0, "TOT_P_2006": 61.0, "GRD_ID": "CRS3035RES1000mN2530000E4432000", "TOT_P_2011": 59.0, "TOT_P_2021": 29.0, "Y_LLC": 2530000, "CNTR_ID": "IT", "NUTS2016_3": "ITH32", "NUTS2016_2": "ITH3", "NUTS2016_1": "ITH", "NUTS2016_0": "IT", "LAND_PC": 100.0, "X_LLC": 4432000, "NUTS2021_3": "ITH32", "NUTS2021_2": "ITH3", "DIST_COAST": 77377.82, "NUTS2021_1": "ITH", "NUTS2021_0": "IT", "NUTS2024_3": "ITH32", "NUTS2024_2": "ITH3", "NUTS2024_1": "ITH", "NUTS2024_0": "IT" }, "geometry": { "type": "Point", "coordinates": [ 11.434447694393631, 45.877636777846419 ] } },
{ "type": "Feature", "properties": { "DIST_BORD": 103876.9, "TOT_P_2018": 255.0, "TOT_P_2006": 187.0, "GRD_ID": "CRS3035RES1000mN2530000E4433000", "TOT_P_2011": 262.0, "TOT_P_2021": 174.0, "Y_LLC": 2530000, "CNTR_ID": "IT", "NUTS2016_3": "ITH32", "NUTS2016_2": "ITH3", "NUTS2016_1": "ITH", "NUTS2016_0": "IT", "LAND_PC": 100.0, "X_LLC": 4433000, "NUTS2021_3": "ITH32", "NUTS2021_2": "ITH3", "DIST_COAST": 76649.01, "NUTS2021_1": "ITH", "NUTS2021_0": "IT", "NUTS2024_3": "ITH32", "NUTS2024_2": "ITH3", "NUTS2024_1": "ITH", "NUTS2024_0": "IT" }, "geometry": { "type": "Point", "coordinates": [ 11.447309898579562, 45.877462452801424 ] } },
{ "type": "Feature", "properties": { "DIST_BORD": 104211.76, "TOT_P_2018": 439.0, "TOT_P_2006": 662.0, "GRD_ID": "CRS3035RES1000mN2530000E4434000", "TOT_P_2011": 465.0, "TOT_P_2021": 580.0, "Y_LLC": 2530000, "CNTR_ID": "IT", "NUTS2016_3": "ITH32", "NUTS2016_2": "ITH3", "NUTS2016_1": "ITH", "NUTS2016_0": "IT", "LAND_PC": 100.0, "X_LLC": 4434000, "NUTS2021_3": "ITH32", "NUTS2021_2": "ITH3", "DIST_COAST": 75926.37, "NUTS2021_1": "ITH", "NUTS2021_0": "IT", "NUTS2024_3": "ITH32", "NUTS2024_2": "ITH3", "NUTS2024_1": "ITH", "NUTS2024_0": "IT" }, "geometry": { "type": "Point", "coordinates": [ 11.460172027768911, 45.877286571784254 ] } },
{ "type": "Feature", "properties": { "DIST_BORD": 104555.13, "TOT_P_2018": 5.0, "TOT_P_2006": 0.0, "GRD_ID": "CRS3035RES1000mN2530000E4435000", "TOT_P_2011": 5.0, "TOT_P_2021": 13.0, "Y_LLC": 2530000, "CNTR_ID": "IT", "NUTS2016_3": "ITH32", "NUTS2016_2": "ITH3", "NUTS2016_1": "ITH", "NUTS2016_0": "IT", "LAND_PC": 100.0, "X_LLC": 4435000, "NUTS2021_3": "ITH32", "NUTS2021_2": "ITH3", "DIST_COAST": 75210.08, "NUTS2021_1": "ITH", "NUTS2021_0": "IT", "NUTS2024_3": "ITH32", "NUTS2024_2": "ITH3", "NUTS2024_1": "ITH", "NUTS2024_0": "IT" }, "geometry": { "type": "Point", "coordinates": [ 11.4730340814433, 45.877109134915727 ] } },
{ "type": "Feature", "properties": { "DIST_BORD": 104906.89, "TOT_P_2018": 433.0, "TOT_P_2006": 383.0, "GRD_ID": "CRS3035RES1000mN2530000E4436000", "TOT_P_2011": 438.0, "TOT_P_2021": 480.0, "Y_LLC": 2530000, "CNTR_ID": "IT", "NUTS2016_3": "ITH32", "NUTS2016_2": "ITH3", "NUTS2016_1": "ITH", "NUTS2016_0": "IT", "LAND_PC": 100.0, "X_LLC": 4436000, "NUTS2021_3": "ITH32", "NUTS2021_2": "ITH3", "DIST_COAST": 74500.33, "NUTS2021_1": "ITH", "NUTS2021_0": "IT", "NUTS2024_3": "ITH32", "NUTS2024_2": "ITH3", "NUTS2024_1": "ITH", "NUTS2024_0": "IT" }, "geometry": { "type": "Point", "coordinates": [ 11.485896058849919, 45.876930142077036 ] } },
{ "type": "Feature", "properties": { "DIST_BORD": 105266.99, "TOT_P_2018": 345.0, "TOT_P_2006": 362.0, "GRD_ID": "CRS3035RES1000mN2530000E4437000", "TOT_P_2011": 343.0, "TOT_P_2021": 397.0, "Y_LLC": 2530000, "CNTR_ID": "IT", "NUTS2016_3": "ITH32", "NUTS2016_2": "ITH3", "NUTS2016_1": "ITH", "NUTS2016_0": "IT", "LAND_PC": 100.0, "X_LLC": 4437000, "NUTS2021_3": "ITH32", "NUTS2021_2": "ITH3", "DIST_COAST": 73797.31, "NUTS2021_1": "ITH", "NUTS2021_0": "IT", "NUTS2024_3": "ITH32", "NUTS2024_2": "ITH3", "NUTS2024_1": "ITH", "NUTS2024_0": "IT" }, "geometry": { "type": "Point", "coordinates": [ 11.498757959404021, 45.876749593425203 ] } },
{ "type": "Feature", "properties": { "DIST_BORD": 105635.32, "TOT_P_2018": 1883.0, "TOT_P_2006": 2112.0, "GRD_ID": "CRS3035RES1000mN2530000E4438000", "TOT_P_2011": 1941.0, "TOT_P_2021": 1843.0, "Y_LLC": 2530000, "CNTR_ID": "IT", "NUTS2016_3": "ITH32", "NUTS2016_2": "ITH3", "NUTS2016_1": "ITH", "NUTS2016_0": "IT", "LAND_PC": 100.0, "X_LLC": 4438000, "NUTS2021_3": "ITH32", "NUTS2021_2": "ITH3", "DIST_COAST": 73101.21, "NUTS2021_1": "ITH", "NUTS2021_0": "IT", "NUTS2024_3": "ITH32", "NUTS2024_2": "ITH3", "NUTS2024_1": "ITH", "NUTS2024_0": "IT" }, "geometry": { "type": "Point", "coordinates": [ 11.511619782367795, 45.876567488895333 ] } },
{ "type": "Feature", "properties": { "DIST_BORD": 106011.81, "TOT_P_2018": 133.0, "TOT_P_2006": 255.0, "GRD_ID": "CRS3035RES1000mN2530000E4439000", "TOT_P_2011": 134.0, "TOT_P_2021": 131.0, "Y_LLC": 2530000, "CNTR_ID": "IT", "NUTS2016_3": "ITH32", "NUTS2016_2": "ITH3", "NUTS2016_1": "ITH", "NUTS2016_0": "IT", "LAND_PC": 100.0, "X_LLC": 4439000, "NUTS2021_3": "ITH32", "NUTS2021_2": "ITH3", "DIST_COAST": 72412.22, "NUTS2021_1": "ITH", "NUTS2021_0": "IT", "NUTS2024_3": "ITH32", "NUTS2024_2": "ITH3", "NUTS2024_1": "ITH", "NUTS2024_0": "IT" }, "geometry": { "type": "Point", "coordinates": [ 11.524481527087126, 45.876383828465265 ] } },
{ "type": "Feature", "properties": { "DIST_BORD": 106396.36, "TOT_P_2018": 88.0, "TOT_P_2006": 126.0, "GRD_ID": "CRS3035RES1000mN2530000E4440000", "TOT_P_2011": 92.0, "TOT_P_2021": 87.0, "Y_LLC": 2530000, "CNTR_ID": "IT", "NUTS2016_3": "ITH32", "NUTS2016_2": "ITH3", "NUTS2016_1": "ITH", "NUTS2016_0": "IT", "LAND_PC": 100.0, "X_LLC": 4440000, "NUTS2021_3": "ITH32", "NUTS2021_2": "ITH3", "DIST_COAST": 71730.56, "NUTS2021_1": "ITH", "NUTS2021_0": "IT", "NUTS2024_3": "ITH32", "NUTS2024_2": "ITH3", "NUTS2024_1": "ITH", "NUTS2024_0": "IT" }, "geometry": { "type": "Point", "coordinates": [ 11.537343192925023, 45.876198612224982 ] } },
{ "type": "Feature", "properties": { "DIST_BORD": 106788.9, "TOT_P_2018": 114.0, "TOT_P_2006": 157.0, "GRD_ID": "CRS3035RES1000mN2530000E4441000", "TOT_P_2011": 118.0, "TOT_P_2021": 117.0, "Y_LLC": 2530000, "CNTR_ID": "IT", "NUTS2016_3": "ITH32", "NUTS2016_2": "ITH3", "NUTS2016_1": "ITH", "NUTS2016_0": "IT", "LAND_PC": 100.0, "X_LLC": 4441000, "NUTS2021_3": "ITH32", "NUTS2021_2": "ITH3", "DIST_COAST": 71056.43, "NUTS2021_1": "ITH", "NUTS2021_0": "IT", "NUTS2024_3": "ITH32", "NUTS2024_2": "ITH3", "NUTS2024_1": "ITH", "NUTS2024_0": "IT" }, "geometry": { "type": "Point", "coordinates": [ 11.550204779212622, 45.876011840161297 ] } },
{ "type": "Feature", "properties": { "DIST_BORD": 107189.32, "TOT_P_2018": 26.0, "TOT_P_2006": 74.0, "GRD_ID": "CRS3035RES1000mN2530000E4442000", "TOT_P_2011": 23.0, "TOT_P_2021": 21.0, "Y_LLC": 2530000, "CNTR_ID": "IT", "NUTS2016_3": "ITH32", "NUTS2016_2": "ITH3", "NUTS2016_1": "ITH", "NUTS2016_0": "IT", "LAND_PC": 100.0, "X_LLC": 4442000, "NUTS2021_3": "ITH32", "NUTS2021_2": "ITH3", "DIST_COAST": 70390.05, "NUTS2021_1": "ITH", "NUTS2021_0": "IT", "NUTS2024_3": "ITH32", "NUTS2024_2": "ITH3", "NUTS2024_1": "ITH", "NUTS2024_0": "IT" }, "geometry": { "type": "Point", "coordinates": [ 11.563066285243178, 45.875823512307072 ] } },
{ "type": "Feature", "properties": { "DIST_BORD": 108868.18, "TOT_P_2018": 304.0, "TOT_P_2006": 110.0, "GRD_ID": "CRS3035RES1000mN2530000E4446000", "TOT_P_2011": 309.0, "TOT_P_2021": 288.0, "Y_LLC": 2530000, "CNTR_ID": "IT", "NUTS2016_3": "ITH32", "NUTS2016_2": "ITH3", "NUTS2016_1": "ITH", "NUTS2016_0": "IT", "LAND_PC": 100.0, "X_LLC": 4446000, "NUTS2021_3": "ITH32", "NUTS2021_2": "ITH3", "DIST_COAST": 67806.58, "NUTS2021_1": "ITH", "NUTS2021_0": "IT", "NUTS2024_3": "ITH32", "NUTS2024_2": "ITH3", "NUTS2024_1": "ITH", "NUTS2024_0": "IT" }, "geometry": { "type": "Point", "coordinates": [ 11.614511493862457, 45.875054643085448 ] } },
{ "type": "Feature", "properties": { "DIST_BORD": 108456.82, "TOT_P_2018": 0.0, "TOT_P_2006": 0.0, "GRD_ID": "CRS3035RES1000mN2530000E4450000", "TOT_P_2011": 56.0, "TOT_P_2021": 34.0, "Y_LLC": 2530000, "CNTR_ID": "IT", "NUTS2016_3": "ITH32", "NUTS2016_2": "ITH3", "NUTS2016_1": "ITH", "NUTS2016_0": "IT", "LAND_PC": 100.0, "X_LLC": 4450000, "NUTS2021_3": "ITH32", "NUTS2021_2": "ITH3", "DIST_COAST": 64969.25, "NUTS2021_1": "ITH", "NUTS2021_0": "IT", "NUTS2024_3": "ITH32", "NUTS2024_2": "ITH3", "NUTS2024_1": "ITH", "NUTS2024_0": "IT" }, "geometry": { "type": "Point", "coordinates": [ 11.665955365802851, 45.874260882388974 ] } },
{ "type": "Feature", "properties": { "DIST_BORD": 107950.83, "TOT_P_2018": 219.0, "TOT_P_2006": 0.0, "GRD_ID": "CRS3035RES1000mN2530000E4451000", "TOT_P_2011": 241.0, "TOT_P_2021": 167.0, "Y_LLC": 2530000, "CNTR_ID": "IT", "NUTS2016_3": "ITH32", "NUTS2016_2": "ITH3", "NUTS2016_1": "ITH", "NUTS2016_0": "IT", "LAND_PC": 100.0, "X_LLC": 4451000, "NUTS2021_3": "ITH32", "NUTS2021_2": "ITH3", "DIST_COAST": 64219.61, "NUTS2021_1": "ITH", "NUTS2021_0": "IT", "NUTS2024_3": "ITH32", "NUTS2024_2": "ITH3", "NUTS2024_1": "ITH", "NUTS2024_0": "IT" }, "geometry": { "type": "Point", "coordinates": [ 11.678816119986642, 45.874058553025442 ] } },
{ "type": "Feature", "properties": { "DIST_BORD": 106444.76, "TOT_P_2018": 4.0, "TOT_P_2006": 9.0, "GRD_ID": "CRS3035RES1000mN2530000E4454000", "TOT_P_2011": 8.0, "TOT_P_2021": 2.0, "Y_LLC": 2530000, "CNTR_ID": "IT", "NUTS2016_3": "ITH32", "NUTS2016_2": "ITH3", "NUTS2016_1": "ITH", "NUTS2016_0": "IT", "LAND_PC": 100.0, "X_LLC": 4454000, "NUTS2021_3": "ITH32", "NUTS2021_2": "ITH3", "DIST_COAST": 62013.1, "NUTS2021_1": "ITH", "NUTS2021_0": "IT", "NUTS2024_3": "ITH32", "NUTS2024_2": "ITH3", "NUTS2024_1": "ITH", "NUTS2024_0": "IT" }, "geometry": { "type": "Point", "coordinates": [ 11.717397858548352, 45.873442231159721 ] } },
{ "type": "Feature", "properties": { "DIST_BORD": 103271.58, "TOT_P_2018": 60.0, "TOT_P_2006": 0.0, "GRD_ID": "CRS3035RES1000mN2531000E4434000", "TOT_P_2011": 55.0, "TOT_P_2021": 86.0, "Y_LLC": 2531000, "CNTR_ID": "IT", "NUTS2016_3": "ITH32", "NUTS2016_2": "ITH3", "NUTS2016_1": "ITH", "NUTS2016_0": "IT", "LAND_PC": 100.0, "X_LLC": 4434000, "NUTS2021_3": "ITH32", "NUTS2021_2": "ITH3", "DIST_COAST": 76624.25, "NUTS2021_1": "ITH", "NUTS2021_0": "IT", "NUTS2024_3": "ITH32", "NUTS2024_2": "ITH3", "NUTS2024_1": "ITH", "NUTS2024_0": "IT" }, "geometry": { "type": "Point", "coordinates": [ 11.460413913941107, 45.886293314973514 ] } },
{ "type": "Feature", "properties": { "DIST_BORD": 103618.06, "TOT_P_2018": 125.0, "TOT_P_2006": 42.0, "GRD_ID": "CRS3035RES1000mN2531000E4435000", "TOT_P_2011": 136.0, "TOT_P_2021": 83.0, "Y_LLC": 2531000, "CNTR_ID": "IT", "NUTS2016_3": "ITH32", "NUTS2016_2": "ITH3", "NUTS2016_1": "ITH", "NUTS2016_0": "IT", "LAND_PC": 100.0, "X_LLC": 4435000, "NUTS2021_3": "ITH32", "NUTS2021_2": "ITH3", "DIST_COAST": 75914.55, "NUTS2021_1": "ITH", "NUTS2021_0": "IT", "NUTS2024_3": "ITH32", "NUTS2024_2": "ITH3", "NUTS2024_1": "ITH", "NUTS2024_0": "IT" }, "geometry": { "type": "Point", "coordinates": [ 11.473278096806659, 45.886115844063013 ] } },
{ "type": "Feature", "properties": { "DIST_BORD": 103973.0, "TOT_P_2018": 86.0, "TOT_P_2006": 32.0, "GRD_ID": "CRS3035RES1000mN2531000E4436000", "TOT_P_2011": 85.0, "TOT_P_2021": 56.0, "Y_LLC": 2531000, "CNTR_ID": "IT", "NUTS2016_3": "ITH32", "NUTS2016_2": "ITH3", "NUTS2016_1": "ITH", "NUTS2016_0": "IT", "LAND_PC": 100.0, "X_LLC": 4436000, "NUTS2021_3": "ITH32", "NUTS2021_2": "ITH3", "DIST_COAST": 75211.45, "NUTS2021_1": "ITH", "NUTS2021_0": "IT", "NUTS2024_3": "ITH32", "NUTS2024_2": "ITH3", "NUTS2024_1": "ITH", "NUTS2024_0": "IT" }, "geometry": { "type": "Point", "coordinates": [ 11.486142203460576, 45.885936816958704 ] } },
{ "type": "Feature", "properties": { "DIST_BORD": 104336.31, "TOT_P_2018": 325.0, "TOT_P_2006": 170.0, "GRD_ID": "CRS3035RES1000mN2531000E4437000", "TOT_P_2011": 258.0, "TOT_P_2021": 306.0, "Y_LLC": 2531000, "CNTR_ID": "IT", "NUTS2016_3": "ITH32", "NUTS2016_2": "ITH3", "NUTS2016_1": "ITH", "NUTS2016_0": "IT", "LAND_PC": 100.0, "X_LLC": 4437000, "NUTS2021_3": "ITH32", "NUTS2021_2": "ITH3", "DIST_COAST": 74515.13, "NUTS2021_1": "ITH", "NUTS2021_0": "IT", "NUTS2024_3": "ITH32", "NUTS2024_2": "ITH3", "NUTS2024_1": "ITH", "NUTS2024_0": "IT" }, "geometry": { "type": "Point", "coordinates": [ 11.499006233116216, 45.885756233663351 ] } },
{ "type": "Feature", "properties": { "DIST_BORD": 104707.92, "TOT_P_2018": 366.0, "TOT_P_2006": 295.0, "GRD_ID": "CRS3035RES1000mN2531000E4438000", "TOT_P_2011": 357.0, "TOT_P_2021": 417.0, "Y_LLC": 2531000, "CNTR_ID": "IT", "NUTS2016_3": "ITH32", "NUTS2016_2": "ITH3", "NUTS2016_1": "ITH", "NUTS2016_0": "IT", "LAND_PC": 100.0, "X_LLC": 4438000, "NUTS2021_3": "ITH32", "NUTS2021_2": "ITH3", "DIST_COAST": 73825.8, "NUTS2021_1": "ITH", "NUTS2021_0": "IT", "NUTS2024_3": "ITH32", "NUTS2024_2": "ITH3", "NUTS2024_1": "ITH", "NUTS2024_0": "IT" }, "geometry": { "type": "Point", "coordinates": [ 11.511870185146678, 45.885574094179489 ] } },
{ "type": "Feature", "properties": { "DIST_BORD": 105087.73, "TOT_P_2018": 305.0, "TOT_P_2006": 718.0, "GRD_ID": "CRS3035RES1000mN2531000E4439000", "TOT_P_2011": 316.0, "TOT_P_2021": 219.0, "Y_LLC": 2531000, "CNTR_ID": "IT", "NUTS2016_3": "ITH32", "NUTS2016_2": "ITH3", "NUTS2016_1": "ITH", "NUTS2016_0": "IT", "LAND_PC": 100.0, "X_LLC": 4439000, "NUTS2021_3": "ITH32", "NUTS2021_2": "ITH3", "DIST_COAST": 73143.64, "NUTS2021_1": "ITH", "NUTS2021_0": "IT", "NUTS2024_3": "ITH32", "NUTS2024_2": "ITH3", "NUTS2024_1": "ITH", "NUTS2024_0": "IT" }, "geometry": { "type": "Point", "coordinates": [ 11.52473405894229, 45.885390398610497 ] } },
{ "type": "Feature", "properties": { "DIST_BORD": 105475.65, "TOT_P_2018": 178.0, "TOT_P_2006": 209.0, "GRD_ID": "CRS3035RES1000mN2531000E4440000", "TOT_P_2011": 184.0, "TOT_P_2021": 236.0, "Y_LLC": 2531000, "CNTR_ID": "IT", "NUTS2016_3": "ITH32", "NUTS2016_2": "ITH3", "NUTS2016_1": "ITH", "NUTS2016_0": "IT", "LAND_PC": 100.0, "X_LLC": 4440000, "NUTS2021_3": "ITH32", "NUTS2021_2": "ITH3", "DIST_COAST": 72468.85, "NUTS2021_1": "ITH", "NUTS2021_0": "IT", "NUTS2024_3": "ITH32", "NUTS2024_2": "ITH3", "NUTS2024_1": "ITH", "NUTS2024_0": "IT" }, "geometry": { "type": "Point", "coordinates": [ 11.537597853717985, 45.885205146879613 ] } },
{ "type": "Feature", "properties": { "DIST_BORD": 105871.6, "TOT_P_2018": 234.0, "TOT_P_2006": 259.0, "GRD_ID": "CRS3035RES1000mN2531000E4441000", "TOT_P_2011": 239.0, "TOT_P_2021": 166.0, "Y_LLC": 2531000, "CNTR_ID": "IT", "NUTS2016_3": "ITH32", "NUTS2016_2": "ITH3", "NUTS2016_1": "ITH", "NUTS2016_0": "IT", "LAND_PC": 100.0, "X_LLC": 4441000, "NUTS2021_3": "ITH32", "NUTS2021_2": "ITH3", "DIST_COAST": 71801.66, "NUTS2021_1": "ITH", "NUTS2021_0": "IT", "NUTS2024_3": "ITH32", "NUTS2024_2": "ITH3", "NUTS2024_1": "ITH", "NUTS2024_0": "IT" }, "geometry": { "type": "Point", "coordinates": [ 11.550461568995162, 45.885018339041665 ] } },
{ "type": "Feature", "properties": { "DIST_BORD": 107533.83, "TOT_P_2018": 72.0, "TOT_P_2006": 42.0, "GRD_ID": "CRS3035RES1000mN2531000E4445000", "TOT_P_2011": 74.0, "TOT_P_2021": 57.0, "Y_LLC": 2531000, "CNTR_ID": "IT", "NUTS2016_3": "ITH32", "NUTS2016_2": "ITH3", "NUTS2016_1": "ITH", "NUTS2016_0": "IT", "LAND_PC": 100.0, "X_LLC": 4445000, "NUTS2021_3": "ITH32", "NUTS2021_2": "ITH3", "DIST_COAST": 69213.08, "NUTS2021_1": "ITH", "NUTS2021_0": "IT", "NUTS2024_3": "ITH32", "NUTS2024_2": "ITH3", "NUTS2024_1": "ITH", "NUTS2024_0": "IT" }, "geometry": { "type": "Point", "coordinates": [ 11.601915620343602, 45.88425554683915 ] } },
{ "type": "Feature", "properties": { "DIST_BORD": 107968.55, "TOT_P_2018": 27.0, "TOT_P_2006": 14.0, "GRD_ID": "CRS3035RES1000mN2531000E4446000", "TOT_P_2011": 29.0, "TOT_P_2021": 33.0, "Y_LLC": 2531000, "CNTR_ID": "IT", "NUTS2016_3": "ITH32", "NUTS2016_2": "ITH3", "NUTS2016_1": "ITH", "NUTS2016_0": "IT", "LAND_PC": 100.0, "X_LLC": 4446000, "NUTS2021_3": "ITH32", "NUTS2021_2": "ITH3", "DIST_COAST": 68587.13, "NUTS2021_1": "ITH", "NUTS2021_0": "IT", "NUTS2024_3": "ITH32", "NUTS2024_2": "ITH3", "NUTS2024_1": "ITH", "NUTS2024_0": "IT" }, "geometry": { "type": "Point", "coordinates": [ 11.614778927469754, 45.884060958696764 ] } },
{ "type": "Feature", "properties": { "DIST_BORD": 108410.75, "TOT_P_2018": 17.0, "TOT_P_2006": 0.0, "GRD_ID": "CRS3035RES1000mN2531000E4447000", "TOT_P_2011": 18.0, "TOT_P_2021": 13.0, "Y_LLC": 2531000, "CNTR_ID": "IT", "NUTS2016_3": "ITH32", "NUTS2016_2": "ITH3", "NUTS2016_1": "ITH", "NUTS2016_0": "IT", "LAND_PC": 100.0, "X_LLC": 4447000, "NUTS2021_3": "ITH32", "NUTS2021_2": "ITH3", "DIST_COAST": 67897.26, "NUTS2021_1": "ITH", "NUTS2021_0": "IT", "NUTS2024_3": "ITH32", "NUTS2024_2": "ITH3", "NUTS2024_1": "ITH", "NUTS2024_0": "IT" }, "geometry": { "type": "Point", "coordinates": [ 11.627642151135779, 45.88386481438318 ] } },
{ "type": "Feature", "properties": { "DIST_BORD": 108638.06, "TOT_P_2018": 34.0, "TOT_P_2006": 0.0, "GRD_ID": "CRS3035RES1000mN2531000E4448000", "TOT_P_2011": 36.0, "TOT_P_2021": 30.0, "Y_LLC": 2531000, "CNTR_ID": "IT", "NUTS2016_3": "ITH32", "NUTS2016_2": "ITH3", "NUTS2016_1": "ITH", "NUTS2016_0": "IT", "LAND_PC": 100.0, "X_LLC": 4448000, "NUTS2021_3": "ITH32", "NUTS2021_2": "ITH3", "DIST_COAST": 67135.64, "NUTS2021_1": "ITH", "NUTS2021_0": "IT", "NUTS2024_3": "ITH32", "NUTS2024_2": "ITH3", "NUTS2024_1": "ITH", "NUTS2024_0": "IT" }, "geometry": { "type": "Point", "coordinates": [ 11.640505290353529, 45.883667114191319 ] } },
{ "type": "Feature", "properties": { "DIST_BORD": 108114.41, "TOT_P_2018": 8.0, "TOT_P_2006": 0.0, "GRD_ID": "CRS3035RES1000mN2531000E4449000", "TOT_P_2011": 9.0, "TOT_P_2021": 9.0, "Y_LLC": 2531000, "CNTR_ID": "IT", "NUTS2016_3": "ITH32", "NUTS2016_2": "ITH3", "NUTS2016_1": "ITH", "NUTS2016_0": "IT", "LAND_PC": 100.0, "X_LLC": 4449000, "NUTS2021_3": "ITH32", "NUTS2021_2": "ITH3", "DIST_COAST": 66380.33, "NUTS2021_1": "ITH", "NUTS2021_0": "IT", "NUTS2024_3": "ITH32", "NUTS2024_2": "ITH3", "NUTS2024_1": "ITH", "NUTS2024_0": "IT" }, "geometry": { "type": "Point", "coordinates": [ 11.653368344804125, 45.883467858021476 ] } },
{ "type": "Feature", "properties": { "DIST_BORD": 107087.46, "TOT_P_2018": 256.0, "TOT_P_2006": 1.0, "GRD_ID": "CRS3035RES1000mN2531000E4451000", "TOT_P_2011": 257.0, "TOT_P_2021": 253.0, "Y_LLC": 2531000, "CNTR_ID": "IT", "NUTS2016_3": "ITH32", "NUTS2016_2": "ITH3", "NUTS2016_1": "ITH", "NUTS2016_0": "IT", "LAND_PC": 100.0, "X_LLC": 4451000, "NUTS2021_3": "ITH32", "NUTS2021_2": "ITH3", "DIST_COAST": 64889.59, "NUTS2021_1": "ITH", "NUTS2021_0": "IT", "NUTS2024_3": "ITH32", "NUTS2024_2": "ITH3", "NUTS2024_1": "ITH", "NUTS2024_0": "IT" }, "geometry": { "type": "Point", "coordinates": [ 11.679094196078601, 45.883064677700602 ] } },
{ "type": "Feature", "properties": { "DIST_BORD": 105581.36, "TOT_P_2018": 10.0, "TOT_P_2006": 0.0, "GRD_ID": "CRS3035RES1000mN2531000E4454000", "TOT_P_2011": 10.0, "TOT_P_2021": 14.0, "Y_LLC": 2531000, "CNTR_ID": "IT", "NUTS2016_3": "ITH32", "NUTS2016_2": "ITH3", "NUTS2016_1": "ITH", "NUTS2016_0": "IT", "LAND_PC": 100.0, "X_LLC": 4454000, "NUTS2021_3": "ITH32", "NUTS2021_2": "ITH3", "DIST_COAST": 62706.66, "NUTS2021_1": "ITH", "NUTS2021_0": "IT", "NUTS2024_3": "ITH32", "NUTS2024_2": "ITH3", "NUTS2024_1": "ITH", "NUTS2024_0": "IT" }, "geometry": { "type": "Point", "coordinates": [ 11.717682319419939, 45.882448237669088 ] } },
{ "type": "Feature", "properties": { "DIST_BORD": 105078.31, "TOT_P_2018": 1.0, "TOT_P_2006": 0.0, "GRD_ID": "CRS3035RES1000mN2531000E4455000", "TOT_P_2011": 1.0, "TOT_P_2021": 11.0, "Y_LLC": 2531000, "CNTR_ID": "IT", "NUTS2016_3": "ITH32", "NUTS2016_2": "ITH3", "NUTS2016_1": "ITH", "NUTS2016_0": "IT", "LAND_PC": 100.0, "X_LLC": 4455000, "NUTS2021_3": "ITH32", "NUTS2021_2": "ITH3", "DIST_COAST": 61994.2, "NUTS2021_1": "ITH", "NUTS2021_0": "IT", "NUTS2024_3": "ITH32", "NUTS2024_2": "ITH3", "NUTS2024_1": "ITH", "NUTS2024_0": "IT" }, "geometry": { "type": "Point", "coordinates": [ 11.73054485033396, 45.882239645894899 ] } },
{ "type": "Feature", "properties": { "DIST_BORD": 103040.34, "TOT_P_2018": 25.0, "TOT_P_2006": 9.0, "GRD_ID": "CRS3035RES1000mN2532000E4436000", "TOT_P_2011": 12.0, "TOT_P_2021": 24.0, "Y_LLC": 2532000, "CNTR_ID": "IT", "NUTS2016_3": "ITH32", "NUTS2016_2": "ITH3", "NUTS2016_1": "ITH", "NUTS2016_0": "IT", "LAND_PC": 100.0, "X_LLC": 4436000, "NUTS2021_3": "ITH32", "NUTS2021_2": "ITH3", "DIST_COAST": 75929.07, "NUTS2021_1": "ITH", "NUTS2021_0": "IT", "NUTS2024_3": "ITH32", "NUTS2024_2": "ITH3", "NUTS2024_1": "ITH", "NUTS2024_0": "IT" }, "geometry": { "type": "Point", "coordinates": [ 11.486388454032658, 45.894943440452785 ] } },
{ "type": "Feature", "properties": { "DIST_BORD": 103406.94, "TOT_P_2018": 167.0, "TOT_P_2006": 132.0, "GRD_ID": "CRS3035RES1000mN2532000E4437000", "TOT_P_2011": 175.0, "TOT_P_2021": 191.0, "Y_LLC": 2532000, "CNTR_ID": "IT", "NUTS2016_3": "ITH32", "NUTS2016_2": "ITH3", "NUTS2016_1": "ITH", "NUTS2016_0": "IT", "LAND_PC": 100.0, "X_LLC": 4437000, "NUTS2021_3": "ITH32", "NUTS2021_2": "ITH3", "DIST_COAST": 75239.4, "NUTS2021_1": "ITH", "NUTS2021_0": "IT", "NUTS2024_3": "ITH32", "NUTS2024_2": "ITH3", "NUTS2024_1": "ITH", "NUTS2024_0": "IT" }, "geometry": { "type": "Point", "coordinates": [ 11.499254613741627, 45.894762822551698 ] } },
{ "type": "Feature", "properties": { "DIST_BORD": 103781.87, "TOT_P_2018": 257.0, "TOT_P_2006": 85.0, "GRD_ID": "CRS3035RES1000mN2532000E4438000", "TOT_P_2011": 259.0, "TOT_P_2021": 253.0, "Y_LLC": 2532000, "CNTR_ID": "IT", "NUTS2016_3": "ITH32", "NUTS2016_2": "ITH3", "NUTS2016_1": "ITH", "NUTS2016_0": "IT", "LAND_PC": 100.0, "X_LLC": 4438000, "NUTS2021_3": "ITH32", "NUTS2021_2": "ITH3", "DIST_COAST": 74556.76, "NUTS2021_1": "ITH", "NUTS2021_0": "IT", "NUTS2024_3": "ITH32", "NUTS2024_2": "ITH3", "NUTS2024_1": "ITH", "NUTS2024_0": "IT" }, "geometry": { "type": "Point", "coordinates": [ 11.512120695796987, 45.894580648186654 ] } },
{ "type": "Feature", "properties": { "DIST_BORD": 104165.06, "TOT_P_2018": 126.0, "TOT_P_2006": 61.0, "GRD_ID": "CRS3035RES1000mN2532000E4439000", "TOT_P_2011": 132.0, "TOT_P_2021": 181.0, "Y_LLC": 2532000, "CNTR_ID": "IT", "NUTS2016_3": "ITH32", "NUTS2016_2": "ITH3", "NUTS2016_1": "ITH", "NUTS2016_0": "IT", "LAND_PC": 100.0, "X_LLC": 4439000, "NUTS2021_3": "ITH32", "NUTS2021_2": "ITH3", "DIST_COAST": 73881.35, "NUTS2021_1": "ITH", "NUTS2021_0": "IT", "NUTS2024_3": "ITH32", "NUTS2024_2": "ITH3", "NUTS2024_1": "ITH", "NUTS2024_0": "IT" }, "geometry": { "type": "Point", "coordinates": [ 11.524986699478198, 45.894396917441661 ] } },
{ "type": "Feature", "properties": { "DIST_BORD": 104556.4, "TOT_P_2018": 274.0, "TOT_P_2006": 430.0, "GRD_ID": "CRS3035RES1000mN2532000E4440000", "TOT_P_2011": 283.0, "TOT_P_2021": 329.0, "Y_LLC": 2532000, "CNTR_ID": "IT", "NUTS2016_3": "ITH32", "NUTS2016_2": "ITH3", "NUTS2016_1": "ITH", "NUTS2016_0": "IT", "LAND_PC": 100.0, "X_LLC": 4440000, "NUTS2021_3": "ITH32", "NUTS2021_2": "ITH3", "DIST_COAST": 73213.36, "NUTS2021_1": "ITH", "NUTS2021_0": "IT", "NUTS2024_3": "ITH32", "NUTS2024_2": "ITH3", "NUTS2024_1": "ITH", "NUTS2024_0": "IT" }, "geometry": { "type": "Point", "coordinates": [ 11.537852624229304, 45.894211630219303 ] } },
{ "type": "Feature", "properties": { "DIST_BORD": 104955.82, "TOT_P_2018": 750.0, "TOT_P_2006": 867.0, "GRD_ID": "CRS3035RES1000mN2532000E4441000", "TOT_P_2011": 760.0, "TOT_P_2021": 734.0, "Y_LLC": 2532000, "CNTR_ID": "IT", "NUTS2016_3": "ITH32", "NUTS2016_2": "ITH3", "NUTS2016_1": "ITH", "NUTS2016_0": "IT", "LAND_PC": 100.0, "X_LLC": 4441000, "NUTS2021_3": "ITH32", "NUTS2021_2": "ITH3", "DIST_COAST": 72553.01, "NUTS2021_1": "ITH", "NUTS2021_0": "IT", "NUTS2024_3": "ITH32", "NUTS2024_2": "ITH3", "NUTS2024_1": "ITH", "NUTS2024_0": "IT" }, "geometry": { "type": "Point", "coordinates": [ 11.55071846930219, 45.894024786506655 ] } },
{ "type": "Feature", "properties": { "DIST_BORD": 105363.21, "TOT_P_2018": 56.0, "TOT_P_2006": 1.0, "GRD_ID": "CRS3035RES1000mN2532000E4442000", "TOT_P_2011": 58.0, "TOT_P_2021": 80.0, "Y_LLC": 2532000, "CNTR_ID": "IT", "NUTS2016_3": "ITH32", "NUTS2016_2": "ITH3", "NUTS2016_1": "ITH", "NUTS2016_0": "IT", "LAND_PC": 100.0, "X_LLC": 4442000, "NUTS2021_3": "ITH32", "NUTS2021_2": "ITH3", "DIST_COAST": 71900.51, "NUTS2021_1": "ITH", "NUTS2021_0": "IT", "NUTS2024_3": "ITH32", "NUTS2024_2": "ITH3", "NUTS2024_1": "ITH", "NUTS2024_0": "IT" }, "geometry": { "type": "Point", "coordinates": [ 11.563584234028658, 45.893836386453323 ] } },
{ "type": "Feature", "properties": { "DIST_BORD": 105778.49, "TOT_P_2018": 46.0, "TOT_P_2006": 0.0, "GRD_ID": "CRS3035RES1000mN2532000E4443000", "TOT_P_2011": 48.0, "TOT_P_2021": 57.0, "Y_LLC": 2532000, "CNTR_ID": "IT", "NUTS2016_3": "ITH32", "NUTS2016_2": "ITH3", "NUTS2016_1": "ITH", "NUTS2016_0": "IT", "LAND_PC": 100.0, "X_LLC": 4443000, "NUTS2021_3": "ITH32", "NUTS2021_2": "ITH3", "DIST_COAST": 71256.06, "NUTS2021_1": "ITH", "NUTS2021_0": "IT", "NUTS2024_3": "ITH32", "NUTS2024_2": "ITH3", "NUTS2024_1": "ITH", "NUTS2024_0": "IT" }, "geometry": { "type": "Point", "coordinates": [ 11.576449917782522, 45.893646430062162 ] } },
{ "type": "Feature", "properties": { "DIST_BORD": 106201.56, "TOT_P_2018": 69.0, "TOT_P_2006": 0.0, "GRD_ID": "CRS3035RES1000mN2532000E4444000", "TOT_P_2011": 33.0, "TOT_P_2021": 28.0, "Y_LLC": 2532000, "CNTR_ID": "IT", "NUTS2016_3": "ITH32", "NUTS2016_2": "ITH3", "NUTS2016_1": "ITH", "NUTS2016_0": "IT", "LAND_PC": 100.0, "X_LLC": 4444000, "NUTS2021_3": "ITH32", "NUTS2021_2": "ITH3", "DIST_COAST": 70619.9, "NUTS2021_1": "ITH", "NUTS2021_0": "IT", "NUTS2024_3": "ITH32", "NUTS2024_2": "ITH3", "NUTS2024_1": "ITH", "NUTS2024_0": "IT" }, "geometry": { "type": "Point", "coordinates": [ 11.589315519793928, 45.893454917200188 ] } },
{ "type": "Feature", "properties": { "DIST_BORD": 106632.33, "TOT_P_2018": 45.0, "TOT_P_2006": 0.0, "GRD_ID": "CRS3035RES1000mN2532000E4445000", "TOT_P_2011": 41.0, "TOT_P_2021": 31.0, "Y_LLC": 2532000, "CNTR_ID": "IT", "NUTS2016_3": "ITH32", "NUTS2016_2": "ITH3", "NUTS2016_1": "ITH", "NUTS2016_0": "IT", "LAND_PC": 100.0, "X_LLC": 4445000, "NUTS2021_3": "ITH32", "NUTS2021_2": "ITH3", "DIST_COAST": 69992.23, "NUTS2021_1": "ITH", "NUTS2021_0": "IT", "NUTS2024_3": "ITH32", "NUTS2024_2": "ITH3", "NUTS2024_1": "ITH", "NUTS2024_0": "IT" }, "geometry": { "type": "Point", "coordinates": [ 11.602181039592272, 45.893261848040702 ] } },
{ "type": "Feature", "properties": { "DIST_BORD": 107070.7, "TOT_P_2018": 69.0, "TOT_P_2006": 6.0, "GRD_ID": "CRS3035RES1000mN2532000E4446000", "TOT_P_2011": 55.0, "TOT_P_2021": 45.0, "Y_LLC": 2532000, "CNTR_ID": "IT", "NUTS2016_3": "ITH32", "NUTS2016_2": "ITH3", "NUTS2016_1": "ITH", "NUTS2016_0": "IT", "LAND_PC": 100.0, "X_LLC": 4446000, "NUTS2021_3": "ITH32", "NUTS2021_2": "ITH3", "DIST_COAST": 69306.45, "NUTS2021_1": "ITH", "NUTS2021_0": "IT", "NUTS2024_3": "ITH32", "NUTS2024_2": "ITH3", "NUTS2024_1": "ITH", "NUTS2024_0": "IT" }, "geometry": { "type": "Point", "coordinates": [ 11.615046476281327, 45.893067222564085 ] } },
{ "type": "Feature", "properties": { "DIST_BORD": 107516.59, "TOT_P_2018": 102.0, "TOT_P_2006": 325.0, "GRD_ID": "CRS3035RES1000mN2532000E4447000", "TOT_P_2011": 108.0, "TOT_P_2021": 111.0, "Y_LLC": 2532000, "CNTR_ID": "IT", "NUTS2016_3": "ITH32", "NUTS2016_2": "ITH3", "NUTS2016_1": "ITH", "NUTS2016_0": "IT", "LAND_PC": 100.0, "X_LLC": 4447000, "NUTS2021_3": "ITH32", "NUTS2021_2": "ITH3", "DIST_COAST": 68545.89, "NUTS2021_1": "ITH", "NUTS2021_0": "IT", "NUTS2024_3": "ITH32", "NUTS2024_2": "ITH3", "NUTS2024_1": "ITH", "NUTS2024_0": "IT" }, "geometry": { "type": "Point", "coordinates": [ 11.627911829416202, 45.892871040822598 ] } },
{ "type": "Feature", "properties": { "DIST_BORD": 107789.47, "TOT_P_2018": 28.0, "TOT_P_2006": 0.0, "GRD_ID": "CRS3035RES1000mN2532000E4448000", "TOT_P_2011": 30.0, "TOT_P_2021": 36.0, "Y_LLC": 2532000, "CNTR_ID": "IT", "NUTS2016_3": "ITH32", "NUTS2016_2": "ITH3", "NUTS2016_1": "ITH", "NUTS2016_0": "IT", "LAND_PC": 100.0, "X_LLC": 4448000, "NUTS2021_3": "ITH32", "NUTS2021_2": "ITH3", "DIST_COAST": 67791.55, "NUTS2021_1": "ITH", "NUTS2021_0": "IT", "NUTS2024_3": "ITH32", "NUTS2024_2": "ITH3", "NUTS2024_1": "ITH", "NUTS2024_0": "IT" }, "geometry": { "type": "Point", "coordinates": [ 11.640777098218845, 45.892673302694817 ] } },
{ "type": "Feature", "properties": { "DIST_BORD": 107261.68, "TOT_P_2018": 7.0, "TOT_P_2006": 0.0, "GRD_ID": "CRS3035RES1000mN2532000E4449000", "TOT_P_2011": 7.0, "TOT_P_2021": 1.0, "Y_LLC": 2532000, "CNTR_ID": "IT", "NUTS2016_3": "ITH32", "NUTS2016_2": "ITH3", "NUTS2016_1": "ITH", "NUTS2016_0": "IT", "LAND_PC": 100.0, "X_LLC": 4449000, "NUTS2021_3": "ITH32", "NUTS2021_2": "ITH3", "DIST_COAST": 67043.64, "NUTS2021_1": "ITH", "NUTS2021_0": "IT", "NUTS2024_3": "ITH32", "NUTS2024_2": "ITH3", "NUTS2024_1": "ITH", "NUTS2024_0": "IT" }, "geometry": { "type": "Point", "coordinates": [ 11.653642281918982, 45.892474008320363 ] } },
{ "type": "Feature", "properties": { "DIST_BORD": 106226.49, "TOT_P_2018": 72.0, "TOT_P_2006": 4.0, "GRD_ID": "CRS3035RES1000mN2532000E4451000", "TOT_P_2011": 26.0, "TOT_P_2021": 7.0, "Y_LLC": 2532000, "CNTR_ID": "IT", "NUTS2016_3": "ITH32", "NUTS2016_2": "ITH3", "NUTS2016_1": "ITH", "NUTS2016_0": "IT", "LAND_PC": 100.0, "X_LLC": 4451000, "NUTS2021_3": "ITH32", "NUTS2021_2": "ITH3", "DIST_COAST": 65567.98, "NUTS2021_1": "ITH", "NUTS2021_0": "IT", "NUTS2024_3": "ITH32", "NUTS2024_2": "ITH3", "NUTS2024_1": "ITH", "NUTS2024_0": "IT" }, "geometry": { "type": "Point", "coordinates": [ 11.679372391915338, 45.892070750708257 ] } },
{ "type": "Feature", "properties": { "DIST_BORD": 105719.28, "TOT_P_2018": 53.0, "TOT_P_2006": 57.0, "GRD_ID": "CRS3035RES1000mN2532000E4452000", "TOT_P_2011": 44.0, "TOT_P_2021": 110.0, "Y_LLC": 2532000, "CNTR_ID": "IT", "NUTS2016_3": "ITH32", "NUTS2016_2": "ITH3", "NUTS2016_1": "ITH", "NUTS2016_0": "IT", "LAND_PC": 100.0, "X_LLC": 4452000, "NUTS2021_3": "ITH32", "NUTS2021_2": "ITH3", "DIST_COAST": 64840.7, "NUTS2021_1": "ITH", "NUTS2021_0": "IT", "NUTS2024_3": "ITH32", "NUTS2024_2": "ITH3", "NUTS2024_1": "ITH", "NUTS2024_0": "IT" }, "geometry": { "type": "Point", "coordinates": [ 11.692237316709978, 45.89186678750648 ] } },
{ "type": "Feature", "properties": { "DIST_BORD": 102857.2, "TOT_P_2018": 0.0, "TOT_P_2006": 0.0, "GRD_ID": "CRS3035RES1000mN2533000E4438000", "TOT_P_2011": 0.0, "TOT_P_2021": 6.0, "Y_LLC": 2533000, "CNTR_ID": "IT", "NUTS2016_3": "ITH32", "NUTS2016_2": "ITH3", "NUTS2016_1": "ITH", "NUTS2016_0": "IT", "LAND_PC": 100.0, "X_LLC": 4438000, "NUTS2021_3": "ITH32", "NUTS2021_2": "ITH3", "DIST_COAST": 75293.9, "NUTS2021_1": "ITH", "NUTS2021_0": "IT", "NUTS2024_3": "ITH32", "NUTS2024_2": "ITH3", "NUTS2024_1": "ITH", "NUTS2024_0": "IT" }, "geometry": { "type": "Point", "coordinates": [ 11.512371314275955, 45.903587150881101 ] } },
{ "type": "Feature", "properties": { "DIST_BORD": 103638.65, "TOT_P_2018": 20.0, "TOT_P_2006": 0.0, "GRD_ID": "CRS3035RES1000mN2533000E4440000", "TOT_P_2011": 19.0, "TOT_P_2021": 20.0, "Y_LLC": 2533000, "CNTR_ID": "IT", "NUTS2016_3": "ITH32", "NUTS2016_2": "ITH3", "NUTS2016_1": "ITH", "NUTS2016_0": "IT", "LAND_PC": 100.0, "X_LLC": 4440000, "NUTS2021_3": "ITH32", "NUTS2021_2": "ITH3", "DIST_COAST": 73963.9, "NUTS2021_1": "ITH", "NUTS2021_0": "IT", "NUTS2024_3": "ITH32", "NUTS2024_2": "ITH3", "NUTS2024_1": "ITH", "NUTS2024_0": "IT" }, "geometry": { "type": "Point", "coordinates": [ 11.538107504450545, 45.903218062067751 ] } },
{ "type": "Feature", "properties": { "DIST_BORD": 106174.68, "TOT_P_2018": 0.0, "TOT_P_2006": 0.0, "GRD_ID": "CRS3035RES1000mN2533000E4446000", "TOT_P_2011": 0.0, "TOT_P_2021": 1.0, "Y_LLC": 2533000, "CNTR_ID": "IT", "NUTS2016_3": "ITH32", "NUTS2016_2": "ITH3", "NUTS2016_1": "ITH", "NUTS2016_0": "IT", "LAND_PC": 100.0, "X_LLC": 4446000, "NUTS2021_3": "ITH32", "NUTS2021_2": "ITH3", "DIST_COAST": 69956.31, "NUTS2021_1": "ITH", "NUTS2021_0": "IT", "NUTS2024_3": "ITH32", "NUTS2024_2": "ITH3", "NUTS2024_1": "ITH", "NUTS2024_0": "IT" }, "geometry": { "type": "Point", "coordinates": [ 11.615314140354911, 45.902073435118183 ] } },
{ "type": "Feature", "properties": { "DIST_BORD": 106624.32, "TOT_P_2018": 184.0, "TOT_P_2006": 388.0, "GRD_ID": "CRS3035RES1000mN2533000E4447000", "TOT_P_2011": 191.0, "TOT_P_2021": 140.0, "Y_LLC": 2533000, "CNTR_ID": "IT", "NUTS2016_3": "ITH32", "NUTS2016_2": "ITH3", "NUTS2016_1": "ITH", "NUTS2016_0": "IT", "LAND_PC": 100.0, "X_LLC": 4447000, "NUTS2021_3": "ITH32", "NUTS2021_2": "ITH3", "DIST_COAST": 69202.89, "NUTS2021_1": "ITH", "NUTS2021_0": "IT", "NUTS2024_3": "ITH32", "NUTS2024_2": "ITH3", "NUTS2024_1": "ITH", "NUTS2024_0": "IT" }, "geometry": { "type": "Point", "coordinates": [ 11.628181623862574, 45.90187721574938 ] } },
{ "type": "Feature", "properties": { "DIST_BORD": 106943.5, "TOT_P_2018": 99.0, "TOT_P_2006": 7.0, "GRD_ID": "CRS3035RES1000mN2533000E4448000", "TOT_P_2011": 105.0, "TOT_P_2021": 121.0, "Y_LLC": 2533000, "CNTR_ID": "IT", "NUTS2016_3": "ITH32", "NUTS2016_2": "ITH3", "NUTS2016_1": "ITH", "NUTS2016_0": "IT", "LAND_PC": 100.0, "X_LLC": 4448000, "NUTS2021_3": "ITH32", "NUTS2021_2": "ITH3", "DIST_COAST": 68455.79, "NUTS2021_1": "ITH", "NUTS2021_0": "IT", "NUTS2024_3": "ITH32", "NUTS2024_2": "ITH3", "NUTS2024_1": "ITH", "NUTS2024_0": "IT" }, "geometry": { "type": "Point", "coordinates": [ 11.641049023006904, 45.901679439667291 ] } },
{ "type": "Feature", "properties": { "DIST_BORD": 106411.52, "TOT_P_2018": 76.0, "TOT_P_2006": 0.0, "GRD_ID": "CRS3035RES1000mN2533000E4449000", "TOT_P_2011": 80.0, "TOT_P_2021": 72.0, "Y_LLC": 2533000, "CNTR_ID": "IT", "NUTS2016_3": "ITH32", "NUTS2016_2": "ITH3", "NUTS2016_1": "ITH", "NUTS2016_0": "IT", "LAND_PC": 100.0, "X_LLC": 4449000, "NUTS2021_3": "ITH32", "NUTS2021_2": "ITH3", "DIST_COAST": 67715.22, "NUTS2021_1": "ITH", "NUTS2021_0": "IT", "NUTS2024_3": "ITH32", "NUTS2024_2": "ITH3", "NUTS2024_1": "ITH", "NUTS2024_0": "IT" }, "geometry": { "type": "Point", "coordinates": [ 11.653916337144578, 45.901480107050986 ] } },
{ "type": "Feature", "properties": { "DIST_BORD": 105886.31, "TOT_P_2018": 16.0, "TOT_P_2006": 0.0, "GRD_ID": "CRS3035RES1000mN2533000E4450000", "TOT_P_2011": 18.0, "TOT_P_2021": 17.0, "Y_LLC": 2533000, "CNTR_ID": "IT", "NUTS2016_3": "ITH32", "NUTS2016_2": "ITH3", "NUTS2016_1": "ITH", "NUTS2016_0": "IT", "LAND_PC": 100.0, "X_LLC": 4450000, "NUTS2021_3": "ITH32", "NUTS2021_2": "ITH3", "DIST_COAST": 66981.39, "NUTS2021_1": "ITH", "NUTS2021_0": "IT", "NUTS2024_3": "ITH32", "NUTS2024_2": "ITH3", "NUTS2024_1": "ITH", "NUTS2024_0": "IT" }, "geometry": { "type": "Point", "coordinates": [ 11.666783565587794, 45.901279217847595 ] } },
{ "type": "Feature", "properties": { "DIST_BORD": 104856.61, "TOT_P_2018": 213.0, "TOT_P_2006": 0.0, "GRD_ID": "CRS3035RES1000mN2533000E4452000", "TOT_P_2011": 218.0, "TOT_P_2021": 187.0, "Y_LLC": 2533000, "CNTR_ID": "IT", "NUTS2016_3": "ITH32", "NUTS2016_2": "ITH3", "NUTS2016_1": "ITH", "NUTS2016_0": "IT", "LAND_PC": 100.0, "X_LLC": 4452000, "NUTS2021_3": "ITH32", "NUTS2021_2": "ITH3", "DIST_COAST": 65534.85, "NUTS2021_1": "ITH", "NUTS2021_0": "IT", "NUTS2024_3": "ITH32", "NUTS2024_2": "ITH3", "NUTS2024_1": "ITH", "NUTS2024_0": "IT" }, "geometry": { "type": "Point", "coordinates": [ 11.692517762540323, 45.90087276999158 ] } },
{ "type": "Feature", "properties": { "DIST_BORD": 104352.32, "TOT_P_2018": 40.0, "TOT_P_2006": 0.0, "GRD_ID": "CRS3035RES1000mN2533000E4453000", "TOT_P_2011": 41.0, "TOT_P_2021": 45.0, "Y_LLC": 2533000, "CNTR_ID": "IT", "NUTS2016_3": "ITH32", "NUTS2016_2": "ITH3", "NUTS2016_1": "ITH", "NUTS2016_0": "IT", "LAND_PC": 100.0, "X_LLC": 4453000, "NUTS2021_3": "ITH32", "NUTS2021_2": "ITH3", "DIST_COAST": 64822.62, "NUTS2021_1": "ITH", "NUTS2021_0": "IT", "NUTS2024_3": "ITH32", "NUTS2024_2": "ITH3", "NUTS2024_1": "ITH", "NUTS2024_0": "IT" }, "geometry": { "type": "Point", "coordinates": [ 11.705384729848086, 45.900667211217161 ] } },
{ "type": "Feature", "properties": { "DIST_BORD": 103543.52, "TOT_P_2018": 0.0, "TOT_P_2006": 0.0, "GRD_ID": "CRS3035RES1000mN2534000E4442000", "TOT_P_2011": 0.0, "TOT_P_2021": 1.0, "Y_LLC": 2534000, "CNTR_ID": "IT", "NUTS2016_3": "ITH32", "NUTS2016_2": "ITH3", "NUTS2016_1": "ITH", "NUTS2016_0": "IT", "LAND_PC": 100.0, "X_LLC": 4442000, "NUTS2021_3": "ITH32", "NUTS2021_2": "ITH3", "DIST_COAST": 73434.37, "NUTS2021_1": "ITH", "NUTS2021_0": "IT", "NUTS2024_3": "ITH32", "NUTS2024_2": "ITH3", "NUTS2024_1": "ITH", "NUTS2024_0": "IT" }, "geometry": { "type": "Point", "coordinates": [ 11.564102629110231, 45.9118490551013 ] } },
{ "type": "Feature", "properties": { "DIST_BORD": 105563.98, "TOT_P_2018": 28.0, "TOT_P_2006": 0.0, "GRD_ID": "CRS3035RES1000mN2534000E4449000", "TOT_P_2011": 30.0, "TOT_P_2021": 29.0, "Y_LLC": 2534000, "CNTR_ID": "IT", "NUTS2016_3": "ITH32", "NUTS2016_2": "ITH3", "NUTS2016_1": "ITH", "NUTS2016_0": "IT", "LAND_PC": 100.0, "X_LLC": 4449000, "NUTS2021_3": "ITH32", "NUTS2021_2": "ITH3", "DIST_COAST": 68394.82, "NUTS2021_1": "ITH", "NUTS2021_0": "IT", "NUTS2024_3": "ITH32", "NUTS2024_2": "ITH3", "NUTS2024_1": "ITH", "NUTS2024_0": "IT" }, "geometry": { "type": "Point", "coordinates": [ 11.654190510379816, 45.910486154451249 ] } },
{ "type": "Feature", "properties": { "DIST_BORD": 105034.53, "TOT_P_2018": 1.0, "TOT_P_2006": 3.0, "GRD_ID": "CRS3035RES1000mN2534000E4450000", "TOT_P_2011": 1.0, "TOT_P_2021": 16.0, "Y_LLC": 2534000, "CNTR_ID": "IT", "NUTS2016_3": "ITH32", "NUTS2016_2": "ITH3", "NUTS2016_1": "ITH", "NUTS2016_0": "IT", "LAND_PC": 100.0, "X_LLC": 4450000, "NUTS2021_3": "ITH32", "NUTS2021_2": "ITH3", "DIST_COAST": 67668.36, "NUTS2021_1": "ITH", "NUTS2021_0": "IT", "NUTS2024_3": "ITH32", "NUTS2024_2": "ITH3", "NUTS2024_1": "ITH", "NUTS2024_0": "IT" }, "geometry": { "type": "Point", "coordinates": [ 11.667059870003753, 45.910285226798827 ] } },
{ "type": "Feature", "properties": { "DIST_BORD": 104511.97, "TOT_P_2018": 54.0, "TOT_P_2006": 56.0, "GRD_ID": "CRS3035RES1000mN2534000E4451000", "TOT_P_2011": 64.0, "TOT_P_2021": 34.0, "Y_LLC": 2534000, "CNTR_ID": "IT", "NUTS2016_3": "ITH32", "NUTS2016_2": "ITH3", "NUTS2016_1": "ITH", "NUTS2016_0": "IT", "LAND_PC": 100.0, "X_LLC": 4451000, "NUTS2021_3": "ITH32", "NUTS2021_2": "ITH3", "DIST_COAST": 66948.96, "NUTS2021_1": "ITH", "NUTS2021_0": "IT", "NUTS2024_3": "ITH32", "NUTS2024_2": "ITH3", "NUTS2024_1": "ITH", "NUTS2024_0": "IT" }, "geometry": { "type": "Point", "coordinates": [ 11.679929143104877, 45.910082742234422 ] } },
{ "type": "Feature", "properties": { "DIST_BORD": 103487.92, "TOT_P_2018": 4.0, "TOT_P_2006": 0.0, "GRD_ID": "CRS3035RES1000mN2534000E4453000", "TOT_P_2011": 2.0, "TOT_P_2021": 1.0, "Y_LLC": 2534000, "CNTR_ID": "IT", "NUTS2016_3": "ITH32", "NUTS2016_2": "ITH3", "NUTS2016_1": "ITH", "NUTS2016_0": "IT", "LAND_PC": 100.0, "X_LLC": 4453000, "NUTS2021_3": "ITH32", "NUTS2021_2": "ITH3", "DIST_COAST": 65532.23, "NUTS2021_1": "ITH", "NUTS2021_0": "IT", "NUTS2024_3": "ITH32", "NUTS2024_2": "ITH3", "NUTS2024_1": "ITH", "NUTS2024_0": "IT" }, "geometry": { "type": "Point", "coordinates": [ 11.70566742753525, 45.909673102648 ] } },
{ "type": "Feature", "properties": { "DIST_BORD": 102986.64, "TOT_P_2018": 42.0, "TOT_P_2006": 43.0, "GRD_ID": "CRS3035RES1000mN2534000E4454000", "TOT_P_2011": 46.0, "TOT_P_2021": 22.0, "Y_LLC": 2534000, "CNTR_ID": "IT", "NUTS2016_3": "ITH32", "NUTS2016_2": "ITH3", "NUTS2016_1": "ITH", "NUTS2016_0": "IT", "LAND_PC": 100.0, "X_LLC": 4454000, "NUTS2021_3": "ITH32", "NUTS2021_2": "ITH3", "DIST_COAST": 64835.4, "NUTS2021_1": "ITH", "NUTS2021_0": "IT", "NUTS2024_3": "ITH32", "NUTS2024_2": "ITH3", "NUTS2024_1": "ITH", "NUTS2024_0": "IT" }, "geometry": { "type": "Point", "coordinates": [ 11.718536437346915, 45.909465947673858 ] } },
{ "type": "Feature", "properties": { "DIST_BORD": 102490.32, "TOT_P_2018": 11.0, "TOT_P_2006": 0.0, "GRD_ID": "CRS3035RES1000mN2534000E4455000", "TOT_P_2011": 14.0, "TOT_P_2021": 21.0, "Y_LLC": 2534000, "CNTR_ID": "IT", "NUTS2016_3": "ITH32", "NUTS2016_2": "ITH3", "NUTS2016_1": "ITH", "NUTS2016_0": "IT", "LAND_PC": 100.0, "X_LLC": 4455000, "NUTS2021_3": "ITH32", "NUTS2021_2": "ITH3", "DIST_COAST": 64146.58, "NUTS2021_1": "ITH", "NUTS2021_0": "IT", "NUTS2024_3": "ITH32", "NUTS2024_2": "ITH3", "NUTS2024_1": "ITH", "NUTS2024_0": "IT" }, "geometry": { "type": "Point", "coordinates": [ 11.731405358162052, 45.909257235888283 ] } },
{ "type": "Feature", "properties": { "DIST_BORD": 104185.39, "TOT_P_2018": 49.0, "TOT_P_2006": 0.0, "GRD_ID": "CRS3035RES1000mN2535000E4450000", "TOT_P_2011": 21.0, "TOT_P_2021": 16.0, "Y_LLC": 2535000, "CNTR_ID": "IT", "NUTS2016_3": "ITH32", "NUTS2016_2": "ITH3", "NUTS2016_1": "ITH", "NUTS2016_0": "IT", "LAND_PC": 100.0, "X_LLC": 4450000, "NUTS2021_3": "ITH32", "NUTS2021_2": "ITH3", "DIST_COAST": 68363.06, "NUTS2021_1": "ITH", "NUTS2021_0": "IT", "NUTS2024_3": "ITH32", "NUTS2024_2": "ITH3", "NUTS2024_1": "ITH", "NUTS2024_0": "IT" }, "geometry": { "type": "Point", "coordinates": [ 11.66733629342227, 45.919291184173538 ] } },
{ "type": "Feature", "properties": { "DIST_BORD": 103658.55, "TOT_P_2018": 36.0, "TOT_P_2006": 12.0, "GRD_ID": "CRS3035RES1000mN2535000E4451000", "TOT_P_2011": 42.0, "TOT_P_2021": 28.0, "Y_LLC": 2535000, "CNTR_ID": "IT", "NUTS2016_3": "ITH32", "NUTS2016_2": "ITH3", "NUTS2016_1": "ITH", "NUTS2016_0": "IT", "LAND_PC": 100.0, "X_LLC": 4451000, "NUTS2021_3": "ITH32", "NUTS2021_2": "ITH3", "DIST_COAST": 67651.04, "NUTS2021_1": "ITH", "NUTS2021_0": "IT", "NUTS2024_3": "ITH32", "NUTS2024_2": "ITH3", "NUTS2024_1": "ITH", "NUTS2024_0": "IT" }, "geometry": { "type": "Point", "coordinates": [ 11.680207698616117, 45.919088660799716 ] } },
{ "type": "Feature", "properties": { "DIST_BORD": 103138.71, "TOT_P_2018": 0.0, "TOT_P_2006": 0.0, "GRD_ID": "CRS3035RES1000mN2535000E4452000", "TOT_P_2011": 0.0, "TOT_P_2021": 1.0, "Y_LLC": 2535000, "CNTR_ID": "IT", "NUTS2016_3": "ITH32", "NUTS2016_2": "ITH3", "NUTS2016_1": "ITH", "NUTS2016_0": "IT", "LAND_PC": 100.0, "X_LLC": 4452000, "NUTS2021_3": "ITH32", "NUTS2021_2": "ITH3", "DIST_COAST": 66946.39, "NUTS2021_1": "ITH", "NUTS2021_0": "IT", "NUTS2024_3": "ITH32", "NUTS2024_2": "ITH3", "NUTS2024_1": "ITH", "NUTS2024_0": "IT" }, "geometry": { "type": "Point", "coordinates": [ 11.69307901669486, 45.918884580310056 ] } },
{ "type": "Feature", "properties": { "DIST_BORD": 102625.98, "TOT_P_2018": 0.0, "TOT_P_2006": 0.0, "GRD_ID": "CRS3035RES1000mN2535000E4453000", "TOT_P_2011": 0.0, "TOT_P_2021": 1.0, "Y_LLC": 2535000, "CNTR_ID": "IT", "NUTS2016_3": "ITH32", "NUTS2016_2": "ITH3", "NUTS2016_1": "ITH", "NUTS2016_0": "IT", "LAND_PC": 100.0, "X_LLC": 4453000, "NUTS2021_3": "ITH32", "NUTS2021_2": "ITH3", "DIST_COAST": 66249.34, "NUTS2021_1": "ITH", "NUTS2021_0": "IT", "NUTS2024_3": "ITH32", "NUTS2024_2": "ITH3", "NUTS2024_1": "ITH", "NUTS2024_0": "IT" }, "geometry": { "type": "Point", "coordinates": [ 11.705950246996141, 45.918678942691962 ] } },
{ "type": "Feature", "properties": { "DIST_BORD": 102120.47, "TOT_P_2018": 12.0, "TOT_P_2006": 70.0, "GRD_ID": "CRS3035RES1000mN2535000E4454000", "TOT_P_2011": 16.0, "TOT_P_2021": 13.0, "Y_LLC": 2535000, "CNTR_ID": "IT", "NUTS2016_3": "ITH32-ITH33", "NUTS2016_2": "ITH3", "NUTS2016_1": "ITH", "NUTS2016_0": "IT", "LAND_PC": 100.0, "X_LLC": 4454000, "NUTS2021_3": "ITH32-ITH33", "NUTS2021_2": "ITH3", "DIST_COAST": 65560.12, "NUTS2021_1": "ITH", "NUTS2021_0": "IT", "NUTS2024_3": "ITH32-ITH33", "NUTS2024_2": "ITH3", "NUTS2024_1": "ITH", "NUTS2024_0": "IT" }, "geometry": { "type": "Point", "coordinates": [ 11.718821388642912, 45.918471747981123 ] } },
{ "type": "Feature", "properties": { "DIST_BORD": 101622.29, "TOT_P_2018": 492.0, "TOT_P_2006": 697.0, "GRD_ID": "CRS3035RES1000mN2535000E4455000", "TOT_P_2011": 473.0, "TOT_P_2021": 446.0, "Y_LLC": 2535000, "CNTR_ID": "IT", "NUTS2016_3": "ITH32-ITH33", "NUTS2016_2": "ITH3", "NUTS2016_1": "ITH", "NUTS2016_0": "IT", "LAND_PC": 100.0, "X_LLC": 4455000, "NUTS2021_3": "ITH32-ITH33", "NUTS2021_2": "ITH3", "DIST_COAST": 64879.0, "NUTS2021_1": "ITH", "NUTS2021_0": "IT", "NUTS2024_3": "ITH32-ITH33", "NUTS2024_2": "ITH3", "NUTS2024_1": "ITH", "NUTS2024_0": "IT" }, "geometry": { "type": "Point", "coordinates": [ 11.731692441290688, 45.918262996202337 ] } },
{ "type": "Feature", "properties": { "DIST_BORD": 103338.95, "TOT_P_2018": 1.0, "TOT_P_2006": 0.0, "GRD_ID": "CRS3035RES1000mN2536000E4450000", "TOT_P_2011": 1.0, "TOT_P_2021": 1.0, "Y_LLC": 2536000, "CNTR_ID": "IT", "NUTS2016_3": "ITH32", "NUTS2016_2": "ITH3", "NUTS2016_1": "ITH", "NUTS2016_0": "IT", "LAND_PC": 100.0, "X_LLC": 4450000, "NUTS2021_3": "ITH32", "NUTS2021_2": "ITH3", "DIST_COAST": 69065.26, "NUTS2021_1": "ITH", "NUTS2021_0": "IT", "NUTS2024_3": "ITH32", "NUTS2024_2": "ITH3", "NUTS2024_1": "ITH", "NUTS2024_0": "IT" }, "geometry": { "type": "Point", "coordinates": [ 11.66761283604164, 45.928297090216347 ] } },
{ "type": "Feature", "properties": { "DIST_BORD": 102807.76, "TOT_P_2018": 6.0, "TOT_P_2006": 0.0, "GRD_ID": "CRS3035RES1000mN2536000E4451000", "TOT_P_2011": 7.0, "TOT_P_2021": 5.0, "Y_LLC": 2536000, "CNTR_ID": "IT", "NUTS2016_3": "ITH32", "NUTS2016_2": "ITH3", "NUTS2016_1": "ITH", "NUTS2016_0": "IT", "LAND_PC": 100.0, "X_LLC": 4451000, "NUTS2021_3": "ITH32", "NUTS2021_2": "ITH3", "DIST_COAST": 68360.55, "NUTS2021_1": "ITH", "NUTS2021_0": "IT", "NUTS2024_3": "ITH32", "NUTS2024_2": "ITH3", "NUTS2024_1": "ITH", "NUTS2024_0": "IT" }, "geometry": { "type": "Point", "coordinates": [ 11.680486374162609, 45.928094528017468 ] } },
{ "type": "Feature", "properties": { "DIST_BORD": 102283.6, "TOT_P_2018": 2.0, "TOT_P_2006": 0.0, "GRD_ID": "CRS3035RES1000mN2536000E4452000", "TOT_P_2011": 2.0, "TOT_P_2021": 2.0, "Y_LLC": 2536000, "CNTR_ID": "IT", "NUTS2016_3": "ITH32", "NUTS2016_2": "ITH3", "NUTS2016_1": "ITH", "NUTS2016_0": "IT", "LAND_PC": 100.0, "X_LLC": 4452000, "NUTS2021_3": "ITH32", "NUTS2021_2": "ITH3", "DIST_COAST": 67663.29, "NUTS2021_1": "ITH", "NUTS2021_0": "IT", "NUTS2024_3": "ITH32", "NUTS2024_2": "ITH3", "NUTS2024_1": "ITH", "NUTS2024_0": "IT" }, "geometry": { "type": "Point", "coordinates": [ 11.693359825168473, 45.927890408358891 ] } },
{ "type": "Feature", "properties": { "DIST_BORD": 101766.57, "TOT_P_2018": 27.0, "TOT_P_2006": 34.0, "GRD_ID": "CRS3035RES1000mN2536000E4453000", "TOT_P_2011": 32.0, "TOT_P_2021": 18.0, "Y_LLC": 2536000, "CNTR_ID": "IT", "NUTS2016_3": "ITH32-ITH33", "NUTS2016_2": "ITH3", "NUTS2016_1": "ITH", "NUTS2016_0": "IT", "LAND_PC": 100.0, "X_LLC": 4453000, "NUTS2021_3": "ITH32-ITH33", "NUTS2021_2": "ITH3", "DIST_COAST": 66973.69, "NUTS2021_1": "ITH", "NUTS2021_0": "IT", "NUTS2024_3": "ITH32-ITH33", "NUTS2024_2": "ITH3", "NUTS2024_1": "ITH", "NUTS2024_0": "IT" }, "geometry": { "type": "Point", "coordinates": [ 11.706233188217935, 45.927684731287272 ] } },
{ "type": "Feature", "properties": { "DIST_BORD": 101256.77, "TOT_P_2018": 86.0, "TOT_P_2006": 84.0, "GRD_ID": "CRS3035RES1000mN2536000E4454000", "TOT_P_2011": 88.0, "TOT_P_2021": 76.0, "Y_LLC": 2536000, "CNTR_ID": "IT", "NUTS2016_3": "ITH32-ITH33", "NUTS2016_2": "ITH3", "NUTS2016_1": "ITH", "NUTS2016_0": "IT", "LAND_PC": 100.0, "X_LLC": 4454000, "NUTS2021_3": "ITH32-ITH33", "NUTS2021_2": "ITH3", "DIST_COAST": 66292.01, "NUTS2021_1": "ITH", "NUTS2021_0": "IT", "NUTS2024_3": "ITH32-ITH33", "NUTS2024_2": "ITH3", "NUTS2024_1": "ITH", "NUTS2024_0": "IT" }, "geometry": { "type": "Point", "coordinates": [ 11.719106462813908, 45.927477496816742 ] } },
{ "type": "Feature", "properties": { "DIST_BORD": 100754.31, "TOT_P_2018": 109.0, "TOT_P_2006": 224.0, "GRD_ID": "CRS3035RES1000mN2536000E4455000", "TOT_P_2011": 111.0, "TOT_P_2021": 150.0, "Y_LLC": 2536000, "CNTR_ID": "IT", "NUTS2016_3": "ITH32-ITH33", "NUTS2016_2": "ITH3", "NUTS2016_1": "ITH", "NUTS2016_0": "IT", "LAND_PC": 100.0, "X_LLC": 4455000, "NUTS2021_3": "ITH32-ITH33", "NUTS2021_2": "ITH3", "DIST_COAST": 65618.49, "NUTS2021_1": "ITH", "NUTS2021_0": "IT", "NUTS2024_3": "ITH32-ITH33", "NUTS2024_2": "ITH3", "NUTS2024_1": "ITH", "NUTS2024_0": "IT" }, "geometry": { "type": "Point", "coordinates": [ 11.731979648128187, 45.927268704979539 ] } },
{ "type": "Feature", "properties": { "DIST_BORD": 103037.77, "TOT_P_2018": 0.0, "TOT_P_2006": 0.0, "GRD_ID": "CRS3035RES1000mN2537000E4449000", "TOT_P_2011": 0.0, "TOT_P_2021": 1.0, "Y_LLC": 2537000, "CNTR_ID": "IT", "NUTS2016_3": "ITH32", "NUTS2016_2": "ITH3", "NUTS2016_1": "ITH", "NUTS2016_0": "IT", "LAND_PC": 100.0, "X_LLC": 4449000, "NUTS2021_3": "ITH32", "NUTS2021_2": "ITH3", "DIST_COAST": 70479.47, "NUTS2021_1": "ITH", "NUTS2021_0": "IT", "NUTS2024_3": "ITH32", "NUTS2024_2": "ITH3", "NUTS2024_1": "ITH", "NUTS2024_0": "IT" }, "geometry": { "type": "Point", "coordinates": [ 11.655013739111475, 45.937503988305039 ] } },
{ "type": "Feature", "properties": { "DIST_BORD": 101431.15, "TOT_P_2018": 0.0, "TOT_P_2006": 0.0, "GRD_ID": "CRS3035RES1000mN2537000E4452000", "TOT_P_2011": 0.0, "TOT_P_2021": 2.0, "Y_LLC": 2537000, "CNTR_ID": "IT", "NUTS2016_3": "ITH32", "NUTS2016_2": "ITH3", "NUTS2016_1": "ITH", "NUTS2016_0": "IT", "LAND_PC": 100.0, "X_LLC": 4452000, "NUTS2021_3": "ITH32", "NUTS2021_2": "ITH3", "DIST_COAST": 68387.29, "NUTS2021_1": "ITH", "NUTS2021_0": "IT", "NUTS2024_3": "ITH32", "NUTS2024_2": "ITH3", "NUTS2024_1": "ITH", "NUTS2024_0": "IT" }, "geometry": { "type": "Point", "coordinates": [ 11.693640754722921, 45.936896185071802 ] } },
{ "type": "Feature", "properties": { "DIST_BORD": 100909.74, "TOT_P_2018": 581.0, "TOT_P_2006": 993.0, "GRD_ID": "CRS3035RES1000mN2537000E4453000", "TOT_P_2011": 678.0, "TOT_P_2021": 469.0, "Y_LLC": 2537000, "CNTR_ID": "IT", "NUTS2016_3": "ITH32-ITH33", "NUTS2016_2": "ITH3", "NUTS2016_1": "ITH", "NUTS2016_0": "IT", "LAND_PC": 100.0, "X_LLC": 4453000, "NUTS2021_3": "ITH32-ITH33", "NUTS2021_2": "ITH3", "DIST_COAST": 67705.07, "NUTS2021_1": "ITH", "NUTS2021_0": "IT", "NUTS2024_3": "ITH32-ITH33", "NUTS2024_2": "ITH3", "NUTS2024_1": "ITH", "NUTS2024_0": "IT" }, "geometry": { "type": "Point", "coordinates": [ 11.706516251455565, 45.936690468542913 ] } },
{ "type": "Feature", "properties": { "DIST_BORD": 100395.59, "TOT_P_2018": 31.0, "TOT_P_2006": 54.0, "GRD_ID": "CRS3035RES1000mN2537000E4454000", "TOT_P_2011": 26.0, "TOT_P_2021": 65.0, "Y_LLC": 2537000, "CNTR_ID": "IT", "NUTS2016_3": "ITH32-ITH33", "NUTS2016_2": "ITH3", "NUTS2016_1": "ITH", "NUTS2016_0": "IT", "LAND_PC": 100.0, "X_LLC": 4454000, "NUTS2021_3": "ITH32-ITH33", "NUTS2021_2": "ITH3", "DIST_COAST": 67030.83, "NUTS2021_1": "ITH", "NUTS2021_0": "IT", "NUTS2024_3": "ITH32-ITH33", "NUTS2024_2": "ITH3", "NUTS2024_1": "ITH", "NUTS2024_0": "IT" }, "geometry": { "type": "Point", "coordinates": [ 11.719391659793883, 45.936483194284236 ] } },
{ "type": "Feature", "properties": { "DIST_BORD": 101114.4, "TOT_P_2018": 0.0, "TOT_P_2006": 0.0, "GRD_ID": "CRS3035RES1000mN2538000E4451000", "TOT_P_2011": 0.0, "TOT_P_2021": 5.0, "Y_LLC": 2538000, "CNTR_ID": "IT", "NUTS2016_3": "ITH32", "NUTS2016_2": "ITH3", "NUTS2016_1": "ITH", "NUTS2016_0": "IT", "LAND_PC": 100.0, "X_LLC": 4451000, "NUTS2021_3": "ITH32", "NUTS2021_2": "ITH3", "DIST_COAST": 69800.91, "NUTS2021_1": "ITH", "NUTS2021_0": "IT", "NUTS2024_3": "ITH32", "NUTS2024_2": "ITH3", "NUTS2024_1": "ITH", "NUTS2024_0": "IT" }, "geometry": { "type": "Point", "coordinates": [ 11.681044085680545, 45.946106108480329 ] } },
{ "type": "Feature", "properties": { "DIST_BORD": 100581.41, "TOT_P_2018": 0.0, "TOT_P_2006": 0.0, "GRD_ID": "CRS3035RES1000mN2538000E4452000", "TOT_P_2011": 0.0, "TOT_P_2021": 8.0, "Y_LLC": 2538000, "CNTR_ID": "IT", "NUTS2016_3": "ITH32-ITH33", "NUTS2016_2": "ITH3", "NUTS2016_1": "ITH", "NUTS2016_0": "IT", "LAND_PC": 100.0, "X_LLC": 4452000, "NUTS2021_3": "ITH32-ITH33", "NUTS2021_2": "ITH3", "DIST_COAST": 69118.18, "NUTS2021_1": "ITH", "NUTS2021_0": "IT", "NUTS2024_3": "ITH32-ITH33", "NUTS2024_2": "ITH3", "NUTS2024_1": "ITH", "NUTS2024_0": "IT" }, "geometry": { "type": "Point", "coordinates": [ 11.693921805250259, 45.945901910444228 ] } },
{ "type": "Feature", "properties": { "DIST_BORD": 100055.58, "TOT_P_2018": 534.0, "TOT_P_2006": 499.0, "GRD_ID": "CRS3035RES1000mN2538000E4453000", "TOT_P_2011": 610.0, "TOT_P_2021": 647.0, "Y_LLC": 2538000, "CNTR_ID": "IT", "NUTS2016_3": "ITH32-ITH33", "NUTS2016_2": "ITH3", "NUTS2016_1": "ITH", "NUTS2016_0": "IT", "LAND_PC": 100.0, "X_LLC": 4453000, "NUTS2021_3": "ITH32-ITH33", "NUTS2021_2": "ITH3", "DIST_COAST": 68443.24, "NUTS2021_1": "ITH", "NUTS2021_0": "IT", "NUTS2024_3": "ITH32-ITH33", "NUTS2024_2": "ITH3", "NUTS2024_1": "ITH", "NUTS2024_0": "IT" }, "geometry": { "type": "Point", "coordinates": [ 11.706799436737803, 45.945696154432319 ] } },
{ "type": "Feature", "properties": { "DIST_BORD": 99537.02, "TOT_P_2018": 158.0, "TOT_P_2006": 279.0, "GRD_ID": "CRS3035RES1000mN2538000E4454000", "TOT_P_2011": 174.0, "TOT_P_2021": 124.0, "Y_LLC": 2538000, "CNTR_ID": "IT", "NUTS2016_3": "ITH32-ITH33", "NUTS2016_2": "ITH3", "NUTS2016_1": "ITH", "NUTS2016_0": "IT", "LAND_PC": 100.0, "X_LLC": 4454000, "NUTS2021_3": "ITH32-ITH33", "NUTS2021_2": "ITH3", "DIST_COAST": 67776.34, "NUTS2021_1": "ITH", "NUTS2021_0": "IT", "NUTS2024_3": "ITH32-ITH33", "NUTS2024_2": "ITH3", "NUTS2024_1": "ITH", "NUTS2024_0": "IT" }, "geometry": { "type": "Point", "coordinates": [ 11.719676979738653, 45.945488840486874 ] } },
{ "type": "Feature", "properties": { "DIST_BORD": 100271.95, "TOT_P_2018": 8.0, "TOT_P_2006": 0.0, "GRD_ID": "CRS3035RES1000mN2539000E4451000", "TOT_P_2011": 9.0, "TOT_P_2021": 1.0, "Y_LLC": 2539000, "CNTR_ID": "IT", "NUTS2016_3": "ITH20-ITH32", "NUTS2016_2": "ITH2-ITH3", "NUTS2016_1": "ITH", "NUTS2016_0": "IT", "LAND_PC": 100.0, "X_LLC": 4451000, "NUTS2021_3": "ITH20-ITH32", "NUTS2021_2": "ITH2-ITH3", "DIST_COAST": 70531.33, "NUTS2021_1": "ITH", "NUTS2021_0": "IT", "NUTS2024_3": "ITH20-ITH32", "NUTS2024_2": "ITH2-ITH3", "NUTS2024_1": "ITH", "NUTS2024_0": "IT" }, "geometry": { "type": "Point", "coordinates": [ 11.681323121794964, 45.955111821835722 ] } },
{ "type": "Feature", "properties": { "DIST_BORD": 99734.46, "TOT_P_2018": 6.0, "TOT_P_2006": 0.0, "GRD_ID": "CRS3035RES1000mN2539000E4452000", "TOT_P_2011": 7.0, "TOT_P_2021": 6.0, "Y_LLC": 2539000, "CNTR_ID": "IT", "NUTS2016_3": "ITH20-ITH32-ITH33", "NUTS2016_2": "ITH2-ITH3", "NUTS2016_1": "ITH", "NUTS2016_0": "IT", "LAND_PC": 100.0, "X_LLC": 4452000, "NUTS2021_3": "ITH20-ITH32-ITH33", "NUTS2021_2": "ITH2-ITH3", "DIST_COAST": 69855.73, "NUTS2021_1": "ITH", "NUTS2021_0": "IT", "NUTS2024_3": "ITH20-ITH32-ITH33", "NUTS2024_2": "ITH2-ITH3", "NUTS2024_1": "ITH", "NUTS2024_0": "IT" }, "geometry": { "type": "Point", "coordinates": [ 11.694202977041247, 45.954907584681322 ] } },
{ "type": "Feature", "properties": { "DIST_BORD": 99204.14, "TOT_P_2018": 23.0, "TOT_P_2006": 0.0, "GRD_ID": "CRS3035RES1000mN2539000E4453000", "TOT_P_2011": 27.0, "TOT_P_2021": 11.0, "Y_LLC": 2539000, "CNTR_ID": "IT", "NUTS2016_3": "ITH32-ITH33", "NUTS2016_2": "ITH3", "NUTS2016_1": "ITH", "NUTS2016_0": "IT", "LAND_PC": 100.0, "X_LLC": 4453000, "NUTS2021_3": "ITH32-ITH33", "NUTS2021_2": "ITH3", "DIST_COAST": 69188.0, "NUTS2021_1": "ITH", "NUTS2021_0": "IT", "NUTS2024_3": "ITH32-ITH33", "NUTS2024_2": "ITH3", "NUTS2024_1": "ITH", "NUTS2024_0": "IT" }, "geometry": { "type": "Point", "coordinates": [ 11.707082744203895, 45.954701789200151 ] } },
{ "type": "Feature", "properties": { "DIST_BORD": 98681.1, "TOT_P_2018": 33.0, "TOT_P_2006": 8.0, "GRD_ID": "CRS3035RES1000mN2539000E4454000", "TOT_P_2011": 37.0, "TOT_P_2021": 60.0, "Y_LLC": 2539000, "CNTR_ID": "IT", "NUTS2016_3": "ITH32-ITH33", "NUTS2016_2": "ITH3", "NUTS2016_1": "ITH", "NUTS2016_0": "IT", "LAND_PC": 100.0, "X_LLC": 4454000, "NUTS2021_3": "ITH32-ITH33", "NUTS2021_2": "ITH3", "DIST_COAST": 68528.34, "NUTS2021_1": "ITH", "NUTS2021_0": "IT", "NUTS2024_3": "ITH32-ITH33", "NUTS2024_2": "ITH3", "NUTS2024_1": "ITH", "NUTS2024_0": "IT" }, "geometry": { "type": "Point", "coordinates": [ 11.719962422595939, 45.954494435349432 ] } },
{ "type": "Feature", "properties": { "DIST_BORD": 99432.42, "TOT_P_2018": 14.0, "TOT_P_2006": 0.0, "GRD_ID": "CRS3035RES1000mN2540000E4451000", "TOT_P_2011": 17.0, "TOT_P_2021": 7.0, "Y_LLC": 2540000, "CNTR_ID": "IT", "NUTS2016_3": "ITH20-ITH32-ITH33", "NUTS2016_2": "ITH2-ITH3", "NUTS2016_1": "ITH", "NUTS2016_0": "IT", "LAND_PC": 100.0, "X_LLC": 4451000, "NUTS2021_3": "ITH20-ITH32-ITH33", "NUTS2021_2": "ITH2-ITH3", "DIST_COAST": 71268.29, "NUTS2021_1": "ITH", "NUTS2021_0": "IT", "NUTS2024_3": "ITH20-ITH32-ITH33", "NUTS2024_2": "ITH2-ITH3", "NUTS2024_1": "ITH", "NUTS2024_0": "IT" }, "geometry": { "type": "Point", "coordinates": [ 11.681602278230026, 45.964117484126341 ] } },
{ "type": "Feature", "properties": { "DIST_BORD": 98890.37, "TOT_P_2018": 80.0, "TOT_P_2006": 15.0, "GRD_ID": "CRS3035RES1000mN2540000E4452000", "TOT_P_2011": 101.0, "TOT_P_2021": 25.0, "Y_LLC": 2540000, "CNTR_ID": "IT", "NUTS2016_3": "ITH20-ITH32-ITH33", "NUTS2016_2": "ITH2-ITH3", "NUTS2016_1": "ITH", "NUTS2016_0": "IT", "LAND_PC": 100.0, "X_LLC": 4452000, "NUTS2021_3": "ITH20-ITH32-ITH33", "NUTS2021_2": "ITH2-ITH3", "DIST_COAST": 70599.75, "NUTS2021_1": "ITH", "NUTS2021_0": "IT", "NUTS2024_3": "ITH20-ITH32-ITH33", "NUTS2024_2": "ITH2-ITH3", "NUTS2024_1": "ITH", "NUTS2024_0": "IT" }, "geometry": { "type": "Point", "coordinates": [ 11.694484270067376, 45.963913207689664 ] } },
{ "type": "Feature", "properties": { "DIST_BORD": 98355.5, "TOT_P_2018": 71.0, "TOT_P_2006": 2.0, "GRD_ID": "CRS3035RES1000mN2540000E4453000", "TOT_P_2011": 92.0, "TOT_P_2021": 156.0, "Y_LLC": 2540000, "CNTR_ID": "IT", "NUTS2016_3": "ITH20-ITH32-ITH33", "NUTS2016_2": "ITH2-ITH3", "NUTS2016_1": "ITH", "NUTS2016_0": "IT", "LAND_PC": 100.0, "X_LLC": 4453000, "NUTS2021_3": "ITH20-ITH32-ITH33", "NUTS2021_2": "ITH2-ITH3", "DIST_COAST": 69939.11, "NUTS2021_1": "ITH", "NUTS2021_0": "IT", "NUTS2024_3": "ITH20-ITH32-ITH33", "NUTS2024_2": "ITH2-ITH3", "NUTS2024_1": "ITH", "NUTS2024_0": "IT" }, "geometry": { "type": "Point", "coordinates": [ 11.707366173699448, 45.963707372634865 ] } },
{ "type": "Feature", "properties": { "DIST_BORD": 98049.21, "TOT_P_2018": 5.0, "TOT_P_2006": 0.0, "GRD_ID": "CRS3035RES1000mN2541000E4452000", "TOT_P_2011": 6.0, "TOT_P_2021": 9.0, "Y_LLC": 2541000, "CNTR_ID": "IT", "NUTS2016_3": "ITH20-ITH32-ITH33", "NUTS2016_2": "ITH2-ITH3", "NUTS2016_1": "ITH", "NUTS2016_0": "IT", "LAND_PC": 100.0, "X_LLC": 4452000, "NUTS2021_3": "ITH20-ITH32-ITH33", "NUTS2021_2": "ITH2-ITH3", "DIST_COAST": 71350.02, "NUTS2021_1": "ITH", "NUTS2021_0": "IT", "NUTS2024_3": "ITH20-ITH32-ITH33", "NUTS2024_2": "ITH2-ITH3", "NUTS2024_1": "ITH", "NUTS2024_0": "IT" }, "geometry": { "type": "Point", "coordinates": [ 11.694765684479181, 45.972918779599489 ] } },
{ "type": "Feature", "properties": { "DIST_BORD": 97509.73, "TOT_P_2018": 70.0, "TOT_P_2006": 0.0, "GRD_ID": "CRS3035RES1000mN2541000E4453000", "TOT_P_2011": 87.0, "TOT_P_2021": 60.0, "Y_LLC": 2541000, "CNTR_ID": "IT", "NUTS2016_3": "ITH20-ITH32-ITH33", "NUTS2016_2": "ITH2-ITH3", "NUTS2016_1": "ITH", "NUTS2016_0": "IT", "LAND_PC": 100.0, "X_LLC": 4453000, "NUTS2021_3": "ITH20-ITH32-ITH33", "NUTS2021_2": "ITH2-ITH3", "DIST_COAST": 70696.4, "NUTS2021_1": "ITH", "NUTS2021_0": "IT", "NUTS2024_3": "ITH20-ITH32-ITH33", "NUTS2024_2": "ITH2-ITH3", "NUTS2024_1": "ITH", "NUTS2024_0": "IT" }, "geometry": { "type": "Point", "coordinates": [ 11.707649725461826, 45.972712905039273 ] } }
]
}
