{
"type": "FeatureCollection",
"name": "comuni_montagna",
"crs": { "type": "name", "properties": { "name": "urn:ogc:def:crs:OGC:1.3:CRS84" } },
"features": [
{ "type": "Feature", "properties": { "codistat": "24009", "nomcom": "Asiago", "provincia": "VI", "area": 162989595.2280142, "perimetro": 109780.338, "id1": 505 }, "geometry": { "type": "Polygon", "coordinates": [ [ [ 11.49433937882217, 45.812478220052064 ], [ 11.49431292635342, 45.812632349814862 ], [ 11.494238422559329, 45.813085272196282 ], [ 11.494214451221653, 45.81360909651481 ], [ 11.494214252700052, 45.814134921783236 ], [ 11.494208211502196, 45.814662494764988 ], [ 11.494204311697024, 45.81537057493145 ], [ 11.494208061113477, 45.81585221044174 ], [ 11.494207497140575, 45.816237272667969 ], [ 11.494218576189914, 45.816750430445879 ], [ 11.494216070357679, 45.817357132125125 ], [ 11.494208189476007, 45.818238292391307 ], [ 11.494212795734391, 45.818739080463352 ], [ 11.494217764898709, 45.81938054140933 ], [ 11.494211282204306, 45.819765642667015 ], [ 11.494207389296285, 45.820076161592141 ], [ 11.493550866202277, 45.820090497749796 ], [ 11.492870494769564, 45.820101210355261 ], [ 11.492350033917717, 45.820112569600816 ], [ 11.492025347809477, 45.820132075741732 ], [ 11.491204287894275, 45.820174830363243 ], [ 11.490436781913527, 45.820220551688827 ], [ 11.490283668356685, 45.820637832209833 ], [ 11.490247658657186, 45.820728084274023 ], [ 11.490206865243932, 45.820829421482031 ], [ 11.49012139120442, 45.821080604273853 ], [ 11.490038988050644, 45.82140354560547 ], [ 11.489996389849059, 45.821666484383194 ], [ 11.489977237842123, 45.822186691813322 ], [ 11.489992949128748, 45.822556277595332 ], [ 11.490056229077833, 45.823028334155936 ], [ 11.490095271328228, 45.823496688762475 ], [ 11.490078490626743, 45.824070038387241 ], [ 11.490062674132259, 45.824125287472739 ], [ 11.489946694771202, 45.824532576968522 ], [ 11.489910089672266, 45.824895292645763 ], [ 11.489828848605805, 45.825443585401779 ], [ 11.489797818706371, 45.826168006930871 ], [ 11.489759877749632, 45.826737497240948 ], [ 11.489652258647126, 45.827404543783381 ], [ 11.489627826908182, 45.828040254561785 ], [ 11.489608298416989, 45.829008163489164 ], [ 11.489535080097518, 45.829733594181761 ], [ 11.489508654668935, 45.830561332628832 ], [ 11.489449156938708, 45.83112391180088 ], [ 11.489413432598832, 45.831463206041185 ], [ 11.4893814977526, 45.831974060488875 ], [ 11.489248747309853, 45.832678376587857 ], [ 11.489188805218744, 45.833381195715397 ], [ 11.489078864160579, 45.834187082051713 ], [ 11.489035481232385, 45.834851287075871 ], [ 11.488989249980845, 45.835451649411162 ], [ 11.488957310583, 45.835962503588206 ], [ 11.48893674111233, 45.836728278897766 ], [ 11.488901957214766, 45.837175380186487 ], [ 11.48885053136169, 45.838069277234347 ], [ 11.488825631865216, 45.838518593150873 ], [ 11.488869844078568, 45.838811141550131 ], [ 11.48886540790938, 45.839141832709053 ], [ 11.488485890152601, 45.839196185931591 ], [ 11.488007974452044, 45.83926177218666 ], [ 11.487636451337696, 45.839348170913588 ], [ 11.487558282742462, 45.839368324843107 ], [ 11.48742359739432, 45.839449474069575 ], [ 11.487358959602588, 45.839478513883783 ], [ 11.487648344095204, 45.839762212487265 ], [ 11.488112889315165, 45.840286102717606 ], [ 11.488472747521302, 45.840821542632803 ], [ 11.488926159347653, 45.84123982419603 ], [ 11.4891630176564, 45.841529253937665 ], [ 11.488821899767268, 45.841737492795012 ], [ 11.489112723338291, 45.841850953697794 ], [ 11.489387463537605, 45.841950273463638 ], [ 11.490021586551546, 45.842187118409996 ], [ 11.490657818383118, 45.842471077450185 ], [ 11.490385690400107, 45.842874660839072 ], [ 11.490311927827184, 45.842904171377121 ], [ 11.490064150018876, 45.842918574474425 ], [ 11.489716826985784, 45.84294459779742 ], [ 11.489398502055735, 45.842988439312691 ], [ 11.489099938005523, 45.843068212017457 ], [ 11.488753382033734, 45.843206723972592 ], [ 11.488352675127384, 45.843421840265187 ], [ 11.488048607283559, 45.843641060301771 ], [ 11.487703311928831, 45.843943713727469 ], [ 11.487620409819767, 45.844054247384342 ], [ 11.487633876595162, 45.844139640321494 ], [ 11.487579729704418, 45.844216335304736 ], [ 11.487241110613168, 45.844550434084766 ], [ 11.487158491183402, 45.844699124127914 ], [ 11.487112911112035, 45.845054652645558 ], [ 11.487126309597707, 45.845135636799547 ], [ 11.487300789262184, 45.845215903308848 ], [ 11.487339767115289, 45.845269778414085 ], [ 11.487359393236233, 45.845389329726331 ], [ 11.487368724817708, 45.845425309234685 ], [ 11.487377610267854, 45.845459948191895 ], [ 11.487334440727551, 45.845517142529637 ], [ 11.487258380838254, 45.845613665872115 ], [ 11.487209051166712, 45.845703126681904 ], [ 11.487104108225891, 45.845873994284226 ], [ 11.487062347689529, 45.846006133281499 ], [ 11.487033113033364, 45.846066804296491 ], [ 11.486995669420248, 45.846145565357091 ], [ 11.486912975460267, 45.846289756445373 ], [ 11.486819769815215, 45.846411944717673 ], [ 11.486700887380822, 45.846530191691421 ], [ 11.486570699488995, 45.846608631632584 ], [ 11.486391886480577, 45.846668148707373 ], [ 11.486212848448179, 45.846695697432231 ], [ 11.486189527216467, 45.846699285866208 ], [ 11.486036829194767, 45.846700359593214 ], [ 11.485885139219487, 45.846654697679938 ], [ 11.485704689484047, 45.846605251326721 ], [ 11.485577835691965, 45.846616922726817 ], [ 11.485471465697048, 45.846666311133156 ], [ 11.485433317630612, 45.846709084353215 ], [ 11.485415472664311, 45.846814420305357 ], [ 11.485484543320446, 45.846959807956082 ], [ 11.48551316676758, 45.847041451000266 ], [ 11.485602030205467, 45.847125203301466 ], [ 11.485771653607991, 45.847226459334003 ], [ 11.485655592290518, 45.847486134019704 ], [ 11.485542136775427, 45.847633783736008 ], [ 11.485494140798419, 45.847704133319532 ], [ 11.485438860020263, 45.847868248193002 ], [ 11.48542112652289, 45.847978982197596 ], [ 11.485313194782767, 45.848198606712991 ], [ 11.485212535221375, 45.848373339605281 ], [ 11.485167474536016, 45.848486468322598 ], [ 11.485113906883083, 45.848689068577244 ], [ 11.48508715121209, 45.848764986186197 ], [ 11.485042093266854, 45.848857953233754 ], [ 11.485002235263979, 45.848920204962106 ], [ 11.484819675005584, 45.84904325564716 ], [ 11.484668903774852, 45.84911953100017 ], [ 11.484652195012771, 45.849128985258993 ], [ 11.484565820666948, 45.849173437340504 ], [ 11.484430888839992, 45.849333523948388 ], [ 11.484410346178546, 45.849491122254165 ], [ 11.484460089377855, 45.849633420640735 ], [ 11.484505351298507, 45.849764745584245 ], [ 11.484477079317861, 45.849928092434695 ], [ 11.484489219283272, 45.849995333209364 ], [ 11.484509757205329, 45.850190380637095 ], [ 11.48453124116304, 45.850403768730267 ], [ 11.48454319327443, 45.850582441749076 ], [ 11.484550730748207, 45.850664903763679 ], [ 11.484604490523981, 45.850819265465603 ], [ 11.484644295278859, 45.850914796557092 ], [ 11.484638764931995, 45.850969910835985 ], [ 11.484567681387349, 45.851054083148142 ], [ 11.484446734903081, 45.851166792184337 ], [ 11.484218327538462, 45.851345113045063 ], [ 11.484034881010137, 45.851558368116308 ], [ 11.483981012260594, 45.85176592465362 ], [ 11.483983583412952, 45.851823652900727 ], [ 11.483988729669916, 45.851939199351222 ], [ 11.483991113041208, 45.85207946769215 ], [ 11.484048270164944, 45.852125027880248 ], [ 11.48414823158005, 45.852246702660224 ], [ 11.484182813479221, 45.852317505710353 ], [ 11.484237773760634, 45.852417837571998 ], [ 11.484341521838406, 45.852644737422487 ], [ 11.484523989869537, 45.853042647192744 ], [ 11.484680924559395, 45.853228786805246 ], [ 11.48478521423942, 45.853314544279947 ], [ 11.485013454916288, 45.853508132744246 ], [ 11.485119971500392, 45.853580250544482 ], [ 11.485312701374346, 45.853702425848752 ], [ 11.485448705702906, 45.8537829923131 ], [ 11.485533007468447, 45.853790158382111 ], [ 11.485687108261549, 45.853843238702339 ], [ 11.48604635611381, 45.85398780045486 ], [ 11.486361992536132, 45.854116209332034 ], [ 11.486654753243473, 45.85424286525415 ], [ 11.486826751367699, 45.854263962107161 ], [ 11.487199092323152, 45.854291856778211 ], [ 11.487441995440452, 45.85431140859734 ], [ 11.48746715382652, 45.85451157512292 ], [ 11.487482343901039, 45.854707728416294 ], [ 11.487383658819065, 45.85488350012168 ], [ 11.487636211619236, 45.855047121736376 ], [ 11.487542452161536, 45.855333314340783 ], [ 11.487451532134791, 45.855608104130077 ], [ 11.487275959106276, 45.856090312097862 ], [ 11.487281991436692, 45.856225550459733 ], [ 11.487292664327597, 45.856294442971674 ], [ 11.486804158990148, 45.85666600638924 ], [ 11.486310107013439, 45.857054879620364 ], [ 11.486141337796729, 45.857178622058292 ], [ 11.48586717608571, 45.857377023361558 ], [ 11.485528129165454, 45.857622559351938 ], [ 11.485325002647624, 45.857833904484551 ], [ 11.485129222655912, 45.858042479144807 ], [ 11.485153583283326, 45.85816129765427 ], [ 11.4849283898431, 45.858302467079739 ], [ 11.484165385448966, 45.858738675205529 ], [ 11.483726249065292, 45.858973061731945 ], [ 11.483726755485899, 45.859108780395708 ], [ 11.483729677267238, 45.859298720401078 ], [ 11.483746599114392, 45.859554240564243 ], [ 11.484101296059988, 45.859668215230762 ], [ 11.484635470148994, 45.859823287614056 ], [ 11.484702839697672, 45.860213439884923 ], [ 11.484810859858516, 45.860521341862174 ], [ 11.484745176585815, 45.860666241076082 ], [ 11.484872072946423, 45.861149064783241 ], [ 11.484953261187007, 45.861849168141944 ], [ 11.48500771103118, 45.862073629439728 ], [ 11.485060266083849, 45.862382737869495 ], [ 11.485865475818471, 45.86239230711179 ], [ 11.486041223146181, 45.862473807861363 ], [ 11.48632604744925, 45.862638169856133 ], [ 11.486044528477461, 45.862923497674728 ], [ 11.486361313893374, 45.862932082995293 ], [ 11.486602095015936, 45.862981204828635 ], [ 11.48707973365749, 45.863109864711006 ], [ 11.486995586588336, 45.863340403250454 ], [ 11.486838279798203, 45.863793680291899 ], [ 11.486288665494127, 45.863666046185948 ], [ 11.485626899293981, 45.863513668399669 ], [ 11.485386304121791, 45.863968665932006 ], [ 11.485583473080242, 45.864530515164525 ], [ 11.485805932015712, 45.864487510793694 ], [ 11.486012649117679, 45.864447549090748 ], [ 11.486786413914754, 45.864372470313917 ], [ 11.48720434534145, 45.864285874405084 ], [ 11.487287827028672, 45.864539944443692 ], [ 11.487826561757011, 45.864299414687203 ], [ 11.487941282263575, 45.864508610695545 ], [ 11.488130693087191, 45.865020130873994 ], [ 11.488205535202173, 45.865204633551379 ], [ 11.488702117154084, 45.86513954022292 ], [ 11.488913602778966, 45.865651838238072 ], [ 11.488829076509885, 45.865994984164765 ], [ 11.488720200364664, 45.866416066099653 ], [ 11.488547507792685, 45.866400477547167 ], [ 11.48847722284639, 45.866814507912821 ], [ 11.488427280415729, 45.867063743499024 ], [ 11.488288134955283, 45.86705507416692 ], [ 11.488252893428434, 45.867385445066937 ], [ 11.48823123434202, 45.867895982725187 ], [ 11.488199580359673, 45.868179742126657 ], [ 11.48846317154163, 45.868239973949564 ], [ 11.488339417802177, 45.868576143601452 ], [ 11.488261151942869, 45.868690266543112 ], [ 11.488114220682318, 45.868879600531649 ], [ 11.488402371143229, 45.868993481237062 ], [ 11.488757764259683, 45.869121467178111 ], [ 11.488905388913501, 45.869195835666545 ], [ 11.488836671790763, 45.869272758352174 ], [ 11.489193280419569, 45.869427898334074 ], [ 11.489381851755441, 45.86954781712479 ], [ 11.489166816386678, 45.869703714336566 ], [ 11.489134518311509, 45.86972772984705 ], [ 11.48906848870244, 45.869740779626305 ], [ 11.488869190976066, 45.86975286332445 ], [ 11.488631494004688, 45.869773523850128 ], [ 11.489050736705208, 45.869963572015337 ], [ 11.489327133132475, 45.870186254217039 ], [ 11.489612015048589, 45.870474815257801 ], [ 11.489438316502515, 45.870687955962318 ], [ 11.489149006168867, 45.871044565937005 ], [ 11.488444124490615, 45.870924286278672 ], [ 11.48840295565431, 45.870994938065067 ], [ 11.488197120806776, 45.871359987575133 ], [ 11.488379129848115, 45.871456919272866 ], [ 11.48865241966516, 45.871609915864035 ], [ 11.489144323144357, 45.871932129656592 ], [ 11.489455326648509, 45.872185109370498 ], [ 11.488998768271886, 45.872524572713111 ], [ 11.489458250289795, 45.872919766692476 ], [ 11.489213385099623, 45.873091795126818 ], [ 11.488825595636094, 45.873416167920489 ], [ 11.48875403526012, 45.87357091788904 ], [ 11.488559324227316, 45.87399476952568 ], [ 11.48850872872638, 45.874105409523445 ], [ 11.488525941138221, 45.874118625436147 ], [ 11.488546637682328, 45.874126185036559 ], [ 11.488718101107565, 45.87416853214723 ], [ 11.489005398916321, 45.87423670682066 ], [ 11.488978720840146, 45.874276980900092 ], [ 11.488948079334676, 45.874384305993004 ], [ 11.488830834684553, 45.874701972763816 ], [ 11.48879199575296, 45.874946015836166 ], [ 11.488687289410516, 45.875149191261556 ], [ 11.488605126966027, 45.875297421639836 ], [ 11.488506913060238, 45.87524492776334 ], [ 11.488397356209751, 45.875177920020121 ], [ 11.48834295318815, 45.875154263480276 ], [ 11.488205292551275, 45.875092728157107 ], [ 11.488060094158831, 45.875023976306196 ], [ 11.488038348381801, 45.875093934774036 ], [ 11.488018714334249, 45.87521119056111 ], [ 11.488004443063524, 45.875367752184651 ], [ 11.48799840732131, 45.875472110911616 ], [ 11.487987679333994, 45.875549299877342 ], [ 11.487947346119167, 45.875679157405848 ], [ 11.487935714476304, 45.875738994859056 ], [ 11.487916124428533, 45.875854359457243 ], [ 11.487904224452986, 45.875986117777735 ], [ 11.487897746891916, 45.876080585331991 ], [ 11.487866376374011, 45.876252460471079 ], [ 11.487820804912985, 45.876507450597302 ], [ 11.487770630661682, 45.876893139898876 ], [ 11.487726186032861, 45.87709257158911 ], [ 11.487706209484204, 45.877202184241597 ], [ 11.487699944622266, 45.877298537279557 ], [ 11.487698445672164, 45.877663275020005 ], [ 11.487696505196149, 45.878018121579196 ], [ 11.487699183564189, 45.87815604271232 ], [ 11.487674935662545, 45.878250807305719 ], [ 11.487644827272764, 45.878373061467649 ], [ 11.487637703176203, 45.878450171832192 ], [ 11.487627949464823, 45.878552091235804 ], [ 11.487624297216945, 45.878629036084611 ], [ 11.487594209104346, 45.878748859597742 ], [ 11.487543729660157, 45.878971914179125 ], [ 11.487507065904133, 45.879106101792722 ], [ 11.487497352547308, 45.879246452940194 ], [ 11.487467484413278, 45.879414514917265 ], [ 11.487441185040367, 45.879578808909237 ], [ 11.48750935647386, 45.879674080771181 ], [ 11.487569086578919, 45.87977943714251 ], [ 11.487597430118067, 45.879819682705033 ], [ 11.487700833775767, 45.879867023847019 ], [ 11.487806280585707, 45.879922601088829 ], [ 11.48790480264142, 45.879944306683498 ], [ 11.488040429099957, 45.880032168475012 ], [ 11.488134710135231, 45.880111840261918 ], [ 11.488150621569211, 45.880162257053193 ], [ 11.488164702896428, 45.880209203557776 ], [ 11.488154466916889, 45.880268560529487 ], [ 11.488147172813548, 45.8803158827169 ], [ 11.488134755618114, 45.88038122766428 ], [ 11.488112128964129, 45.880474786873869 ], [ 11.488092939019072, 45.880558730681464 ], [ 11.487962834154644, 45.880528172473809 ], [ 11.487820865119083, 45.880494542468185 ], [ 11.487739464770888, 45.880475344062496 ], [ 11.48766613482476, 45.880457949920221 ], [ 11.487614371767577, 45.880502190254262 ], [ 11.487533425729151, 45.88057109788938 ], [ 11.487511062765503, 45.880589766169841 ], [ 11.48743860050647, 45.880586033951907 ], [ 11.48729361507386, 45.880582981003499 ], [ 11.487192227321177, 45.880563497432142 ], [ 11.487108618043116, 45.880546776744289 ], [ 11.487104582388186, 45.880589167594394 ], [ 11.487100190165554, 45.880655327692956 ], [ 11.487105792802263, 45.880711549566811 ], [ 11.487109108399265, 45.880785822369475 ], [ 11.487124063305046, 45.880820599198572 ], [ 11.487152761022406, 45.880900529696262 ], [ 11.487171423455541, 45.880954847053943 ], [ 11.487183702099985, 45.880998952672094 ], [ 11.487191836181497, 45.881048369004311 ], [ 11.487199139336989, 45.881079172064553 ], [ 11.487096439894215, 45.881324784987484 ], [ 11.486939923236477, 45.881461852192103 ], [ 11.486813253692464, 45.881496742396116 ], [ 11.486654528342196, 45.881584354006385 ], [ 11.486586604169268, 45.881607254252224 ], [ 11.486473500308504, 45.881645809020412 ], [ 11.486422622370428, 45.881707040672005 ], [ 11.486417349762162, 45.88175926899131 ], [ 11.486392989358071, 45.881857365984274 ], [ 11.486393325538224, 45.88190821213437 ], [ 11.486393584772461, 45.881997762562101 ], [ 11.486362394412726, 45.882393298385196 ], [ 11.486346677904171, 45.882578243078953 ], [ 11.486466423581961, 45.882636480393039 ], [ 11.486493239787741, 45.882633826463625 ], [ 11.486692375287259, 45.882654602773506 ], [ 11.486798277287981, 45.882671198290474 ], [ 11.486962198682846, 45.882708581967755 ], [ 11.487054157112695, 45.882750592529973 ], [ 11.487146115720488, 45.882792603161363 ], [ 11.48726577033492, 45.882848771479495 ], [ 11.487307306574474, 45.882904480753666 ], [ 11.487136512913088, 45.88298164500619 ], [ 11.487016081958872, 45.883040881342623 ], [ 11.486928518397171, 45.883097331614429 ], [ 11.48683250397896, 45.883166566768672 ], [ 11.486736485377719, 45.883235711860415 ], [ 11.486605671773209, 45.883342426975702 ], [ 11.486428608650922, 45.883478410621599 ], [ 11.486288557587418, 45.883571645545963 ], [ 11.486177229245749, 45.883632752922587 ], [ 11.486162570945584, 45.88370858704674 ], [ 11.486142178486391, 45.883788776370885 ], [ 11.486148133416702, 45.883855791322546 ], [ 11.486156142843619, 45.883968844575186 ], [ 11.485980605587478, 45.884006237750775 ], [ 11.485842489652498, 45.884018694482208 ], [ 11.485887018712681, 45.884141483646886 ], [ 11.485953690258199, 45.884356137147435 ], [ 11.485980816397491, 45.884426831542761 ], [ 11.486044902192386, 45.884569086414075 ], [ 11.485919976172443, 45.884597007199957 ], [ 11.485789592654326, 45.884635487300507 ], [ 11.485665412642392, 45.884680132778328 ], [ 11.48566606100499, 45.884963277725276 ], [ 11.485666276714577, 45.885103862569288 ], [ 11.485509788141789, 45.885163881895643 ], [ 11.485285876843301, 45.885249489785267 ], [ 11.485079404047505, 45.885327337310031 ], [ 11.484906888028187, 45.885360342664207 ], [ 11.484749813189589, 45.885401472457957 ], [ 11.484684732707052, 45.885421789514481 ], [ 11.484564045545241, 45.885472568147961 ], [ 11.483865060024366, 45.88573699794194 ], [ 11.483646604964258, 45.885815013491175 ], [ 11.483371912324653, 45.885909372275691 ], [ 11.483155892730904, 45.885972662901189 ], [ 11.483007455034342, 45.88600523194691 ], [ 11.48311061345505, 45.886168330407585 ], [ 11.483194459457883, 45.886233562000115 ], [ 11.483328753370531, 45.88635206043211 ], [ 11.483260601991045, 45.886439407930993 ], [ 11.483105057957859, 45.886514974547737 ], [ 11.482866462453282, 45.886603867016994 ], [ 11.482772622029467, 45.886649829887176 ], [ 11.482597320464118, 45.886747696616723 ], [ 11.48261940986289, 45.886841362833401 ], [ 11.48263669057428, 45.88696015521397 ], [ 11.482669953767699, 45.887032697124134 ], [ 11.482810207028498, 45.887224151508136 ], [ 11.482953999904298, 45.887359094958612 ], [ 11.482890420064905, 45.887479645051059 ], [ 11.482727932512447, 45.887596134797484 ], [ 11.482319299711438, 45.887837592125891 ], [ 11.481916476567953, 45.888085132147971 ], [ 11.481636281859119, 45.888258811662524 ], [ 11.481419772654059, 45.888380793425696 ], [ 11.481254662071764, 45.888447204621109 ], [ 11.48103111075056, 45.88854422703114 ], [ 11.480943284743708, 45.888592217889475 ], [ 11.480815155823928, 45.88867870650212 ], [ 11.480681668009517, 45.88877800228645 ], [ 11.480560955061319, 45.888897901817003 ], [ 11.480458456866488, 45.889021636000038 ], [ 11.480408173143799, 45.889102293250005 ], [ 11.480371840418888, 45.889163386331198 ], [ 11.480265560384126, 45.889335355642622 ], [ 11.480164550206798, 45.88949253935192 ], [ 11.480105936827965, 45.889588768458928 ], [ 11.480123480173837, 45.88964698146728 ], [ 11.480160636496693, 45.889740410874481 ], [ 11.480126501884124, 45.889847989250313 ], [ 11.480031056776108, 45.889927556894101 ], [ 11.479948686536016, 45.889964987739191 ], [ 11.479828914079299, 45.890036622924477 ], [ 11.479715757711977, 45.890120805046692 ], [ 11.47959785006743, 45.890234342208053 ], [ 11.479541296631396, 45.89029002365092 ], [ 11.479533215575652, 45.890311170459036 ], [ 11.479510329705059, 45.890370351217427 ], [ 11.479404056865926, 45.89047310482912 ], [ 11.479407875670276, 45.89055888771793 ], [ 11.479386850973549, 45.890659880760168 ], [ 11.479359830072573, 45.890727521760908 ], [ 11.479267155962017, 45.890802798387298 ], [ 11.479193313917888, 45.890861014939652 ], [ 11.479182479892438, 45.890884021633731 ], [ 11.479101881628626, 45.891025010360167 ], [ 11.479030244250163, 45.891150143410819 ], [ 11.478933549146952, 45.89129148136432 ], [ 11.478863929625962, 45.891389568786565 ], [ 11.478799848008986, 45.891467284616873 ], [ 11.478278051831147, 45.892176243940376 ], [ 11.478033074687527, 45.892513501240131 ], [ 11.477895202062239, 45.892755008211175 ], [ 11.477245570639933, 45.893760785337363 ], [ 11.477064565820974, 45.893951383285938 ], [ 11.477043696237841, 45.893980637825457 ], [ 11.476978899045125, 45.894109041495973 ], [ 11.476923564609466, 45.894200967457166 ], [ 11.476380954493367, 45.894938631013325 ], [ 11.476167856687391, 45.89515845520571 ], [ 11.476043341219061, 45.895280322447135 ], [ 11.47586487500455, 45.895525316959692 ], [ 11.475792984266146, 45.895688525901214 ], [ 11.47540036641586, 45.896228430626451 ], [ 11.474998265817446, 45.896734967138265 ], [ 11.474529027186696, 45.897262488015038 ], [ 11.474429173048264, 45.89744925341806 ], [ 11.474334817558045, 45.897579915863986 ], [ 11.474233595741682, 45.897735928712422 ], [ 11.473769961619103, 45.898331909408206 ], [ 11.473719017285658, 45.898592499749874 ], [ 11.473704717922891, 45.898653653377515 ], [ 11.47366397580133, 45.898816006341463 ], [ 11.473652539409551, 45.898860356844743 ], [ 11.473662486946877, 45.898924675680718 ], [ 11.473686844276566, 45.899069597657501 ], [ 11.473693576814194, 45.899107974356276 ], [ 11.473694760253405, 45.899131710210064 ], [ 11.473618705413253, 45.899271066371604 ], [ 11.473385745498515, 45.899436141780335 ], [ 11.472757492670613, 45.900285269097694 ], [ 11.472423954049694, 45.901213429298451 ], [ 11.472311223466168, 45.901456005078728 ], [ 11.472401681707527, 45.901852772863499 ], [ 11.472536679898457, 45.902111587599123 ], [ 11.472763409807269, 45.902252938726505 ], [ 11.473007426948596, 45.902632520638164 ], [ 11.473309927582346, 45.903089320632034 ], [ 11.473671586670095, 45.903696498407378 ], [ 11.473574017765918, 45.904616850702894 ], [ 11.473441093920197, 45.905098470093201 ], [ 11.473171855914174, 45.905637314448086 ], [ 11.472555541584972, 45.907055737893351 ], [ 11.472294831621522, 45.907490888719472 ], [ 11.472044721725029, 45.907967392197961 ], [ 11.471870954637758, 45.908275912377754 ], [ 11.471394334738884, 45.908750295676995 ], [ 11.470628408791265, 45.909408426408838 ], [ 11.470324241823793, 45.909995092198621 ], [ 11.470801222181851, 45.910158666243191 ], [ 11.471296200318529, 45.910329679457149 ], [ 11.471676594613156, 45.910452226838046 ], [ 11.472120481273491, 45.910616601530705 ], [ 11.472596923962337, 45.910817172109255 ], [ 11.473453512744543, 45.911209861964998 ], [ 11.475245730431359, 45.912121947620541 ], [ 11.476225545440712, 45.913463306410272 ], [ 11.476222816885516, 45.913651207448616 ], [ 11.476440297613667, 45.913878977085794 ], [ 11.476666192875228, 45.914049500235187 ], [ 11.476944631556298, 45.914209792976756 ], [ 11.477778137247967, 45.91460925123944 ], [ 11.478772805434712, 45.915789515457696 ], [ 11.479027181906018, 45.915907212530001 ], [ 11.479378316373174, 45.916509199423274 ], [ 11.479828540193587, 45.916915431762405 ], [ 11.480973479319534, 45.918007808595455 ], [ 11.481154266925497, 45.918351753415685 ], [ 11.481208622197952, 45.920655076671423 ], [ 11.480807242096422, 45.920659744821158 ], [ 11.47969259454621, 45.920635975769031 ], [ 11.479092128694042, 45.920661610816886 ], [ 11.478401319410551, 45.920685692791906 ], [ 11.478045495667899, 45.920720054626507 ], [ 11.477742774996367, 45.9207103307455 ], [ 11.477574882648453, 45.920716492812033 ], [ 11.477162098811911, 45.92072283555126 ], [ 11.477104021734963, 45.920721844932004 ], [ 11.47703297929452, 45.920725095690095 ], [ 11.476967960393194, 45.920741986641708 ], [ 11.476870489711345, 45.920762821470746 ], [ 11.476679323426556, 45.920700992632966 ], [ 11.476634957164579, 45.920677743106715 ], [ 11.476548304060637, 45.920654780433317 ], [ 11.476326577815753, 45.920616204996406 ], [ 11.476269531394069, 45.920615191599126 ], [ 11.476507778039428, 45.921491361019662 ], [ 11.476402893396214, 45.921710728527415 ], [ 11.476159047792205, 45.921833022315397 ], [ 11.475383911066519, 45.922104179264082 ], [ 11.473370491563967, 45.922649306782361 ], [ 11.472495541209877, 45.922979218813424 ], [ 11.47232194402784, 45.923092243159466 ], [ 11.472477387451242, 45.923313622395227 ], [ 11.472455828148968, 45.923524972116994 ], [ 11.47234435526828, 45.923796771601758 ], [ 11.471960753039664, 45.924242681029362 ], [ 11.471552296904989, 45.924736019765696 ], [ 11.471121542086575, 45.925209498246346 ], [ 11.470133433695642, 45.92646313651386 ], [ 11.469525917653231, 45.926746919321047 ], [ 11.468997304643874, 45.926858703031726 ], [ 11.468863525743435, 45.926875455505439 ], [ 11.468344950702878, 45.927169910262876 ], [ 11.468059800129019, 45.927306939969043 ], [ 11.467500978526321, 45.927639252871742 ], [ 11.4673180278179, 45.927940313031016 ], [ 11.467273664200638, 45.928580130171419 ], [ 11.467167983498115, 45.928785555238392 ], [ 11.466786046030563, 45.929081641792258 ], [ 11.466451819663396, 45.929549147224719 ], [ 11.466154243664826, 45.929854300615524 ], [ 11.465527129626086, 45.930285013917455 ], [ 11.464630253645614, 45.931157171180011 ], [ 11.464422379786933, 45.931394140376426 ], [ 11.464183019648372, 45.931668690653453 ], [ 11.464045461207951, 45.932048780878333 ], [ 11.463853930619839, 45.932654778725244 ], [ 11.463568444621536, 45.933052999923149 ], [ 11.462882710693831, 45.933640942162597 ], [ 11.462780117385313, 45.934015686515821 ], [ 11.462887147204032, 45.934338208288317 ], [ 11.462829685940081, 45.934534939001125 ], [ 11.462491302109425, 45.93471774500297 ], [ 11.462210163849567, 45.934993191624976 ], [ 11.462116383423576, 45.935896346974225 ], [ 11.461970295941557, 45.936503881826127 ], [ 11.46199849701471, 45.936791201193969 ], [ 11.462176545936961, 45.93692588166288 ], [ 11.462479210015131, 45.937133389909505 ], [ 11.462623763530285, 45.937408840071718 ], [ 11.462477443437935, 45.937690651098904 ], [ 11.462316343774683, 45.937991231732838 ], [ 11.462239879197075, 45.938356141534385 ], [ 11.462021378375644, 45.938945345977501 ], [ 11.461621742732552, 45.939744205926552 ], [ 11.461393499471761, 45.939970807536 ], [ 11.461213931675363, 45.940151717262594 ], [ 11.461155233346151, 45.940320751931459 ], [ 11.46112949196271, 45.940636865220078 ], [ 11.460966464184512, 45.940891312504576 ], [ 11.460607935570163, 45.941214595040194 ], [ 11.460213064468554, 45.941471785108277 ], [ 11.459885944506949, 45.941904465239432 ], [ 11.459798830115222, 45.942078701396532 ], [ 11.459808219293048, 45.942290911696112 ], [ 11.459887367373295, 45.942484788749809 ], [ 11.460377456645515, 45.943236218124333 ], [ 11.460251835762811, 45.943589854427593 ], [ 11.460063951203372, 45.943830974902625 ], [ 11.459768685937684, 45.944042095581544 ], [ 11.459730374400021, 45.944223021100719 ], [ 11.459762080903579, 45.944688835636349 ], [ 11.459421663098206, 45.94557380684774 ], [ 11.458852340243711, 45.946123124934431 ], [ 11.458303952969947, 45.946445896318522 ], [ 11.457613240496491, 45.947007810994535 ], [ 11.457305344939146, 45.947718905857165 ], [ 11.457114900837144, 45.947952335909733 ], [ 11.456736299812093, 45.948123658783345 ], [ 11.456516137939815, 45.948186897033857 ], [ 11.456463170944415, 45.948334294530191 ], [ 11.45647513252376, 45.948604953035776 ], [ 11.456176075782569, 45.948979325106777 ], [ 11.45610452328078, 45.949129552214146 ], [ 11.455627800277693, 45.949591807700742 ], [ 11.455234084347923, 45.950209966161708 ], [ 11.455400297181253, 45.95039153402913 ], [ 11.454685976931536, 45.951075085017841 ], [ 11.45394123738831, 45.952823505731786 ], [ 11.4535755335788, 45.953723402355038 ], [ 11.45353020772178, 45.954465028081998 ], [ 11.452445849654076, 45.954291832974477 ], [ 11.451004781975804, 45.953959502582769 ], [ 11.449561624799975, 45.953620358374707 ], [ 11.449257576204193, 45.953514191781402 ], [ 11.448518908315355, 45.952900891933432 ], [ 11.447091352813832, 45.951936296536317 ], [ 11.446746886665149, 45.95162982753348 ], [ 11.446615067386404, 45.95153724561419 ], [ 11.44652852279796, 45.951468916811343 ], [ 11.446330814924854, 45.951302929853931 ], [ 11.446166025855533, 45.951188282091138 ], [ 11.445845295267583, 45.951030980660676 ], [ 11.445456357080161, 45.950748681286306 ], [ 11.445244840660552, 45.950580759550185 ], [ 11.444969250429104, 45.950422849316801 ], [ 11.444280875681606, 45.950050379231214 ], [ 11.443938680922754, 45.949821347572794 ], [ 11.443667480868132, 45.949595836460063 ], [ 11.443371026392473, 45.949388685886873 ], [ 11.443313750905675, 45.949356699028684 ], [ 11.443279096520373, 45.949331518833212 ], [ 11.443003936135971, 45.94915082333209 ], [ 11.442942300412206, 45.949116499463088 ], [ 11.442740057582725, 45.94898311671021 ], [ 11.442654223256678, 45.94892662892557 ], [ 11.442041652586882, 45.948499061222847 ], [ 11.44154321919074, 45.948222869540267 ], [ 11.441303626404611, 45.948111433676374 ], [ 11.441111584050168, 45.948022112506166 ], [ 11.440666400876353, 45.947803642400707 ], [ 11.440163057865384, 45.947576962380758 ], [ 11.439635061763399, 45.947391129012708 ], [ 11.438997735783655, 45.947215908144273 ], [ 11.438425508569656, 45.947018682891866 ], [ 11.438183153746625, 45.946935201066026 ], [ 11.437519184510418, 45.946728858826106 ], [ 11.437206078532739, 45.946611872678218 ], [ 11.436902139144225, 45.946489109798236 ], [ 11.43684053721425, 45.946464232514089 ], [ 11.43679507251292, 45.946451341575433 ], [ 11.436287766920925, 45.946310233901116 ], [ 11.436225567775555, 45.946295269595126 ], [ 11.436164278835742, 45.946280465768488 ], [ 11.435989150595184, 45.946247028517853 ], [ 11.435852704660086, 45.946213036158802 ], [ 11.435696317512607, 45.946156787446455 ], [ 11.43561792849956, 45.946122726928252 ], [ 11.435421939666337, 45.946060751836129 ], [ 11.435345587727049, 45.945978944926303 ], [ 11.435331642374599, 45.946040535749894 ], [ 11.435267550204536, 45.946270965382091 ], [ 11.435243037528053, 45.946329901321086 ], [ 11.435102810005047, 45.946507050808655 ], [ 11.435035733040117, 45.946569234199721 ], [ 11.434935929065766, 45.946617714335034 ], [ 11.434751278807575, 45.946696804668825 ], [ 11.434636223057867, 45.946729948756847 ], [ 11.434534394447136, 45.946776401584103 ], [ 11.434452506654814, 45.946845110655033 ], [ 11.434427974817376, 45.946885955884177 ], [ 11.434410292794533, 45.946944746024052 ], [ 11.434400706292951, 45.947052866511513 ], [ 11.434409603647618, 45.947138181837133 ], [ 11.434451995284073, 45.94726355561572 ], [ 11.434468265486711, 45.947375805379565 ], [ 11.434490031148739, 45.947672448521942 ], [ 11.434487509815835, 45.947700313824328 ], [ 11.434475460171745, 45.947834678279584 ], [ 11.43446960875956, 45.947857214344396 ], [ 11.434466009766631, 45.947951796445196 ], [ 11.434466872550122, 45.947983279848998 ], [ 11.434462406637815, 45.948046288604417 ], [ 11.434450639970501, 45.948086951677297 ], [ 11.434401908019405, 45.948182135676412 ], [ 11.434287976742507, 45.948255757784388 ], [ 11.434236621282313, 45.948267472820653 ], [ 11.434140683297787, 45.948289408374059 ], [ 11.434089173143642, 45.948294646228987 ], [ 11.434011473148987, 45.948282261093318 ], [ 11.433979041871519, 45.948278271885592 ], [ 11.433927395770967, 45.948274512126012 ], [ 11.433765750614068, 45.948263285432134 ], [ 11.433630095258629, 45.948256275041992 ], [ 11.433520229023982, 45.94824889513491 ], [ 11.433481348563967, 45.948244953203499 ], [ 11.433449375043116, 45.948254364820649 ], [ 11.43343694221298, 45.948268040434002 ], [ 11.433431026372563, 45.948286167468801 ], [ 11.433381036700952, 45.948340875460261 ], [ 11.433350386878228, 45.948395261538487 ], [ 11.433319408265788, 45.948436243746222 ], [ 11.433314615399651, 45.948494759189956 ], [ 11.433315939100027, 45.948539733528165 ], [ 11.433279040618999, 45.948598752836865 ], [ 11.433242142024179, 45.948657772219917 ], [ 11.433236558859779, 45.948689392975581 ], [ 11.433237762409766, 45.94872572939272 ], [ 11.433223436019887, 45.948743315519991 ], [ 11.432949156789928, 45.949080106615199 ], [ 11.432922571220317, 45.949130085757041 ], [ 11.432780120285113, 45.949300979231445 ], [ 11.432575082134029, 45.94956015035374 ], [ 11.432500465772351, 45.949641843973467 ], [ 11.432438778548452, 45.949709401334005 ], [ 11.432371938002213, 45.949762397579605 ], [ 11.432196389655749, 45.949849300245994 ], [ 11.432045021967296, 45.949913816690305 ], [ 11.43200085684285, 45.949927717735399 ], [ 11.431924156005024, 45.949955902200308 ], [ 11.431812339141349, 45.94999248471219 ], [ 11.431699123357118, 45.950002995327274 ], [ 11.431618392992423, 45.950012814343943 ], [ 11.431555763573792, 45.95000577706405 ], [ 11.431495199488419, 45.949969264123432 ], [ 11.431450613291815, 45.949935201202145 ], [ 11.431411756494533, 45.949896426060619 ], [ 11.431358864810214, 45.949834728217539 ], [ 11.431298117330904, 45.94975861684096 ], [ 11.431236554564347, 45.949699263714038 ], [ 11.430957821614193, 45.949521585429835 ], [ 11.430623127380068, 45.949368318559472 ], [ 11.430387187874507, 45.949272173029854 ], [ 11.430344232760634, 45.949254725936399 ], [ 11.430021998482252, 45.949268331763761 ], [ 11.429942785778072, 45.949283337606488 ], [ 11.429895361677431, 45.949293526950747 ], [ 11.429817075943266, 45.94932678402089 ], [ 11.429736531774658, 45.949358558988109 ], [ 11.429610863219507, 45.949382293182701 ], [ 11.42908492318335, 45.949470433014277 ], [ 11.429020841971997, 45.949480346172486 ], [ 11.428988029867428, 45.94948536414595 ], [ 11.428924202508171, 45.949495181846693 ], [ 11.428790939192073, 45.949519346643228 ], [ 11.428645030430763, 45.949525779125061 ], [ 11.428529359404694, 45.949527338324302 ], [ 11.428497124235008, 45.949527843636346 ], [ 11.428376554786301, 45.949529506778937 ], [ 11.428357501236299, 45.949536392243736 ], [ 11.428305027531115, 45.949569819587587 ], [ 11.428202958220632, 45.949634632887559 ], [ 11.428094225207706, 45.949718218906462 ], [ 11.428043036702107, 45.949769259798948 ], [ 11.42798195699854, 45.9498360817785 ], [ 11.427858387780867, 45.949907922143339 ], [ 11.427748703619846, 45.949954985982295 ], [ 11.427444710795667, 45.950203200156231 ], [ 11.427107326412278, 45.950431421818777 ], [ 11.427084624932771, 45.950443424800767 ], [ 11.426966677533303, 45.950475632608359 ], [ 11.426727989370928, 45.950470173052473 ], [ 11.426671843488938, 45.950457955069027 ], [ 11.426561119000661, 45.95043690581408 ], [ 11.426509735661465, 45.950427376792668 ], [ 11.42646928293658, 45.950419955605177 ], [ 11.426276941848746, 45.950400279829175 ], [ 11.426163295988843, 45.950362551378518 ], [ 11.426109281034408, 45.950340027289421 ], [ 11.425878595166425, 45.950302084176158 ], [ 11.425676957294078, 45.950282244778471 ], [ 11.425469199224459, 45.950267035303824 ], [ 11.425273822237719, 45.950260563051025 ], [ 11.424760339748223, 45.950285594777533 ], [ 11.424662496553239, 45.950269940670339 ], [ 11.42449162475736, 45.950198143167434 ], [ 11.424400525692064, 45.950124112423303 ], [ 11.424261492017857, 45.950030847730844 ], [ 11.424109571663534, 45.94993794631452 ], [ 11.423988368861911, 45.949874814650258 ], [ 11.42383967461501, 45.949844037975673 ], [ 11.423569320867118, 45.949843203965095 ], [ 11.423333605866345, 45.949896987529961 ], [ 11.423178547819985, 45.9499629205066 ], [ 11.423051555311901, 45.950018537338536 ], [ 11.42282377800948, 45.950106443486426 ], [ 11.422583155065501, 45.950163119879136 ], [ 11.422340923061903, 45.950197688565353 ], [ 11.422171277201747, 45.950213166615448 ], [ 11.421986429437371, 45.950184774165876 ], [ 11.421838838305964, 45.950164502143025 ], [ 11.421701601510327, 45.950130149597506 ], [ 11.421505704506655, 45.950114681410788 ], [ 11.421340488627301, 45.950098562538443 ], [ 11.42121106013445, 45.950122007149282 ], [ 11.421092881091596, 45.950169694558276 ], [ 11.421070313754706, 45.9501699928609 ], [ 11.420880019889257, 45.950200217389394 ], [ 11.420735671309918, 45.950248459070259 ], [ 11.420604841068782, 45.950319725411383 ], [ 11.420584291547254, 45.950339692010807 ], [ 11.420502706686539, 45.950421795359176 ], [ 11.420411157115286, 45.950512120205445 ], [ 11.420417834422832, 45.950745451917854 ], [ 11.420413135144605, 45.950821245756757 ], [ 11.42045639266626, 45.950869381995126 ], [ 11.420488874729939, 45.95090415573015 ], [ 11.420508238400277, 45.950933987110702 ], [ 11.420548108042672, 45.951008026477382 ], [ 11.420563102358811, 45.95109159355362 ], [ 11.420570733033122, 45.951139404504524 ], [ 11.420549156237067, 45.951272079180576 ], [ 11.420513784656427, 45.951360583700144 ], [ 11.420471644558594, 45.951427000353576 ], [ 11.420410858982546, 45.951497862239854 ], [ 11.420293906854992, 45.951582694996276 ], [ 11.420213920533868, 45.951618591631821 ], [ 11.420059384022007, 45.951672988596727 ], [ 11.419911154641717, 45.951670728572935 ], [ 11.419748433775858, 45.951646814103711 ], [ 11.419537120503863, 45.951544094090316 ], [ 11.41932000285429, 45.95139397401131 ], [ 11.419185101851605, 45.95133031727854 ], [ 11.418808337195593, 45.951152705458469 ], [ 11.418389505621152, 45.950969052557426 ], [ 11.418316484005732, 45.950942606891381 ], [ 11.418243529061774, 45.950920660090773 ], [ 11.418150975475942, 45.950899038092196 ], [ 11.418071973929038, 45.950886399662551 ], [ 11.418011344950298, 45.950877872417529 ], [ 11.417981042481543, 45.950878333845559 ], [ 11.417857079897168, 45.950902919118349 ], [ 11.417631815186118, 45.950942068916433 ], [ 11.417497008306926, 45.950975433706873 ], [ 11.417341512266681, 45.951004825880965 ], [ 11.417204569184113, 45.951057316581121 ], [ 11.41699770961397, 45.9511606993782 ], [ 11.416707268094441, 45.951422098877309 ], [ 11.41668850965535, 45.951435816465128 ], [ 11.416658543708479, 45.951461831871384 ], [ 11.416585575089101, 45.95149298723652 ], [ 11.416572238422148, 45.951497859635971 ], [ 11.416496289159133, 45.951534658299146 ], [ 11.416440843485335, 45.951552127722984 ], [ 11.416367980850399, 45.951575084700472 ], [ 11.416282427900569, 45.951572034113596 ], [ 11.416210157089505, 45.951568792557175 ], [ 11.416111012087653, 45.951523187006607 ], [ 11.415961218032878, 45.951431489874757 ], [ 11.415657631672353, 45.951271850968595 ], [ 11.415456491632519, 45.951147667146508 ], [ 11.41491574389662, 45.950741476728062 ], [ 11.413801969998186, 45.949934000443015 ], [ 11.412999487035503, 45.949400933872482 ], [ 11.412585065593914, 45.949127881492323 ], [ 11.412407456159315, 45.949004455297285 ], [ 11.412255835957126, 45.948894160842308 ], [ 11.412189860028862, 45.948845601296156 ], [ 11.412078360426856, 45.94877973183975 ], [ 11.411856340792834, 45.948688384418752 ], [ 11.411665968068428, 45.948574047109567 ], [ 11.411234437500159, 45.948373265043742 ], [ 11.411103989479605, 45.94832561562427 ], [ 11.411032025895244, 45.948290682535934 ], [ 11.410979336411472, 45.94825093233203 ], [ 11.41078831595666, 45.948118606191706 ], [ 11.410715830731144, 45.948065682832322 ], [ 11.410484105967887, 45.947857530859487 ], [ 11.410418588753425, 45.947822461351684 ], [ 11.410366098379756, 45.947796207438266 ], [ 11.410300581307736, 45.947761137786273 ], [ 11.41019579247803, 45.947704125508963 ], [ 11.410050886447529, 45.947602686921201 ], [ 11.409984847956197, 45.947549627125653 ], [ 11.409872831724883, 45.947465765413682 ], [ 11.409635122444946, 45.947280149254105 ], [ 11.409575467854619, 45.947222544323573 ], [ 11.409462015790083, 45.947093619907349 ], [ 11.40943544426124, 45.947066998859604 ], [ 11.409388750550354, 45.947013710694669 ], [ 11.409348829029527, 45.946973780439656 ], [ 11.409262342898831, 45.946880559177792 ], [ 11.40919936046053, 45.946710427794663 ], [ 11.409170834647181, 45.946620844237543 ], [ 11.409163019449471, 45.946571506291846 ], [ 11.409122250049341, 45.946500091998701 ], [ 11.409075292356363, 45.946437718785639 ], [ 11.409027622314095, 45.946352949175683 ], [ 11.409013546990723, 45.946328854608872 ], [ 11.408939374411567, 45.946201171550527 ], [ 11.408781323493191, 45.946091007991299 ], [ 11.408722188801017, 45.946051302622493 ], [ 11.408571887513199, 45.945985978030066 ], [ 11.408250507753225, 45.945801583072999 ], [ 11.408009684149398, 45.945728445571874 ], [ 11.407697557108968, 45.945638449355044 ], [ 11.407553248032004, 45.945559496335136 ], [ 11.407520944961709, 45.945555406850787 ], [ 11.407364656498329, 45.945503707632945 ], [ 11.407299730852008, 45.945491125015678 ], [ 11.407144154594656, 45.945461821766514 ], [ 11.407105211820655, 45.945453371821813 ], [ 11.407001343558139, 45.945432339219501 ], [ 11.406722820833179, 45.945391315156293 ], [ 11.406373118700186, 45.945342249354432 ], [ 11.40596533010366, 45.945289545685888 ], [ 11.405855212095174, 45.945273143833951 ], [ 11.4057969267177, 45.945264920929816 ], [ 11.405686093665993, 45.945226032775899 ], [ 11.405601434086387, 45.945195683834633 ], [ 11.405542892471512, 45.94517855565369 ], [ 11.405477447152256, 45.945147981975715 ], [ 11.405411741740169, 45.945108413305761 ], [ 11.405326631722586, 45.945064662916742 ], [ 11.40516975670096, 45.944990381621871 ], [ 11.40495369193502, 45.944880984314224 ], [ 11.404796363368556, 45.944793211309346 ], [ 11.404600419130613, 45.944710481339193 ], [ 11.40441697831489, 45.944609576685821 ], [ 11.404344763666558, 45.944565644099363 ], [ 11.404285764717526, 45.944534934161929 ], [ 11.404246562980356, 45.944517488171506 ], [ 11.404135406997684, 45.944465104574661 ], [ 11.404083184398884, 45.944438932120903 ], [ 11.404030696253802, 45.944412585222651 ], [ 11.403847063025001, 45.944307183450675 ], [ 11.403782073903352, 45.944290100045038 ], [ 11.403619928776049, 45.944260930168539 ], [ 11.403470286813782, 45.944213585968313 ], [ 11.40334629986117, 45.944165791767233 ], [ 11.403287954374898, 45.944153158564852 ], [ 11.403191054520454, 45.944149976913415 ], [ 11.403100732270238, 45.944146746808897 ], [ 11.403048962695564, 45.944142975621908 ], [ 11.402977983261588, 45.944139518513886 ], [ 11.402939301844556, 45.944140062209129 ], [ 11.402751629608282, 45.944120248484992 ], [ 11.402699989018188, 45.944116474486712 ], [ 11.402577305483161, 45.944113744608671 ], [ 11.402487048830748, 45.944115012925813 ], [ 11.402377709118536, 45.944125502916783 ], [ 11.402319948613693, 45.944135358264198 ], [ 11.40221106289048, 45.944159339374906 ], [ 11.402089158232998, 45.94418359415198 ], [ 11.401960998718963, 45.94421239057241 ], [ 11.40187074190316, 45.944213658373087 ], [ 11.401691266420048, 45.944252173972032 ], [ 11.401621065602674, 45.944275701178384 ], [ 11.401569943969335, 45.944289916698722 ], [ 11.401486654971066, 45.944309128783679 ], [ 11.401454677909152, 45.944318531539245 ], [ 11.401377380067633, 45.944324116753201 ], [ 11.401358235397849, 45.944328929447671 ], [ 11.401293766073419, 45.944329834690585 ], [ 11.401126145755324, 45.944332188173668 ], [ 11.400977864302119, 45.944334224895414 ], [ 11.400952080432841, 45.944334676824468 ], [ 11.400919909082242, 45.944339583268409 ], [ 11.4007860167308, 45.944391000125783 ], [ 11.400678038417189, 45.94445096284111 ], [ 11.400576119006002, 45.94449288700627 ], [ 11.400480519416844, 45.944534768265747 ], [ 11.400365121733882, 45.944554384227551 ], [ 11.400275382996711, 45.944573640891143 ], [ 11.40020505220167, 45.94459716996019 ], [ 11.400070441865504, 45.94462600983033 ], [ 11.400057547877431, 45.944626190728513 ], [ 11.40000700927545, 45.944662894545651 ], [ 11.399988123709747, 45.944676702198421 ], [ 11.399981937982311, 45.944685832670132 ], [ 11.39993758509957, 45.944713406026167 ], [ 11.399841984625217, 45.944755286753072 ], [ 11.39949377017825, 45.94488392870435 ], [ 11.399057169582044, 45.945045297712404 ], [ 11.399019005683483, 45.945063830215183 ], [ 11.398943002224243, 45.945114389193321 ], [ 11.398892915595704, 45.945164583792696 ], [ 11.398830259115902, 45.945228453229845 ], [ 11.398755420626431, 45.945314989606516 ], [ 11.398730474803667, 45.945346835211275 ], [ 11.398718292914634, 45.945369502329044 ], [ 11.39867446098755, 45.945415155229959 ], [ 11.398611350737015, 45.945465533311186 ], [ 11.398529026296544, 45.945516134688489 ], [ 11.398427949371953, 45.945589631016801 ], [ 11.398227464975824, 45.945715527264035 ], [ 11.39819354951214, 45.945736850414484 ], [ 11.398022457428628, 45.945838277844885 ], [ 11.397997445968448, 45.945865624393505 ], [ 11.397915768232789, 45.945943213375003 ], [ 11.39788431146288, 45.945970695219835 ], [ 11.397808952557474, 45.94603924087415 ], [ 11.397733917497584, 45.946121280440302 ], [ 11.3976843468759, 45.946189464816719 ], [ 11.397641355281809, 45.946266601487153 ], [ 11.39762278857051, 45.946293812688396 ], [ 11.397565801680978, 45.946330650836565 ], [ 11.397534081677406, 45.946349047580071 ], [ 11.397528607189612, 45.946380664289848 ], [ 11.397526041970453, 45.946515635781573 ], [ 11.39751489506992, 45.94657428301219 ], [ 11.397479125019411, 45.946678269668773 ], [ 11.397437038453999, 45.946782388775141 ], [ 11.397376384800378, 45.946913719047934 ], [ 11.397357817853242, 45.946940930324885 ], [ 11.3973148251567, 45.947018066856273 ], [ 11.397215746177352, 45.947158933967962 ], [ 11.397178291953965, 45.947199952329719 ], [ 11.397096615152615, 45.947277630566767 ], [ 11.397008617829851, 45.947355351415105 ], [ 11.396964261232414, 45.947382923671583 ], [ 11.396843641215762, 45.947452148474667 ], [ 11.396678986800424, 45.947553438724967 ], [ 11.396584349140547, 45.947626798279288 ], [ 11.396476295201412, 45.947682258310067 ], [ 11.396419047384336, 45.947710100806724 ], [ 11.396265863453779, 45.947766237281456 ], [ 11.395914817745224, 45.947892677506928 ], [ 11.395851184924288, 45.947925063828357 ], [ 11.395787681017191, 45.947957447571433 ], [ 11.395647649219734, 45.948022397867931 ], [ 11.395475834493318, 45.948101335271566 ], [ 11.395310335846123, 45.948180139948001 ], [ 11.395094937572992, 45.948313633758048 ], [ 11.394872899087591, 45.948442766083808 ], [ 11.394619912808162, 45.948617279222731 ], [ 11.394324055714142, 45.948868924711562 ], [ 11.394115356263324, 45.949128103217575 ], [ 11.394039071829654, 45.949235277992848 ], [ 11.393967789885567, 45.949482575636118 ], [ 11.393928891588862, 45.949603997602601 ], [ 11.393908344049619, 45.949645200479189 ], [ 11.393877217957193, 45.949707416307149 ], [ 11.393857800207622, 45.949756875962684 ], [ 11.393851284334639, 45.949788334234022 ], [ 11.393844768894708, 45.949828793065599 ], [ 11.393844643233662, 45.949882798674189 ], [ 11.393831807737392, 45.949932300499242 ], [ 11.393799422171865, 45.949977261631275 ], [ 11.393767165468729, 45.950022220053341 ], [ 11.393741293036911, 45.950053633950247 ], [ 11.393689615067586, 45.950094049036757 ], [ 11.393670263006429, 45.950103095029867 ], [ 11.393618648079762, 45.950121007562323 ], [ 11.39352200292242, 45.950129963032801 ], [ 11.39341238618614, 45.950134329906433 ], [ 11.393270448589803, 45.95012524311263 ], [ 11.393186640811033, 45.950111698079631 ], [ 11.393173737825794, 45.950111698356366 ], [ 11.393089930074444, 45.950098153271675 ], [ 11.393051349550733, 45.950089150975224 ], [ 11.392980380203117, 45.950071106588261 ], [ 11.392890183345436, 45.950053014958939 ], [ 11.39275476422914, 45.950048471196503 ], [ 11.39267740696873, 45.950052881701808 ], [ 11.392580697467471, 45.950066337963783 ], [ 11.392548373776213, 45.950070795194691 ], [ 11.392464499312194, 45.950097663291409 ], [ 11.392374239878489, 45.950129075315871 ], [ 11.392283916002183, 45.950164988858802 ], [ 11.392219337161148, 45.950187492426871 ], [ 11.392090429183162, 45.95023231437758 ], [ 11.392006493885035, 45.95026377366699 ], [ 11.391929072836698, 45.950308687234376 ], [ 11.391870943692838, 45.950349146616539 ], [ 11.391832295857848, 45.950380557537585 ], [ 11.391793522836165, 45.950412061076378 ], [ 11.391664421252353, 45.950479387845597 ], [ 11.391528869899563, 45.950555759889305 ], [ 11.391438545006167, 45.950609673763957 ], [ 11.391399832226989, 45.9506365857075 ], [ 11.391315960553582, 45.950681543858209 ], [ 11.391232024259121, 45.950722003198479 ], [ 11.391180472503953, 45.950744413515054 ], [ 11.391128791754291, 45.950775827007298 ], [ 11.391051304989324, 45.950825241580773 ], [ 11.390980400396955, 45.950874698401371 ], [ 11.390831879445258, 45.950946570807517 ], [ 11.390767423950852, 45.95096898109658 ], [ 11.39069000088519, 45.950995892871518 ], [ 11.390612513330938, 45.951036306691087 ], [ 11.390580317800268, 45.951049761176222 ], [ 11.39052225128515, 45.951076717766213 ], [ 11.390457735036266, 45.951112719829403 ], [ 11.390419021396198, 45.951130630924204 ], [ 11.390386761282018, 45.951148586939517 ], [ 11.390347987021288, 45.951162089002679 ], [ 11.390199657846278, 45.951193454363711 ], [ 11.390148378575896, 45.95120721801522 ], [ 11.390115848886332, 45.951215909074698 ], [ 11.389877127988802, 45.951269686493006 ], [ 11.389819125638502, 45.951274140145202 ], [ 11.389722409481186, 45.951269503119441 ], [ 11.389703056471028, 45.951269547962809 ], [ 11.389683699594393, 45.951269502878795 ], [ 11.389634406916665, 45.951269453994328 ], [ 11.389599826238086, 45.951269457350293 ], [ 11.38952246698099, 45.951273865750778 ], [ 11.389483821471687, 45.951278364344631 ], [ 11.389445111269374, 45.951287364527552 ], [ 11.389419236262572, 45.951291775980927 ], [ 11.38937407243589, 45.951309731620043 ], [ 11.389361233502919, 45.951314230404577 ], [ 11.389270906113707, 45.95133214061768 ], [ 11.38923074190814, 45.951334330750932 ], [ 11.389190881967895, 45.951337594591806 ], [ 11.388462138220428, 45.951431498564332 ], [ 11.388371810278469, 45.951449408073536 ], [ 11.388326088125309, 45.951457384434313 ], [ 11.388268707813953, 45.951467314598069 ], [ 11.38819121849715, 45.951489725757895 ], [ 11.387997787672841, 45.95152554142885 ], [ 11.387913913075266, 45.951543495680923 ], [ 11.387862299193918, 45.951552495050564 ], [ 11.387823649471301, 45.951556903164494 ], [ 11.38773971095312, 45.951561357878688 ], [ 11.387681707934815, 45.951565810457375 ], [ 11.387572156243378, 45.951565760136148 ], [ 11.387462535512222, 45.951579121893367 ], [ 11.387417307057978, 45.951583577361113 ], [ 11.387294851792705, 45.951583526439741 ], [ 11.38724968803294, 45.95158348024043 ], [ 11.387043355144353, 45.95158329181492 ], [ 11.386398485168819, 45.951632317483906 ], [ 11.386355178562853, 45.951621431536708 ], [ 11.386308223508664, 45.951609721739786 ], [ 11.386243836822274, 45.951591715695216 ], [ 11.386114865986285, 45.951560117865263 ], [ 11.386024606114331, 45.951519520761423 ], [ 11.385966734857586, 45.951487967734508 ], [ 11.385895771165098, 45.951452007885479 ], [ 11.385844549777541, 45.951434086636468 ], [ 11.385715383379848, 45.951388901665922 ], [ 11.385631642565869, 45.951343847988959 ], [ 11.385573642691785, 45.951312297338013 ], [ 11.385496420534807, 45.95126278719416 ], [ 11.385418999218995, 45.951235692335509 ], [ 11.385351845757729, 45.951213333326017 ], [ 11.385283645559177, 45.951190636079879 ], [ 11.38519338508727, 45.951168039457706 ], [ 11.384935644230779, 45.951100426780087 ], [ 11.384819643350966, 45.951064326421175 ], [ 11.384761162524677, 45.951042596082303 ], [ 11.384613388528393, 45.950987717767809 ], [ 11.384497453027743, 45.950947115467621 ], [ 11.38440719327218, 45.950924518207714 ], [ 11.384387905289177, 45.950920060543602 ], [ 11.384349192700167, 45.950910968047403 ], [ 11.38430403330034, 45.950911010596705 ], [ 11.384252478452588, 45.950933417842862 ], [ 11.384180785798028, 45.950940584506938 ], [ 11.384161427987989, 45.950949539002927 ], [ 11.384129230871372, 45.95096299169888 ], [ 11.384006644948595, 45.950989941468485 ], [ 11.383903476789603, 45.951012345634901 ], [ 11.383755080206013, 45.951039203781306 ], [ 11.383619653974968, 45.951043559836243 ], [ 11.383503649571935, 45.951043460221499 ], [ 11.383489618951391, 45.951110446637394 ], [ 11.383479549830405, 45.951197601636594 ], [ 11.383479346904741, 45.951274110092903 ], [ 11.383455057483484, 45.951285417491775 ], [ 11.383382560488132, 45.951318971890856 ], [ 11.383279324168022, 45.951363878169104 ], [ 11.383188925997116, 45.951413286882811 ], [ 11.383169567858813, 45.951422241216235 ], [ 11.383137367717001, 45.951453694686599 ], [ 11.383105037587914, 45.951494151355739 ], [ 11.383072639985052, 45.951557110663686 ], [ 11.383066181608108, 45.951593067371064 ], [ 11.383066178048539, 45.951620069038064 ], [ 11.383033715277856, 45.951687529941175 ], [ 11.383020742019367, 45.951728032797391 ], [ 11.383014351041313, 45.951741486855035 ], [ 11.382988468058148, 45.951799899990576 ], [ 11.382962587679661, 45.951867403670462 ], [ 11.382949547824687, 45.951894317158057 ], [ 11.382923733627559, 45.951948318599641 ], [ 11.382904241495135, 45.951993277664826 ], [ 11.382891398212188, 45.952024777297439 ], [ 11.382884813184896, 45.95204273564282 ], [ 11.3828396316973, 45.952141603616646 ], [ 11.382820072989341, 45.952200064797687 ], [ 11.382787739755184, 45.95225852242698 ], [ 11.382761860167927, 45.952317025440259 ], [ 11.382703640776734, 45.952451897277093 ], [ 11.382671169523057, 45.952546269724238 ], [ 11.382625928552009, 45.952631728108734 ], [ 11.382574301294188, 45.952694638324211 ], [ 11.38252899876465, 45.95275759661142 ], [ 11.382516087427172, 45.952784507365024 ], [ 11.382490143355232, 45.952838511409176 ], [ 11.382477234565652, 45.952874512708455 ], [ 11.382464258078695, 45.952905925061593 ], [ 11.382457740495935, 45.952928472225118 ], [ 11.382438367614958, 45.953009340688105 ], [ 11.38243184744824, 45.953049888891968 ], [ 11.382431710827568, 45.95307680321875 ], [ 11.38240583309031, 45.953117305220935 ], [ 11.382367175320477, 45.953166714121267 ], [ 11.382206759570268, 45.953253494133264 ], [ 11.382192890333453, 45.953261073762398 ], [ 11.381876568132435, 45.95347666145495 ], [ 11.38168936926647, 45.953597931049003 ], [ 11.381644704400232, 45.953636664457171 ], [ 11.381624772436391, 45.953656341074954 ], [ 11.381508555584785, 45.953741748561754 ], [ 11.381489196218514, 45.95375070263124 ], [ 11.381431122383306, 45.953777654735951 ], [ 11.381256839740258, 45.953836010913996 ], [ 11.381101972792877, 45.953907822981719 ], [ 11.38104389860071, 45.953934774895721 ], [ 11.380998793527803, 45.953957226227821 ], [ 11.380805006727673, 45.954087452155456 ], [ 11.380695239346279, 45.954163814004097 ], [ 11.380611414057809, 45.954231264552106 ], [ 11.380572629731676, 45.954253673994273 ], [ 11.380488679998891, 45.954294125568005 ], [ 11.380450168465249, 45.954310858973514 ], [ 11.380225256871292, 45.954398350233909 ], [ 11.379947857558204, 45.954528786784451 ], [ 11.379657743611752, 45.95467271835097 ], [ 11.379444858873725, 45.954821160760474 ], [ 11.3792900927502, 45.955009974634343 ], [ 11.379260014918509, 45.955045883029292 ], [ 11.379154564219482, 45.955171926184477 ], [ 11.378980454471844, 45.955315869928064 ], [ 11.378812848492359, 45.955509270770946 ], [ 11.378606408579657, 45.955657667491103 ], [ 11.37851611490496, 45.955770073605166 ], [ 11.37843220752865, 45.955896027525526 ], [ 11.378406421966348, 45.956071443911199 ], [ 11.378258126341445, 45.956170386744994 ], [ 11.378096846415817, 45.956318742256727 ], [ 11.378019379901234, 45.956480653735106 ], [ 11.378012945740547, 45.956683118763927 ], [ 11.378012827213137, 45.956894452800853 ], [ 11.37796772867085, 45.957146325326903 ], [ 11.377941949026185, 45.957303830479503 ], [ 11.377941869819796, 45.957353244909378 ], [ 11.377941834282158, 45.957497163443485 ], [ 11.377941794805443, 45.957659083135162 ], [ 11.377941820798624, 45.957816501112347 ], [ 11.377967537460274, 45.957947012969917 ], [ 11.378064304669541, 45.95802798303464 ], [ 11.3780964645357, 45.958176361700311 ], [ 11.37803796671173, 45.95823878279532 ], [ 11.377986873861648, 45.958293309292714 ], [ 11.377948188954639, 45.958432722179715 ], [ 11.377883566823693, 45.958563134448418 ], [ 11.377883564841039, 45.958572134975647 ], [ 11.377877167800618, 45.958621680804001 ], [ 11.377864236909639, 45.958720595296718 ], [ 11.37777385752676, 45.958900506294512 ], [ 11.377689985668102, 45.959111873468814 ], [ 11.377502932688703, 45.959336728706639 ], [ 11.377341615167829, 45.959602090253462 ], [ 11.377180441313383, 45.959813535670413 ], [ 11.377006240920924, 45.959970888885465 ], [ 11.37691601519543, 45.960042880063085 ], [ 11.376690191483208, 45.960200226975452 ], [ 11.376516057770196, 45.960353167909972 ], [ 11.376399934929976, 45.960492571024034 ], [ 11.376264518500593, 45.960636515685387 ], [ 11.376180535690159, 45.960757969067707 ], [ 11.376096675512077, 45.960888330416743 ], [ 11.376057997180375, 45.960991830435894 ], [ 11.376064420932554, 45.96109979271867 ], [ 11.3761353714465, 45.961198672301116 ], [ 11.376219096109503, 45.96132464768877 ], [ 11.376232056376608, 45.961365150280017 ], [ 11.376244883112943, 45.961423656610911 ], [ 11.376309440144949, 45.961554080861241 ], [ 11.376372164679704, 45.961644670956296 ], [ 11.376399680095034, 45.961684510720275 ], [ 11.376444760867038, 45.961778978106835 ], [ 11.376470544518355, 45.961877897037141 ], [ 11.376464054635948, 45.962021859843546 ], [ 11.376367284684248, 45.96217931126224 ], [ 11.376231858009511, 45.962332166532981 ], [ 11.376154446146218, 45.962480574623378 ], [ 11.376096261368136, 45.962647033819572 ], [ 11.376076926221383, 45.962786403511238 ], [ 11.376076901494669, 45.962885409305066 ], [ 11.376051115118901, 45.963024823168361 ], [ 11.375928543567476, 45.963128267948612 ], [ 11.375767328101569, 45.963191204092347 ], [ 11.375683397096946, 45.963344157761171 ], [ 11.375702720611972, 45.963461032138923 ], [ 11.375747869690871, 45.963541997637776 ], [ 11.375780096637412, 45.963685965099288 ], [ 11.37572191650823, 45.963825422539813 ], [ 11.375644503657266, 45.963964829789568 ], [ 11.375599423693272, 45.9640997845013 ], [ 11.375534850916535, 45.964243695006701 ], [ 11.375534877815188, 45.964374111372301 ], [ 11.375670248209785, 45.964437089718608 ], [ 11.375792771097137, 45.964522566385654 ], [ 11.375786347316692, 45.964653026900038 ], [ 11.375779876175605, 45.964715984920339 ], [ 11.375805592328343, 45.964828406078588 ], [ 11.375857191119136, 45.964936418717478 ], [ 11.375921701870739, 45.965008340986472 ], [ 11.375934507380045, 45.965138761574316 ], [ 11.375940953573348, 45.965174809418322 ], [ 11.375953824787643, 45.965300728500303 ], [ 11.376095758232257, 45.965444664230667 ], [ 11.376147286552436, 45.965566088905838 ], [ 11.376153709146219, 45.965683051612949 ], [ 11.376218210146783, 45.965799976187306 ], [ 11.37623747411927, 45.965921442020942 ], [ 11.376278386066483, 45.966002855337457 ], [ 11.376282623914962, 45.966011407639506 ], [ 11.376308416114046, 45.966083324942701 ], [ 11.3763019388944, 45.966173284533475 ], [ 11.376295474263687, 45.966227331859088 ], [ 11.376295518465804, 45.966294744501262 ], [ 11.376243788687326, 45.966434157978071 ], [ 11.376237427106432, 45.966578117901406 ], [ 11.37619299680277, 45.966670937058858 ], [ 11.37617924980842, 45.96669957450522 ], [ 11.37613412810409, 45.966740025151893 ], [ 11.376121216721609, 45.966758024649472 ], [ 11.376030917863398, 45.966816515849011 ], [ 11.376005095609866, 45.966834423854039 ], [ 11.375843807882426, 45.966901951802789 ], [ 11.375655718308687, 45.966967516875513 ], [ 11.375431005513139, 45.967027812775221 ], [ 11.375237503065813, 45.967126791363064 ], [ 11.375063286710342, 45.967239139472895 ], [ 11.374921336090262, 45.967378627879036 ], [ 11.374908483598311, 45.967401036244794 ], [ 11.374753627476787, 45.967531522355429 ], [ 11.374598824975269, 45.967684418316338 ], [ 11.374476170200655, 45.967810364361604 ], [ 11.374366547081681, 45.967936219524184 ], [ 11.374295517802954, 45.96807117285384 ], [ 11.374256749508575, 45.968224086711366 ], [ 11.374192219485773, 45.968417498068433 ], [ 11.374186546252847, 45.968432736770723 ], [ 11.374121299158128, 45.968606361841658 ], [ 11.374069673024888, 45.968808775423874 ], [ 11.374034765864884, 45.968888975035028 ], [ 11.374005025509154, 45.968957186741243 ], [ 11.373966387394743, 45.969101097197559 ], [ 11.373940525129639, 45.969254012730488 ], [ 11.373901771787221, 45.969362013673866 ], [ 11.373850167498142, 45.969483422442089 ], [ 11.373766232499472, 45.96960037263721 ], [ 11.373656608364493, 45.969726317103806 ], [ 11.373566209162732, 45.969870222865275 ], [ 11.373559722077875, 45.969978183389415 ], [ 11.373553303368162, 45.970072641681568 ], [ 11.373540350001038, 45.970216558425683 ], [ 11.373488670547834, 45.970369470218358 ], [ 11.373417742803221, 45.970567334117455 ], [ 11.373385423844017, 45.970729294101055 ], [ 11.373372425229583, 45.970805708130676 ], [ 11.373346698799981, 45.970940709732915 ], [ 11.37332082504301, 45.971111536252117 ], [ 11.37323041488359, 45.97128244334683 ], [ 11.373141730682276, 45.971406152161308 ], [ 11.373127236799332, 45.9714264342972 ], [ 11.373043285739822, 45.971570295654047 ], [ 11.372972243532395, 45.971723249386102 ], [ 11.372888417912907, 45.971876108587622 ], [ 11.3728560553495, 45.971961565217121 ], [ 11.372804498665996, 45.972123474573287 ], [ 11.37276565912952, 45.972289979905142 ], [ 11.372765617165676, 45.972415897411182 ], [ 11.372739892998162, 45.972523807286429 ], [ 11.372655917471482, 45.972739672674486 ], [ 11.37255271785579, 45.972928575841713 ], [ 11.372520365109441, 45.972978030293937 ], [ 11.372423565991859, 45.973135478786382 ], [ 11.372320367680054, 45.973315381133723 ], [ 11.372326754843151, 45.973513258832696 ], [ 11.37236537183607, 45.973643683755235 ], [ 11.372378230418034, 45.973805695098982 ], [ 11.372378179384027, 45.973958614158079 ], [ 11.37237166655313, 45.974129488327421 ], [ 11.372378350952838, 45.974180202133738 ], [ 11.372391046407351, 45.974277953537488 ], [ 11.372390992689551, 45.974439873105801 ], [ 11.372390873119148, 45.974606294269705 ], [ 11.372397414742274, 45.974723164444256 ], [ 11.37248768587693, 45.974808684307433 ], [ 11.372597318661628, 45.974894161887264 ], [ 11.372648851865463, 45.975006587412096 ], [ 11.372713303326423, 45.975101103793705 ], [ 11.372822925115976, 45.97521349276731 ], [ 11.372906804467501, 45.975303465281847 ], [ 11.372939111328678, 45.975397929093148 ], [ 11.372964770929306, 45.97549694120103 ], [ 11.373003472931119, 45.975568861101237 ], [ 11.373022821233219, 45.975613821512674 ], [ 11.373042239226804, 45.975654370246176 ], [ 11.373042222098666, 45.975699282909744 ], [ 11.37304867323253, 45.975717329833429 ], [ 11.373049283243047, 45.975743688516381 ], [ 11.373048645494526, 45.975798244670557 ], [ 11.373048561093825, 45.975865749890893 ], [ 11.373039957590802, 45.975921191450539 ], [ 11.373009877978925, 45.976126576908591 ], [ 11.372932302521219, 45.976301987365176 ], [ 11.372777529309939, 45.976477381061116 ], [ 11.37326562659379, 45.980977913626695 ], [ 11.373181650616528, 45.981483953906825 ], [ 11.373171695579545, 45.982126973484952 ], [ 11.373170651038238, 45.982193148521233 ], [ 11.373211707428471, 45.982389495652882 ], [ 11.373344790967668, 45.982989941431441 ], [ 11.373598739180368, 45.983491120906471 ], [ 11.37491319532614, 45.983787098289426 ], [ 11.376567419137054, 45.984054481396292 ], [ 11.377198245267515, 45.984310739708746 ], [ 11.378323090812852, 45.98415799027979 ], [ 11.379262426332225, 45.983475636627979 ], [ 11.381500508682061, 45.983623050933453 ], [ 11.383576491653843, 45.982523640094513 ], [ 11.384346067289787, 45.982399844627771 ], [ 11.385842129899459, 45.982594880531359 ], [ 11.386708995598783, 45.982932380756345 ], [ 11.387386159990411, 45.982821296022827 ], [ 11.388079457103728, 45.9823649723035 ], [ 11.389298122181929, 45.9820539052794 ], [ 11.391710816625613, 45.981583095565284 ], [ 11.3923478862054, 45.980901651296833 ], [ 11.393040487690497, 45.980790119629773 ], [ 11.394278362299232, 45.980387062054639 ], [ 11.395951904364619, 45.98038428542602 ], [ 11.398477525411227, 45.980196548647264 ], [ 11.399282172543654, 45.980168850918581 ], [ 11.400077513063968, 45.979925871865035 ], [ 11.400929522027193, 45.979918768540529 ], [ 11.401626045568984, 45.980259735656553 ], [ 11.40253743123546, 45.980908676096981 ], [ 11.403525624272188, 45.980823265291981 ], [ 11.404148140612936, 45.980885589608683 ], [ 11.405064783584766, 45.981297326939128 ], [ 11.405895187456855, 45.981506202599356 ], [ 11.406315016798176, 45.981896080496909 ], [ 11.406733061971627, 45.981887273773054 ], [ 11.406787974373037, 45.981724468451212 ], [ 11.407353459826853, 45.981540104012808 ], [ 11.408117757402101, 45.981653331608243 ], [ 11.408404304680952, 45.981830450119993 ], [ 11.408837299154657, 45.982166218423558 ], [ 11.410876884978503, 45.982026166946952 ], [ 11.411576473620523, 45.982076023694901 ], [ 11.412219212194584, 45.981890094240924 ], [ 11.412484380538714, 45.981571908350311 ], [ 11.412924059602332, 45.980991542307606 ], [ 11.413757321283919, 45.980909225300429 ], [ 11.415661287757075, 45.980769073682332 ], [ 11.415882273924108, 45.980664405096391 ], [ 11.416060062901579, 45.980578740751263 ], [ 11.41618563246613, 45.980485720203092 ], [ 11.416308537712331, 45.980349283516958 ], [ 11.416354906010151, 45.980299340179222 ], [ 11.416493517242948, 45.980206403334513 ], [ 11.416733928398122, 45.980091331756448 ], [ 11.416921318324802, 45.980021663779375 ], [ 11.417140923655763, 45.979977325182361 ], [ 11.417363575836752, 45.979967393473103 ], [ 11.417595247861241, 45.979998582579519 ], [ 11.417858959383263, 45.980089576212535 ], [ 11.418108700123302, 45.980242158251571 ], [ 11.418295822757035, 45.980433147284913 ], [ 11.418450748607919, 45.98058737560833 ], [ 11.418686507443303, 45.980813066155704 ], [ 11.418974658471313, 45.981032246507688 ], [ 11.419123827739527, 45.98112242248893 ], [ 11.419328361332944, 45.981235817109365 ], [ 11.41954959093586, 45.981326446468657 ], [ 11.419758474136856, 45.981352983599955 ], [ 11.419843839942915, 45.981332904365345 ], [ 11.420034663611421, 45.981247227725866 ], [ 11.420272832739515, 45.981045251597315 ], [ 11.420445714399172, 45.980838267994535 ], [ 11.420601780578027, 45.980663142177853 ], [ 11.420780319895604, 45.980517871374197 ], [ 11.421007493316711, 45.980407301530988 ], [ 11.421208068502141, 45.98032627638981 ], [ 11.421436706283481, 45.980352931876574 ], [ 11.421659079143335, 45.980354338295186 ], [ 11.421774241008331, 45.980307074472897 ], [ 11.421810581296079, 45.980273002318668 ], [ 11.421841003019468, 45.980206833958007 ], [ 11.421907199601673, 45.980140987175567 ], [ 11.42203504826103, 45.980121175654034 ], [ 11.422133342018599, 45.980110451094205 ], [ 11.422747605870537, 45.98015790815294 ], [ 11.423253175842449, 45.980279491425456 ], [ 11.424157536118461, 45.980318176643863 ], [ 11.424229097803325, 45.980339789209026 ], [ 11.424487891696222, 45.980368138633096 ], [ 11.424597836514215, 45.980375885640967 ], [ 11.424843796057349, 45.98040891689439 ], [ 11.424889222872288, 45.980417403098464 ], [ 11.425348947182613, 45.980479377119288 ], [ 11.425797826071884, 45.980626994138511 ], [ 11.425998090131486, 45.980633541832148 ], [ 11.426172089761643, 45.98062696628881 ], [ 11.426353266648928, 45.980642829207284 ], [ 11.426599559816799, 45.980689350292572 ], [ 11.426877244764182, 45.980694971845317 ], [ 11.4270509126235, 45.980674901308596 ], [ 11.427289227788298, 45.980654086900394 ], [ 11.42760383483315, 45.980591778648211 ], [ 11.42770639957793, 45.980563587619898 ], [ 11.427802511220513, 45.98053544364236 ], [ 11.427899286628826, 45.980534286880662 ], [ 11.427912188685394, 45.980534102666297 ], [ 11.428015085043123, 45.980519405014164 ], [ 11.42817631088305, 45.980513007912926 ], [ 11.428312460077018, 45.980538375277611 ], [ 11.42887994130559, 45.980522530455907 ], [ 11.429105219872215, 45.98050180943185 ], [ 11.429351046774977, 45.980525833323981 ], [ 11.429623346453306, 45.980576565061128 ], [ 11.429792754401337, 45.980642085403311 ], [ 11.430088062496681, 45.980840924467657 ], [ 11.430475762387722, 45.981124201529404 ], [ 11.430862468464891, 45.981366996310783 ], [ 11.431082760123198, 45.981400380419529 ], [ 11.431249839512287, 45.981371353235311 ], [ 11.431794716220612, 45.981225378125608 ], [ 11.432173635708674, 45.981148817504824 ], [ 11.432360068915457, 45.981119556631654 ], [ 11.432437489884416, 45.981118628123482 ], [ 11.432568256280799, 45.981189017368337 ], [ 11.432851272536618, 45.98115418875657 ], [ 11.433019016383309, 45.981152146232617 ], [ 11.433102754317565, 45.98114217226582 ], [ 11.43319321340622, 45.981150056012716 ], [ 11.433257065733821, 45.981122324552324 ], [ 11.43337153091562, 45.981053462732319 ], [ 11.433415554582036, 45.981003382380912 ], [ 11.433434644600405, 45.980994155260717 ], [ 11.433544326554836, 45.980992898780471 ], [ 11.433768870217904, 45.980940682563556 ], [ 11.434117595989294, 45.980949993200902 ], [ 11.434388567884827, 45.980946739048633 ], [ 11.434576136050229, 45.9809669529443 ], [ 11.434647702371427, 45.980988558880249 ], [ 11.434839068679066, 45.98115719923743 ], [ 11.435020052178373, 45.981168552284593 ], [ 11.435097541159692, 45.981172120756071 ], [ 11.435104589288578, 45.9811944716838 ], [ 11.435119231719071, 45.981266343311056 ], [ 11.43511963356285, 45.981284335786896 ], [ 11.435126681716689, 45.981306686712429 ], [ 11.435139989685833, 45.981324583970284 ], [ 11.435153157285221, 45.981333393745402 ], [ 11.435308401318158, 45.981349525251929 ], [ 11.435502022076893, 45.981351697659555 ], [ 11.435527758201097, 45.981346828725407 ], [ 11.435662847017381, 45.981327297590916 ], [ 11.435733549407006, 45.981317419625285 ], [ 11.435836706430159, 45.981311619825753 ], [ 11.435939738540393, 45.981305912601293 ], [ 11.436049750711922, 45.981318057370295 ], [ 11.43616695204866, 45.981361640361435 ], [ 11.436218834261121, 45.981370074391414 ], [ 11.436251425596797, 45.981383150037004 ], [ 11.436316680720664, 45.981413889994286 ], [ 11.436454698590619, 45.981511121643351 ], [ 11.436546361837642, 45.981564069398139 ], [ 11.436826594557871, 45.981677618023461 ], [ 11.437150253277069, 45.981718685752945 ], [ 11.437547567906609, 45.981843595442591 ], [ 11.437851601524724, 45.981846377934289 ], [ 11.438129125301938, 45.981889327493676 ], [ 11.438403118365306, 45.981945942556642 ], [ 11.438860005869101, 45.982022053447835 ], [ 11.43913742849602, 45.982062662593336 ], [ 11.439509686450085, 45.982110786337842 ], [ 11.439996788134849, 45.982125224254993 ], [ 11.440409163286549, 45.982104984644643 ], [ 11.440641646480067, 45.982083636908548 ], [ 11.440844824540539, 45.982050584230528 ], [ 11.441011759350545, 45.982044767048052 ], [ 11.441201924019634, 45.982009381676349 ], [ 11.441375571071738, 45.981982989452298 ], [ 11.441611722368519, 45.981936450033601 ], [ 11.441834731120876, 45.981887580924287 ], [ 11.442149968449046, 45.981795787444248 ], [ 11.442373088718949, 45.981737734416775 ], [ 11.442629208305362, 45.981663854544763 ], [ 11.442990214241517, 45.981567749886032 ], [ 11.443209991692324, 45.981518857182294 ], [ 11.443632856696048, 45.981443748696101 ], [ 11.444045931929514, 45.98136623795974 ], [ 11.444390691873517, 45.981267776305714 ], [ 11.44470573619742, 45.981180570219259 ], [ 11.44487918074832, 45.981170197825882 ], [ 11.44517996310811, 45.981181310802484 ], [ 11.44537676382458, 45.98114136618188 ], [ 11.445577360091425, 45.981055707572835 ], [ 11.445811323867396, 45.980924511734081 ], [ 11.446136629521131, 45.980800720075301 ], [ 11.446285955884328, 45.980782131435667 ], [ 11.446380102972036, 45.980785785533044 ], [ 11.446565095842606, 45.980873448514899 ], [ 11.446768123794769, 45.980974855536793 ], [ 11.446965192562843, 45.981090430688774 ], [ 11.447403674052236, 45.981401994075618 ], [ 11.447768772953754, 45.981644924559582 ], [ 11.448000898114781, 45.981797098679394 ], [ 11.448064635576582, 45.981834254782754 ], [ 11.448161471213494, 45.981840279922174 ], [ 11.448271384790733, 45.981820823369638 ], [ 11.448404043041373, 45.981790168653504 ], [ 11.448846366520334, 45.981641179822034 ], [ 11.448935214296148, 45.981600753101041 ], [ 11.44904137579657, 45.981613327916776 ], [ 11.449142587788764, 45.981654180227387 ], [ 11.44916847308493, 45.98167027611521 ], [ 11.449262560332725, 45.981777884668254 ], [ 11.449231322175672, 45.982000416163842 ], [ 11.449209026335176, 45.982179823565069 ], [ 11.449190650012605, 45.982333945707538 ], [ 11.449199548065653, 45.982421509517337 ], [ 11.449344215643528, 45.982560615217153 ], [ 11.44959609823734, 45.982788776438525 ], [ 11.44988476730299, 45.983051790024838 ], [ 11.450173494686467, 45.983316061689543 ], [ 11.450554742117628, 45.9836756430592 ], [ 11.450998923929976, 45.983694284918762 ], [ 11.451674606757306, 45.983704356582798 ], [ 11.451962556670049, 45.983722747471695 ], [ 11.452199064082597, 45.983830446550215 ], [ 11.452532886802283, 45.983858471908782 ], [ 11.452785779159207, 45.983881123573404 ], [ 11.453143753429508, 45.983999893218737 ], [ 11.453446556663415, 45.984123536997288 ], [ 11.453624823025175, 45.984219163294021 ], [ 11.453835457106019, 45.984334345182113 ], [ 11.453903746044794, 45.984375000436067 ], [ 11.454053894301888, 45.984497511451359 ], [ 11.454231058162906, 45.984658684001076 ], [ 11.454462284962455, 45.98489204847786 ], [ 11.454619219040506, 45.985068685868036 ], [ 11.454691247717619, 45.985153002564843 ], [ 11.454733907725275, 45.985203838546546 ], [ 11.454887799160009, 45.985542279457199 ], [ 11.455066752045337, 45.985895572227442 ], [ 11.455160475257591, 45.986029555069791 ], [ 11.455535130893635, 45.98634110879982 ], [ 11.455709605409965, 45.986534648510506 ], [ 11.455849201456704, 45.986824072726961 ], [ 11.456082975604616, 45.987438549041315 ], [ 11.456164083415386, 45.987599533553968 ], [ 11.456338407641807, 45.987847888340958 ], [ 11.456861795401087, 45.988532098997624 ], [ 11.457099565236375, 45.988828050547674 ], [ 11.457310855103994, 45.989062468018069 ], [ 11.457442719706593, 45.989139015541298 ], [ 11.4577576076159, 45.98926643797013 ], [ 11.458228300086231, 45.989419038380184 ], [ 11.458476174524455, 45.989491017969726 ], [ 11.45948686304498, 45.990042861675953 ], [ 11.460390349323479, 45.990544082601289 ], [ 11.461953668303398, 45.991437898497225 ], [ 11.462014263963949, 45.991700666272884 ], [ 11.462024413757405, 45.992147770542758 ], [ 11.462033931898789, 45.992472932263162 ], [ 11.462144474995794, 45.992880610776581 ], [ 11.462324123896828, 45.993320731425833 ], [ 11.462341312039445, 45.993489839683413 ], [ 11.46214935734633, 45.994422644914067 ], [ 11.462041018734634, 45.995048531866352 ], [ 11.462019319107796, 45.99510372243369 ], [ 11.462762260357211, 45.995011203762402 ], [ 11.463342803296817, 45.994937393220127 ], [ 11.463938696652242, 45.994854518178919 ], [ 11.464472151039329, 45.994781807443964 ], [ 11.465075266222357, 45.994716231544395 ], [ 11.465470621521472, 45.994712109583205 ], [ 11.465996229950003, 45.994814530174004 ], [ 11.466358858944991, 45.995064834629758 ], [ 11.466843616130728, 45.995378204001305 ], [ 11.467137747723593, 45.99563871558275 ], [ 11.467328403201623, 45.995831527878714 ], [ 11.467579910981948, 45.996239846497438 ], [ 11.46767964448749, 45.996409150788715 ], [ 11.467754691129201, 45.996627320852028 ], [ 11.467860922185595, 45.997026896496259 ], [ 11.467981793771322, 45.997505899751971 ], [ 11.468032125210767, 45.997688061716957 ], [ 11.468359459966912, 45.997687199441557 ], [ 11.468802512047567, 45.997680685253471 ], [ 11.469305636104032, 45.997677551061884 ], [ 11.470398127908704, 45.997667880879511 ], [ 11.471030605592022, 45.997666621855153 ], [ 11.471917153912603, 45.997672282346791 ], [ 11.473431921915438, 45.997676755784809 ], [ 11.474394884977102, 45.997693163056901 ], [ 11.477347844056712, 45.997765788019692 ], [ 11.479487849951168, 45.9978063024422 ], [ 11.480567872805173, 45.998401636573853 ], [ 11.481245795336012, 45.998763762691958 ], [ 11.48177280552042, 45.999025928296057 ], [ 11.481977724451198, 45.999132001841474 ], [ 11.482875834155209, 45.99939257905811 ], [ 11.483199153487814, 46.000885927734849 ], [ 11.48477340272431, 46.002158832273629 ], [ 11.485135380100987, 46.003562139609123 ], [ 11.486705099883025, 46.004731250519754 ], [ 11.487933875235102, 46.006397930455208 ], [ 11.488944522252604, 46.008440708321359 ], [ 11.490689435998815, 46.007793615936656 ], [ 11.491940979566728, 46.009014053540596 ], [ 11.492833069368695, 46.009365948246774 ], [ 11.493478362564749, 46.009931223583095 ], [ 11.496965289081729, 46.009052937978723 ], [ 11.498996719071378, 46.009213636258401 ], [ 11.498996760482301, 46.009257557536387 ], [ 11.500952471920733, 46.009554884133429 ], [ 11.502113150105469, 46.011131727314549 ], [ 11.502517814844753, 46.011002166925067 ], [ 11.502864407417771, 46.01133470062863 ], [ 11.504100799853388, 46.011439370963124 ], [ 11.506763776312509, 46.011315081646408 ], [ 11.507213322090156, 46.010778419414862 ], [ 11.509003868385479, 46.01126590241104 ], [ 11.510211404375259, 46.012128348352654 ], [ 11.51053982675106, 46.012406445219547 ], [ 11.511063383638277, 46.012460820884584 ], [ 11.51136400996837, 46.012124975695443 ], [ 11.512228955612018, 46.011699856545228 ], [ 11.512212048505729, 46.010975872002263 ], [ 11.512752674817332, 46.010711608544412 ], [ 11.513916518032781, 46.010609137928157 ], [ 11.514376958578673, 46.010664887364456 ], [ 11.515831116400827, 46.010347556181863 ], [ 11.516760593534354, 46.009953922875503 ], [ 11.517447556028133, 46.009433950144739 ], [ 11.5177665439312, 46.00950378369788 ], [ 11.518176819228401, 46.009845937990228 ], [ 11.518823541766393, 46.010314553966936 ], [ 11.520940982135834, 46.011850664492655 ], [ 11.52151685400119, 46.011649214944612 ], [ 11.5224962092848, 46.012048723976946 ], [ 11.52298166761577, 46.012154198868757 ], [ 11.524421717134611, 46.011657690753495 ], [ 11.526103018047406, 46.012332009077845 ], [ 11.527146489230242, 46.01184423571582 ], [ 11.527839959022693, 46.011930597096786 ], [ 11.528222348273813, 46.012067311926721 ], [ 11.528940303388428, 46.011775555669708 ], [ 11.529781562713028, 46.011437411936356 ], [ 11.530104548266264, 46.011648069658854 ], [ 11.530875297315365, 46.012052127157716 ], [ 11.531948768678319, 46.011766965422552 ], [ 11.533382700510566, 46.012054689376249 ], [ 11.534228658745766, 46.012732920200932 ], [ 11.534454693101198, 46.013105474539799 ], [ 11.53586446482554, 46.012406173377393 ], [ 11.536780553365727, 46.012792473747147 ], [ 11.537853811977612, 46.012957463906012 ], [ 11.538461502367676, 46.013452217183932 ], [ 11.538952659949329, 46.014138296723111 ], [ 11.540551014536126, 46.014364133063431 ], [ 11.542603349250632, 46.014463737236547 ], [ 11.543768410021782, 46.014350674533432 ], [ 11.5438162776863, 46.011750186483575 ], [ 11.543914020315979, 46.011602832354335 ], [ 11.544588596621814, 46.011732985014824 ], [ 11.545181342366094, 46.012123450164431 ], [ 11.545632038515942, 46.012424643116411 ], [ 11.545952457011078, 46.012743948727547 ], [ 11.546349644469684, 46.012973967759294 ], [ 11.546760369482127, 46.013211783996809 ], [ 11.547246470437445, 46.013330012015032 ], [ 11.547989987439403, 46.012609593950415 ], [ 11.548553546184035, 46.012063474792583 ], [ 11.549451312733227, 46.011633560533113 ], [ 11.550658311826348, 46.011515531096222 ], [ 11.551674833366667, 46.011530720481055 ], [ 11.552360323562151, 46.011948148122009 ], [ 11.552938561045565, 46.011935226513451 ], [ 11.553334140852982, 46.012222410116941 ], [ 11.553705009296339, 46.012214119663398 ], [ 11.556269268404341, 46.010737211869099 ], [ 11.557151566932577, 46.009973575765081 ], [ 11.558115811660892, 46.009404847794784 ], [ 11.559418181210933, 46.008911340336994 ], [ 11.560427323374041, 46.008706105562048 ], [ 11.56133128041016, 46.008122500714727 ], [ 11.562386272102446, 46.007489868250595 ], [ 11.563635257612447, 46.007028021572644 ], [ 11.564342529746016, 46.007164343946627 ], [ 11.564571208606116, 46.00737234119331 ], [ 11.56507970288264, 46.007475139662638 ], [ 11.565459720562641, 46.007405672330165 ], [ 11.565722363526335, 46.007163871013169 ], [ 11.565859050208422, 46.006567039780862 ], [ 11.566424126075994, 46.006234648651713 ], [ 11.567403732497587, 46.005870077136059 ], [ 11.568114925957948, 46.005854090078032 ], [ 11.569390941696158, 46.005977593181569 ], [ 11.569997609135958, 46.006306503431198 ], [ 11.5701237242763, 46.006622642616392 ], [ 11.570282305816765, 46.00675021135833 ], [ 11.570621362374498, 46.006892439537758 ], [ 11.570835257764672, 46.007243594376007 ], [ 11.571241853539224, 46.007290695677895 ], [ 11.571315032532397, 46.007707390338709 ], [ 11.571752295321723, 46.007641383662978 ], [ 11.572589232662292, 46.007091689869995 ], [ 11.573595642669645, 46.006706840502041 ], [ 11.574580572311575, 46.006441092650476 ], [ 11.575244803296425, 46.006426119624678 ], [ 11.575860795036709, 46.006924357456242 ], [ 11.577368615306217, 46.006890345849868 ], [ 11.578073564011381, 46.005625441829608 ], [ 11.578138098307713, 46.005274316878705 ], [ 11.57867865785696, 46.004010778837468 ], [ 11.579047728454746, 46.003303919386745 ], [ 11.5792497969585, 46.002749877561861 ], [ 11.579775465115722, 46.001667039704841 ], [ 11.580574016221998, 45.999823704240704 ], [ 11.580702453960942, 45.999625222019553 ], [ 11.580782233598422, 45.999502362988309 ], [ 11.580901904508019, 45.999318119457882 ], [ 11.580941925038211, 45.999256731873338 ], [ 11.581016360038955, 45.999132823474127 ], [ 11.581018592406329, 45.999122512485066 ], [ 11.581022366737402, 45.999103706202966 ], [ 11.581030827724682, 45.999052392189519 ], [ 11.581035851217937, 45.999018796893488 ], [ 11.581073640978719, 45.998834513208209 ], [ 11.581103157439749, 45.998686148256283 ], [ 11.581126345526179, 45.998579418614213 ], [ 11.581140751518909, 45.998503218929002 ], [ 11.581149890834995, 45.99845260971685 ], [ 11.581170030565829, 45.99835530944555 ], [ 11.581187158371611, 45.998262667371328 ], [ 11.58120670380338, 45.99816925072718 ], [ 11.581235969982499, 45.998021071391307 ], [ 11.581268740310366, 45.997856612095646 ], [ 11.581276704294595, 45.997816829902185 ], [ 11.581307086667783, 45.997673215666602 ], [ 11.581348276464277, 45.997478774373675 ], [ 11.581389332143598, 45.997281455936587 ], [ 11.58143846594403, 45.997019061437648 ], [ 11.58146806627472, 45.996811471276821 ], [ 11.581512635337434, 45.996398241780277 ], [ 11.58153077053373, 45.996207921610953 ], [ 11.581541631307273, 45.996102730407536 ], [ 11.581555069003684, 45.995966879420031 ], [ 11.581582901198184, 45.995712976662922 ], [ 11.581602707507331, 45.99551694838943 ], [ 11.581643095475147, 45.995183197540072 ], [ 11.581651280269586, 45.995095437727556 ], [ 11.581677210912655, 45.994845088082023 ], [ 11.5817132566106, 45.994540146867422 ], [ 11.581760126324387, 45.994170877517135 ], [ 11.581771022811935, 45.994044264295184 ], [ 11.581781711936559, 45.993835481311713 ], [ 11.581796553225548, 45.993299616659982 ], [ 11.581806211467034, 45.992771699541713 ], [ 11.581911295013258, 45.99234090085227 ], [ 11.5819393531789, 45.99208636273201 ], [ 11.582009683168867, 45.991763455400488 ], [ 11.582074972588691, 45.991554248135735 ], [ 11.582105312298015, 45.991443126182446 ], [ 11.582125628195985, 45.99136634277567 ], [ 11.582187157064258, 45.991165140874735 ], [ 11.582272745963582, 45.990887160857973 ], [ 11.582337500654864, 45.990677605483185 ], [ 11.582741540482136, 45.989165567654851 ], [ 11.583179291973853, 45.987704158486608 ], [ 11.583604177606961, 45.985964022800033 ], [ 11.583917696859771, 45.984500199693059 ], [ 11.584378453505533, 45.982738367643222 ], [ 11.584637639659533, 45.982007782367582 ], [ 11.585091682862531, 45.980102630515397 ], [ 11.586014385786928, 45.976430596764857 ], [ 11.586492436880331, 45.974510583351623 ], [ 11.586913672803593, 45.972687799734359 ], [ 11.587357052227572, 45.971013921046065 ], [ 11.587710583771504, 45.969384648321039 ], [ 11.591807700692556, 45.96977175151342 ], [ 11.593110100949445, 45.970734138913869 ], [ 11.594332467178253, 45.97162362472919 ], [ 11.596686475982592, 45.972114124982099 ], [ 11.597923434774991, 45.972331351687835 ], [ 11.599251110183287, 45.971863811017876 ], [ 11.600292230222555, 45.971498814300247 ], [ 11.601723022568908, 45.97094357225604 ], [ 11.604121527448774, 45.970397485144801 ], [ 11.606533335517623, 45.969926828306512 ], [ 11.608885285731708, 45.969422025637769 ], [ 11.609823822431245, 45.968615018550366 ], [ 11.610768933832462, 45.967737019287974 ], [ 11.611955721605785, 45.966622081885134 ], [ 11.614464423935397, 45.967016512345218 ], [ 11.615890255631232, 45.968682536680006 ], [ 11.617267594857427, 45.970081888385543 ], [ 11.618408635344442, 45.971319230670034 ], [ 11.621063740741141, 45.971492617034535 ], [ 11.623107575957651, 45.969680153683555 ], [ 11.625131792801493, 45.969530772388488 ], [ 11.627765890007195, 45.969354274739715 ], [ 11.629974962849586, 45.969200374406356 ], [ 11.629484445679751, 45.967446753057303 ], [ 11.629056732930747, 45.965385935477975 ], [ 11.628580723321887, 45.963432883610245 ], [ 11.628062397696796, 45.961258399525782 ], [ 11.627873851421361, 45.960592827229299 ], [ 11.627632254689848, 45.96050540996761 ], [ 11.627292405129234, 45.960709079716096 ], [ 11.626616319924798, 45.960876378479753 ], [ 11.622648593133, 45.961780662587415 ], [ 11.620617048330928, 45.962212065482106 ], [ 11.615942921182757, 45.963305761599116 ], [ 11.612509951117978, 45.964020762925827 ], [ 11.609289828438534, 45.96463638296111 ], [ 11.607527686261458, 45.965018104905049 ], [ 11.604189688084306, 45.965219636999464 ], [ 11.602800340941817, 45.965102256554616 ], [ 11.600773720536145, 45.965052024763025 ], [ 11.598100566660417, 45.964884877378445 ], [ 11.596965746734272, 45.964814199198585 ], [ 11.595553842020976, 45.964741075959402 ], [ 11.593810588039849, 45.964697421632543 ], [ 11.590130239793796, 45.964582567009174 ], [ 11.589650844955178, 45.964564905341859 ], [ 11.589014322775135, 45.964534962458913 ], [ 11.587021929026111, 45.964406936003421 ], [ 11.585655819632111, 45.96440213718256 ], [ 11.584874212936434, 45.964399486814322 ], [ 11.58355320058967, 45.964401382684294 ], [ 11.582336628458188, 45.964384431133773 ], [ 11.581714014826707, 45.964414796579412 ], [ 11.580937863592709, 45.964432337111781 ], [ 11.580681683862318, 45.963868661980797 ], [ 11.580118403318361, 45.963859245950125 ], [ 11.579502162565598, 45.963734916287684 ], [ 11.577833615433969, 45.963656478741832 ], [ 11.577354550039741, 45.963576114322784 ], [ 11.57686761404053, 45.963504115877605 ], [ 11.576584171013257, 45.963289367160286 ], [ 11.575882208238701, 45.962768948252453 ], [ 11.575403963207748, 45.962363638087723 ], [ 11.57530305788746, 45.962336211501537 ], [ 11.573876797739524, 45.961828688139569 ], [ 11.573789973636121, 45.961770881149711 ], [ 11.57364076766431, 45.961659126363948 ], [ 11.573340364091983, 45.961476163552717 ], [ 11.573191516804002, 45.961355399546804 ], [ 11.573166471670449, 45.961341292935955 ], [ 11.572969533096522, 45.961151857966691 ], [ 11.572952430326104, 45.960980423090888 ], [ 11.572919918242606, 45.960858028193286 ], [ 11.57297954131176, 45.960701966039416 ], [ 11.572995096783389, 45.960522325063927 ], [ 11.572992584500014, 45.960445787172333 ], [ 11.573006627962735, 45.960297592058083 ], [ 11.573040780351855, 45.960176755579312 ], [ 11.573068204044818, 45.960127985030297 ], [ 11.573032348719348, 45.960005845485554 ], [ 11.573048957127156, 45.959982700020191 ], [ 11.57303710016439, 45.959835358362234 ], [ 11.572930823450642, 45.959663952093081 ], [ 11.572908739409215, 45.959566073788757 ], [ 11.572938339977958, 45.959553166300203 ], [ 11.573097243602026, 45.959503863981496 ], [ 11.573314535815184, 45.9594112135496 ], [ 11.573337223122932, 45.959249052882441 ], [ 11.573194835377345, 45.959111582393113 ], [ 11.573079140120608, 45.959007082452132 ], [ 11.572979548688821, 45.958921480661161 ], [ 11.572901937998409, 45.958875796119294 ], [ 11.572777245904996, 45.958794359887158 ], [ 11.572639315145381, 45.958588654256573 ], [ 11.572810936960037, 45.958379306466334 ], [ 11.572937332274758, 45.958227230484418 ], [ 11.572919997844572, 45.958126004937867 ], [ 11.572901740192, 45.957949105702959 ], [ 11.572858104722668, 45.957876284228426 ], [ 11.572842381832467, 45.95780985441079 ], [ 11.572825817846155, 45.957722472271399 ], [ 11.572831380749415, 45.957625231258639 ], [ 11.572840776403288, 45.957502072322164 ], [ 11.572866577840504, 45.957462878838449 ], [ 11.572887002871157, 45.957360532675061 ], [ 11.572826257605053, 45.957244263960995 ], [ 11.572803933421769, 45.957141170707686 ], [ 11.572804288329083, 45.95701227507152 ], [ 11.572796011557243, 45.956752706001687 ], [ 11.572755215046017, 45.95663247771504 ], [ 11.572706915294258, 45.956483976726652 ], [ 11.572671504920452, 45.956374157773404 ], [ 11.572667440400991, 45.956258502402555 ], [ 11.572672913460483, 45.956187184910171 ], [ 11.572621585267893, 45.956001129811348 ], [ 11.572594531610797, 45.955932435020785 ], [ 11.572368190070341, 45.955832136474164 ], [ 11.57215934024137, 45.955752864732901 ], [ 11.571952973554612, 45.955671466667944 ], [ 11.571703871177505, 45.955567268949949 ], [ 11.571658708893111, 45.955492051306123 ], [ 11.571605583153319, 45.95540369202218 ], [ 11.571468174675188, 45.955261966977545 ], [ 11.571264806519402, 45.955248094172767 ], [ 11.571018947424898, 45.955186034542336 ], [ 11.570718132107954, 45.955107570125705 ], [ 11.57067527592511, 45.955076582789403 ], [ 11.570482324060981, 45.954961488121093 ], [ 11.570384586323097, 45.954896183662257 ], [ 11.570285879919942, 45.954823880359434 ], [ 11.570056544480279, 45.95467819188903 ], [ 11.569957148590223, 45.954546320281501 ], [ 11.569909985343264, 45.954397072424527 ], [ 11.56988125173757, 45.954275221658953 ], [ 11.569918938267696, 45.954091212744714 ], [ 11.569829444790601, 45.953846971596839 ], [ 11.569790478639472, 45.953634985538308 ], [ 11.569775472140284, 45.953486274255376 ], [ 11.569697307049257, 45.953291641039158 ], [ 11.569586812698432, 45.953101065270467 ], [ 11.5693685583533, 45.953066462712101 ], [ 11.56922310241656, 45.952965328436015 ], [ 11.569103423458616, 45.952869104391787 ], [ 11.568984664414302, 45.952736947436343 ], [ 11.568880169310049, 45.952564417184995 ], [ 11.568722395523821, 45.952445198085961 ], [ 11.568595087368138, 45.952384877319432 ], [ 11.56846022723543, 45.952364958596959 ], [ 11.568189866167023, 45.952347546479999 ], [ 11.568003995197449, 45.952304382731633 ], [ 11.567863727122038, 45.95224840265594 ], [ 11.567651801638927, 45.952213834597131 ], [ 11.567593008719101, 45.952239997678866 ], [ 11.567500657800689, 45.952310657816092 ], [ 11.567376256214102, 45.95237186758046 ], [ 11.567344018836502, 45.952381438207397 ], [ 11.567246038157007, 45.952410526618813 ], [ 11.566835639071106, 45.952328124613693 ], [ 11.566668449940279, 45.952312260550585 ], [ 11.566538048203274, 45.952355333150152 ], [ 11.566261682117867, 45.952540383524664 ], [ 11.566096623661901, 45.952668479276561 ], [ 11.56590905262467, 45.952904276970465 ], [ 11.565819241671816, 45.953105476466988 ], [ 11.565740936557235, 45.953351870092334 ], [ 11.565578954899779, 45.953596992995678 ], [ 11.565453501568113, 45.953694226429015 ], [ 11.565320360004362, 45.95383177485283 ], [ 11.565224909272942, 45.954005918839265 ], [ 11.565117593434103, 45.95414387703773 ], [ 11.565018548894331, 45.954223415907187 ], [ 11.564972714400156, 45.954245236427418 ], [ 11.56489478260543, 45.954262197345145 ], [ 11.564856223387142, 45.954257122872377 ], [ 11.564807209382108, 45.9541709182338 ], [ 11.564834363238443, 45.95412179563737 ], [ 11.564908527456669, 45.954014823907443 ], [ 11.564891618954897, 45.953933658805553 ], [ 11.564853110249182, 45.953924082856808 ], [ 11.564737387108529, 45.953913450626203 ], [ 11.564531501667689, 45.953892421905032 ], [ 11.564384315840337, 45.953854324050496 ], [ 11.564203853982233, 45.953836144164427 ], [ 11.56395642101025, 45.953879500855713 ], [ 11.563560679884716, 45.95391916539851 ], [ 11.563313061017491, 45.953841017675586 ], [ 11.562928274787957, 45.953664961277163 ], [ 11.562611069546747, 45.9535580415846 ], [ 11.56209863900499, 45.953554866211626 ], [ 11.561927875884772, 45.95364906190261 ], [ 11.561856631073159, 45.953746695603343 ], [ 11.561756774647749, 45.953945866996648 ], [ 11.56170552917586, 45.954079864228603 ], [ 11.561677994819737, 45.954263552648207 ], [ 11.56164055115088, 45.954307864972428 ], [ 11.561538453066799, 45.954388459420549 ], [ 11.561379147934602, 45.954448555232361 ], [ 11.561203854364656, 45.95447813757572 ], [ 11.561075979395037, 45.954419441190936 ], [ 11.561043277398884, 45.954348260102989 ], [ 11.560981055878447, 45.954277740989021 ], [ 11.560890281050103, 45.954223252872474 ], [ 11.560762166677987, 45.954159341194469 ], [ 11.560656572069643, 45.954105275109001 ], [ 11.560534152893576, 45.954005323399457 ], [ 11.560439939961631, 45.953878997685663 ], [ 11.560402298555013, 45.953787406036184 ], [ 11.560411558561993, 45.953669111400487 ], [ 11.560364978361616, 45.953618762440094 ], [ 11.560172101473309, 45.953507518958752 ], [ 11.559967444218112, 45.953378628004984 ], [ 11.559864392702847, 45.953301282843519 ], [ 11.559590170752351, 45.953102035992075 ], [ 11.559485838565887, 45.953008068231732 ], [ 11.559420987637584, 45.952919606035138 ], [ 11.559337716533168, 45.952829036406669 ], [ 11.559202208630884, 45.952685723878282 ], [ 11.559034086539887, 45.952512270074102 ], [ 11.559003359267242, 45.95248388678958 ], [ 11.558970906030291, 45.95245725224428 ], [ 11.558961289632869, 45.952450177150148 ], [ 11.55888513910725, 45.952399320071883 ], [ 11.558857505222861, 45.952393278758436 ], [ 11.558684646403959, 45.952355118642423 ], [ 11.55854101740011, 45.952326834108192 ], [ 11.558148742366173, 45.952287467534219 ], [ 11.557746853179566, 45.952271896283875 ], [ 11.556805848759533, 45.952239411021615 ], [ 11.555085573899088, 45.952169899552899 ], [ 11.554567240075718, 45.952144681127244 ], [ 11.553481295234342, 45.952094528837932 ], [ 11.551276079683435, 45.952015818739312 ], [ 11.550166268667883, 45.95182224934296 ], [ 11.54943699687206, 45.951687950182915 ], [ 11.547167793406549, 45.951045985296105 ], [ 11.546766330463488, 45.950881766961615 ], [ 11.546088793415647, 45.950580682991898 ], [ 11.545443963309296, 45.950286426463734 ], [ 11.544378872847423, 45.949800186786284 ], [ 11.543668104235566, 45.949477237307235 ], [ 11.543582900771533, 45.949439622405919 ], [ 11.543388301145656, 45.949343239673816 ], [ 11.543329396082147, 45.949324840171833 ], [ 11.543158260860194, 45.949270327180628 ], [ 11.543000956425885, 45.949221986349912 ], [ 11.542825698488238, 45.949164774522899 ], [ 11.542731000235248, 45.949133940619724 ], [ 11.54209419756214, 45.948910050768177 ], [ 11.541126881822878, 45.948794496923284 ], [ 11.540230532844795, 45.948964023755103 ], [ 11.53931418661935, 45.949133718043839 ], [ 11.538456721293745, 45.949307316765768 ], [ 11.537291323590798, 45.949629328196785 ], [ 11.536136508910808, 45.950090240985759 ], [ 11.535466331765731, 45.950658922270705 ], [ 11.53531891470746, 45.950940401010463 ], [ 11.535042062052337, 45.951928774001743 ], [ 11.534791334956468, 45.952825301074718 ], [ 11.534517005715273, 45.954087232621447 ], [ 11.534343694919903, 45.954918856799658 ], [ 11.533873601775488, 45.954978429050243 ], [ 11.531380667493256, 45.955231175602947 ], [ 11.530220666518826, 45.955338062164742 ], [ 11.528372835133078, 45.955435862850855 ], [ 11.527290979772308, 45.955467995450412 ], [ 11.52599839731862, 45.95548029669299 ], [ 11.525464255403501, 45.955516499159707 ], [ 11.525497104466847, 45.954703205349034 ], [ 11.525506062809992, 45.953418181820936 ], [ 11.525520820544637, 45.952769007384099 ], [ 11.525727191178209, 45.951302038075951 ], [ 11.525828365760923, 45.95028022054958 ], [ 11.525891542250905, 45.949722680468675 ], [ 11.525969888533101, 45.949135553221709 ], [ 11.52616984369223, 45.948433499664894 ], [ 11.526527613960532, 45.946352402971556 ], [ 11.526589490880111, 45.945352064379172 ], [ 11.527310762209755, 45.944870779688927 ], [ 11.528338716555684, 45.944639577715968 ], [ 11.528980290513918, 45.944516917862963 ], [ 11.52989196242288, 45.944333369081967 ], [ 11.530628342405404, 45.944182048522066 ], [ 11.531669133736587, 45.943967002985893 ], [ 11.531516791384709, 45.943457618601549 ], [ 11.531361778909575, 45.943178527046399 ], [ 11.531333529131905, 45.942988791603256 ], [ 11.531266291811548, 45.942744656849321 ], [ 11.531232967536187, 45.942570964815616 ], [ 11.531199678372545, 45.942400872188038 ], [ 11.531171057641222, 45.942219965442696 ], [ 11.531130010690546, 45.942103327926397 ], [ 11.530945142863757, 45.941740742244306 ], [ 11.530789878799727, 45.941470115926371 ], [ 11.530664501566459, 45.941294863030684 ], [ 11.530496299721875, 45.941074386016297 ], [ 11.530428772281024, 45.941027819097926 ], [ 11.53031953913883, 45.940980465947092 ], [ 11.530229889553059, 45.940918368053246 ], [ 11.530159762225127, 45.94083450624705 ], [ 11.530125981092088, 45.940764060243104 ], [ 11.530110782995864, 45.940654050260036 ], [ 11.530090753046752, 45.940551257616278 ], [ 11.530024161146686, 45.940431675316866 ], [ 11.530001566445067, 45.940385912948997 ], [ 11.529962923154566, 45.94031917483229 ], [ 11.529898306045203, 45.940245811543328 ], [ 11.529798446182705, 45.940180429187066 ], [ 11.529662108069783, 45.940101543761472 ], [ 11.529558386256706, 45.94006468849463 ], [ 11.529434948382914, 45.940042490614402 ], [ 11.529301816030648, 45.940031217871748 ], [ 11.529213917751337, 45.940004722554391 ], [ 11.529129749270334, 45.939949612842859 ], [ 11.529066266653919, 45.939901155371842 ], [ 11.528933616938733, 45.939795545840362 ], [ 11.528858466748828, 45.939711794557162 ], [ 11.528836161612887, 45.939669535707068 ], [ 11.528853935366248, 45.939612168779327 ], [ 11.528834394864639, 45.939520075782951 ], [ 11.528782368210516, 45.939385949372941 ], [ 11.52868832489993, 45.939224311441372 ], [ 11.528609648923972, 45.939065843466857 ], [ 11.528536455430622, 45.938914454490089 ], [ 11.52847019203517, 45.938801974385449 ], [ 11.528417219505306, 45.938760484462478 ], [ 11.528327704608014, 45.93869838196801 ], [ 11.528295881757476, 45.938665244331169 ], [ 11.528254038394889, 45.938530892307313 ], [ 11.528202341280281, 45.938403958783731 ], [ 11.52813336232988, 45.938234565179137 ], [ 11.528016536748941, 45.938020057633381 ], [ 11.527821204019064, 45.937650677918121 ], [ 11.527705365050418, 45.937480520927814 ], [ 11.527619910333653, 45.937396996812211 ], [ 11.527585165957499, 45.937305240067474 ], [ 11.527438155628527, 45.937102020525721 ], [ 11.527415529821836, 45.93705265815349 ], [ 11.527422948837389, 45.936878153300228 ], [ 11.527426986774131, 45.936742785646729 ], [ 11.527453973235247, 45.936663883742625 ], [ 11.527638934027769, 45.936467539044628 ], [ 11.527735200170888, 45.936346241373158 ], [ 11.527824541439593, 45.936180454150531 ], [ 11.527862823893944, 45.936012376650559 ], [ 11.527868315948023, 45.935909018784571 ], [ 11.527790943109633, 45.935779053029769 ], [ 11.527771048392195, 45.935676257020639 ], [ 11.527738743589021, 45.935527472737938 ], [ 11.527731631640375, 45.935371020558087 ], [ 11.527707240894614, 45.935277144497526 ], [ 11.527629705763665, 45.935143582049669 ], [ 11.527582518313407, 45.935002237515974 ], [ 11.52758995227242, 45.934941589302341 ], [ 11.527611460199259, 45.934855698156611 ], [ 11.527687375636434, 45.934729450472716 ], [ 11.527743089308256, 45.934607160104498 ], [ 11.527772805270612, 45.934474824353721 ], [ 11.527777488224752, 45.93435366328859 ], [ 11.52778702645387, 45.93424850571742 ], [ 11.527746156731414, 45.934135463226738 ], [ 11.527669075064363, 45.934009001114475 ], [ 11.527564898983215, 45.933851186566592 ], [ 11.527476669484232, 45.933703639788014 ], [ 11.52744679008001, 45.933608174993594 ], [ 11.527417397129998, 45.933523410166579 ], [ 11.527404466813486, 45.933463122551167 ], [ 11.52742707599824, 45.933398628370561 ], [ 11.52754887593591, 45.93316092865971 ], [ 11.527643382795087, 45.932975495963518 ], [ 11.527659059356202, 45.932872002689393 ], [ 11.527667282712002, 45.93271521101093 ], [ 11.527685036187655, 45.932543897568017 ], [ 11.527707640668297, 45.932479313397735 ], [ 11.527835439866903, 45.932262991901226 ], [ 11.527799706339179, 45.932035888627041 ], [ 11.527774062986479, 45.931903067838732 ], [ 11.527731869219414, 45.931758012631114 ], [ 11.527712010987944, 45.931658815881271 ], [ 11.527650465243692, 45.931539210431367 ], [ 11.52753980998769, 45.93134940723526 ], [ 11.527425132994697, 45.931184624496659 ], [ 11.527374090886505, 45.93107189686377 ], [ 11.527371663756037, 45.931018487243684 ], [ 11.527400733408259, 45.930871944956834 ], [ 11.527423787144535, 45.930695203945596 ], [ 11.527456248169722, 45.930623291194983 ], [ 11.527613887435958, 45.930498835369768 ], [ 11.527730834184345, 45.93037870001536 ], [ 11.527876386121159, 45.930215358858355 ], [ 11.527923857062142, 45.930136003363508 ], [ 11.527964395904874, 45.930017648869118 ], [ 11.527998971121589, 45.92988160520359 ], [ 11.528007945093732, 45.92980094158429 ], [ 11.527989726247137, 45.929683887493418 ], [ 11.527952050715106, 45.92956726407192 ], [ 11.527940274710774, 45.929450067363973 ], [ 11.527922135766362, 45.929337601852673 ], [ 11.527942906265469, 45.929224185127687 ], [ 11.527971641392217, 45.929002225395188 ], [ 11.527975707308658, 45.928807903284905 ], [ 11.527922687128656, 45.928637436020558 ], [ 11.527823503061223, 45.928305440330099 ], [ 11.527774462328527, 45.928080611557895 ], [ 11.527800036615451, 45.927930996229698 ], [ 11.527840631075126, 45.927686182603892 ], [ 11.527862431113501, 45.927595424511999 ], [ 11.527926784227933, 45.927444860900685 ], [ 11.527932493216893, 45.927286684673206 ], [ 11.527938610772257, 45.9271374999785 ], [ 11.527958005548133, 45.926851932902942 ], [ 11.527944879949951, 45.926563125324861 ], [ 11.527963153166507, 45.92611098257224 ], [ 11.528011228152511, 45.926030803507629 ], [ 11.528156558138805, 45.925806082988046 ], [ 11.528246597856354, 45.925650360340477 ], [ 11.52833992655057, 45.925422290267406 ], [ 11.528546234084223, 45.925114764221782 ], [ 11.52868059844991, 45.924935468555084 ], [ 11.528809419214136, 45.924634247755527 ], [ 11.528926542023491, 45.924362267677878 ], [ 11.528993478579677, 45.924265829567517 ], [ 11.529072890186063, 45.924160114725773 ], [ 11.529120575760549, 45.924068603189227 ], [ 11.529109820981425, 45.92397388528223 ], [ 11.529068114733716, 45.923771395972842 ], [ 11.52905510370605, 45.923627044935174 ], [ 11.529083538514918, 45.92354045985612 ], [ 11.529114362721369, 45.92350359510273 ], [ 11.529363552397294, 45.923285663661581 ], [ 11.529404146864165, 45.923182878236588 ], [ 11.529438947252963, 45.923091651922803 ], [ 11.529462250390802, 45.922892223273955 ], [ 11.529456911055521, 45.92277479403576 ], [ 11.529490147415352, 45.922652010301718 ], [ 11.529575176019728, 45.922528079473686 ], [ 11.529719180462681, 45.922416343299538 ], [ 11.529868679659776, 45.922286484048186 ], [ 11.529940001310235, 45.922144765448643 ], [ 11.530154448851814, 45.921733099457725 ], [ 11.530184635483852, 45.92168508777084 ], [ 11.530413457278422, 45.921444923742662 ], [ 11.530585150635583, 45.921233206662748 ], [ 11.530654616489105, 45.921050756087681 ], [ 11.530722650373432, 45.920836835245112 ], [ 11.530710940595025, 45.920579408325963 ], [ 11.530670346075526, 45.920149090354393 ], [ 11.530232576686924, 45.919234340105781 ], [ 11.530137617713052, 45.919000808639751 ], [ 11.530061554170915, 45.918612768665163 ], [ 11.52989061124633, 45.917995695531459 ], [ 11.529838432331255, 45.917276355210525 ], [ 11.52971707859683, 45.916490502568728 ], [ 11.52966129998555, 45.91612019407912 ], [ 11.529553603055785, 45.915750945375208 ], [ 11.529379055338142, 45.915337904174081 ], [ 11.529296433409396, 45.914950008782156 ], [ 11.529036238994863, 45.913795775707435 ], [ 11.528891211204314, 45.913152475176105 ], [ 11.528820679156969, 45.912905620801013 ], [ 11.528772986009695, 45.912727205119303 ], [ 11.528576429201522, 45.912317529937738 ], [ 11.528207507325728, 45.910724852994534 ], [ 11.528147420109017, 45.910270663486457 ], [ 11.528058737171337, 45.909624044258727 ], [ 11.528022309244358, 45.909477780966782 ], [ 11.527707966773018, 45.907780117026874 ], [ 11.527607992705745, 45.907316189040408 ], [ 11.527494797153285, 45.907001153171528 ], [ 11.527402244251247, 45.906706271859107 ], [ 11.527352159309004, 45.906037646317039 ], [ 11.527204851636892, 45.905405644137197 ], [ 11.527027759950213, 45.904577547744104 ], [ 11.526960375088841, 45.904399566874417 ], [ 11.526616430728389, 45.902684462488622 ], [ 11.526566873548353, 45.90246459416128 ], [ 11.52652629509671, 45.902223825832984 ], [ 11.526525255454287, 45.901982182865837 ], [ 11.526482986003682, 45.901706979648154 ], [ 11.526495224399225, 45.901530657260437 ], [ 11.526507758869156, 45.901150644878541 ], [ 11.526593391474306, 45.900858751380625 ], [ 11.526626962512115, 45.900291781217739 ], [ 11.526840894196182, 45.89977617464146 ], [ 11.526937404405153, 45.89950816181176 ], [ 11.527099861805382, 45.899128162371888 ], [ 11.527037930812613, 45.897542096936625 ], [ 11.527143890154115, 45.897229591747688 ], [ 11.527336311229192, 45.896839658316594 ], [ 11.527577931159762, 45.896607856402035 ], [ 11.52799210494406, 45.896076835078752 ], [ 11.528114972082777, 45.895872862019054 ], [ 11.528321864616682, 45.895407271413319 ], [ 11.528545607652887, 45.89478199667959 ], [ 11.528851589585177, 45.893853110296909 ], [ 11.529052764501042, 45.893261906311302 ], [ 11.529251742647896, 45.892355639350349 ], [ 11.529463489157648, 45.89173062817995 ], [ 11.529614890678372, 45.891337908665911 ], [ 11.52987063308619, 45.890739554118746 ], [ 11.529896898556865, 45.890687848839434 ], [ 11.530116573740612, 45.890274535031253 ], [ 11.530279833537255, 45.889882001946098 ], [ 11.530396132101375, 45.889570794429943 ], [ 11.530469102418103, 45.889349922905687 ], [ 11.53058300515093, 45.888980354298184 ], [ 11.530778928528576, 45.888384942869571 ], [ 11.531004251030739, 45.887804090699262 ], [ 11.531229829715825, 45.887158067819598 ], [ 11.531362046492582, 45.886701056494431 ], [ 11.531514903804625, 45.886136750166081 ], [ 11.531590790957923, 45.885841288052255 ], [ 11.531692441838118, 45.8855540753108 ], [ 11.531977693449152, 45.884817711917712 ], [ 11.532071632546144, 45.884372258888661 ], [ 11.532170205120254, 45.883869999156609 ], [ 11.532290509784602, 45.883491466024381 ], [ 11.532552324143325, 45.883019518779214 ], [ 11.532536183126656, 45.882845894669266 ], [ 11.532519331388817, 45.882741681171176 ], [ 11.53250698581634, 45.882648708424199 ], [ 11.532574206109391, 45.882522829349114 ], [ 11.532797071616345, 45.882441561946813 ], [ 11.532732325013836, 45.882352541567215 ], [ 11.532784606326267, 45.882255255527973 ], [ 11.533079326053359, 45.882062226586307 ], [ 11.533157670383641, 45.882005315202946 ], [ 11.533460633545124, 45.881633710020118 ], [ 11.53387432237137, 45.881112577421781 ], [ 11.533985695605748, 45.880980047440552 ], [ 11.534281514697074, 45.880511121853509 ], [ 11.534556098252823, 45.87990693724727 ], [ 11.534847708216704, 45.879161604269811 ], [ 11.535062090757606, 45.878509070949058 ], [ 11.535360607854784, 45.87755899891313 ], [ 11.535489252014797, 45.876976502641789 ], [ 11.535516838408595, 45.876656727967024 ], [ 11.535541285057612, 45.876508664901884 ], [ 11.5357196721677, 45.876436029699782 ], [ 11.535917287997167, 45.876352706611833 ], [ 11.536459965763397, 45.876127340949822 ], [ 11.536462270649336, 45.87571938117587 ], [ 11.536447724376066, 45.875218639121201 ], [ 11.536415485615006, 45.874804785989163 ], [ 11.536446912060848, 45.874728032786379 ], [ 11.536580146631552, 45.874543981046209 ], [ 11.53671045673117, 45.874391946389437 ], [ 11.536904623799176, 45.874159467639913 ], [ 11.536898064877603, 45.874131441361719 ], [ 11.536891986282905, 45.874105474558526 ], [ 11.536884553761697, 45.874035614656613 ], [ 11.536875195526665, 45.873926284836834 ], [ 11.536876113346784, 45.873850209067164 ], [ 11.536911181419528, 45.873663837151348 ], [ 11.536969522124156, 45.873510340505 ], [ 11.536974234869446, 45.87349781495233 ], [ 11.537068530987169, 45.873412374484353 ], [ 11.537600886183061, 45.873116667622028 ], [ 11.537674471467723, 45.872879216028856 ], [ 11.537705508441249, 45.872706254238835 ], [ 11.537798160513489, 45.872318788354725 ], [ 11.537946812618705, 45.872020804334682 ], [ 11.538355162842715, 45.872007229115994 ], [ 11.53868419189107, 45.871963643383971 ], [ 11.5387470019547, 45.871916883991283 ], [ 11.539073015480721, 45.871524319472648 ], [ 11.539412189461713, 45.871276461683088 ], [ 11.539755597562927, 45.870977385019103 ], [ 11.540012312431502, 45.870772131915523 ], [ 11.540225578146368, 45.870608707576089 ], [ 11.540424980442708, 45.870567999718489 ], [ 11.540540487874505, 45.870538248504012 ], [ 11.540667008767761, 45.870532463829214 ], [ 11.540734768110548, 45.870529336355133 ], [ 11.541139182916664, 45.870429702616462 ], [ 11.541414261437524, 45.870341946096694 ], [ 11.541606478323597, 45.870287805139135 ], [ 11.541639902323208, 45.870164652668166 ], [ 11.541678390706416, 45.87001411551126 ], [ 11.541724480814658, 45.869886180804912 ], [ 11.541830607052734, 45.869659253032367 ], [ 11.542020003992295, 45.869396449354291 ], [ 11.542215420718446, 45.869124420712552 ], [ 11.542251692800503, 45.869049627990904 ], [ 11.542504028575431, 45.868943653744864 ], [ 11.542773828632363, 45.868833599809072 ], [ 11.542996889197383, 45.868746817590541 ], [ 11.543227142884993, 45.868662394894962 ], [ 11.543313120224594, 45.868640678956041 ], [ 11.543458943637697, 45.868648592352081 ], [ 11.543597161392572, 45.868647944331322 ], [ 11.543697973757668, 45.868640748723244 ], [ 11.543795434779653, 45.86861940666396 ], [ 11.544137575853378, 45.868536180204444 ], [ 11.544384761306823, 45.868469919378782 ], [ 11.544580691902635, 45.8684098402315 ], [ 11.544705154315524, 45.86837601499586 ], [ 11.545136699798212, 45.868267211813084 ], [ 11.545333248869044, 45.868220708647819 ], [ 11.545477672541411, 45.868195168288985 ], [ 11.54583021703829, 45.86814518730538 ], [ 11.546098024838198, 45.868104564893258 ], [ 11.546324257764791, 45.868084580164521 ], [ 11.546489903880564, 45.868061085537434 ], [ 11.546573987934199, 45.868043099576333 ], [ 11.546751205026789, 45.867959852242841 ], [ 11.547063030747911, 45.867794217167386 ], [ 11.547311035973799, 45.867709390272289 ], [ 11.547565791763326, 45.867614421636382 ], [ 11.547736365394123, 45.867543741897208 ], [ 11.547938871731896, 45.86746982930044 ], [ 11.54825184351138, 45.867408302804847 ], [ 11.548480509498784, 45.867379618898738 ], [ 11.548537043369207, 45.867373407056704 ], [ 11.548845993998659, 45.867378933420625 ], [ 11.549023224262896, 45.867374977987829 ], [ 11.549218216035959, 45.867370625834717 ], [ 11.549604971606177, 45.867136436440823 ], [ 11.550199360738421, 45.866788521838501 ], [ 11.550677224317042, 45.866459227678163 ], [ 11.551274387044753, 45.866014578570073 ], [ 11.551358232855693, 45.865988673881716 ], [ 11.551486262646383, 45.865917588739606 ], [ 11.55160677165596, 45.865808868868569 ], [ 11.551875194930115, 45.865587846136862 ], [ 11.552208771184221, 45.865326664039756 ], [ 11.55240799806425, 45.865344623408646 ], [ 11.552880137892242, 45.865397255276029 ], [ 11.553486167336557, 45.865444911753023 ], [ 11.553728744942513, 45.865455779107613 ], [ 11.553859525826125, 45.865492637597093 ], [ 11.554111867611018, 45.865505715970748 ], [ 11.554399097508741, 45.86552665407639 ], [ 11.554896032122176, 45.865560811837483 ], [ 11.555470596497155, 45.865590890216254 ], [ 11.555727361350403, 45.865627357831528 ], [ 11.55597942312111, 45.865662399909816 ], [ 11.556149010944926, 45.865674535541082 ], [ 11.556251787245216, 45.865735599805518 ], [ 11.556358047855976, 45.865793975720926 ], [ 11.55650511164691, 45.865851528323056 ], [ 11.556563758672247, 45.865877397467813 ], [ 11.556649680979779, 45.865773226655406 ], [ 11.556696953535145, 45.865714024239317 ], [ 11.556755673443204, 45.865704969177536 ], [ 11.556852178401156, 45.865789394946638 ], [ 11.556875648701697, 45.865773028332107 ], [ 11.556914275592053, 45.865733190786671 ], [ 11.5570138658017, 45.865623673402411 ], [ 11.557048340453891, 45.865529834805358 ], [ 11.557390860217151, 45.865363034092724 ], [ 11.558539587967646, 45.864819408372043 ], [ 11.559077708691355, 45.864687193304782 ], [ 11.559617114972419, 45.864647563574081 ], [ 11.560612216561426, 45.864585834400309 ], [ 11.560893577094575, 45.864571605237231 ], [ 11.561062253545431, 45.864563952605906 ], [ 11.561439006911943, 45.864539752362226 ], [ 11.562600121530924, 45.864476982504385 ], [ 11.563035438225882, 45.864460013571438 ], [ 11.563885631349612, 45.864432649974532 ], [ 11.564521937651774, 45.864337537765806 ], [ 11.564899730274556, 45.864282790570066 ], [ 11.5656013508877, 45.864176484718961 ], [ 11.565682021286412, 45.864165761880727 ], [ 11.565748348502733, 45.864151310876416 ], [ 11.565788560105366, 45.864095683578135 ], [ 11.565834977120446, 45.863990143193568 ], [ 11.56589459050824, 45.8638634247787 ], [ 11.566004063563939, 45.86376474827037 ], [ 11.566072542623223, 45.863707495682114 ], [ 11.566185243685455, 45.863617387003487 ], [ 11.566218520742156, 45.863537073565084 ], [ 11.566193179331828, 45.863481928945333 ], [ 11.566190555728328, 45.863360569056063 ], [ 11.566194376925635, 45.863197301406977 ], [ 11.566202526459692, 45.8631056716305 ], [ 11.566215349690841, 45.86302041735032 ], [ 11.566245072159518, 45.862944054059099 ], [ 11.566302707834726, 45.862785607539003 ], [ 11.566398056631753, 45.862612452529248 ], [ 11.566547127584853, 45.862444930663912 ], [ 11.566821862811892, 45.862261893540122 ], [ 11.566894900026508, 45.86218338635716 ], [ 11.567038489154982, 45.862045149258108 ], [ 11.567173004244722, 45.86192808737448 ], [ 11.567280237485731, 45.861797687640781 ], [ 11.567388279761385, 45.861668079608506 ], [ 11.567516493670954, 45.861531717602844 ], [ 11.567616057007085, 45.861408240421923 ], [ 11.567906045059885, 45.861100648650648 ], [ 11.568052434132925, 45.860933815146268 ], [ 11.568214498245155, 45.860760508538846 ], [ 11.568281121924141, 45.86068268472286 ], [ 11.568404025227474, 45.860515028844659 ], [ 11.568503569697961, 45.860377240250763 ], [ 11.568620249810332, 45.860200363364527 ], [ 11.568710264147848, 45.860040287305942 ], [ 11.5687743800069, 45.859908065653144 ], [ 11.568808359799556, 45.859798393432015 ], [ 11.568853664470028, 45.859682886022291 ], [ 11.568903086792577, 45.859570076247799 ], [ 11.569048421157149, 45.859422436509099 ], [ 11.569242349145998, 45.859314566481473 ], [ 11.569735251224895, 45.859111312860442 ], [ 11.570000511306029, 45.858988785533711 ], [ 11.570112067496416, 45.858958013092284 ], [ 11.57025485761935, 45.85891456662808 ], [ 11.570375867365341, 45.858859729429334 ], [ 11.570492219709548, 45.858796086274012 ], [ 11.570608298251512, 45.858726508690474 ], [ 11.57068403574435, 45.858659279093658 ], [ 11.570728815385353, 45.858566014427588 ], [ 11.570819756156112, 45.858459739756036 ], [ 11.570898574533725, 45.858367148816178 ], [ 11.571006297884916, 45.858256085890218 ], [ 11.571100797641538, 45.858179522975206 ], [ 11.571232893263465, 45.858108144099077 ], [ 11.571375340369041, 45.85805732350105 ], [ 11.571648721683275, 45.858071959492904 ], [ 11.571802809431393, 45.858086401028807 ], [ 11.571902251454102, 45.858119804304145 ], [ 11.57202182745162, 45.858126112087639 ], [ 11.57218755582092, 45.858116439220154 ], [ 11.572341502658531, 45.858127822978446 ], [ 11.572436694505475, 45.858158441220958 ], [ 11.572541055887626, 45.858197943654226 ], [ 11.572645292381571, 45.858257070118029 ], [ 11.572797830854524, 45.858335629905419 ], [ 11.572915708461622, 45.858394448822345 ], [ 11.572912061883688, 45.858482917482483 ], [ 11.572984840977623, 45.858602876783756 ], [ 11.573115020926542, 45.858791477892659 ], [ 11.573206146866607, 45.859043783380002 ], [ 11.57352989609771, 45.859390394442734 ], [ 11.573735399388804, 45.859527883819844 ], [ 11.573936648802336, 45.859642967090544 ], [ 11.574056141041195, 45.859728300430866 ], [ 11.574187647397451, 45.859867366805581 ], [ 11.574291154183047, 45.859955220326405 ], [ 11.574473514035324, 45.860079639129744 ], [ 11.574619970690154, 45.860193706113023 ], [ 11.574744210466836, 45.860314844314971 ], [ 11.574892819238201, 45.860478276061819 ], [ 11.574995449288302, 45.860622402873787 ], [ 11.575203666188131, 45.860899338621515 ], [ 11.575393306899077, 45.86112268896165 ], [ 11.575717761637101, 45.861559284380768 ], [ 11.575926168670255, 45.861842964983204 ], [ 11.576112598246628, 45.862066386494405 ], [ 11.576275769165708, 45.862193485349088 ], [ 11.57653679473864, 45.862350058710334 ], [ 11.576929703339168, 45.862578271187772 ], [ 11.577672995158661, 45.862984078179174 ], [ 11.577716061481324, 45.862973745479991 ], [ 11.577728831137451, 45.862971297104963 ], [ 11.577792558827179, 45.862956447741418 ], [ 11.577846946392059, 45.862948559653447 ], [ 11.578044448677593, 45.862973803671821 ], [ 11.578221579802163, 45.863048830785978 ], [ 11.578308199418926, 45.863150112797719 ], [ 11.57831493622799, 45.863189923704134 ], [ 11.57837588619768, 45.863220860031646 ], [ 11.578402910445032, 45.863250852133824 ], [ 11.5784208796355, 45.863271687973857 ], [ 11.578496116602734, 45.863321833148696 ], [ 11.579259827342741, 45.863528074262504 ], [ 11.579773899784319, 45.863754440575221 ], [ 11.580375919405082, 45.864029851192981 ], [ 11.581315314635495, 45.864457395417226 ], [ 11.581929099173339, 45.864825148736536 ], [ 11.582108631865815, 45.864923967247769 ], [ 11.582337992646188, 45.865049920966953 ], [ 11.582518886336638, 45.865080753154004 ], [ 11.58277975105729, 45.865027420602786 ], [ 11.583580328188731, 45.865252690501912 ], [ 11.583813112987784, 45.865324559773711 ], [ 11.584156494766106, 45.865583840019092 ], [ 11.584580601578166, 45.865936339228952 ], [ 11.584733424910258, 45.866300827323847 ], [ 11.585186110473316, 45.867085968830025 ], [ 11.585374036903351, 45.867176581676389 ], [ 11.58637816955491, 45.867747799085919 ], [ 11.586893573718871, 45.868229001513718 ], [ 11.587592884378688, 45.868824843601509 ], [ 11.588228164705059, 45.869143022256289 ], [ 11.588981200297727, 45.869535753657416 ], [ 11.589622562635844, 45.869984476128344 ], [ 11.590559929149997, 45.870580842159207 ], [ 11.590849360575092, 45.870770220750984 ], [ 11.590902537154337, 45.870816537818321 ], [ 11.590918259941306, 45.870240139643698 ], [ 11.590955328882236, 45.869574150718883 ], [ 11.59103567606428, 45.869293127757103 ], [ 11.590998885268581, 45.869050494849994 ], [ 11.590811802903016, 45.868864735257823 ], [ 11.58979470363723, 45.868198894061521 ], [ 11.589495136526375, 45.867974009997397 ], [ 11.589672694213448, 45.867952162669589 ], [ 11.590323061540452, 45.867860278000165 ], [ 11.590552831493273, 45.867866857208959 ], [ 11.591265692232522, 45.867838894329005 ], [ 11.591560938970648, 45.867790612011014 ], [ 11.591915094476811, 45.867729111096104 ], [ 11.592375812940988, 45.867582024320782 ], [ 11.592563736518505, 45.867417456870044 ], [ 11.592785356267081, 45.867246093702022 ], [ 11.592941927785722, 45.867141551687801 ], [ 11.594209531443134, 45.866708905720991 ], [ 11.594596953954875, 45.866628819540693 ], [ 11.595290468082588, 45.866553747582323 ], [ 11.595726790116533, 45.866430963314649 ], [ 11.596137627501411, 45.866308756671899 ], [ 11.596461166227234, 45.866135159467689 ], [ 11.596681534264121, 45.86594005535467 ], [ 11.596939876615078, 45.865827253397356 ], [ 11.597182487655347, 45.865744600811951 ], [ 11.597364281706101, 45.865722645121721 ], [ 11.597722288755053, 45.865744204688276 ], [ 11.598238445833353, 45.865875033385926 ], [ 11.598462480015899, 45.865941131553136 ], [ 11.598301735615193, 45.866503099361033 ], [ 11.598265150265172, 45.866812744155283 ], [ 11.598209728054671, 45.86734846396044 ], [ 11.598226874678632, 45.867716290554199 ], [ 11.598137389533312, 45.867985645743559 ], [ 11.597852609340475, 45.868805692906413 ], [ 11.597753912892802, 45.869134571585249 ], [ 11.597808753038164, 45.869216490209894 ], [ 11.598524582362431, 45.869069515827199 ], [ 11.599328822791671, 45.868997750332923 ], [ 11.600194737916434, 45.868972098471801 ], [ 11.601216508030573, 45.869097341534015 ], [ 11.601329642097443, 45.869117967032182 ], [ 11.601679515946673, 45.869181751771166 ], [ 11.602896806665525, 45.868488866533099 ], [ 11.603154136179597, 45.868536465306008 ], [ 11.604030018025641, 45.868724322650543 ], [ 11.60476568808191, 45.868820414359419 ], [ 11.60540602480558, 45.868776105835089 ], [ 11.605721303453953, 45.868792674606844 ], [ 11.606625351277209, 45.868855210306471 ], [ 11.60698461979047, 45.868900473798895 ], [ 11.607626337799609, 45.868808597786455 ], [ 11.607955844627279, 45.868581277836228 ], [ 11.60823381647611, 45.868527496402031 ], [ 11.608503566767636, 45.868479752540296 ], [ 11.608734028258981, 45.86849825016391 ], [ 11.609198430351315, 45.868612300279906 ], [ 11.609507714670601, 45.868682459378448 ], [ 11.610475920042983, 45.868761319888662 ], [ 11.612161331577148, 45.868805858977339 ], [ 11.613054107941986, 45.868809197197749 ], [ 11.613610016364298, 45.868879642553658 ], [ 11.613995757840131, 45.868948039779305 ], [ 11.614232769908915, 45.869108856816531 ], [ 11.61550903572585, 45.870107059847648 ], [ 11.616099780078397, 45.870740856284527 ], [ 11.616482323597035, 45.871100309520628 ], [ 11.616802774378925, 45.871336435117108 ], [ 11.617940425042226, 45.871844911108866 ], [ 11.622510220850291, 45.874128838983687 ], [ 11.623007576779614, 45.874377445843919 ], [ 11.623004384495026, 45.874490297290791 ], [ 11.622925984842025, 45.874628727793215 ], [ 11.62260543946895, 45.875045888742306 ], [ 11.622358712905854, 45.875514817676823 ], [ 11.622384647354147, 45.875622319997653 ], [ 11.622674474858639, 45.875327193780876 ], [ 11.62283621169753, 45.875075781657728 ], [ 11.623050221668926, 45.874812547893313 ], [ 11.623321650617552, 45.874326578788747 ], [ 11.623460945197706, 45.874239042989196 ], [ 11.623632016193751, 45.874128545409029 ], [ 11.623695219996822, 45.874086140410434 ], [ 11.623929020896556, 45.873764486138349 ], [ 11.623996230446672, 45.873703177612867 ], [ 11.624124463208954, 45.873586012935604 ], [ 11.624293623874099, 45.873492479512414 ], [ 11.624556180157853, 45.873138570854735 ], [ 11.624731813100231, 45.87302382641473 ], [ 11.624978902566989, 45.8728231032661 ], [ 11.625271296804751, 45.872621338148221 ], [ 11.625557586108471, 45.872451394922741 ], [ 11.625899373502833, 45.872338139172498 ], [ 11.626189645955719, 45.872094207385651 ], [ 11.626714928820748, 45.871628674123137 ], [ 11.627017898045663, 45.871331704352428 ], [ 11.627360791856377, 45.871239390154145 ], [ 11.627597902183441, 45.871144378528427 ], [ 11.627940169060798, 45.871041546260422 ], [ 11.628466900671327, 45.870844911161853 ], [ 11.628585260419202, 45.870794663483558 ], [ 11.628849360481457, 45.870793894983969 ], [ 11.629193201958529, 45.870642599200323 ], [ 11.629392841431825, 45.87055366687791 ], [ 11.629653089670356, 45.870468558911718 ], [ 11.629952909143389, 45.870424752278176 ], [ 11.630070652761226, 45.870358766149337 ], [ 11.630548827607702, 45.870094564567971 ], [ 11.630733154047528, 45.870000672093333 ], [ 11.630835462465479, 45.869929820366735 ], [ 11.63097074973369, 45.869916173023846 ], [ 11.631073303835059, 45.869850535789453 ], [ 11.631231109819202, 45.869836279348611 ], [ 11.631372617853854, 45.869796116284178 ], [ 11.631651649612037, 45.869789686802491 ], [ 11.632087994240507, 45.869758569600094 ], [ 11.632470074626584, 45.869697019151523 ], [ 11.632639834891798, 45.869613990227123 ], [ 11.632837472922054, 45.869482884842704 ], [ 11.633008724559879, 45.869273271657562 ], [ 11.633228515248184, 45.869131124070393 ], [ 11.633497957632676, 45.868924556500524 ], [ 11.633767274081329, 45.868791706580623 ], [ 11.634019428627743, 45.868707405345745 ], [ 11.633946323409308, 45.868610894302414 ], [ 11.634598954639928, 45.868339321646992 ], [ 11.634615050517109, 45.868194669709489 ], [ 11.633915293096937, 45.867954291738968 ], [ 11.633731241105309, 45.867702017576754 ], [ 11.633515960205356, 45.867274140326572 ], [ 11.632907317815921, 45.866919416723761 ], [ 11.632623971089563, 45.866749625802768 ], [ 11.631979840897657, 45.865986905210008 ], [ 11.631086132143857, 45.865286005268104 ], [ 11.631016613856223, 45.864678441960294 ], [ 11.630916657411376, 45.864263923917882 ], [ 11.630634695795028, 45.863637132301392 ], [ 11.630466662306393, 45.863480700970001 ], [ 11.630276596133525, 45.863100300131073 ], [ 11.630040719410987, 45.862720954054936 ], [ 11.629803970987449, 45.862566104078795 ], [ 11.629445261668957, 45.862502178317783 ], [ 11.628970138274767, 45.862400968296136 ], [ 11.628415088386191, 45.862309516502123 ], [ 11.627824926290462, 45.86220284872023 ], [ 11.627459040070297, 45.86235554789365 ], [ 11.626941617925731, 45.862575906372641 ], [ 11.626658173652048, 45.862646510550412 ], [ 11.626190845530179, 45.862713422203875 ], [ 11.625753850342964, 45.862691337960804 ], [ 11.625362296079418, 45.862660286887412 ], [ 11.624968476996358, 45.862581132880102 ], [ 11.624000046137775, 45.862356049852451 ], [ 11.623901315469405, 45.862333116418839 ], [ 11.623599130895759, 45.862251942360352 ], [ 11.622828535136726, 45.862942982366249 ], [ 11.622532876987865, 45.862997835638986 ], [ 11.622335405531294, 45.862946295998711 ], [ 11.622077523351292, 45.862831968221499 ], [ 11.621957716264937, 45.862722480637501 ], [ 11.621583680320887, 45.862674903210959 ], [ 11.620712870042048, 45.862454391782684 ], [ 11.618263633181966, 45.861604832680165 ], [ 11.617581366122252, 45.861492212867311 ], [ 11.617074716144932, 45.861207252359364 ], [ 11.615835669032069, 45.861075247451204 ], [ 11.615199417046524, 45.861210067844013 ], [ 11.614447633332116, 45.861323497776773 ], [ 11.613450062928571, 45.861338319869134 ], [ 11.612435913148992, 45.861241274218159 ], [ 11.611979192819362, 45.861163514270629 ], [ 11.611520634882703, 45.860925492766732 ], [ 11.610894110238778, 45.860531007594474 ], [ 11.609693953514691, 45.859756839421856 ], [ 11.609380136342383, 45.859916301342203 ], [ 11.609145118578109, 45.860041919728133 ], [ 11.608478782020626, 45.860514014782538 ], [ 11.607908898725832, 45.860839622847813 ], [ 11.607723433369284, 45.86104430263039 ], [ 11.607286616495534, 45.861270741856622 ], [ 11.607116561158076, 45.86131467711423 ], [ 11.606352575479132, 45.861660729293654 ], [ 11.605436340909037, 45.862186662783309 ], [ 11.605069110017391, 45.862020583733432 ], [ 11.605014404522704, 45.861995843151377 ], [ 11.604463498018221, 45.86174396856768 ], [ 11.603986789723578, 45.861610468343045 ], [ 11.603353818180915, 45.861424544200531 ], [ 11.602834801623107, 45.861364278832504 ], [ 11.602339680397799, 45.861327408469684 ], [ 11.601582504373457, 45.86132863818316 ], [ 11.600781759065882, 45.861379008623501 ], [ 11.600424080290651, 45.861090491609225 ], [ 11.600282536161528, 45.861005597961366 ], [ 11.599836098155871, 45.860783274722799 ], [ 11.599336634925818, 45.860650363034601 ], [ 11.59880018964323, 45.860710634936204 ], [ 11.597969192285726, 45.860849790514941 ], [ 11.597394807311163, 45.860975093529319 ], [ 11.596999917563577, 45.860871835648759 ], [ 11.59675703110595, 45.860829205006702 ], [ 11.596674121100747, 45.860775015968265 ], [ 11.596640025047225, 45.860535293541105 ], [ 11.596545682378745, 45.86023285611936 ], [ 11.596182070428808, 45.859816291293008 ], [ 11.595505560498749, 45.860072165754474 ], [ 11.594515580962332, 45.860246951542308 ], [ 11.593510882546534, 45.860598385898371 ], [ 11.592315500173891, 45.861154584564716 ], [ 11.591339547342944, 45.861385098411013 ], [ 11.590347914210314, 45.861527843165995 ], [ 11.589354840571851, 45.86139006131058 ], [ 11.589007390072911, 45.861317742537054 ], [ 11.587654857074194, 45.860851469512561 ], [ 11.587027444638409, 45.860681260022268 ], [ 11.586167744523129, 45.860452222715821 ], [ 11.585907104123647, 45.860273790985005 ], [ 11.585751399455949, 45.860133035853977 ], [ 11.585830154710479, 45.859850702174185 ], [ 11.58618242584626, 45.859530132557133 ], [ 11.586413284439598, 45.859172168663044 ], [ 11.586477543178299, 45.859074496373566 ], [ 11.586657013126285, 45.858244800871447 ], [ 11.586622526938607, 45.857748565350377 ], [ 11.586527003143555, 45.856925097899364 ], [ 11.586143180581287, 45.85656503279322 ], [ 11.585739968400617, 45.856397839643336 ], [ 11.585565397577183, 45.85609720947236 ], [ 11.586070305661851, 45.855604781895551 ], [ 11.586417654054452, 45.855428603559055 ], [ 11.586649122786714, 45.855223006427416 ], [ 11.586836815665619, 45.854817955465364 ], [ 11.587176917528787, 45.854730055442921 ], [ 11.587267353709347, 45.854455466535491 ], [ 11.587689037698597, 45.854149340613837 ], [ 11.588227662965251, 45.854137135086447 ], [ 11.588974706037256, 45.853919757541497 ], [ 11.58918271064884, 45.853586427551491 ], [ 11.589319317870943, 45.853318890763795 ], [ 11.589700928323701, 45.852893597040776 ], [ 11.589860865786417, 45.852385212542394 ], [ 11.590491347892687, 45.851641768829424 ], [ 11.590642741178062, 45.851445990318268 ], [ 11.591047681624591, 45.851276591867681 ], [ 11.591914806778917, 45.850936401472602 ], [ 11.592830043958527, 45.850891594414151 ], [ 11.593677098195839, 45.850615931072035 ], [ 11.59445612831397, 45.849861080745974 ], [ 11.594674103316134, 45.849615720614082 ], [ 11.594794756622752, 45.849252412234804 ], [ 11.595112950636826, 45.8491292535534 ], [ 11.596525278361657, 45.848464044185164 ], [ 11.597022685729655, 45.848049143695647 ], [ 11.597770900890112, 45.847798559084339 ], [ 11.598547361997973, 45.84750475361534 ], [ 11.599089650958764, 45.846748957148392 ], [ 11.599621217685028, 45.846418324246784 ], [ 11.599791523677164, 45.84615954817599 ], [ 11.600272372837017, 45.84604239274551 ], [ 11.600723847219362, 45.845947145949197 ], [ 11.601226020056048, 45.845638326440017 ], [ 11.601373875256018, 45.845550082266755 ], [ 11.600557885445744, 45.844995142808202 ], [ 11.600028881116087, 45.844731046796106 ], [ 11.599472491153199, 45.844531386453603 ], [ 11.599254822178816, 45.84440934121384 ], [ 11.598242351984032, 45.844219514282678 ], [ 11.597262030357175, 45.844050638870485 ], [ 11.596400066757299, 45.84381533943165 ], [ 11.595995627350444, 45.843612117463614 ], [ 11.595105293264917, 45.843420026379576 ], [ 11.593688871853853, 45.842368971391188 ], [ 11.593398859698766, 45.842014450057682 ], [ 11.592643723808107, 45.841458162041839 ], [ 11.592317447570277, 45.840977011499547 ], [ 11.592020352609683, 45.839815555812244 ], [ 11.591547226644716, 45.839443943968085 ], [ 11.590383692019076, 45.838599524936377 ], [ 11.589167354200471, 45.837926224109601 ], [ 11.588049004124782, 45.837399291137672 ], [ 11.587711132593405, 45.837321980979645 ], [ 11.586450127988925, 45.83669214645527 ], [ 11.585976214792611, 45.83629937759374 ], [ 11.585561906375039, 45.835883925729782 ], [ 11.585332694021028, 45.835528007152469 ], [ 11.584953667753396, 45.835217962499357 ], [ 11.584423846093557, 45.834932570705881 ], [ 11.583929299152311, 45.834752586609767 ], [ 11.583189090850105, 45.834514522450753 ], [ 11.582339815828776, 45.83424282681959 ], [ 11.582325770466372, 45.834242604400536 ], [ 11.580782683816121, 45.834147965849859 ], [ 11.578571259431635, 45.833984962193256 ], [ 11.578498389477341, 45.833979586948821 ], [ 11.578392649730949, 45.833987374727847 ], [ 11.578253984718382, 45.833984834871956 ], [ 11.577509630173589, 45.833926661269622 ], [ 11.577001177219168, 45.833878477515405 ], [ 11.576971752319928, 45.833877085519966 ], [ 11.576828325366133, 45.833870300396967 ], [ 11.576509909574444, 45.833853812682051 ], [ 11.576199900513082, 45.83384091478576 ], [ 11.5758900159436, 45.833827923179506 ], [ 11.575849913266556, 45.833826667539043 ], [ 11.575793138711013, 45.833824077781777 ], [ 11.575369356555939, 45.833742548150717 ], [ 11.575096127315721, 45.833750959555871 ], [ 11.575055763043745, 45.833774731441622 ], [ 11.574983266937345, 45.833799767833291 ], [ 11.5748295733811, 45.833864977837329 ], [ 11.574488978450646, 45.833978954546616 ], [ 11.574211124083742, 45.834068564300615 ], [ 11.574108955236884, 45.834109120108472 ], [ 11.573870422969152, 45.83418029131029 ], [ 11.573600683259363, 45.834244874834411 ], [ 11.573523833129101, 45.834273248673547 ], [ 11.573462530391348, 45.834300912081552 ], [ 11.57313865130244, 45.834425668872598 ], [ 11.572902545127382, 45.834563478556476 ], [ 11.572249470748924, 45.834932456952785 ], [ 11.571374142313431, 45.835301485699112 ], [ 11.571296708586889, 45.835328431060468 ], [ 11.570630359813508, 45.835560618513156 ], [ 11.570162352109913, 45.835698781733335 ], [ 11.569830740382715, 45.835812542320426 ], [ 11.569587604540224, 45.835895869084588 ], [ 11.569534996201126, 45.835913884036096 ], [ 11.568611826024462, 45.836189820648748 ], [ 11.568297464807909, 45.836208501508338 ], [ 11.567746237563606, 45.836304152948202 ], [ 11.567403843244499, 45.836309690596977 ], [ 11.567371556122914, 45.836310416432774 ], [ 11.56726373190525, 45.83631221027828 ], [ 11.566937734291983, 45.83630189665697 ], [ 11.566589616592047, 45.836205402748277 ], [ 11.566558708554641, 45.836196916671646 ], [ 11.566279071745877, 45.836119494332628 ], [ 11.56604855396202, 45.836060139086428 ], [ 11.566016758100869, 45.836051942854695 ], [ 11.565454735273702, 45.835907237354071 ], [ 11.565388666588831, 45.835890180118085 ], [ 11.564654697966882, 45.835637994403129 ], [ 11.564446061439185, 45.83554754229035 ], [ 11.564416990262016, 45.835506161875344 ], [ 11.564379157766256, 45.835453457321414 ], [ 11.564142366535147, 45.83512016813836 ], [ 11.563905185648075, 45.834882024564081 ], [ 11.56308292260206, 45.834607779190833 ], [ 11.562516138594122, 45.834658930991594 ], [ 11.561820268381119, 45.834963914858385 ], [ 11.561685792579498, 45.835044247291677 ], [ 11.561550187572676, 45.83512523484616 ], [ 11.561419973615685, 45.835233913500836 ], [ 11.561366581678628, 45.835324667817183 ], [ 11.561172490431261, 45.83536862372447 ], [ 11.560774316346558, 45.835387543309423 ], [ 11.560603061589688, 45.835368319828937 ], [ 11.560443489221182, 45.835350407461327 ], [ 11.560129506197901, 45.835323963929753 ], [ 11.559519859098952, 45.835232500705807 ], [ 11.559381776899402, 45.83521183351565 ], [ 11.559049865502557, 45.835156626547636 ], [ 11.558562014897413, 45.83496648172121 ], [ 11.55837528977878, 45.834879037817629 ], [ 11.55795012735514, 45.834705217386407 ], [ 11.557779988176804, 45.834634052307884 ], [ 11.55688860377637, 45.83460126870024 ], [ 11.556197898672711, 45.834583967963908 ], [ 11.555505653442713, 45.834569577867903 ], [ 11.554645654586292, 45.834474149664416 ], [ 11.554072629342038, 45.834417210920805 ], [ 11.553277734970331, 45.834340297842871 ], [ 11.552495626434009, 45.83423321126714 ], [ 11.552165951956765, 45.834195665580019 ], [ 11.551678701211916, 45.834141838358221 ], [ 11.55015781875802, 45.833959882791369 ], [ 11.549322505477326, 45.833880154465021 ], [ 11.548164002278977, 45.833727075380779 ], [ 11.547251625027982, 45.833640140683045 ], [ 11.545940086702807, 45.833499452930866 ], [ 11.545231826713151, 45.833398950916958 ], [ 11.544074568750071, 45.833272714593278 ], [ 11.543451825214753, 45.833226190741534 ], [ 11.542679234188398, 45.833118104783466 ], [ 11.542176933575055, 45.833044410485613 ], [ 11.541680932971666, 45.832970483694531 ], [ 11.540897243547267, 45.832898455495496 ], [ 11.540669573408504, 45.832838535639986 ], [ 11.540411540358829, 45.83277065009505 ], [ 11.539952784615872, 45.832669065251963 ], [ 11.539352701597114, 45.832557210082847 ], [ 11.53855791389158, 45.832382534732247 ], [ 11.537787378918351, 45.8323191933424 ], [ 11.537246355844267, 45.832206284763437 ], [ 11.535752394336722, 45.831982675960568 ], [ 11.534398645235942, 45.831736044640422 ], [ 11.533285056932222, 45.831484160333289 ], [ 11.532202784595741, 45.831300786060716 ], [ 11.531529353005492, 45.831098348989741 ], [ 11.530488514048074, 45.830894238519974 ], [ 11.530217199676175, 45.830831124532153 ], [ 11.528785981068083, 45.830561480939068 ], [ 11.528177450546991, 45.830387199321102 ], [ 11.527669627195699, 45.830250288557593 ], [ 11.527442199882634, 45.830220759251183 ], [ 11.527170667977186, 45.830152692433821 ], [ 11.527459715265381, 45.829672139820339 ], [ 11.52766231797694, 45.829307088309065 ], [ 11.527692421345206, 45.829192833389484 ], [ 11.527715894190957, 45.829088535900709 ], [ 11.527810784714742, 45.828997598886637 ], [ 11.527926988549094, 45.828911050424885 ], [ 11.528175426864076, 45.828782061522318 ], [ 11.52834943409203, 45.828723845225475 ], [ 11.528481573007863, 45.828676456436554 ], [ 11.52867399276353, 45.828558607414031 ], [ 11.528893811897786, 45.828420349926986 ], [ 11.529539708134656, 45.828146825997528 ], [ 11.529565102849803, 45.827789566138954 ], [ 11.529625052119925, 45.827504446535627 ], [ 11.529714604240143, 45.827182218424099 ], [ 11.530034409450096, 45.827116899569681 ], [ 11.530321623846561, 45.82690919101745 ], [ 11.53049867359131, 45.826679710914561 ], [ 11.53067736462903, 45.826486466872019 ], [ 11.530887346462817, 45.826296219398834 ], [ 11.531174709587303, 45.825975546684077 ], [ 11.531319835273687, 45.825732101591775 ], [ 11.531481839640104, 45.825400975551737 ], [ 11.531486195572509, 45.825269918860037 ], [ 11.531470470214812, 45.82492032045355 ], [ 11.53147053327327, 45.824578202656745 ], [ 11.531461457340775, 45.824125398879367 ], [ 11.531458233376028, 45.823963457821108 ], [ 11.5314001756065, 45.823830094316449 ], [ 11.531349513003176, 45.823746250701276 ], [ 11.531089667020437, 45.823526452475924 ], [ 11.53096791496022, 45.823365338066857 ], [ 11.530837764018386, 45.823135374377635 ], [ 11.530816799193635, 45.823019369954956 ], [ 11.530774303649686, 45.822769192249254 ], [ 11.530663767965729, 45.822628260519352 ], [ 11.530533248653153, 45.822503702758013 ], [ 11.530477702967971, 45.822428517576938 ], [ 11.530312643951968, 45.822115620221638 ], [ 11.530191925680398, 45.821863575067177 ], [ 11.530044111600787, 45.821590258313421 ], [ 11.529984372912084, 45.82141966838946 ], [ 11.52995035750229, 45.821245718384539 ], [ 11.529913800068011, 45.821126458917583 ], [ 11.529743765937967, 45.821050209291023 ], [ 11.529525764124761, 45.82094945977525 ], [ 11.529428151485106, 45.820860624734586 ], [ 11.529317977530779, 45.820727514263922 ], [ 11.529190801334147, 45.820562917818812 ], [ 11.529171323819609, 45.820479642642283 ], [ 11.529230075913613, 45.820281856253587 ], [ 11.529278244070586, 45.820080613921988 ], [ 11.529254944016806, 45.819910116677661 ], [ 11.529160866590063, 45.819788440466183 ], [ 11.529053829900921, 45.819721685500816 ], [ 11.528810749274296, 45.81964120156595 ], [ 11.528684529426419, 45.819611323853394 ], [ 11.52862997480133, 45.819557897440852 ], [ 11.52856925658536, 45.819479225618998 ], [ 11.528549120726726, 45.819381383800021 ], [ 11.528597987754528, 45.819081838556556 ], [ 11.52868325459278, 45.818665108353791 ], [ 11.528694106313262, 45.818444260914305 ], [ 11.528647171630164, 45.8183288309883 ], [ 11.528548087037084, 45.818207355221865 ], [ 11.528452164361164, 45.818158535012991 ], [ 11.528427740741801, 45.818133810297354 ], [ 11.528386171474272, 45.818079889737874 ], [ 11.528411693039795, 45.817955565078613 ], [ 11.528396997494154, 45.817861293012285 ], [ 11.528319273678992, 45.817753835245654 ], [ 11.528182972068601, 45.817614911570239 ], [ 11.528105287395826, 45.817511143058667 ], [ 11.528093931093087, 45.817374043705122 ], [ 11.52806569802145, 45.817094476826348 ], [ 11.527908767719408, 45.816963300080502 ], [ 11.527752626189354, 45.816846686743546 ], [ 11.527562101792233, 45.816778087896438 ], [ 11.527345897539925, 45.816713747348686 ], [ 11.527065716405637, 45.816618059394216 ], [ 11.526900805531829, 45.816538001815417 ], [ 11.526601612176753, 45.816366317470354 ], [ 11.526434662171335, 45.81622977989872 ], [ 11.526363058765194, 45.816024167725558 ], [ 11.526431127934927, 45.815804574838275 ], [ 11.526546362940779, 45.815594739302213 ], [ 11.5265503710798, 45.815452889482842 ], [ 11.526420987344759, 45.815466642655807 ], [ 11.526301689834439, 45.815472881974536 ], [ 11.52615016052601, 45.815458052408367 ], [ 11.525987851904619, 45.815432570220203 ], [ 11.525751777219678, 45.815386937522831 ], [ 11.524606549587229, 45.81524133630635 ], [ 11.523790267714338, 45.815128507916867 ], [ 11.523161768680673, 45.815018095561847 ], [ 11.523026077393441, 45.815034684435197 ], [ 11.522771911067119, 45.815013027135983 ], [ 11.522506308188904, 45.814957599148507 ], [ 11.52139051609131, 45.814839217676656 ], [ 11.52081237124851, 45.814763413507812 ], [ 11.519480772276731, 45.814608913404861 ], [ 11.518628311257064, 45.81449828634522 ], [ 11.517272044458059, 45.814338814077765 ], [ 11.517105173228252, 45.814311889669852 ], [ 11.517027069259472, 45.814306770580743 ], [ 11.516903738655616, 45.814272045755693 ], [ 11.516830238542596, 45.814263404766749 ], [ 11.516698949951929, 45.814266298012782 ], [ 11.516615373252453, 45.814251128414249 ], [ 11.516374669081417, 45.814205308230363 ], [ 11.514774562490224, 45.814035787587336 ], [ 11.514622352155763, 45.814008536706503 ], [ 11.514544248738652, 45.81400341588153 ], [ 11.514411532285123, 45.813977445654182 ], [ 11.51405096217721, 45.813919408505512 ], [ 11.512898148356806, 45.813789788022326 ], [ 11.51278052408991, 45.813770234362089 ], [ 11.512660558782102, 45.813755862496052 ], [ 11.512493533359871, 45.813725424451746 ], [ 11.512320229500919, 45.813715645943816 ], [ 11.512195608682049, 45.813706506384037 ], [ 11.511262442694141, 45.813589498860118 ], [ 11.511054299685185, 45.813563473160762 ], [ 11.51082352891339, 45.81352084321265 ], [ 11.510649918721331, 45.813504228361921 ], [ 11.51052783860915, 45.813497191312599 ], [ 11.510365859034954, 45.813470149552529 ], [ 11.510169471738497, 45.813433603033168 ], [ 11.509605475910346, 45.813345460049042 ], [ 11.509476579991226, 45.813350002564491 ], [ 11.509258540677317, 45.813321400815894 ], [ 11.509011356818181, 45.813294428990893 ], [ 11.508334427536507, 45.813239453254027 ], [ 11.508229669100711, 45.813239773903618 ], [ 11.508037278330256, 45.81324057885459 ], [ 11.507851530684677, 45.813225936412849 ], [ 11.507114852238033, 45.813141662959886 ], [ 11.507045861608001, 45.813124456013391 ], [ 11.506848346807869, 45.813120061029224 ], [ 11.506686672451092, 45.81309975787142 ], [ 11.506306754976984, 45.813043380995801 ], [ 11.505554193173593, 45.812986538142731 ], [ 11.505407864316389, 45.812981197716923 ], [ 11.505205374455935, 45.81297204866727 ], [ 11.505116508302633, 45.81294501572718 ], [ 11.505022606690551, 45.812914762896469 ], [ 11.504924883642536, 45.812908355690993 ], [ 11.50471009732853, 45.81289479508397 ], [ 11.504629577558822, 45.812893140721386 ], [ 11.504526258188847, 45.812868134442155 ], [ 11.504321809712591, 45.812818163581383 ], [ 11.502968322710098, 45.812664310741894 ], [ 11.502681803890033, 45.812629726653846 ], [ 11.502611056775155, 45.812624976483626 ], [ 11.502381137609914, 45.812601122172055 ], [ 11.502288378171281, 45.812596314123624 ], [ 11.502171166935685, 45.812588711424382 ], [ 11.502060922907416, 45.812575735519637 ], [ 11.501882129273968, 45.81255247035164 ], [ 11.501789140319522, 45.812542536465102 ], [ 11.501201035435413, 45.812458750441785 ], [ 11.501117384553627, 45.812441770990034 ], [ 11.501066110568635, 45.812437853493876 ], [ 11.500919553869556, 45.812427381881783 ], [ 11.50069187414476, 45.812401765097 ], [ 11.500549390818067, 45.812375902522511 ], [ 11.50025361326421, 45.812350065742535 ], [ 11.499762034781224, 45.812306282344188 ], [ 11.499407803649268, 45.812280012642042 ], [ 11.499321786881767, 45.812264793770197 ], [ 11.499283107017224, 45.812269060515256 ], [ 11.49923422025261, 45.812266710079676 ], [ 11.499162789929182, 45.812249551756047 ], [ 11.499106400626241, 45.812240614918515 ], [ 11.499035424891675, 45.812233617358672 ], [ 11.498995510802494, 45.812227560208321 ], [ 11.498937892681834, 45.812231431169984 ], [ 11.498814917152767, 45.812238802299468 ], [ 11.498713387180663, 45.81224507404059 ], [ 11.498578091371977, 45.812253254512171 ], [ 11.498494230121512, 45.812266070041538 ], [ 11.498380854703036, 45.812200324905533 ], [ 11.498286858230609, 45.812190860292255 ], [ 11.49775004364648, 45.812125556011296 ], [ 11.49721897655659, 45.812067864107881 ], [ 11.496840970493791, 45.811987651989746 ], [ 11.496440241942283, 45.811888583901741 ], [ 11.496368403135756, 45.811882413606405 ], [ 11.496032583682551, 45.811882103033561 ], [ 11.495685629419988, 45.81200129408569 ], [ 11.495041097298193, 45.812238684345274 ], [ 11.494607045269184, 45.812379036448007 ], [ 11.49433937882217, 45.812478220052064 ] ] ] } },
{ "type": "Feature", "properties": { "codistat": "24041", "nomcom": "Foza", "provincia": "VI", "area": 35178309.576784737, "perimetro": 27500.787, "id1": 484 }, "geometry": { "type": "Polygon", "coordinates": [ [ [ 11.634019428627743, 45.868707405345745 ], [ 11.633767274081329, 45.868791706580623 ], [ 11.633497957632676, 45.868924556500524 ], [ 11.633228515248184, 45.869131124070393 ], [ 11.633008724559879, 45.869273271657562 ], [ 11.632837472922054, 45.869482884842704 ], [ 11.632639834891798, 45.869613990227123 ], [ 11.632470074626584, 45.869697019151523 ], [ 11.632087994240507, 45.869758569600094 ], [ 11.631651649612037, 45.869789686802491 ], [ 11.631372617853854, 45.869796116284178 ], [ 11.631231109819202, 45.869836279348611 ], [ 11.631073303835059, 45.869850535789453 ], [ 11.63097074973369, 45.869916173023846 ], [ 11.630835462465479, 45.869929820366735 ], [ 11.630733154047528, 45.870000672093333 ], [ 11.630548827607702, 45.870094564567971 ], [ 11.630070652761226, 45.870358766149337 ], [ 11.629952909143389, 45.870424752278176 ], [ 11.629653089670356, 45.870468558911718 ], [ 11.629392841431825, 45.87055366687791 ], [ 11.629193201958529, 45.870642599200323 ], [ 11.628849360481457, 45.870793894983969 ], [ 11.628585260419202, 45.870794663483558 ], [ 11.628466900671327, 45.870844911161853 ], [ 11.627940169060798, 45.871041546260422 ], [ 11.627597902183441, 45.871144378528427 ], [ 11.627360791856377, 45.871239390154145 ], [ 11.627017898045663, 45.871331704352428 ], [ 11.626714928820748, 45.871628674123137 ], [ 11.626189645955719, 45.872094207385651 ], [ 11.625899373502833, 45.872338139172498 ], [ 11.625557586108471, 45.872451394922741 ], [ 11.625271296804751, 45.872621338148221 ], [ 11.624978902566989, 45.8728231032661 ], [ 11.624731813100231, 45.87302382641473 ], [ 11.624556180157853, 45.873138570854735 ], [ 11.624293623874099, 45.873492479512414 ], [ 11.624124463208954, 45.873586012935604 ], [ 11.623996230446672, 45.873703177612867 ], [ 11.623929020896556, 45.873764486138349 ], [ 11.623695219996822, 45.874086140410434 ], [ 11.623632016193751, 45.874128545409029 ], [ 11.623460945197706, 45.874239042989196 ], [ 11.623321650617552, 45.874326578788747 ], [ 11.623050221668926, 45.874812547893313 ], [ 11.62283621169753, 45.875075781657728 ], [ 11.622674474858639, 45.875327193780876 ], [ 11.622384647354147, 45.875622319997653 ], [ 11.622370011051258, 45.8756371471327 ], [ 11.622120959311381, 45.875949967636487 ], [ 11.621925785369092, 45.876238509022095 ], [ 11.621794943431924, 45.876494881034631 ], [ 11.621744555872171, 45.876826181499496 ], [ 11.621671197714496, 45.877134877561765 ], [ 11.621557184574772, 45.877283395229931 ], [ 11.621339385085811, 45.877326737271574 ], [ 11.621054729136246, 45.877348661615841 ], [ 11.620840177073219, 45.877461053172944 ], [ 11.620647276359263, 45.877565296910696 ], [ 11.620501384512844, 45.877737496644997 ], [ 11.62043716290367, 45.878007729508113 ], [ 11.620336614401237, 45.878439907308262 ], [ 11.620177495626576, 45.878796743269589 ], [ 11.619979778039104, 45.879031605711972 ], [ 11.619753916144518, 45.879136604063532 ], [ 11.619537549452884, 45.8792106020055 ], [ 11.619198475334649, 45.879352578383248 ], [ 11.619009859987486, 45.879463201497622 ], [ 11.618877962252597, 45.879601595784393 ], [ 11.618699478957875, 45.879779760880318 ], [ 11.618508448337652, 45.879987105452848 ], [ 11.618301833613646, 45.880156284197319 ], [ 11.618169704308157, 45.880289822620099 ], [ 11.617989623835479, 45.880434090794132 ], [ 11.617725834910686, 45.880565876353238 ], [ 11.617496897420773, 45.880701632887742 ], [ 11.617010339657673, 45.881056697683576 ], [ 11.616764990436749, 45.881276624769498 ], [ 11.616461675717769, 45.881508140053889 ], [ 11.61622700856527, 45.881799196271217 ], [ 11.616147004259503, 45.881964390551339 ], [ 11.616048350800515, 45.882196256673758 ], [ 11.615737814825152, 45.882427845369406 ], [ 11.615368464947402, 45.882655739757027 ], [ 11.614481560421822, 45.883139219406203 ], [ 11.613949637412318, 45.883324837440789 ], [ 11.613473160862927, 45.883447979846359 ], [ 11.613228191129986, 45.883519920049565 ], [ 11.613033796700579, 45.88373867306013 ], [ 11.612715259948287, 45.884113366600147 ], [ 11.612569949490588, 45.884285092661457 ], [ 11.612245672266182, 45.884537507501157 ], [ 11.612015243855407, 45.884609112489258 ], [ 11.611749277897271, 45.884860102303456 ], [ 11.6113673181886, 45.884970903648018 ], [ 11.611054398126814, 45.884998399580859 ], [ 11.610690611563671, 45.885032277794849 ], [ 11.610395236783084, 45.885120665178349 ], [ 11.610105245498302, 45.885249701631416 ], [ 11.610012707543072, 45.885455950813451 ], [ 11.610096799799175, 45.885693805906932 ], [ 11.609970326653102, 45.885956994546632 ], [ 11.609777472176521, 45.886206308864772 ], [ 11.60947194928305, 45.886391862518309 ], [ 11.609266264454863, 45.886524190871214 ], [ 11.609038927691456, 45.886662053800322 ], [ 11.608834501746376, 45.886901100116901 ], [ 11.60875178996177, 45.887163197674745 ], [ 11.608710768501332, 45.887536670809894 ], [ 11.608639393241404, 45.887727134347578 ], [ 11.608423559206935, 45.8879566297297 ], [ 11.608066735784069, 45.888296541936406 ], [ 11.607941856500076, 45.888437193262106 ], [ 11.607842313874929, 45.888653771238822 ], [ 11.607714388372315, 45.888886298281079 ], [ 11.607561822774054, 45.889063313809913 ], [ 11.607424828303621, 45.889102174036076 ], [ 11.607220979113926, 45.889117088490281 ], [ 11.607024335650394, 45.88913174812312 ], [ 11.606720274592034, 45.889194852402248 ], [ 11.606443376066283, 45.88919667174207 ], [ 11.606431606674377, 45.889267415246444 ], [ 11.606401769134896, 45.889384474296065 ], [ 11.606348052420039, 45.889533850502453 ], [ 11.606257696326303, 45.889652200570552 ], [ 11.606123215246491, 45.889799909462354 ], [ 11.605981562267401, 45.889901788615582 ], [ 11.605798956665373, 45.88999065102086 ], [ 11.605670886093503, 45.890060537670358 ], [ 11.605562373395957, 45.890115937031631 ], [ 11.605375082204365, 45.890269980163055 ], [ 11.605356375148874, 45.890355012778073 ], [ 11.605326517014348, 45.890526795807823 ], [ 11.605274512440609, 45.890762448449976 ], [ 11.605220725294398, 45.890855301765896 ], [ 11.60511414569674, 45.890974110985333 ], [ 11.604952915299103, 45.891145290176006 ], [ 11.604837733717785, 45.891273115970684 ], [ 11.604722879624623, 45.891407954612149 ], [ 11.604655018751155, 45.891522370108476 ], [ 11.604619365900463, 45.891625430319834 ], [ 11.604627874520778, 45.891752235053296 ], [ 11.604682796879176, 45.891846209112515 ], [ 11.604718080480062, 45.89195296189483 ], [ 11.604717131288455, 45.892042899781941 ], [ 11.604709702355072, 45.892154136917505 ], [ 11.604692912911242, 45.892225084715164 ], [ 11.604662436352092, 45.892323076497476 ], [ 11.604601406171049, 45.892465058088796 ], [ 11.604467472550565, 45.892652265173041 ], [ 11.604302658360924, 45.892785542509756 ], [ 11.603986356295465, 45.893036671530623 ], [ 11.60378075590438, 45.893215701158965 ], [ 11.603545425270459, 45.893519796681993 ], [ 11.603335059984458, 45.893748617475417 ], [ 11.60322123137982, 45.893905572746533 ], [ 11.603063826130548, 45.894048580087563 ], [ 11.602906082316556, 45.894181604182663 ], [ 11.602795042116377, 45.894398259549838 ], [ 11.602631837208818, 45.894720600805535 ], [ 11.602450622731924, 45.894963786670246 ], [ 11.602231487220671, 45.895231327902472 ], [ 11.602038767210175, 45.895380088713367 ], [ 11.601858016004904, 45.895478803132065 ], [ 11.601575730800386, 45.895694318027424 ], [ 11.60133166600489, 45.895963685395181 ], [ 11.601191214888019, 45.896163547826269 ], [ 11.60114522207958, 45.896266212344656 ], [ 11.60111788442806, 45.896417775298765 ], [ 11.601125570820454, 45.896582311532192 ], [ 11.601082466885732, 45.896713712171007 ], [ 11.600987708392513, 45.896787965182703 ], [ 11.600823703279382, 45.896853444276992 ], [ 11.600687776599637, 45.896890831920857 ], [ 11.600462715301067, 45.896913147741849 ], [ 11.600277376650457, 45.896941399262232 ], [ 11.600142087590308, 45.89699245262797 ], [ 11.599943862719087, 45.897062219770987 ], [ 11.599735527533367, 45.897125286255303 ], [ 11.599473527160081, 45.897146100778272 ], [ 11.599158945429229, 45.897252807184628 ], [ 11.598911306657927, 45.897426664128901 ], [ 11.598655288336108, 45.897628163042285 ], [ 11.598579717384775, 45.897801524246546 ], [ 11.59843381809422, 45.898045160171712 ], [ 11.598206996260179, 45.898242573533835 ], [ 11.597931747408929, 45.89845476898811 ], [ 11.597663565083202, 45.898608479039311 ], [ 11.597429893023433, 45.898761403655953 ], [ 11.597287403256985, 45.898871031379656 ], [ 11.597092049376297, 45.899002562452822 ], [ 11.596850404027515, 45.899131095474367 ], [ 11.596831237093056, 45.899159613217087 ], [ 11.596704305001664, 45.899351332091904 ], [ 11.596622598201913, 45.899495579427388 ], [ 11.596496001505226, 45.899716632432359 ], [ 11.596438737479161, 45.899862574119361 ], [ 11.596411544056203, 45.899929076830666 ], [ 11.596340764399894, 45.900022942138193 ], [ 11.59625826687993, 45.900139215285925 ], [ 11.596242019241263, 45.900147415177109 ], [ 11.596127580087936, 45.900206270386889 ], [ 11.595923878287623, 45.900310987326854 ], [ 11.595732355750945, 45.900494452506919 ], [ 11.595607517139522, 45.900612317503693 ], [ 11.595464640224355, 45.900799537014848 ], [ 11.595403216425797, 45.900881218297954 ], [ 11.595160104723792, 45.901180432602551 ], [ 11.595044711344329, 45.901321213913079 ], [ 11.595025661187064, 45.90144630522461 ], [ 11.594998044669468, 45.901642065925216 ], [ 11.594968154546169, 45.901764163301287 ], [ 11.594914559009467, 45.901986165969653 ], [ 11.594919229429484, 45.902008921402 ], [ 11.594933094038847, 45.902104462866014 ], [ 11.594945631849324, 45.902348544563203 ], [ 11.594936903647492, 45.902592749387154 ], [ 11.594949528639315, 45.902683818702876 ], [ 11.594979321653337, 45.902891505888256 ], [ 11.59498863649881, 45.90296410914361 ], [ 11.595043757738264, 45.903026491012184 ], [ 11.594997563680476, 45.903357502922134 ], [ 11.594995022295683, 45.90338042219809 ], [ 11.594990150610199, 45.903505461301783 ], [ 11.594981113970478, 45.9036656074435 ], [ 11.594998183696248, 45.903804999043714 ], [ 11.595017334991001, 45.903883949241639 ], [ 11.595075626272514, 45.903964530320053 ], [ 11.595117374548138, 45.904024875851256 ], [ 11.595133403269973, 45.90403684248259 ], [ 11.595170921341417, 45.904064521915231 ], [ 11.595177140150085, 45.904073471215817 ], [ 11.595243984903112, 45.904171589032217 ], [ 11.595279569165706, 45.904224154038509 ], [ 11.595242324332968, 45.904354429065144 ], [ 11.595204446796641, 45.904482198313644 ], [ 11.595200424461709, 45.904520362268677 ], [ 11.595180568485883, 45.904666893294284 ], [ 11.595163418524953, 45.904796801740723 ], [ 11.595159349560157, 45.904822905909597 ], [ 11.595159852582405, 45.904833695237429 ], [ 11.595162076162049, 45.904956052934473 ], [ 11.595162420929263, 45.905015989150421 ], [ 11.595163985969808, 45.905113160109103 ], [ 11.595136566407373, 45.905224670627931 ], [ 11.595124734324571, 45.905275072836659 ], [ 11.595090284638385, 45.905335349596022 ], [ 11.595044691491793, 45.905413790765394 ], [ 11.59500530917628, 45.905481650082272 ], [ 11.594954269275199, 45.905570475627279 ], [ 11.59491172140104, 45.905609154870731 ], [ 11.594867275088804, 45.90564859724897 ], [ 11.594855252538501, 45.905681092590477 ], [ 11.594873948637519, 45.905753032679961 ], [ 11.594886308098697, 45.905802435210177 ], [ 11.594902292750451, 45.905827273721968 ], [ 11.594934283106335, 45.905877400322254 ], [ 11.594936464984828, 45.905899312232279 ], [ 11.594950283246364, 45.905980003715953 ], [ 11.594909784708996, 45.906062649322436 ], [ 11.594876557519926, 45.906127038505936 ], [ 11.594848541401266, 45.906184288865141 ], [ 11.594805445035801, 45.906213979907086 ], [ 11.594781462935899, 45.906230545814189 ], [ 11.594741473143513, 45.906257736126108 ], [ 11.59461221701339, 45.906377950446732 ], [ 11.594517908453833, 45.906465148573496 ], [ 11.594453032931861, 45.906525486263789 ], [ 11.594413396824862, 45.906596231302032 ], [ 11.594397549682053, 45.906624133111023 ], [ 11.594383483585469, 45.906648754280049 ], [ 11.594377777849418, 45.906686776442506 ], [ 11.594303231489326, 45.906813488129828 ], [ 11.594202057914087, 45.906900031865248 ], [ 11.594049421806535, 45.906991704645492 ], [ 11.593985680694116, 45.907023844427428 ], [ 11.593883651053229, 45.90706990459956 ], [ 11.593800662864007, 45.90710680166427 ], [ 11.593737087032, 45.907148028161387 ], [ 11.593667595257042, 45.907211710444663 ], [ 11.59364871499263, 45.907229870360652 ], [ 11.593555084780963, 45.907370425842906 ], [ 11.593498238401889, 45.907420499982727 ], [ 11.593358725493337, 45.90752546470835 ], [ 11.593282551023339, 45.90757579761982 ], [ 11.593205840141021, 45.907603551128268 ], [ 11.593065390955646, 45.907663533741747 ], [ 11.592963073554939, 45.907700689049967 ], [ 11.592880208406452, 45.907737492614295 ], [ 11.592759171183653, 45.907801804490845 ], [ 11.592714840977434, 45.907838273222573 ], [ 11.592664147426447, 45.907879296676313 ], [ 11.592575083734545, 45.90792974162725 ], [ 11.592505223248088, 45.907980020664169 ], [ 11.59246073159747, 45.908007492372363 ], [ 11.592422603336477, 45.908030409269202 ], [ 11.592378272768354, 45.908066877871839 ], [ 11.592334312758092, 45.908116838941474 ], [ 11.592284392068166, 45.908193847086537 ], [ 11.592229010023074, 45.908311391841984 ], [ 11.592146711669239, 45.908379774129187 ], [ 11.592026360814419, 45.908475481754628 ], [ 11.591824455451645, 45.908666646202484 ], [ 11.591699044433806, 45.908825382487223 ], [ 11.59167359424106, 45.908843691193688 ], [ 11.591572622249943, 45.908934728283512 ], [ 11.591496234923696, 45.908980564491827 ], [ 11.591336613137063, 45.909049800575779 ], [ 11.591248073568584, 45.909122644120337 ], [ 11.591147136738229, 45.909222770634891 ], [ 11.590857650786939, 45.909540758617482 ], [ 11.590846093340373, 45.90956946266774 ], [ 11.590737275227832, 45.909724671270844 ], [ 11.590597041186182, 45.910052593772441 ], [ 11.590593492101466, 45.910112078200569 ], [ 11.590579585014094, 45.910345149122534 ], [ 11.590509467049626, 45.910509110311772 ], [ 11.590214021283522, 45.910840552615255 ], [ 11.590099653088178, 45.911087152472994 ], [ 11.590016225378436, 45.911267166220995 ], [ 11.58985700374836, 45.911519733287228 ], [ 11.589824966464255, 45.911834310543561 ], [ 11.589756857100422, 45.912041518543241 ], [ 11.589623139314707, 45.912174429095423 ], [ 11.589526504965919, 45.912436467312396 ], [ 11.589440353957587, 45.912688277059537 ], [ 11.589362384533352, 45.912916409697971 ], [ 11.589279188430197, 45.913134760129317 ], [ 11.589305844067338, 45.913372311543576 ], [ 11.589349965425733, 45.913652669825318 ], [ 11.589283864665356, 45.913903124825168 ], [ 11.589203816249686, 45.914186388088311 ], [ 11.589054547347738, 45.914611539671625 ], [ 11.589039057742255, 45.914655543655392 ], [ 11.588929344444738, 45.91497197128907 ], [ 11.588750633939091, 45.9154739347983 ], [ 11.588743597446296, 45.915658066331581 ], [ 11.588765610112727, 45.915798606683957 ], [ 11.588527838410613, 45.915943054869025 ], [ 11.588292544174873, 45.916551066822628 ], [ 11.588258243723105, 45.916947510045858 ], [ 11.588087802364992, 45.917250461937833 ], [ 11.587539405122524, 45.918061149483997 ], [ 11.587262389391384, 45.918473981526908 ], [ 11.586892263411743, 45.919006109414788 ], [ 11.586226396679985, 45.920189555017501 ], [ 11.586186977261146, 45.920617705352392 ], [ 11.586079275749555, 45.920847588774464 ], [ 11.585963443143283, 45.921118968865613 ], [ 11.585671812954647, 45.921428801010862 ], [ 11.585416918752008, 45.921680017084036 ], [ 11.585348501086157, 45.92190892051088 ], [ 11.585226389883555, 45.922256226812848 ], [ 11.585268690950969, 45.922317283336064 ], [ 11.585315282766613, 45.922467888520735 ], [ 11.585380813698579, 45.922817877873605 ], [ 11.585370696544146, 45.923024760222631 ], [ 11.585264266026059, 45.923282155781635 ], [ 11.585134793615747, 45.923471128334754 ], [ 11.584965579567621, 45.923654159759899 ], [ 11.585069577630881, 45.923768993520575 ], [ 11.585116160396202, 45.92434676647806 ], [ 11.585334334288856, 45.924789786969917 ], [ 11.585353720652583, 45.924996001449507 ], [ 11.585299064137493, 45.925093724834923 ], [ 11.585189943538573, 45.925296097575611 ], [ 11.585179825633046, 45.925502979872185 ], [ 11.585212390045227, 45.925903938538589 ], [ 11.585562936830714, 45.926122998113186 ], [ 11.585862669331959, 45.926311525005381 ], [ 11.586156461642336, 45.92648875486497 ], [ 11.586313827796172, 45.926569526939559 ], [ 11.586537336531318, 45.92665258120536 ], [ 11.586643788147935, 45.926933688601636 ], [ 11.586707619324189, 45.927127555477277 ], [ 11.586744341081534, 45.927207188972652 ], [ 11.586868830823128, 45.927407422468811 ], [ 11.587100152810414, 45.927777597009182 ], [ 11.58715412950686, 45.927876010714904 ], [ 11.587252932958828, 45.927992580246539 ], [ 11.587338694663561, 45.928067232382816 ], [ 11.587440010813017, 45.92811858065604 ], [ 11.587528644590742, 45.928135743930845 ], [ 11.587632750541843, 45.928133385383447 ], [ 11.587746510605298, 45.928100116031352 ], [ 11.587777001469368, 45.928045781777428 ], [ 11.587790695674219, 45.927988047831136 ], [ 11.587761668191854, 45.927835425741712 ], [ 11.587754724071083, 45.927686173501485 ], [ 11.587819939333301, 45.927435649975216 ], [ 11.58791776381439, 45.92729554466657 ], [ 11.588081297156984, 45.927153950346693 ], [ 11.588189159145777, 45.92711316373925 ], [ 11.588342918244566, 45.927113549570237 ], [ 11.588498811335873, 45.92715978981461 ], [ 11.58864041294335, 45.927237045746743 ], [ 11.588972638614607, 45.927632831321489 ], [ 11.58914786931515, 45.927847843133698 ], [ 11.589430094552798, 45.928233330076544 ], [ 11.589754289226985, 45.928813717193165 ], [ 11.589614212494119, 45.929882921203863 ], [ 11.58979173582582, 45.930149723365055 ], [ 11.589853012516571, 45.930401970032428 ], [ 11.589904963074931, 45.930631206704653 ], [ 11.589906165062464, 45.931011543620372 ], [ 11.589942420643851, 45.931967302205408 ], [ 11.589986257728233, 45.932554045389224 ], [ 11.590043782101974, 45.9327256419094 ], [ 11.590084228119224, 45.932851812743998 ], [ 11.590100664468743, 45.932902833273261 ], [ 11.591255090238826, 45.93369083974747 ], [ 11.59190261032523, 45.934124825759113 ], [ 11.592300834857923, 45.934258087146802 ], [ 11.592724168214749, 45.934423539246893 ], [ 11.593010184936668, 45.934504531776689 ], [ 11.593402213695951, 45.934670782075202 ], [ 11.593563364699524, 45.934765589032004 ], [ 11.593687002687668, 45.934894099753585 ], [ 11.594036377219924, 45.935323863030661 ], [ 11.594298738886428, 45.935569559883874 ], [ 11.594505717379734, 45.935971864076791 ], [ 11.59479349355086, 45.936424805557074 ], [ 11.59526559032782, 45.936797053415454 ], [ 11.596243188673112, 45.937245385453217 ], [ 11.596751105135008, 45.93737604781299 ], [ 11.596974006246086, 45.937447574675879 ], [ 11.598022937847571, 45.938080221169535 ], [ 11.598843873981425, 45.938532004251172 ], [ 11.599242146132235, 45.938665240313348 ], [ 11.599797631708064, 45.938805787266858 ], [ 11.600286911735012, 45.938871243971306 ], [ 11.600945289599862, 45.938867143875825 ], [ 11.603011960549139, 45.939126441844287 ], [ 11.604036927904685, 45.939245286928525 ], [ 11.60439878031818, 45.939269888460259 ], [ 11.605779396533041, 45.93955881879014 ], [ 11.606327334499635, 45.939664403979485 ], [ 11.606825226182012, 45.939756367819584 ], [ 11.607318694696422, 45.939902523853533 ], [ 11.607425982496896, 45.939934546823686 ], [ 11.607857665544765, 45.940116583136358 ], [ 11.608282263463149, 45.940298779685847 ], [ 11.60866390275168, 45.94046719487789 ], [ 11.609000966588184, 45.940587393957941 ], [ 11.609236677490808, 45.940650863731562 ], [ 11.60955703139698, 45.940717349495728 ], [ 11.609947315178378, 45.940767475462138 ], [ 11.610195690105527, 45.940801132026998 ], [ 11.613310639010113, 45.941344911534834 ], [ 11.613531693953284, 45.941546506421673 ], [ 11.613678097500367, 45.941661243647509 ], [ 11.614291322827041, 45.941804628980933 ], [ 11.615436942935325, 45.942171995706502 ], [ 11.615988180260205, 45.942198703985348 ], [ 11.616565920956583, 45.94218546995512 ], [ 11.616808144464962, 45.942238964332454 ], [ 11.616924146793345, 45.942305160826891 ], [ 11.617209107413721, 45.942367575716347 ], [ 11.618472307963231, 45.942535375272897 ], [ 11.619324079554897, 45.942653643259376 ], [ 11.619895986299491, 45.942817657248838 ], [ 11.620328887825346, 45.943024190011975 ], [ 11.620534408046186, 45.943196605886278 ], [ 11.620635991487157, 45.943323523212349 ], [ 11.620744493050282, 45.94346855288466 ], [ 11.620793974137145, 45.943418004384171 ], [ 11.621132676138147, 45.943172527121312 ], [ 11.621309899879225, 45.943095015264284 ], [ 11.621322812888305, 45.943095258959218 ], [ 11.621406971737455, 45.94308792708928 ], [ 11.621484844509583, 45.943075879125232 ], [ 11.621569527241061, 45.943055034245816 ], [ 11.621801553011762, 45.942897598792669 ], [ 11.621862458931549, 45.942826716351931 ], [ 11.621883229300547, 45.942791137347548 ], [ 11.621898594980259, 45.942728500707112 ], [ 11.621913910723457, 45.942670275529238 ], [ 11.621921065472975, 45.942652380159721 ], [ 11.622032450233728, 45.942609590641311 ], [ 11.622400497932736, 45.942436700488791 ], [ 11.622546611629812, 45.942331549171769 ], [ 11.62262060755759, 45.942256495495513 ], [ 11.622701628885901, 45.94216354935007 ], [ 11.622770219377038, 45.942061437955765 ], [ 11.622812456431987, 45.941972262489365 ], [ 11.622854647728936, 45.941887588350468 ], [ 11.622883095017073, 45.941820600918447 ], [ 11.622911193279077, 45.941762622067735 ], [ 11.622964643109835, 45.941714231614178 ], [ 11.623024150234674, 45.941679382922139 ], [ 11.62312156831109, 45.941663284733224 ], [ 11.623238400929978, 45.941643050325183 ], [ 11.623427478330942, 45.941592714622068 ], [ 11.623655118765273, 45.941547613189144 ], [ 11.623817190554018, 45.94152372882192 ], [ 11.62390147555265, 45.941516392168609 ], [ 11.624005394866156, 45.941495913602509 ], [ 11.624117124505933, 45.941444113567279 ], [ 11.624170523174374, 45.941400134029344 ], [ 11.624251366253709, 45.94131169110252 ], [ 11.62429220097111, 45.941258459545104 ], [ 11.624336486445637, 45.941119823342881 ], [ 11.624358654032477, 45.94104829953428 ], [ 11.624366858463834, 45.941003468180895 ], [ 11.624379863340264, 45.940841699177774 ], [ 11.624403077117694, 45.940743149627032 ], [ 11.624425418830011, 45.94066712149057 ], [ 11.62443567459338, 45.94057282988566 ], [ 11.624432839330259, 45.940482709374699 ], [ 11.624396328100007, 45.940428014835305 ], [ 11.624412213534024, 45.940351864999414 ], [ 11.624465436584719, 45.940312389642656 ], [ 11.624601634281776, 45.940292518897095 ], [ 11.624647681639571, 45.940299455332479 ], [ 11.624704280754608, 45.940307981224777 ], [ 11.62486002540504, 45.940284060746812 ], [ 11.624919052205016, 45.940258222626142 ], [ 11.624953603798454, 45.940200364934533 ], [ 11.62499648788636, 45.940097672942819 ], [ 11.625017603987542, 45.940053084839313 ], [ 11.625079378644442, 45.939959769206922 ], [ 11.625220597953019, 45.939814044372689 ], [ 11.62531347773753, 45.939748365504819 ], [ 11.625386242103525, 45.93970475025354 ], [ 11.625504642631341, 45.939644064924991 ], [ 11.625628229290918, 45.939619442531644 ], [ 11.62571813689361, 45.939630156497934 ], [ 11.626805827505931, 45.939849331454958 ], [ 11.62692840987004, 45.939847142166641 ], [ 11.627103868767673, 45.939814574646867 ], [ 11.627486539689885, 45.939763469361253 ], [ 11.627583475852294, 45.939756378998894 ], [ 11.627662172087632, 45.93972639673585 ], [ 11.62788391686666, 45.93966324128769 ], [ 11.627987960034563, 45.939642756245185 ], [ 11.628215459557321, 45.939597648881069 ], [ 11.628403828999231, 45.939565322329678 ], [ 11.628597824925052, 45.939551047172372 ], [ 11.628797580641901, 45.93955491020516 ], [ 11.62890738315282, 45.939552562904694 ], [ 11.629036251040677, 45.939555087016124 ], [ 11.629415822954963, 45.939580371387507 ], [ 11.629538060881028, 45.939587277813509 ], [ 11.629654667385747, 45.939576042587767 ], [ 11.629745271412235, 45.939568736168731 ], [ 11.629920424838398, 45.939540671641517 ], [ 11.630103732565589, 45.93947227656701 ], [ 11.63018940477928, 45.939428901060708 ], [ 11.630381780730414, 45.93929315242125 ], [ 11.630507629137087, 45.93921005896793 ], [ 11.630658779494773, 45.939140963489159 ], [ 11.630816434820668, 45.939067577720827 ], [ 11.630904370350983, 45.938965735836426 ], [ 11.630989738463754, 45.938926867015553 ], [ 11.631114368137892, 45.938875302961961 ], [ 11.631167629876048, 45.938831323265745 ], [ 11.631334552601199, 45.938528568727293 ], [ 11.631440799475111, 45.938287605752002 ], [ 11.631482672304523, 45.938207435930643 ], [ 11.631591020113071, 45.938079021555019 ], [ 11.631650869734877, 45.938035249844248 ], [ 11.631903784247015, 45.937900443853366 ], [ 11.632000890254501, 45.937888845538112 ], [ 11.632117488387928, 45.937877517997954 ], [ 11.632208833431257, 45.937847781111977 ], [ 11.632287003117806, 45.9378313086278 ], [ 11.632561642607072, 45.937733082797926 ], [ 11.632698178171823, 45.937704194030239 ], [ 11.632783890416961, 45.937656315345095 ], [ 11.632823672019322, 45.937630106729401 ], [ 11.632864366945668, 45.937576875300898 ], [ 11.632873908923782, 45.937500510487915 ], [ 11.632896932696136, 45.937406463780299 ], [ 11.632971300297532, 45.937317893840266 ], [ 11.633081776363799, 45.937131015254749 ], [ 11.633097822843933, 45.937050360174162 ], [ 11.633106669696874, 45.936992012517045 ], [ 11.633129870846176, 45.936893551401731 ], [ 11.633134395167717, 45.936776619622087 ], [ 11.633105727593614, 45.936686104716848 ], [ 11.633064669717095, 45.936581834567136 ], [ 11.633040588070541, 45.936536396783879 ], [ 11.633028673979338, 45.936513629970449 ], [ 11.633022913031816, 45.936495491595352 ], [ 11.633011395409117, 45.936459304797111 ], [ 11.633006159812146, 45.93642774346376 ], [ 11.63301029221496, 45.936324321632888 ], [ 11.633012554505148, 45.936265855718702 ], [ 11.63304325347241, 45.936140490039442 ], [ 11.633072033137156, 45.936064491714959 ], [ 11.633106399952394, 45.93601113609818 ], [ 11.633154550641333, 45.935935591243002 ], [ 11.633175356134936, 45.935895509036826 ], [ 11.633195943079208, 45.935864432467362 ], [ 11.633203093431314, 45.935846536473683 ], [ 11.633224201416956, 45.935801946999682 ], [ 11.633264676155738, 45.935757721088102 ], [ 11.633291544949007, 45.935731269940746 ], [ 11.633298392726974, 45.935717881208049 ], [ 11.633338693758541, 45.935678159531967 ], [ 11.633366604467447, 45.935624682624962 ], [ 11.633388932132901, 45.935548652995692 ], [ 11.633403058976233, 45.935517365302772 ], [ 11.63342538657926, 45.935441335669047 ], [ 11.633426953781189, 45.935400886947924 ], [ 11.633422933755948, 45.935337795560706 ], [ 11.633388505635839, 45.935229142386923 ], [ 11.633267030807788, 45.934875880326032 ], [ 11.633254930885634, 45.934691197408426 ], [ 11.633275691005574, 45.934655616524381 ], [ 11.633330510108124, 45.934571097282159 ], [ 11.633344467388572, 45.934544403796174 ], [ 11.633351443865978, 45.934531012078033 ], [ 11.633361207533133, 45.934445731513833 ], [ 11.633369924981421, 45.934387386771867 ], [ 11.633371794769696, 45.934342430778877 ], [ 11.63337475562442, 45.934266037610847 ], [ 11.633370214743479, 45.934216459142128 ], [ 11.633397951093821, 45.934167486540495 ], [ 11.633446099951144, 45.93409194158226 ], [ 11.633520462447802, 45.934003371354279 ], [ 11.633547499760377, 45.933972325977571 ], [ 11.633567912130488, 45.933945753635683 ], [ 11.633597562577542, 45.933847323689356 ], [ 11.633627386585371, 45.933744389365046 ], [ 11.633673772469781, 45.93366159450656 ], [ 11.633710469593158, 45.933597564225138 ], [ 11.633785133543148, 45.933504486626184 ], [ 11.633926180760337, 45.933358664801808 ], [ 11.634034037815191, 45.933239259861324 ], [ 11.634054445456341, 45.933212597540553 ], [ 11.63406788124478, 45.933199416845234 ], [ 11.634075551826587, 45.933168007940701 ], [ 11.634076424109791, 45.933145576371011 ], [ 11.634070663227403, 45.933127438036649 ], [ 11.63405984022271, 45.933073234165498 ], [ 11.63404845164801, 45.933037044439537 ], [ 11.634043038018552, 45.933009897526439 ], [ 11.634037802276298, 45.932978336272612 ], [ 11.634033260955283, 45.932928757799985 ], [ 11.634035303840809, 45.932879297507874 ], [ 11.634037044272542, 45.932834344470045 ], [ 11.634037565072646, 45.932820831568044 ], [ 11.634038611039754, 45.932793895735145 ], [ 11.63404576074119, 45.932775999691529 ], [ 11.634046459464406, 45.93275807244153 ], [ 11.63406128401118, 45.932708857387674 ], [ 11.634068607359815, 45.93268645704913 ], [ 11.634082737396637, 45.932655259164356 ], [ 11.634096689579783, 45.932628475715646 ], [ 11.634117274869229, 45.932597399000741 ], [ 11.634152163741939, 45.93253062005364 ], [ 11.634165639847701, 45.932512848128745 ], [ 11.634213087594402, 45.93245523016261 ], [ 11.634286752439383, 45.932384676695236 ], [ 11.63434693683557, 45.932331805251458 ], [ 11.6343871058847, 45.932292086187772 ], [ 11.63444729008485, 45.932239214702996 ], [ 11.634521301482055, 45.932159652465842 ], [ 11.634548515180404, 45.932124192513434 ], [ 11.634568926455419, 45.932097620014446 ], [ 11.634575728815625, 45.932088732487315 ], [ 11.634590205586411, 45.932048526003427 ], [ 11.634604028506008, 45.932021745441965 ], [ 11.634650954752205, 45.931977640180477 ], [ 11.634684102749489, 45.931955814170067 ], [ 11.634788520633714, 45.931921813333275 ], [ 11.63490493632775, 45.931915077428975 ], [ 11.635001159197536, 45.931925908322306 ], [ 11.635181125955834, 45.931942817535777 ], [ 11.635219554674297, 45.931948051302342 ], [ 11.635270720204776, 45.931958031478366 ], [ 11.635384138600164, 45.931979102820307 ], [ 11.63542434585975, 45.931987968879305 ], [ 11.635502026256948, 45.931980416005217 ], [ 11.635541500265735, 45.931958713804796 ], [ 11.635588074420706, 45.931923526867536 ], [ 11.635654761163416, 45.931866364347854 ], [ 11.635708315051016, 45.931817875436373 ], [ 11.635741854092227, 45.931782539224308 ], [ 11.635775348465797, 45.931751704291564 ], [ 11.635830988090627, 45.931649253718142 ], [ 11.635912319173222, 45.931547290270473 ], [ 11.635959942044998, 45.931485257210007 ], [ 11.636037839671214, 45.931468698434003 ], [ 11.63609017869962, 45.93145173937247 ], [ 11.636136276382475, 45.93142556381062 ], [ 11.636195937708415, 45.931386204289126 ], [ 11.636248321173218, 45.931364743885908 ], [ 11.636339084236347, 45.931352928225621 ], [ 11.636417461518642, 45.93132744752323 ], [ 11.636475779723547, 45.931319620903487 ], [ 11.636534267043665, 45.931307200067891 ], [ 11.636675848338907, 45.931314372292313 ], [ 11.636740270529311, 45.93131558521177 ], [ 11.636850056158966, 45.931313230674483 ], [ 11.636946971818746, 45.931306042796514 ], [ 11.637049951311452, 45.931312485687322 ], [ 11.637152806222398, 45.931319021438512 ], [ 11.637196293645189, 45.93129897180912 ], [ 11.637218570767423, 45.931288701056587 ], [ 11.637245826763383, 45.931248739165547 ], [ 11.637266929890657, 45.931204149019926 ], [ 11.637329299280921, 45.93093089122393 ], [ 11.637336625364826, 45.930908580614293 ], [ 11.637349926648765, 45.930895312611838 ], [ 11.637376786973997, 45.930868770721013 ], [ 11.637423016685757, 45.930842681539715 ], [ 11.637482027557549, 45.930816837267983 ], [ 11.637521149036251, 45.930804053046792 ], [ 11.637540865042695, 45.930795497246578 ], [ 11.637669881608561, 45.930793417816091 ], [ 11.637702156866245, 45.930794022500422 ], [ 11.637792225313676, 45.930800222899698 ], [ 11.637817743350716, 45.930805213904279 ], [ 11.637983233096586, 45.930862325654623 ], [ 11.638021314676642, 45.930876567039654 ], [ 11.638040506557518, 45.930881434085748 ], [ 11.638059396299029, 45.930890808395162 ], [ 11.638078588207849, 45.930895675477316 ], [ 11.638136554883141, 45.930896766692769 ], [ 11.638233949248788, 45.930880656085151 ], [ 11.638338318396304, 45.930851153440074 ], [ 11.638364356321702, 45.93084263144295 ], [ 11.63846924509096, 45.930799615742096 ], [ 11.63859320102663, 45.930761559861864 ], [ 11.638780485994133, 45.930756062869605 ], [ 11.639035050253099, 45.930841897030326 ], [ 11.63906022202189, 45.930855896388231 ], [ 11.639085522546161, 45.930869892705424 ], [ 11.639110343642516, 45.930892810689031 ], [ 11.639141752924969, 45.930915936455698 ], [ 11.639186116710047, 45.930934802596518 ], [ 11.639218045626153, 45.930944415470357 ], [ 11.639250018909276, 45.93094952698285 ], [ 11.639301530580392, 45.930950496780078 ], [ 11.639359626137406, 45.930951584387124 ], [ 11.639467892307858, 45.930985174755477 ], [ 11.639557308625758, 45.931004799724725 ], [ 11.63957022306667, 45.93100513129432 ], [ 11.639692394224758, 45.931016438609802 ], [ 11.639730822638311, 45.931021670860929 ], [ 11.639853384422269, 45.931019468124461 ], [ 11.639937695212732, 45.931007618739478 ], [ 11.64011189750952, 45.93100638221749 ], [ 11.640271849040117, 45.931036436875928 ], [ 11.640393372289825, 45.931061259325645 ], [ 11.640527978807414, 45.931081818904794 ], [ 11.640675841769745, 45.931093611266824 ], [ 11.64081863846523, 45.931069338254964 ], [ 11.640851610364384, 45.931052014795007 ], [ 11.640961435035173, 45.931045065095681 ], [ 11.641038421024657, 45.931055525683284 ], [ 11.641166745691825, 45.931071459447587 ], [ 11.641223501343919, 45.931104079139544 ], [ 11.641261189386015, 45.931131739459587 ], [ 11.641311139695485, 45.931173157067768 ], [ 11.641379940611262, 45.931228539594308 ], [ 11.641448954549487, 45.931274826605652 ], [ 11.641543917890887, 45.931321593472909 ], [ 11.641627186433103, 45.931336678677376 ], [ 11.641749575799755, 45.931338978169563 ], [ 11.641930109497244, 45.931337952488846 ], [ 11.641994012781263, 45.931352675321861 ], [ 11.642083390681934, 45.931376889500605 ], [ 11.642141184923805, 45.93138248297501 ], [ 11.642224972522532, 45.931384054858022 ], [ 11.642294812215749, 45.931412411071719 ], [ 11.642435356588722, 45.931446601889441 ], [ 11.642711981295484, 45.931627323688289 ], [ 11.642730477891893, 45.931650117191836 ], [ 11.642820246363083, 45.931660820828412 ], [ 11.642897406386576, 45.931666775873268 ], [ 11.642910143756376, 45.931671521473085 ], [ 11.642986439311761, 45.931699997908993 ], [ 11.643089814092271, 45.931693015365859 ], [ 11.643166974142417, 45.931698970184101 ], [ 11.643199076974406, 45.931704077631089 ], [ 11.643327749451162, 45.931711000342197 ], [ 11.643340659740803, 45.931711241564692 ], [ 11.643482242481729, 45.931718405362247 ], [ 11.643566074590654, 45.93171547494066 ], [ 11.643619625604467, 45.931667072380655 ], [ 11.643654670920643, 45.93159569663932 ], [ 11.64379542678512, 45.931292449030181 ], [ 11.643822806829034, 45.93125248268521 ], [ 11.643907808253847, 45.931222613164465 ], [ 11.643979031032544, 45.931214934043481 ], [ 11.644043798693337, 45.931207134228792 ], [ 11.64409496501486, 45.931217110433231 ], [ 11.644138985036712, 45.931244983193174 ], [ 11.64418841922109, 45.93129991241404 ], [ 11.644256873216225, 45.931364211841661 ], [ 11.644308212433456, 45.931369683611479 ], [ 11.644391654480646, 45.931380262517273 ], [ 11.644514389420191, 45.931373550468344 ], [ 11.644624001753874, 45.931375692693507 ], [ 11.644746218392557, 45.931382493299857 ], [ 11.644835074985457, 45.931420128251155 ], [ 11.644987192998165, 45.931486090000369 ], [ 11.645006385700373, 45.931490955858635 ], [ 11.645120934199372, 45.931529075669218 ], [ 11.645178037989238, 45.931552684771894 ], [ 11.64524857013812, 45.931563021988403 ], [ 11.64528084582984, 45.931563624518546 ], [ 11.645314033136362, 45.931537294204581 ], [ 11.645334434678247, 45.931510630005739 ], [ 11.645349943977461, 45.931443486434581 ], [ 11.645372076698582, 45.931371869172239 ], [ 11.645413056698114, 45.931314126293501 ], [ 11.645433635063473, 45.931283047698372 ], [ 11.645598389689955, 45.931191655747895 ], [ 11.645710423283274, 45.93113082680027 ], [ 11.645836619173838, 45.931034207289983 ], [ 11.646163190224106, 45.930927995061815 ], [ 11.64630039187384, 45.930881073338668 ], [ 11.646410693685125, 45.930865196695336 ], [ 11.646449640302619, 45.930856913812669 ], [ 11.646489061064694, 45.930839619279453 ], [ 11.646561150214614, 45.930809507008178 ], [ 11.646626093867576, 45.930797291367888 ], [ 11.646677605377555, 45.930798257837168 ], [ 11.646898075168476, 45.930766416845536 ], [ 11.646957037621503, 45.930745069046573 ], [ 11.647002956834951, 45.930723393479269 ], [ 11.647029126401897, 45.93071495647245 ], [ 11.647205618252089, 45.930650741975874 ], [ 11.647225332692033, 45.930642184477904 ], [ 11.647387317549711, 45.930622768863593 ], [ 11.647574471740276, 45.930617260471315 ], [ 11.647767567647577, 45.930625474905078 ], [ 11.647876829156083, 45.930636532719866 ], [ 11.648050555827975, 45.930644295723908 ], [ 11.648103235136409, 45.930618322701399 ], [ 11.648116490165577, 45.930609554799844 ], [ 11.648182812960465, 45.930561303975317 ], [ 11.648189617214381, 45.930552505643519 ], [ 11.648201199174968, 45.930530275681051 ], [ 11.648210534428141, 45.930512328058803 ], [ 11.648213819815526, 45.930426926323484 ], [ 11.648208748851761, 45.930390861568313 ], [ 11.648215893716483, 45.930372964730765 ], [ 11.648236297726925, 45.930346389907839 ], [ 11.648250246744894, 45.930319694763988 ], [ 11.648311971803762, 45.930226367545032 ], [ 11.648366767936984, 45.930141931521945 ], [ 11.648426635074912, 45.93009356019693 ], [ 11.648499023446291, 45.930058939438027 ], [ 11.648513489585671, 45.930018731397617 ], [ 11.648523052765963, 45.929937864376882 ], [ 11.648528545505716, 45.929909655147107 ], [ 11.648535976297847, 45.929843598575587 ], [ 11.648525860503756, 45.929766608111535 ], [ 11.648504747338587, 45.929710574009697 ], [ 11.648509065708861, 45.92966583099642 ], [ 11.648514104545535, 45.929628091645966 ], [ 11.648512219108786, 45.929569541569855 ], [ 11.648522360198806, 45.929560395832127 ], [ 11.648557758368312, 45.929550754357138 ], [ 11.648619786197193, 45.929493602322694 ], [ 11.648609355884277, 45.929453341527463 ], [ 11.648611505675348, 45.929436190581995 ], [ 11.648649825431377, 45.929417480755141 ], [ 11.648670457906919, 45.929411961926171 ], [ 11.648745088807049, 45.929364868177963 ], [ 11.648806801302639, 45.929317353972422 ], [ 11.648839768242068, 45.929248544950603 ], [ 11.648844112764486, 45.92919894094539 ], [ 11.648848584747151, 45.929189926625988 ], [ 11.64887268347093, 45.929148865068278 ], [ 11.648902062625908, 45.929091390009177 ], [ 11.648931511476214, 45.929057044772946 ], [ 11.648953787706533, 45.929026466192738 ], [ 11.648952489464495, 45.929004624868696 ], [ 11.648951367152881, 45.928983769485868 ], [ 11.648921688046567, 45.928913083218681 ], [ 11.648909387110908, 45.928890417002293 ], [ 11.648912253814311, 45.928812495442664 ], [ 11.64895666706534, 45.928669886084933 ], [ 11.649070609024664, 45.928532864543001 ], [ 11.649109146180956, 45.928488947886997 ], [ 11.649135379800283, 45.928441266308596 ], [ 11.649140003094461, 45.928392105871403 ], [ 11.649143961543913, 45.928337110471588 ], [ 11.649224439133638, 45.928263869068658 ], [ 11.649387124538459, 45.92814830800031 ], [ 11.649499804029324, 45.928060638545738 ], [ 11.649510773971546, 45.928014751080475 ], [ 11.64956583231575, 45.927965680674113 ], [ 11.649605174254715, 45.927868281652906 ], [ 11.649581479209745, 45.927850110108338 ], [ 11.649541867316, 45.927841668478038 ], [ 11.649459142464595, 45.927800024675285 ], [ 11.649400562661846, 45.927783292390423 ], [ 11.649344466188714, 45.927759122029187 ], [ 11.649310826186547, 45.927732540580777 ], [ 11.649225593166896, 45.927630110788876 ], [ 11.649136163153113, 45.92753974913726 ], [ 11.64907963202667, 45.927492907176564 ], [ 11.64904907862762, 45.927476964770008 ], [ 11.648981984770684, 45.927449359040985 ], [ 11.648972855673819, 45.9274418302535 ], [ 11.648907264614177, 45.927386197808815 ], [ 11.64888039067465, 45.927347308500437 ], [ 11.648860786114971, 45.927317521201751 ], [ 11.6488485579609, 45.927299083557259 ], [ 11.648817307106741, 45.927235994174765 ], [ 11.64879845150474, 45.927224640686077 ], [ 11.648779616994887, 45.927216436936853 ], [ 11.64872446169783, 45.927193054468503 ], [ 11.648721755002986, 45.927171425825158 ], [ 11.64873123621469, 45.92714843442247 ], [ 11.648749349446552, 45.927095450926892 ], [ 11.648771134226651, 45.927073524280168 ], [ 11.649076326570233, 45.926825050042368 ], [ 11.649205888587417, 45.92668298573038 ], [ 11.649259918806571, 45.926639429690347 ], [ 11.649297804352013, 45.926608938899115 ], [ 11.649303860257579, 45.926570905957561 ], [ 11.649286335681605, 45.92653062978107 ], [ 11.649257622545488, 45.926501863885953 ], [ 11.649217084642943, 45.926457711248545 ], [ 11.649169130402447, 45.926412200497332 ], [ 11.649137879255148, 45.926384303533546 ], [ 11.649113414640174, 45.926347248470222 ], [ 11.649114017096416, 45.926338233911963 ], [ 11.649138498410219, 45.926316064643473 ], [ 11.649184454280959, 45.926276296153958 ], [ 11.649205249007856, 45.926236301207567 ], [ 11.649221337833927, 45.926127290912163 ], [ 11.649215132858927, 45.926091792484598 ], [ 11.649202461631358, 45.926080295635273 ], [ 11.649209671024883, 45.926055646771481 ], [ 11.649240638067369, 45.926023426379516 ], [ 11.649305688338346, 45.925810493565599 ], [ 11.649267180093441, 45.925749372774767 ], [ 11.649233355918986, 45.92569723386481 ], [ 11.649207819896574, 45.925645802750104 ], [ 11.649212092858601, 45.925613661529269 ], [ 11.649240952924266, 45.925537207126439 ], [ 11.649257234821944, 45.925459334366721 ], [ 11.649263637188342, 45.92543128398048 ], [ 11.649256276724856, 45.925303826322036 ], [ 11.64927580633413, 45.925280601836938 ], [ 11.649428042500176, 45.925075817142101 ], [ 11.649458652803396, 45.925041534826782 ], [ 11.649521326129744, 45.924995347962053 ], [ 11.649551446689749, 45.924961617043806 ], [ 11.64958237943118, 45.924923276970453 ], [ 11.649578907546111, 45.924839562004138 ], [ 11.649545021557495, 45.924769873482255 ], [ 11.649511626781901, 45.924721324909733 ], [ 11.649468731778899, 45.924681817338943 ], [ 11.649436909450895, 45.924660864095443 ], [ 11.649422457369065, 45.924609265956661 ], [ 11.649436499455792, 45.924546656107438 ], [ 11.649460292959537, 45.924426126240157 ], [ 11.649590957877153, 45.924307347350855 ], [ 11.649633876511857, 45.924228226508163 ], [ 11.649650098201914, 45.924211379083346 ], [ 11.64973220959982, 45.924172571654566 ], [ 11.649772713652373, 45.924067135047849 ], [ 11.64983608563689, 45.923884032742791 ], [ 11.649866058827449, 45.923855345494765 ], [ 11.650173152009074, 45.923614744594836 ], [ 11.650265708302165, 45.923554273007646 ], [ 11.65039063564952, 45.923518161786419 ], [ 11.65047072229518, 45.923485611215391 ], [ 11.650588949454519, 45.92341986334548 ], [ 11.650652108649863, 45.923343332574746 ], [ 11.650693951894567, 45.923222743517279 ], [ 11.650675627269312, 45.923157554454015 ], [ 11.650660836908138, 45.923090753295071 ], [ 11.650657595033579, 45.923011893296533 ], [ 11.650661852048332, 45.922960491111951 ], [ 11.650688905495739, 45.922843485533981 ], [ 11.650626456699246, 45.922794171535678 ], [ 11.650601294819667, 45.922777654341772 ], [ 11.650365552326544, 45.922645236073315 ], [ 11.65025103583535, 45.922610181014967 ], [ 11.650211684202809, 45.922574641756967 ], [ 11.65019395582115, 45.922557141891716 ], [ 11.650166949034345, 45.922493774374523 ], [ 11.650148667450743, 45.92247007697911 ], [ 11.650137001368176, 45.922425524689459 ], [ 11.650135331299936, 45.922387760945405 ], [ 11.650138698193423, 45.922350150356621 ], [ 11.650148928967109, 45.922332091773136 ], [ 11.650178193084768, 45.922299370570045 ], [ 11.650250122329055, 45.922241807762866 ], [ 11.650278706968379, 45.922216482831722 ], [ 11.650332353313997, 45.922181215716158 ], [ 11.650364991444759, 45.9221570567424 ], [ 11.650387326290833, 45.922146727812319 ], [ 11.650466174971179, 45.922145077988944 ], [ 11.650596282058792, 45.922033691380527 ], [ 11.650692735295298, 45.922003640962011 ], [ 11.650943639330551, 45.921885940096232 ], [ 11.651069588864532, 45.921809121724024 ], [ 11.651127805516145, 45.921710113845045 ], [ 11.651149355339065, 45.921648139547983 ], [ 11.651146815096695, 45.921589424618261 ], [ 11.651084536662001, 45.921400237620638 ], [ 11.651061095366943, 45.921360279005356 ], [ 11.651034295041949, 45.92133101913879 ], [ 11.650999799386105, 45.921305358092788 ], [ 11.650868525093259, 45.921197337688177 ], [ 11.650838474980665, 45.921162122790555 ], [ 11.650827356207541, 45.921137179203775 ], [ 11.650826290319026, 45.921106691904249 ], [ 11.650830991131839, 45.921078140885164 ], [ 11.650834969260391, 45.92106148747061 ], [ 11.65085688438678, 45.921036947219378 ], [ 11.650899942777704, 45.92097708389872 ], [ 11.650952530795161, 45.920906108661576 ], [ 11.650959462264712, 45.920897307182663 ], [ 11.651012287180725, 45.920817775815486 ], [ 11.651030856569649, 45.920758210873331 ], [ 11.651034647555118, 45.920683507898843 ], [ 11.651010391486434, 45.920637267846232 ], [ 11.650995252941186, 45.920617277837856 ], [ 11.650961785566157, 45.920578002011524 ], [ 11.650945106472914, 45.9205500372695 ], [ 11.650944841418491, 45.920539062708023 ], [ 11.65096284399106, 45.920519023541146 ], [ 11.651060830020276, 45.920423772937077 ], [ 11.65129689546681, 45.920216769643794 ], [ 11.651324564120024, 45.920191195705868 ], [ 11.651340076285827, 45.92016761403881 ], [ 11.651346240107825, 45.920148119698574 ], [ 11.651365377949427, 45.920108612798082 ], [ 11.651363736601938, 45.920076878788429 ], [ 11.651338050397976, 45.920033102114303 ], [ 11.651227855681748, 45.919942503952115 ], [ 11.651112308364189, 45.919836998995976 ], [ 11.651080017571509, 45.919760163349224 ], [ 11.651078630625742, 45.919720232872713 ], [ 11.651093550133544, 45.919697745096556 ], [ 11.651048356827221, 45.919615358551837 ], [ 11.651047003928394, 45.919578847544315 ], [ 11.651079384678246, 45.919495200372147 ], [ 11.651128698093197, 45.919434021698656 ], [ 11.651145904806183, 45.919424351659352 ], [ 11.651208452284429, 45.919400038210668 ], [ 11.651289100488475, 45.91939834607809 ], [ 11.651322042870428, 45.919402261659705 ], [ 11.651376927582026, 45.919401167508383 ], [ 11.651400278430762, 45.919399445422897 ], [ 11.651465983694953, 45.919394599744948 ], [ 11.651532648374355, 45.919375500880456 ], [ 11.651591567024667, 45.91935352166302 ], [ 11.651601440983223, 45.919330700862062 ], [ 11.651621668663363, 45.91929512892164 ], [ 11.651620606523304, 45.919267431755273 ], [ 11.65161875182136, 45.919220401648488 ], [ 11.651611215068407, 45.919186734349239 ], [ 11.651615377861988, 45.919165846330365 ], [ 11.651630314951182, 45.919135617555632 ], [ 11.651652915607075, 45.919114661446521 ], [ 11.651711675578913, 45.919043362507992 ], [ 11.651647270938593, 45.918920469509011 ], [ 11.651600724609626, 45.918885457782174 ], [ 11.651575614579816, 45.918837527540859 ], [ 11.65155354095157, 45.918782956302898 ], [ 11.651531439583525, 45.918749447148826 ], [ 11.651511780608335, 45.918723891842795 ], [ 11.651479477186877, 45.918646786600192 ], [ 11.651450295383688, 45.918570238907435 ], [ 11.651453640973864, 45.918521377971572 ], [ 11.651489514311233, 45.918494803399462 ], [ 11.651572101120689, 45.918414760825343 ], [ 11.651628407678038, 45.918354229591209 ], [ 11.651678522152402, 45.91829636230311 ], [ 11.651711924752334, 45.918285596105463 ], [ 11.651970410207701, 45.918213709919925 ], [ 11.652012387359527, 45.918204274612954 ], [ 11.652108200725451, 45.918188008790196 ], [ 11.652170562423589, 45.91815712870374 ], [ 11.652224812507123, 45.918131927266373 ], [ 11.652305056203067, 45.918067689617452 ], [ 11.652362491412321, 45.918001101434911 ], [ 11.652472454237291, 45.917859668331047 ], [ 11.652687943562103, 45.917621727872714 ], [ 11.652715885665081, 45.917588406680736 ], [ 11.652783820398021, 45.917547316124583 ], [ 11.652862758392073, 45.917469247490978 ], [ 11.652894887910048, 45.917420977957207 ], [ 11.652924642990639, 45.917371593543372 ], [ 11.652949278651128, 45.917339249171718 ], [ 11.652995249197566, 45.917256725868896 ], [ 11.653090878094263, 45.917212291626669 ], [ 11.653105571622236, 45.917206729947345 ], [ 11.653173419708228, 45.917166541210335 ], [ 11.653246280154207, 45.917101664315148 ], [ 11.653244865485121, 45.91706929501516 ], [ 11.65325360024549, 45.917049650791881 ], [ 11.653289841998305, 45.917009206172608 ], [ 11.653302943880666, 45.916983790102485 ], [ 11.653297377776964, 45.916942786648001 ], [ 11.653297162685519, 45.916824703719868 ], [ 11.653295190999682, 45.916775246211209 ], [ 11.65330017853568, 45.916739217923265 ], [ 11.65335076836663, 45.916715721143078 ], [ 11.653736580082072, 45.916536915754733 ], [ 11.653876320759034, 45.91648461543646 ], [ 11.653925538028926, 45.916429648123341 ], [ 11.653944134925373, 45.916411304784809 ], [ 11.653999492543379, 45.916347194163315 ], [ 11.654017570668181, 45.916315271983848 ], [ 11.654029726973922, 45.916297078291223 ], [ 11.654095564129294, 45.916174220162539 ], [ 11.654373027048878, 45.916024662272932 ], [ 11.654461533771972, 45.915982372525072 ], [ 11.654530290075552, 45.91593154111829 ], [ 11.654581817889998, 45.915930433458385 ], [ 11.654679385308414, 45.915951027204443 ], [ 11.654757198225337, 45.915962989429424 ], [ 11.654795630642958, 45.915957685755593 ], [ 11.654839774449476, 45.915934248114233 ], [ 11.654876752846809, 45.915893065818132 ], [ 11.654901275081974, 45.915861083673782 ], [ 11.655000259837834, 45.915760045983944 ], [ 11.655093537427813, 45.915677232108031 ], [ 11.655168428663849, 45.915617167130861 ], [ 11.655180369988612, 45.915594477988328 ], [ 11.655205406612742, 45.915575984736194 ], [ 11.655239412834865, 45.915550892516173 ], [ 11.65530541994735, 45.915501924679639 ], [ 11.655356436878959, 45.915487417662739 ], [ 11.655426560377975, 45.915467966064519 ], [ 11.655464567635029, 45.915453761477238 ], [ 11.655567116157295, 45.915438236199755 ], [ 11.655605977316842, 45.915441922910858 ], [ 11.655734158402707, 45.915425801456308 ], [ 11.655791400974984, 45.915406649186721 ], [ 11.65588677944703, 45.915373289157785 ], [ 11.65626304032839, 45.915275702748843 ], [ 11.656378254378351, 45.915255381838264 ], [ 11.656429356615828, 45.915245372671997 ], [ 11.656486384074134, 45.915221724716858 ], [ 11.656568498825921, 45.915199563340494 ], [ 11.656782374649021, 45.915141754714902 ], [ 11.657278903344736, 45.915070349116 ], [ 11.657941398168743, 45.915034231640064 ], [ 11.65830543642995, 45.915088493156212 ], [ 11.658525185547481, 45.915121270647838 ], [ 11.658705761252287, 45.915181601466806 ], [ 11.659113185685143, 45.915307215302995 ], [ 11.659267990417282, 45.915308561244842 ], [ 11.659287315703928, 45.915308201262647 ], [ 11.659673874159674, 45.915304780212665 ], [ 11.659950417830325, 45.915290149178318 ], [ 11.660076619608427, 45.915224565647158 ], [ 11.660089285357628, 45.915219770343818 ], [ 11.660243698896197, 45.915059203114261 ], [ 11.660385101883227, 45.91504726875219 ], [ 11.6605142263942, 45.915053621485605 ], [ 11.660596802453512, 45.915024966018713 ], [ 11.660685087750485, 45.9149781763142 ], [ 11.660901282769137, 45.914753254561596 ], [ 11.661102703427421, 45.914483673690832 ], [ 11.66127995716386, 45.914196834362599 ], [ 11.661313948921835, 45.914141858609803 ], [ 11.661325156235758, 45.91410118471979 ], [ 11.661435537264975, 45.913815453335445 ], [ 11.661549616046708, 45.913615141503158 ], [ 11.661945966620616, 45.913229048584348 ], [ 11.662152840761918, 45.913089847489488 ], [ 11.662195387434265, 45.913030441743523 ], [ 11.662231106311765, 45.91295769426744 ], [ 11.662438852718262, 45.912704704574331 ], [ 11.662580556106381, 45.912532099619625 ], [ 11.663099601425172, 45.91199958233576 ], [ 11.663201216882371, 45.911808469985985 ], [ 11.663219163749147, 45.911776639312137 ], [ 11.663237540956034, 45.911753799251031 ], [ 11.663360459702789, 45.91161178335679 ], [ 11.663395014112892, 45.911512060801918 ], [ 11.663389757801021, 45.911499222531489 ], [ 11.663211199175855, 45.911154882720908 ], [ 11.663336064169677, 45.910996980340549 ], [ 11.663433097301567, 45.910855657996976 ], [ 11.663465571202222, 45.910736722616171 ], [ 11.663411207753269, 45.910670395823246 ], [ 11.663402439558636, 45.910616506612776 ], [ 11.663539427632722, 45.910348243783375 ], [ 11.663808915227332, 45.910014336122885 ], [ 11.664088752486263, 45.909770102572487 ], [ 11.664479112354424, 45.909550651693586 ], [ 11.664454535716997, 45.909425126462317 ], [ 11.664444330705141, 45.909182347926588 ], [ 11.66460853732193, 45.90894954120386 ], [ 11.664762376757565, 45.908928400592913 ], [ 11.664999468829658, 45.908919898189453 ], [ 11.665058420930309, 45.908917802503659 ], [ 11.665071089117172, 45.908913096554159 ], [ 11.665320582772761, 45.908867401552442 ], [ 11.665426282018133, 45.9087752886104 ], [ 11.665464303196284, 45.908608069830244 ], [ 11.665469364467176, 45.908576449548647 ], [ 11.665516171902855, 45.908310018916502 ], [ 11.665648811471399, 45.908091268323943 ], [ 11.665658021304218, 45.908070892005561 ], [ 11.665665227198378, 45.908057132856307 ], [ 11.665665257639539, 45.907912402222237 ], [ 11.665823688350176, 45.907812217613824 ], [ 11.665910395412624, 45.907738188740183 ], [ 11.665943002896528, 45.907611418913746 ], [ 11.665962731461653, 45.907484949752785 ], [ 11.666030960512996, 45.907294344027001 ], [ 11.666892069421184, 45.906968218199815 ], [ 11.667195987795926, 45.906853113422265 ], [ 11.667344499573092, 45.906723636292483 ], [ 11.667414446478185, 45.906568992133209 ], [ 11.667469790959434, 45.906378686466525 ], [ 11.667472759322511, 45.906171602861122 ], [ 11.667415213206983, 45.906046938227298 ], [ 11.667341342188971, 45.90585064990784 ], [ 11.667269195006799, 45.90569032371193 ], [ 11.667224097421116, 45.905556367622573 ], [ 11.66722922086675, 45.905394236767407 ], [ 11.667312906569688, 45.905257272991612 ], [ 11.667450259148117, 45.90516405880215 ], [ 11.667630075706711, 45.904880839553613 ], [ 11.667709881634723, 45.904662960511189 ], [ 11.667763930803318, 45.904445683001477 ], [ 11.667791792637018, 45.904220016632614 ], [ 11.667738126009775, 45.904176267117336 ], [ 11.667598143191903, 45.903945520656265 ], [ 11.667614851041844, 45.903756117281247 ], [ 11.667748752469688, 45.903590978364534 ], [ 11.667972367151094, 45.903414742856683 ], [ 11.66817496525276, 45.903338004825805 ], [ 11.668423902224449, 45.903152176243211 ], [ 11.668427298343374, 45.902954083158285 ], [ 11.668376166926867, 45.902694259664081 ], [ 11.668419920165238, 45.90253122615519 ], [ 11.668550799422908, 45.902303152448205 ], [ 11.668752477606533, 45.90193841483768 ], [ 11.66885803029594, 45.901719933181838 ], [ 11.668936534301427, 45.901475081740024 ], [ 11.668853235555732, 45.901351019562419 ], [ 11.66858922344489, 45.901222179475987 ], [ 11.668313627968637, 45.901120611303661 ], [ 11.668063788145483, 45.901018440769768 ], [ 11.667852580990255, 45.900915367237651 ], [ 11.66759972720312, 45.900750261652156 ], [ 11.667412553256263, 45.900610623421777 ], [ 11.66723782670266, 45.900461693591332 ], [ 11.667179426072273, 45.900319047427992 ], [ 11.667105133617866, 45.900113767976784 ], [ 11.667108965539128, 45.899924665304397 ], [ 11.667159567491078, 45.899635463483563 ], [ 11.667239368680839, 45.899417584674183 ], [ 11.667308876869399, 45.899253950005125 ], [ 11.667365364357059, 45.899130672160766 ], [ 11.667577940877825, 45.899130657470472 ], [ 11.667504798508066, 45.899022018146418 ], [ 11.66747645838096, 45.89895787557856 ], [ 11.667446296624327, 45.898858403022182 ], [ 11.667392433843768, 45.898788916078715 ], [ 11.667329383781157, 45.898707942907393 ], [ 11.667241504200652, 45.898633399996449 ], [ 11.667152647587512, 45.898541148580584 ], [ 11.667045363251058, 45.898414044948908 ], [ 11.666990248561389, 45.898321095397314 ], [ 11.666959803854866, 45.898215688931401 ], [ 11.666913188160949, 45.898122540901603 ], [ 11.666902281723329, 45.898069781886988 ], [ 11.666933353085003, 45.898016042606812 ], [ 11.666996877287721, 45.897932023414491 ], [ 11.66713399181717, 45.897799212252771 ], [ 11.667255361550918, 45.897690260305197 ], [ 11.667327538857883, 45.897611979245127 ], [ 11.667341025902557, 45.897541009291018 ], [ 11.667353100195875, 45.897440550251588 ], [ 11.667400883443383, 45.897380480084244 ], [ 11.667480714420124, 45.897284378913064 ], [ 11.6675379956306, 45.897247668537126 ], [ 11.667600265047826, 45.897140186616838 ], [ 11.667671441369626, 45.897038347011723 ], [ 11.667784030000513, 45.896923749224889 ], [ 11.667806859090406, 45.896870202230851 ], [ 11.667868563230112, 45.896750942529913 ], [ 11.667951398518358, 45.896542712953057 ], [ 11.668004581192083, 45.896417801882734 ], [ 11.668044709018229, 45.896375551503652 ], [ 11.66812312865229, 45.896250050776878 ], [ 11.668222830111478, 45.896041426918494 ], [ 11.668224715410563, 45.895905923360395 ], [ 11.668209293080929, 45.895758943277656 ], [ 11.668252714427384, 45.895610588460322 ], [ 11.668273284959481, 45.895509930776591 ], [ 11.668328310502632, 45.895426199341998 ], [ 11.668359223554484, 45.895366522958838 ], [ 11.668385625409105, 45.895212715289503 ], [ 11.668395444039696, 45.895065235513229 ], [ 11.668452345272621, 45.894845820624226 ], [ 11.668560829911165, 45.894643021660549 ], [ 11.668652593501282, 45.894446373719127 ], [ 11.668747312013712, 45.894308700797836 ], [ 11.668814025751155, 45.894218755565895 ], [ 11.669065245286806, 45.894000739650593 ], [ 11.669249563573848, 45.893796167699691 ], [ 11.669395876692436, 45.893680779994575 ], [ 11.669662984940949, 45.893444750135686 ], [ 11.669866136111763, 45.893280869800719 ], [ 11.670078219842335, 45.893128571126901 ], [ 11.670262811734091, 45.892929841502955 ], [ 11.67040827550405, 45.892796831118922 ], [ 11.670562516520322, 45.892669465664561 ], [ 11.670683872957827, 45.892560600288952 ], [ 11.67077234086838, 45.892470145186721 ], [ 11.67094288186088, 45.892330607213651 ], [ 11.671223710996074, 45.892206220654124 ], [ 11.671405572703661, 45.892125371388587 ], [ 11.671630252344411, 45.892061161408115 ], [ 11.671861841408338, 45.892138279394047 ], [ 11.672085778986894, 45.892233217195937 ], [ 11.672384137317977, 45.892296891038079 ], [ 11.672652177694157, 45.892255246061509 ], [ 11.672846078564099, 45.89225070817271 ], [ 11.673019596351246, 45.892175992012703 ], [ 11.67313812004015, 45.892008236145564 ], [ 11.673246858558706, 45.89181118708126 ], [ 11.673313102409118, 45.891703608905388 ], [ 11.673478658420803, 45.891634928841718 ], [ 11.673712962082542, 45.891594071101558 ], [ 11.674065200763714, 45.891550451600864 ], [ 11.674247492872491, 45.891481378542586 ], [ 11.67437053194018, 45.891407752316596 ], [ 11.67455521454802, 45.891385786119123 ], [ 11.674759743587828, 45.891428159404242 ], [ 11.674997154796449, 45.891452030885446 ], [ 11.675209768124041, 45.891488273639354 ], [ 11.675344698302094, 45.891485112855257 ], [ 11.67545539642394, 45.891506101282395 ], [ 11.675564962888309, 45.891503534427848 ], [ 11.675739730758412, 45.891452276484301 ], [ 11.67588885381338, 45.891395768742598 ], [ 11.67598891932894, 45.891369842435545 ], [ 11.676118630897081, 45.891260775439733 ], [ 11.67624522680147, 45.891086886699192 ], [ 11.676404555111132, 45.890888739090002 ], [ 11.676493296160901, 45.890804213526842 ], [ 11.676682096500819, 45.890693671069506 ], [ 11.676817439297029, 45.890607962985527 ], [ 11.676863512569788, 45.890512646318115 ], [ 11.676945296917477, 45.890457715547996 ], [ 11.677060693448507, 45.890225224179375 ], [ 11.677131996096248, 45.89012922605334 ], [ 11.677256731212148, 45.890091019451702 ], [ 11.677388978915907, 45.890034815354589 ], [ 11.677554114992216, 45.889960288721902 ], [ 11.677692032240413, 45.889845087132258 ], [ 11.677840145046709, 45.889765018845125 ], [ 11.678111725207719, 45.889623100869443 ], [ 11.678201028008933, 45.889550351576297 ], [ 11.678127054313309, 45.889416536651495 ], [ 11.678114721309235, 45.889334289921955 ], [ 11.678224568622515, 45.889337654386473 ], [ 11.678352976408831, 45.889375865915206 ], [ 11.678486639507231, 45.88934914942584 ], [ 11.678726313085026, 45.889243350821111 ], [ 11.678859413529914, 45.889204946296999 ], [ 11.678960321261277, 45.889196638811157 ], [ 11.678938845293253, 45.889111906523489 ], [ 11.678902576840896, 45.88895812618658 ], [ 11.678879363604159, 45.888676500513938 ], [ 11.678850975548526, 45.888185461154045 ], [ 11.678815974567232, 45.887857038537391 ], [ 11.678747349869335, 45.887831736269952 ], [ 11.678541737884075, 45.887755913140992 ], [ 11.67756248389426, 45.887402559417112 ], [ 11.677210620960135, 45.887289839803621 ], [ 11.67618336767825, 45.886937689410722 ], [ 11.675857574076975, 45.886763870373834 ], [ 11.675206076904763, 45.886624592364335 ], [ 11.674985974067408, 45.886550092314501 ], [ 11.674538401950704, 45.886446266681453 ], [ 11.673856592932724, 45.886274118403506 ], [ 11.673609546071091, 45.886239669356399 ], [ 11.673376075940045, 45.886184650514259 ], [ 11.673145377124243, 45.886190050664702 ], [ 11.672905665698359, 45.886209072251958 ], [ 11.672839107217897, 45.886224040978298 ], [ 11.672159887169425, 45.886307170320528 ], [ 11.671873768420779, 45.886360937973002 ], [ 11.671558616780288, 45.886408633600894 ], [ 11.670918523366035, 45.88650416119485 ], [ 11.670688788434227, 45.88652969527638 ], [ 11.670450173185159, 45.886568937488157 ], [ 11.67021174771631, 45.886614835297486 ], [ 11.670012457234265, 45.886673228561577 ], [ 11.669417288592305, 45.886902167050103 ], [ 11.669255524375034, 45.886939520424725 ], [ 11.669047541161895, 45.887018276670055 ], [ 11.668900785539496, 45.887067609665273 ], [ 11.668810055969889, 45.887047892301197 ], [ 11.668677161731166, 45.887019011547878 ], [ 11.668424252930279, 45.886964436826574 ], [ 11.667680920835325, 45.88671304334494 ], [ 11.667403819786388, 45.88655156376938 ], [ 11.667284611347281, 45.886473702212413 ], [ 11.667249022818691, 45.886333403281178 ], [ 11.667137440814699, 45.885811901644821 ], [ 11.667093932334081, 45.885705360037882 ], [ 11.66698329281952, 45.885607226601188 ], [ 11.666764833525868, 45.885464447390127 ], [ 11.666106450329659, 45.884975873122322 ], [ 11.66597470018039, 45.884837818624476 ], [ 11.66595198570454, 45.884764453562553 ], [ 11.66585840994807, 45.884618847265088 ], [ 11.665666808057498, 45.884380032196276 ], [ 11.665666735244436, 45.884989827722329 ], [ 11.665404498222669, 45.884845097499202 ], [ 11.665030853371277, 45.884467509588362 ], [ 11.664672774391759, 45.884415200719737 ], [ 11.664219754016901, 45.884194003249668 ], [ 11.664012123055242, 45.883983641327596 ], [ 11.663696937872956, 45.883836452017832 ], [ 11.662749870262877, 45.883527493663202 ], [ 11.662290188230953, 45.883250189808088 ], [ 11.662065019507928, 45.883001620395163 ], [ 11.661820095106604, 45.882339571107998 ], [ 11.661697005946721, 45.882077640853389 ], [ 11.661501982934547, 45.881966257656352 ], [ 11.660778669414061, 45.881794638413126 ], [ 11.660074218216808, 45.881766945672027 ], [ 11.659848712569634, 45.881678321236578 ], [ 11.659073249760198, 45.88132114228145 ], [ 11.65784264175838, 45.880948089519634 ], [ 11.657326771210853, 45.880899429700136 ], [ 11.656731464099982, 45.880841544679029 ], [ 11.656460040485067, 45.880781613709068 ], [ 11.656280076829869, 45.880653310086203 ], [ 11.656042297363795, 45.880636788763653 ], [ 11.655756884914567, 45.880615884214002 ], [ 11.655481159324845, 45.880633276521706 ], [ 11.655337500130999, 45.880769106357882 ], [ 11.654665677383658, 45.880928195133293 ], [ 11.654610585677093, 45.880934966114573 ], [ 11.654620378469916, 45.880807829317696 ], [ 11.65468563018953, 45.88051937185184 ], [ 11.654913004695095, 45.880149919997109 ], [ 11.655129269175527, 45.879880003150831 ], [ 11.655169942659773, 45.879741077581578 ], [ 11.654860061332505, 45.879704178491082 ], [ 11.654259150797285, 45.879612208393951 ], [ 11.653620768492186, 45.87931247071311 ], [ 11.653166261140308, 45.879058231442627 ], [ 11.652814743877247, 45.878812578934777 ], [ 11.653430976049684, 45.878230771925026 ], [ 11.65375009714155, 45.877964048188481 ], [ 11.654073517008731, 45.877619907991473 ], [ 11.654011457414533, 45.876400951619118 ], [ 11.65393958509256, 45.874808155725894 ], [ 11.653916744000259, 45.874328591500557 ], [ 11.653881062068006, 45.874128616025409 ], [ 11.653852052748926, 45.873965928205642 ], [ 11.6538028226688, 45.873762847300277 ], [ 11.653766932669459, 45.873504372332292 ], [ 11.653574823440431, 45.873288140061973 ], [ 11.653445275094477, 45.873219414867243 ], [ 11.653113580601403, 45.873221540698744 ], [ 11.652773735772163, 45.873136368484843 ], [ 11.652351412279774, 45.871981582390923 ], [ 11.652729876352202, 45.870720890117397 ], [ 11.652851129851411, 45.870447693696413 ], [ 11.653206912808463, 45.86962846893158 ], [ 11.65375326986134, 45.868926143610089 ], [ 11.654079137663953, 45.86847753835255 ], [ 11.654483872545775, 45.867861666790425 ], [ 11.654521401364461, 45.867656839377531 ], [ 11.654398144428285, 45.867554936546078 ], [ 11.65361400060978, 45.867410967633809 ], [ 11.652685728980437, 45.867305713776986 ], [ 11.651949925319265, 45.867267718509062 ], [ 11.651317215467795, 45.867238305910469 ], [ 11.649281118545751, 45.866982325080123 ], [ 11.648613606653369, 45.866876569133105 ], [ 11.647947143653242, 45.866792836572259 ], [ 11.64700763997153, 45.866605260894367 ], [ 11.647145611904135, 45.866458502272863 ], [ 11.646896427919485, 45.866577596253634 ], [ 11.646666258375005, 45.866608762592406 ], [ 11.646427416455525, 45.866649940168145 ], [ 11.64627339788116, 45.866724704422538 ], [ 11.646155059127205, 45.866829153946505 ], [ 11.645953065736339, 45.866905659421413 ], [ 11.645662691214842, 45.867020214653095 ], [ 11.64542549693933, 45.86716944990296 ], [ 11.64507174894889, 45.867303382893638 ], [ 11.644615302620075, 45.867439783093928 ], [ 11.644380285081875, 45.867485638154783 ], [ 11.644142921761597, 45.86749563440285 ], [ 11.643905003184509, 45.867496642330003 ], [ 11.643584114618729, 45.867508571059915 ], [ 11.643317339521733, 45.867577570671116 ], [ 11.642998790953918, 45.867638857257006 ], [ 11.642728825648289, 45.867640604365661 ], [ 11.64191653553833, 45.867701341383444 ], [ 11.641260663733892, 45.867773126207979 ], [ 11.640932525127798, 45.86780339652244 ], [ 11.640882560606663, 45.867799905980135 ], [ 11.640688596453773, 45.867786355351363 ], [ 11.640489081297137, 45.867681520466348 ], [ 11.640201421288685, 45.867540920238099 ], [ 11.639731669707972, 45.867434770544307 ], [ 11.639374185037974, 45.867416661043919 ], [ 11.639119805237756, 45.867407418625291 ], [ 11.638722616926351, 45.86739157469566 ], [ 11.638350966466863, 45.867444354482366 ], [ 11.637920657129794, 45.867480036623697 ], [ 11.637515430636965, 45.867493086259486 ], [ 11.636890444585264, 45.867536950631077 ], [ 11.636661003539452, 45.867586441300311 ], [ 11.636320832924422, 45.867691951590231 ], [ 11.636048026526989, 45.867827048296839 ], [ 11.635829655658549, 45.867887262572765 ], [ 11.635618001088655, 45.867980533859118 ], [ 11.635468446283395, 45.868046539794776 ], [ 11.635279522379145, 45.868061970224069 ], [ 11.635188271993004, 45.868137611200275 ], [ 11.635084907915056, 45.868180499212421 ], [ 11.634902824348986, 45.868228893621968 ], [ 11.63479748567703, 45.868341762018694 ], [ 11.63464478020947, 45.868455633088431 ], [ 11.63448078661385, 45.868551492963569 ], [ 11.634247796122983, 45.868637783344184 ], [ 11.634019428627743, 45.868707405345745 ] ] ] } },
{ "type": "Feature", "properties": { "codistat": "24042", "nomcom": "Gallio", "provincia": "VI", "area": 47549661.459931761, "perimetro": 33944.43, "id1": 490 }, "geometry": { "type": "Polygon", "coordinates": [ [ [ 11.590100664468743, 45.932902833273261 ], [ 11.590084228119224, 45.932851812743998 ], [ 11.590043782101974, 45.9327256419094 ], [ 11.589986257728233, 45.932554045389224 ], [ 11.589942420643851, 45.931967302205408 ], [ 11.589906165062464, 45.931011543620372 ], [ 11.589904963074931, 45.930631206704653 ], [ 11.589853012516571, 45.930401970032428 ], [ 11.58979173582582, 45.930149723365055 ], [ 11.589614212494119, 45.929882921203863 ], [ 11.589754289226985, 45.928813717193165 ], [ 11.589430094552798, 45.928233330076544 ], [ 11.58914786931515, 45.927847843133698 ], [ 11.588972638614607, 45.927632831321489 ], [ 11.58864041294335, 45.927237045746743 ], [ 11.588498811335873, 45.92715978981461 ], [ 11.588342918244566, 45.927113549570237 ], [ 11.588189159145777, 45.92711316373925 ], [ 11.588081297156984, 45.927153950346693 ], [ 11.58791776381439, 45.92729554466657 ], [ 11.587819939333301, 45.927435649975216 ], [ 11.587754724071083, 45.927686173501485 ], [ 11.587761668191854, 45.927835425741712 ], [ 11.587790695674219, 45.927988047831136 ], [ 11.587777001469368, 45.928045781777428 ], [ 11.587746510605298, 45.928100116031352 ], [ 11.587632750541843, 45.928133385383447 ], [ 11.587528644590742, 45.928135743930845 ], [ 11.587440010813017, 45.92811858065604 ], [ 11.587338694663561, 45.928067232382816 ], [ 11.587252932958828, 45.927992580246539 ], [ 11.58715412950686, 45.927876010714904 ], [ 11.587100152810414, 45.927777597009182 ], [ 11.586868830823128, 45.927407422468811 ], [ 11.586744341081534, 45.927207188972652 ], [ 11.586707619324189, 45.927127555477277 ], [ 11.586643788147935, 45.926933688601636 ], [ 11.586537336531318, 45.92665258120536 ], [ 11.586313827796172, 45.926569526939559 ], [ 11.586156461642336, 45.92648875486497 ], [ 11.585862669331959, 45.926311525005381 ], [ 11.585562936830714, 45.926122998113186 ], [ 11.585212390045227, 45.925903938538589 ], [ 11.585179825633046, 45.925502979872185 ], [ 11.585189943538573, 45.925296097575611 ], [ 11.585299064137493, 45.925093724834923 ], [ 11.585353720652583, 45.924996001449507 ], [ 11.585334334288856, 45.924789786969917 ], [ 11.585116160396202, 45.92434676647806 ], [ 11.585069577630881, 45.923768993520575 ], [ 11.584965579567621, 45.923654159759899 ], [ 11.585134793615747, 45.923471128334754 ], [ 11.585264266026059, 45.923282155781635 ], [ 11.585370696544146, 45.923024760222631 ], [ 11.585380813698579, 45.922817877873605 ], [ 11.585315282766613, 45.922467888520735 ], [ 11.585268690950969, 45.922317283336064 ], [ 11.585226389883555, 45.922256226812848 ], [ 11.585348501086157, 45.92190892051088 ], [ 11.585416918752008, 45.921680017084036 ], [ 11.585671812954647, 45.921428801010862 ], [ 11.585963443143283, 45.921118968865613 ], [ 11.586079275749555, 45.920847588774464 ], [ 11.586186977261146, 45.920617705352392 ], [ 11.586226396679985, 45.920189555017501 ], [ 11.586892263411743, 45.919006109414788 ], [ 11.587262389391384, 45.918473981526908 ], [ 11.587539405122524, 45.918061149483997 ], [ 11.588087802364992, 45.917250461937833 ], [ 11.588258243723105, 45.916947510045858 ], [ 11.588292544174873, 45.916551066822628 ], [ 11.588527838410613, 45.915943054869025 ], [ 11.588765610112727, 45.915798606683957 ], [ 11.588743597446296, 45.915658066331581 ], [ 11.588750633939091, 45.9154739347983 ], [ 11.588929344444738, 45.91497197128907 ], [ 11.589039057742255, 45.914655543655392 ], [ 11.589054547347738, 45.914611539671625 ], [ 11.589203816249686, 45.914186388088311 ], [ 11.589283864665356, 45.913903124825168 ], [ 11.589349965425733, 45.913652669825318 ], [ 11.589305844067338, 45.913372311543576 ], [ 11.589279188430197, 45.913134760129317 ], [ 11.589362384533352, 45.912916409697971 ], [ 11.589440353957587, 45.912688277059537 ], [ 11.589526504965919, 45.912436467312396 ], [ 11.589623139314707, 45.912174429095423 ], [ 11.589756857100422, 45.912041518543241 ], [ 11.589824966464255, 45.911834310543561 ], [ 11.58985700374836, 45.911519733287228 ], [ 11.590016225378436, 45.911267166220995 ], [ 11.590099653088178, 45.911087152472994 ], [ 11.590214021283522, 45.910840552615255 ], [ 11.590509467049626, 45.910509110311772 ], [ 11.590579585014094, 45.910345149122534 ], [ 11.590593492101466, 45.910112078200569 ], [ 11.590597041186182, 45.910052593772441 ], [ 11.590737275227832, 45.909724671270844 ], [ 11.590846093340373, 45.90956946266774 ], [ 11.590857650786939, 45.909540758617482 ], [ 11.591147136738229, 45.909222770634891 ], [ 11.591248073568584, 45.909122644120337 ], [ 11.591336613137063, 45.909049800575779 ], [ 11.591496234923696, 45.908980564491827 ], [ 11.591572622249943, 45.908934728283512 ], [ 11.59167359424106, 45.908843691193688 ], [ 11.591699044433806, 45.908825382487223 ], [ 11.591824455451645, 45.908666646202484 ], [ 11.592026360814419, 45.908475481754628 ], [ 11.592146711669239, 45.908379774129187 ], [ 11.592229010023074, 45.908311391841984 ], [ 11.592284392068166, 45.908193847086537 ], [ 11.592334312758092, 45.908116838941474 ], [ 11.592378272768354, 45.908066877871839 ], [ 11.592422603336477, 45.908030409269202 ], [ 11.59246073159747, 45.908007492372363 ], [ 11.592505223248088, 45.907980020664169 ], [ 11.592575083734545, 45.90792974162725 ], [ 11.592664147426447, 45.907879296676313 ], [ 11.592714840977434, 45.907838273222573 ], [ 11.592759171183653, 45.907801804490845 ], [ 11.592880208406452, 45.907737492614295 ], [ 11.592963073554939, 45.907700689049967 ], [ 11.593065390955646, 45.907663533741747 ], [ 11.593205840141021, 45.907603551128268 ], [ 11.593282551023339, 45.90757579761982 ], [ 11.593358725493337, 45.90752546470835 ], [ 11.593498238401889, 45.907420499982727 ], [ 11.593555084780963, 45.907370425842906 ], [ 11.59364871499263, 45.907229870360652 ], [ 11.593667595257042, 45.907211710444663 ], [ 11.593737087032, 45.907148028161387 ], [ 11.593800662864007, 45.90710680166427 ], [ 11.593883651053229, 45.90706990459956 ], [ 11.593985680694116, 45.907023844427428 ], [ 11.594049421806535, 45.906991704645492 ], [ 11.594202057914087, 45.906900031865248 ], [ 11.594303231489326, 45.906813488129828 ], [ 11.594377777849418, 45.906686776442506 ], [ 11.594383483585469, 45.906648754280049 ], [ 11.594397549682053, 45.906624133111023 ], [ 11.594413396824862, 45.906596231302032 ], [ 11.594453032931861, 45.906525486263789 ], [ 11.594517908453833, 45.906465148573496 ], [ 11.59461221701339, 45.906377950446732 ], [ 11.594741473143513, 45.906257736126108 ], [ 11.594781462935899, 45.906230545814189 ], [ 11.594805445035801, 45.906213979907086 ], [ 11.594848541401266, 45.906184288865141 ], [ 11.594876557519926, 45.906127038505936 ], [ 11.594909784708996, 45.906062649322436 ], [ 11.594950283246364, 45.905980003715953 ], [ 11.594936464984828, 45.905899312232279 ], [ 11.594934283106335, 45.905877400322254 ], [ 11.594902292750451, 45.905827273721968 ], [ 11.594886308098697, 45.905802435210177 ], [ 11.594873948637519, 45.905753032679961 ], [ 11.594855252538501, 45.905681092590477 ], [ 11.594867275088804, 45.90564859724897 ], [ 11.59491172140104, 45.905609154870731 ], [ 11.594954269275199, 45.905570475627279 ], [ 11.59500530917628, 45.905481650082272 ], [ 11.595044691491793, 45.905413790765394 ], [ 11.595090284638385, 45.905335349596022 ], [ 11.595124734324571, 45.905275072836659 ], [ 11.595136566407373, 45.905224670627931 ], [ 11.595163985969808, 45.905113160109103 ], [ 11.595162420929263, 45.905015989150421 ], [ 11.595162076162049, 45.904956052934473 ], [ 11.595159852582405, 45.904833695237429 ], [ 11.595159349560157, 45.904822905909597 ], [ 11.595163418524953, 45.904796801740723 ], [ 11.595180568485883, 45.904666893294284 ], [ 11.595200424461709, 45.904520362268677 ], [ 11.595204446796641, 45.904482198313644 ], [ 11.595242324332968, 45.904354429065144 ], [ 11.595279569165706, 45.904224154038509 ], [ 11.595243984903112, 45.904171589032217 ], [ 11.595177140150085, 45.904073471215817 ], [ 11.595170921341417, 45.904064521915231 ], [ 11.595133403269973, 45.90403684248259 ], [ 11.595117374548138, 45.904024875851256 ], [ 11.595075626272514, 45.903964530320053 ], [ 11.595017334991001, 45.903883949241639 ], [ 11.594998183696248, 45.903804999043714 ], [ 11.594981113970478, 45.9036656074435 ], [ 11.594990150610199, 45.903505461301783 ], [ 11.594995022295683, 45.90338042219809 ], [ 11.594997563680476, 45.903357502922134 ], [ 11.595043757738264, 45.903026491012184 ], [ 11.59498863649881, 45.90296410914361 ], [ 11.594979321653337, 45.902891505888256 ], [ 11.594949528639315, 45.902683818702876 ], [ 11.594936903647492, 45.902592749387154 ], [ 11.594945631849324, 45.902348544563203 ], [ 11.594933094038847, 45.902104462866014 ], [ 11.594919229429484, 45.902008921402 ], [ 11.594914559009467, 45.901986165969653 ], [ 11.594968154546169, 45.901764163301287 ], [ 11.594998044669468, 45.901642065925216 ], [ 11.595025661187064, 45.90144630522461 ], [ 11.595044711344329, 45.901321213913079 ], [ 11.595160104723792, 45.901180432602551 ], [ 11.595403216425797, 45.900881218297954 ], [ 11.595464640224355, 45.900799537014848 ], [ 11.595607517139522, 45.900612317503693 ], [ 11.595732355750945, 45.900494452506919 ], [ 11.595923878287623, 45.900310987326854 ], [ 11.596127580087936, 45.900206270386889 ], [ 11.596242019241263, 45.900147415177109 ], [ 11.59625826687993, 45.900139215285925 ], [ 11.596340764399894, 45.900022942138193 ], [ 11.596411544056203, 45.899929076830666 ], [ 11.596438737479161, 45.899862574119361 ], [ 11.596496001505226, 45.899716632432359 ], [ 11.596622598201913, 45.899495579427388 ], [ 11.596704305001664, 45.899351332091904 ], [ 11.596831237093056, 45.899159613217087 ], [ 11.596850404027515, 45.899131095474367 ], [ 11.597092049376297, 45.899002562452822 ], [ 11.597287403256985, 45.898871031379656 ], [ 11.597429893023433, 45.898761403655953 ], [ 11.597663565083202, 45.898608479039311 ], [ 11.597931747408929, 45.89845476898811 ], [ 11.598206996260179, 45.898242573533835 ], [ 11.59843381809422, 45.898045160171712 ], [ 11.598579717384775, 45.897801524246546 ], [ 11.598655288336108, 45.897628163042285 ], [ 11.598911306657927, 45.897426664128901 ], [ 11.599158945429229, 45.897252807184628 ], [ 11.599473527160081, 45.897146100778272 ], [ 11.599735527533367, 45.897125286255303 ], [ 11.599943862719087, 45.897062219770987 ], [ 11.600142087590308, 45.89699245262797 ], [ 11.600277376650457, 45.896941399262232 ], [ 11.600462715301067, 45.896913147741849 ], [ 11.600687776599637, 45.896890831920857 ], [ 11.600823703279382, 45.896853444276992 ], [ 11.600987708392513, 45.896787965182703 ], [ 11.601082466885732, 45.896713712171007 ], [ 11.601125570820454, 45.896582311532192 ], [ 11.60111788442806, 45.896417775298765 ], [ 11.60114522207958, 45.896266212344656 ], [ 11.601191214888019, 45.896163547826269 ], [ 11.60133166600489, 45.895963685395181 ], [ 11.601575730800386, 45.895694318027424 ], [ 11.601858016004904, 45.895478803132065 ], [ 11.602038767210175, 45.895380088713367 ], [ 11.602231487220671, 45.895231327902472 ], [ 11.602450622731924, 45.894963786670246 ], [ 11.602631837208818, 45.894720600805535 ], [ 11.602795042116377, 45.894398259549838 ], [ 11.602906082316556, 45.894181604182663 ], [ 11.603063826130548, 45.894048580087563 ], [ 11.60322123137982, 45.893905572746533 ], [ 11.603335059984458, 45.893748617475417 ], [ 11.603545425270459, 45.893519796681993 ], [ 11.60378075590438, 45.893215701158965 ], [ 11.603986356295465, 45.893036671530623 ], [ 11.604302658360924, 45.892785542509756 ], [ 11.604467472550565, 45.892652265173041 ], [ 11.604601406171049, 45.892465058088796 ], [ 11.604662436352092, 45.892323076497476 ], [ 11.604692912911242, 45.892225084715164 ], [ 11.604709702355072, 45.892154136917505 ], [ 11.604717131288455, 45.892042899781941 ], [ 11.604718080480062, 45.89195296189483 ], [ 11.604682796879176, 45.891846209112515 ], [ 11.604627874520778, 45.891752235053296 ], [ 11.604619365900463, 45.891625430319834 ], [ 11.604655018751155, 45.891522370108476 ], [ 11.604722879624623, 45.891407954612149 ], [ 11.604837733717785, 45.891273115970684 ], [ 11.604952915299103, 45.891145290176006 ], [ 11.60511414569674, 45.890974110985333 ], [ 11.605220725294398, 45.890855301765896 ], [ 11.605274512440609, 45.890762448449976 ], [ 11.605326517014348, 45.890526795807823 ], [ 11.605356375148874, 45.890355012778073 ], [ 11.605375082204365, 45.890269980163055 ], [ 11.605562373395957, 45.890115937031631 ], [ 11.605670886093503, 45.890060537670358 ], [ 11.605798956665373, 45.88999065102086 ], [ 11.605981562267401, 45.889901788615582 ], [ 11.606123215246491, 45.889799909462354 ], [ 11.606257696326303, 45.889652200570552 ], [ 11.606348052420039, 45.889533850502453 ], [ 11.606401769134896, 45.889384474296065 ], [ 11.606431606674377, 45.889267415246444 ], [ 11.606443376066283, 45.88919667174207 ], [ 11.606720274592034, 45.889194852402248 ], [ 11.607024335650394, 45.88913174812312 ], [ 11.607220979113926, 45.889117088490281 ], [ 11.607424828303621, 45.889102174036076 ], [ 11.607561822774054, 45.889063313809913 ], [ 11.607714388372315, 45.888886298281079 ], [ 11.607842313874929, 45.888653771238822 ], [ 11.607941856500076, 45.888437193262106 ], [ 11.608066735784069, 45.888296541936406 ], [ 11.608423559206935, 45.8879566297297 ], [ 11.608639393241404, 45.887727134347578 ], [ 11.608710768501332, 45.887536670809894 ], [ 11.60875178996177, 45.887163197674745 ], [ 11.608834501746376, 45.886901100116901 ], [ 11.609038927691456, 45.886662053800322 ], [ 11.609266264454863, 45.886524190871214 ], [ 11.60947194928305, 45.886391862518309 ], [ 11.609777472176521, 45.886206308864772 ], [ 11.609970326653102, 45.885956994546632 ], [ 11.610096799799175, 45.885693805906932 ], [ 11.610012707543072, 45.885455950813451 ], [ 11.610105245498302, 45.885249701631416 ], [ 11.610395236783084, 45.885120665178349 ], [ 11.610690611563671, 45.885032277794849 ], [ 11.611054398126814, 45.884998399580859 ], [ 11.6113673181886, 45.884970903648018 ], [ 11.611749277897271, 45.884860102303456 ], [ 11.612015243855407, 45.884609112489258 ], [ 11.612245672266182, 45.884537507501157 ], [ 11.612569949490588, 45.884285092661457 ], [ 11.612715259948287, 45.884113366600147 ], [ 11.613033796700579, 45.88373867306013 ], [ 11.613228191129986, 45.883519920049565 ], [ 11.613473160862927, 45.883447979846359 ], [ 11.613949637412318, 45.883324837440789 ], [ 11.614481560421822, 45.883139219406203 ], [ 11.615368464947402, 45.882655739757027 ], [ 11.615737814825152, 45.882427845369406 ], [ 11.616048350800515, 45.882196256673758 ], [ 11.616147004259503, 45.881964390551339 ], [ 11.61622700856527, 45.881799196271217 ], [ 11.616461675717769, 45.881508140053889 ], [ 11.616764990436749, 45.881276624769498 ], [ 11.617010339657673, 45.881056697683576 ], [ 11.617496897420773, 45.880701632887742 ], [ 11.617725834910686, 45.880565876353238 ], [ 11.617989623835479, 45.880434090794132 ], [ 11.618169704308157, 45.880289822620099 ], [ 11.618301833613646, 45.880156284197319 ], [ 11.618508448337652, 45.879987105452848 ], [ 11.618699478957875, 45.879779760880318 ], [ 11.618877962252597, 45.879601595784393 ], [ 11.619009859987486, 45.879463201497622 ], [ 11.619198475334649, 45.879352578383248 ], [ 11.619537549452884, 45.8792106020055 ], [ 11.619753916144518, 45.879136604063532 ], [ 11.619979778039104, 45.879031605711972 ], [ 11.620177495626576, 45.878796743269589 ], [ 11.620336614401237, 45.878439907308262 ], [ 11.62043716290367, 45.878007729508113 ], [ 11.620501384512844, 45.877737496644997 ], [ 11.620647276359263, 45.877565296910696 ], [ 11.620840177073219, 45.877461053172944 ], [ 11.621054729136246, 45.877348661615841 ], [ 11.621339385085811, 45.877326737271574 ], [ 11.621557184574772, 45.877283395229931 ], [ 11.621671197714496, 45.877134877561765 ], [ 11.621744555872171, 45.876826181499496 ], [ 11.621794943431924, 45.876494881034631 ], [ 11.621925785369092, 45.876238509022095 ], [ 11.622120959311381, 45.875949967636487 ], [ 11.622370011051258, 45.8756371471327 ], [ 11.622384647354147, 45.875622319997653 ], [ 11.622358712905854, 45.875514817676823 ], [ 11.62260543946895, 45.875045888742306 ], [ 11.622925984842025, 45.874628727793215 ], [ 11.623004384495026, 45.874490297290791 ], [ 11.623007576779614, 45.874377445843919 ], [ 11.622510220850291, 45.874128838983687 ], [ 11.617940425042226, 45.871844911108866 ], [ 11.616802774378925, 45.871336435117108 ], [ 11.616482323597035, 45.871100309520628 ], [ 11.616099780078397, 45.870740856284527 ], [ 11.61550903572585, 45.870107059847648 ], [ 11.614232769908915, 45.869108856816531 ], [ 11.613995757840131, 45.868948039779305 ], [ 11.613610016364298, 45.868879642553658 ], [ 11.613054107941986, 45.868809197197749 ], [ 11.612161331577148, 45.868805858977339 ], [ 11.610475920042983, 45.868761319888662 ], [ 11.609507714670601, 45.868682459378448 ], [ 11.609198430351315, 45.868612300279906 ], [ 11.608734028258981, 45.86849825016391 ], [ 11.608503566767636, 45.868479752540296 ], [ 11.60823381647611, 45.868527496402031 ], [ 11.607955844627279, 45.868581277836228 ], [ 11.607626337799609, 45.868808597786455 ], [ 11.60698461979047, 45.868900473798895 ], [ 11.606625351277209, 45.868855210306471 ], [ 11.605721303453953, 45.868792674606844 ], [ 11.60540602480558, 45.868776105835089 ], [ 11.60476568808191, 45.868820414359419 ], [ 11.604030018025641, 45.868724322650543 ], [ 11.603154136179597, 45.868536465306008 ], [ 11.602896806665525, 45.868488866533099 ], [ 11.601679515946673, 45.869181751771166 ], [ 11.601329642097443, 45.869117967032182 ], [ 11.601216508030573, 45.869097341534015 ], [ 11.600194737916434, 45.868972098471801 ], [ 11.599328822791671, 45.868997750332923 ], [ 11.598524582362431, 45.869069515827199 ], [ 11.597808753038164, 45.869216490209894 ], [ 11.597753912892802, 45.869134571585249 ], [ 11.597852609340475, 45.868805692906413 ], [ 11.598137389533312, 45.867985645743559 ], [ 11.598226874678632, 45.867716290554199 ], [ 11.598209728054671, 45.86734846396044 ], [ 11.598265150265172, 45.866812744155283 ], [ 11.598301735615193, 45.866503099361033 ], [ 11.598462480015899, 45.865941131553136 ], [ 11.598238445833353, 45.865875033385926 ], [ 11.597722288755053, 45.865744204688276 ], [ 11.597364281706101, 45.865722645121721 ], [ 11.597182487655347, 45.865744600811951 ], [ 11.596939876615078, 45.865827253397356 ], [ 11.596681534264121, 45.86594005535467 ], [ 11.596461166227234, 45.866135159467689 ], [ 11.596137627501411, 45.866308756671899 ], [ 11.595726790116533, 45.866430963314649 ], [ 11.595290468082588, 45.866553747582323 ], [ 11.594596953954875, 45.866628819540693 ], [ 11.594209531443134, 45.866708905720991 ], [ 11.592941927785722, 45.867141551687801 ], [ 11.592785356267081, 45.867246093702022 ], [ 11.592563736518505, 45.867417456870044 ], [ 11.592375812940988, 45.867582024320782 ], [ 11.591915094476811, 45.867729111096104 ], [ 11.591560938970648, 45.867790612011014 ], [ 11.591265692232522, 45.867838894329005 ], [ 11.590552831493273, 45.867866857208959 ], [ 11.590323061540452, 45.867860278000165 ], [ 11.589672694213448, 45.867952162669589 ], [ 11.589495136526375, 45.867974009997397 ], [ 11.58979470363723, 45.868198894061521 ], [ 11.590811802903016, 45.868864735257823 ], [ 11.590998885268581, 45.869050494849994 ], [ 11.59103567606428, 45.869293127757103 ], [ 11.590955328882236, 45.869574150718883 ], [ 11.590918259941306, 45.870240139643698 ], [ 11.590902537154337, 45.870816537818321 ], [ 11.590849360575092, 45.870770220750984 ], [ 11.590559929149997, 45.870580842159207 ], [ 11.589622562635844, 45.869984476128344 ], [ 11.588981200297727, 45.869535753657416 ], [ 11.588228164705059, 45.869143022256289 ], [ 11.587592884378688, 45.868824843601509 ], [ 11.586893573718871, 45.868229001513718 ], [ 11.58637816955491, 45.867747799085919 ], [ 11.585374036903351, 45.867176581676389 ], [ 11.585186110473316, 45.867085968830025 ], [ 11.584733424910258, 45.866300827323847 ], [ 11.584580601578166, 45.865936339228952 ], [ 11.584156494766106, 45.865583840019092 ], [ 11.583813112987784, 45.865324559773711 ], [ 11.583580328188731, 45.865252690501912 ], [ 11.58277975105729, 45.865027420602786 ], [ 11.582518886336638, 45.865080753154004 ], [ 11.582337992646188, 45.865049920966953 ], [ 11.582108631865815, 45.864923967247769 ], [ 11.581929099173339, 45.864825148736536 ], [ 11.581315314635495, 45.864457395417226 ], [ 11.580375919405082, 45.864029851192981 ], [ 11.579773899784319, 45.863754440575221 ], [ 11.579259827342741, 45.863528074262504 ], [ 11.578496116602734, 45.863321833148696 ], [ 11.5784208796355, 45.863271687973857 ], [ 11.578402910445032, 45.863250852133824 ], [ 11.57837588619768, 45.863220860031646 ], [ 11.57831493622799, 45.863189923704134 ], [ 11.578308199418926, 45.863150112797719 ], [ 11.578221579802163, 45.863048830785978 ], [ 11.578044448677593, 45.862973803671821 ], [ 11.577846946392059, 45.862948559653447 ], [ 11.577792558827179, 45.862956447741418 ], [ 11.577728831137451, 45.862971297104963 ], [ 11.577716061481324, 45.862973745479991 ], [ 11.577672995158661, 45.862984078179174 ], [ 11.576929703339168, 45.862578271187772 ], [ 11.57653679473864, 45.862350058710334 ], [ 11.576275769165708, 45.862193485349088 ], [ 11.576112598246628, 45.862066386494405 ], [ 11.575926168670255, 45.861842964983204 ], [ 11.575717761637101, 45.861559284380768 ], [ 11.575393306899077, 45.86112268896165 ], [ 11.575203666188131, 45.860899338621515 ], [ 11.574995449288302, 45.860622402873787 ], [ 11.574892819238201, 45.860478276061819 ], [ 11.574744210466836, 45.860314844314971 ], [ 11.574619970690154, 45.860193706113023 ], [ 11.574473514035324, 45.860079639129744 ], [ 11.574291154183047, 45.859955220326405 ], [ 11.574187647397451, 45.859867366805581 ], [ 11.574056141041195, 45.859728300430866 ], [ 11.573936648802336, 45.859642967090544 ], [ 11.573735399388804, 45.859527883819844 ], [ 11.57352989609771, 45.859390394442734 ], [ 11.573206146866607, 45.859043783380002 ], [ 11.573115020926542, 45.858791477892659 ], [ 11.572984840977623, 45.858602876783756 ], [ 11.572912061883688, 45.858482917482483 ], [ 11.572915708461622, 45.858394448822345 ], [ 11.572797830854524, 45.858335629905419 ], [ 11.572645292381571, 45.858257070118029 ], [ 11.572541055887626, 45.858197943654226 ], [ 11.572436694505475, 45.858158441220958 ], [ 11.572341502658531, 45.858127822978446 ], [ 11.57218755582092, 45.858116439220154 ], [ 11.57202182745162, 45.858126112087639 ], [ 11.571902251454102, 45.858119804304145 ], [ 11.571802809431393, 45.858086401028807 ], [ 11.571648721683275, 45.858071959492904 ], [ 11.571375340369041, 45.85805732350105 ], [ 11.571232893263465, 45.858108144099077 ], [ 11.571100797641538, 45.858179522975206 ], [ 11.571006297884916, 45.858256085890218 ], [ 11.570898574533725, 45.858367148816178 ], [ 11.570819756156112, 45.858459739756036 ], [ 11.570728815385353, 45.858566014427588 ], [ 11.57068403574435, 45.858659279093658 ], [ 11.570608298251512, 45.858726508690474 ], [ 11.570492219709548, 45.858796086274012 ], [ 11.570375867365341, 45.858859729429334 ], [ 11.57025485761935, 45.85891456662808 ], [ 11.570112067496416, 45.858958013092284 ], [ 11.570000511306029, 45.858988785533711 ], [ 11.569735251224895, 45.859111312860442 ], [ 11.569242349145998, 45.859314566481473 ], [ 11.569048421157149, 45.859422436509099 ], [ 11.568903086792577, 45.859570076247799 ], [ 11.568853664470028, 45.859682886022291 ], [ 11.568808359799556, 45.859798393432015 ], [ 11.5687743800069, 45.859908065653144 ], [ 11.568710264147848, 45.860040287305942 ], [ 11.568620249810332, 45.860200363364527 ], [ 11.568503569697961, 45.860377240250763 ], [ 11.568404025227474, 45.860515028844659 ], [ 11.568281121924141, 45.86068268472286 ], [ 11.568214498245155, 45.860760508538846 ], [ 11.568052434132925, 45.860933815146268 ], [ 11.567906045059885, 45.861100648650648 ], [ 11.567616057007085, 45.861408240421923 ], [ 11.567516493670954, 45.861531717602844 ], [ 11.567388279761385, 45.861668079608506 ], [ 11.567280237485731, 45.861797687640781 ], [ 11.567173004244722, 45.86192808737448 ], [ 11.567038489154982, 45.862045149258108 ], [ 11.566894900026508, 45.86218338635716 ], [ 11.566821862811892, 45.862261893540122 ], [ 11.566547127584853, 45.862444930663912 ], [ 11.566398056631753, 45.862612452529248 ], [ 11.566302707834726, 45.862785607539003 ], [ 11.566245072159518, 45.862944054059099 ], [ 11.566215349690841, 45.86302041735032 ], [ 11.566202526459692, 45.8631056716305 ], [ 11.566194376925635, 45.863197301406977 ], [ 11.566190555728328, 45.863360569056063 ], [ 11.566193179331828, 45.863481928945333 ], [ 11.566218520742156, 45.863537073565084 ], [ 11.566185243685455, 45.863617387003487 ], [ 11.566072542623223, 45.863707495682114 ], [ 11.566004063563939, 45.86376474827037 ], [ 11.56589459050824, 45.8638634247787 ], [ 11.565834977120446, 45.863990143193568 ], [ 11.565788560105366, 45.864095683578135 ], [ 11.565748348502733, 45.864151310876416 ], [ 11.565682021286412, 45.864165761880727 ], [ 11.5656013508877, 45.864176484718961 ], [ 11.564899730274556, 45.864282790570066 ], [ 11.564521937651774, 45.864337537765806 ], [ 11.563885631349612, 45.864432649974532 ], [ 11.563035438225882, 45.864460013571438 ], [ 11.562600121530924, 45.864476982504385 ], [ 11.561439006911943, 45.864539752362226 ], [ 11.561062253545431, 45.864563952605906 ], [ 11.560893577094575, 45.864571605237231 ], [ 11.560612216561426, 45.864585834400309 ], [ 11.559617114972419, 45.864647563574081 ], [ 11.559077708691355, 45.864687193304782 ], [ 11.558539587967646, 45.864819408372043 ], [ 11.557390860217151, 45.865363034092724 ], [ 11.557048340453891, 45.865529834805358 ], [ 11.5570138658017, 45.865623673402411 ], [ 11.556914275592053, 45.865733190786671 ], [ 11.556875648701697, 45.865773028332107 ], [ 11.556852178401156, 45.865789394946638 ], [ 11.556755673443204, 45.865704969177536 ], [ 11.556696953535145, 45.865714024239317 ], [ 11.556649680979779, 45.865773226655406 ], [ 11.556563758672247, 45.865877397467813 ], [ 11.55650511164691, 45.865851528323056 ], [ 11.556358047855976, 45.865793975720926 ], [ 11.556251787245216, 45.865735599805518 ], [ 11.556149010944926, 45.865674535541082 ], [ 11.55597942312111, 45.865662399909816 ], [ 11.555727361350403, 45.865627357831528 ], [ 11.555470596497155, 45.865590890216254 ], [ 11.554896032122176, 45.865560811837483 ], [ 11.554399097508741, 45.86552665407639 ], [ 11.554111867611018, 45.865505715970748 ], [ 11.553859525826125, 45.865492637597093 ], [ 11.553728744942513, 45.865455779107613 ], [ 11.553486167336557, 45.865444911753023 ], [ 11.552880137892242, 45.865397255276029 ], [ 11.55240799806425, 45.865344623408646 ], [ 11.552208771184221, 45.865326664039756 ], [ 11.551875194930115, 45.865587846136862 ], [ 11.55160677165596, 45.865808868868569 ], [ 11.551486262646383, 45.865917588739606 ], [ 11.551358232855693, 45.865988673881716 ], [ 11.551274387044753, 45.866014578570073 ], [ 11.550677224317042, 45.866459227678163 ], [ 11.550199360738421, 45.866788521838501 ], [ 11.549604971606177, 45.867136436440823 ], [ 11.549218216035959, 45.867370625834717 ], [ 11.549023224262896, 45.867374977987829 ], [ 11.548845993998659, 45.867378933420625 ], [ 11.548537043369207, 45.867373407056704 ], [ 11.548480509498784, 45.867379618898738 ], [ 11.54825184351138, 45.867408302804847 ], [ 11.547938871731896, 45.86746982930044 ], [ 11.547736365394123, 45.867543741897208 ], [ 11.547565791763326, 45.867614421636382 ], [ 11.547311035973799, 45.867709390272289 ], [ 11.547063030747911, 45.867794217167386 ], [ 11.546751205026789, 45.867959852242841 ], [ 11.546573987934199, 45.868043099576333 ], [ 11.546489903880564, 45.868061085537434 ], [ 11.546324257764791, 45.868084580164521 ], [ 11.546098024838198, 45.868104564893258 ], [ 11.54583021703829, 45.86814518730538 ], [ 11.545477672541411, 45.868195168288985 ], [ 11.545333248869044, 45.868220708647819 ], [ 11.545136699798212, 45.868267211813084 ], [ 11.544705154315524, 45.86837601499586 ], [ 11.544580691902635, 45.8684098402315 ], [ 11.544384761306823, 45.868469919378782 ], [ 11.544137575853378, 45.868536180204444 ], [ 11.543795434779653, 45.86861940666396 ], [ 11.543697973757668, 45.868640748723244 ], [ 11.543597161392572, 45.868647944331322 ], [ 11.543458943637697, 45.868648592352081 ], [ 11.543313120224594, 45.868640678956041 ], [ 11.543227142884993, 45.868662394894962 ], [ 11.542996889197383, 45.868746817590541 ], [ 11.542773828632363, 45.868833599809072 ], [ 11.542504028575431, 45.868943653744864 ], [ 11.542251692800503, 45.869049627990904 ], [ 11.542215420718446, 45.869124420712552 ], [ 11.542020003992295, 45.869396449354291 ], [ 11.541830607052734, 45.869659253032367 ], [ 11.541724480814658, 45.869886180804912 ], [ 11.541678390706416, 45.87001411551126 ], [ 11.541639902323208, 45.870164652668166 ], [ 11.541606478323597, 45.870287805139135 ], [ 11.541414261437524, 45.870341946096694 ], [ 11.541139182916664, 45.870429702616462 ], [ 11.540734768110548, 45.870529336355133 ], [ 11.540667008767761, 45.870532463829214 ], [ 11.540540487874505, 45.870538248504012 ], [ 11.540424980442708, 45.870567999718489 ], [ 11.540225578146368, 45.870608707576089 ], [ 11.540012312431502, 45.870772131915523 ], [ 11.539755597562927, 45.870977385019103 ], [ 11.539412189461713, 45.871276461683088 ], [ 11.539073015480721, 45.871524319472648 ], [ 11.5387470019547, 45.871916883991283 ], [ 11.53868419189107, 45.871963643383971 ], [ 11.538355162842715, 45.872007229115994 ], [ 11.537946812618705, 45.872020804334682 ], [ 11.537798160513489, 45.872318788354725 ], [ 11.537705508441249, 45.872706254238835 ], [ 11.537674471467723, 45.872879216028856 ], [ 11.537600886183061, 45.873116667622028 ], [ 11.537068530987169, 45.873412374484353 ], [ 11.536974234869446, 45.87349781495233 ], [ 11.536969522124156, 45.873510340505 ], [ 11.536911181419528, 45.873663837151348 ], [ 11.536876113346784, 45.873850209067164 ], [ 11.536875195526665, 45.873926284836834 ], [ 11.536884553761697, 45.874035614656613 ], [ 11.536891986282905, 45.874105474558526 ], [ 11.536898064877603, 45.874131441361719 ], [ 11.536904623799176, 45.874159467639913 ], [ 11.53671045673117, 45.874391946389437 ], [ 11.536580146631552, 45.874543981046209 ], [ 11.536446912060848, 45.874728032786379 ], [ 11.536415485615006, 45.874804785989163 ], [ 11.536447724376066, 45.875218639121201 ], [ 11.536462270649336, 45.87571938117587 ], [ 11.536459965763397, 45.876127340949822 ], [ 11.535917287997167, 45.876352706611833 ], [ 11.5357196721677, 45.876436029699782 ], [ 11.535541285057612, 45.876508664901884 ], [ 11.535516838408595, 45.876656727967024 ], [ 11.535489252014797, 45.876976502641789 ], [ 11.535360607854784, 45.87755899891313 ], [ 11.535062090757606, 45.878509070949058 ], [ 11.534847708216704, 45.879161604269811 ], [ 11.534556098252823, 45.87990693724727 ], [ 11.534281514697074, 45.880511121853509 ], [ 11.533985695605748, 45.880980047440552 ], [ 11.53387432237137, 45.881112577421781 ], [ 11.533460633545124, 45.881633710020118 ], [ 11.533157670383641, 45.882005315202946 ], [ 11.533079326053359, 45.882062226586307 ], [ 11.532784606326267, 45.882255255527973 ], [ 11.532732325013836, 45.882352541567215 ], [ 11.532797071616345, 45.882441561946813 ], [ 11.532574206109391, 45.882522829349114 ], [ 11.53250698581634, 45.882648708424199 ], [ 11.532519331388817, 45.882741681171176 ], [ 11.532536183126656, 45.882845894669266 ], [ 11.532552324143325, 45.883019518779214 ], [ 11.532290509784602, 45.883491466024381 ], [ 11.532170205120254, 45.883869999156609 ], [ 11.532071632546144, 45.884372258888661 ], [ 11.531977693449152, 45.884817711917712 ], [ 11.531692441838118, 45.8855540753108 ], [ 11.531590790957923, 45.885841288052255 ], [ 11.531514903804625, 45.886136750166081 ], [ 11.531362046492582, 45.886701056494431 ], [ 11.531229829715825, 45.887158067819598 ], [ 11.531004251030739, 45.887804090699262 ], [ 11.530778928528576, 45.888384942869571 ], [ 11.53058300515093, 45.888980354298184 ], [ 11.530469102418103, 45.889349922905687 ], [ 11.530396132101375, 45.889570794429943 ], [ 11.530279833537255, 45.889882001946098 ], [ 11.530116573740612, 45.890274535031253 ], [ 11.529896898556865, 45.890687848839434 ], [ 11.52987063308619, 45.890739554118746 ], [ 11.529614890678372, 45.891337908665911 ], [ 11.529463489157648, 45.89173062817995 ], [ 11.529251742647896, 45.892355639350349 ], [ 11.529052764501042, 45.893261906311302 ], [ 11.528851589585177, 45.893853110296909 ], [ 11.528545607652887, 45.89478199667959 ], [ 11.528321864616682, 45.895407271413319 ], [ 11.528114972082777, 45.895872862019054 ], [ 11.52799210494406, 45.896076835078752 ], [ 11.527577931159762, 45.896607856402035 ], [ 11.527336311229192, 45.896839658316594 ], [ 11.527143890154115, 45.897229591747688 ], [ 11.527037930812613, 45.897542096936625 ], [ 11.527099861805382, 45.899128162371888 ], [ 11.526937404405153, 45.89950816181176 ], [ 11.526840894196182, 45.89977617464146 ], [ 11.526626962512115, 45.900291781217739 ], [ 11.526593391474306, 45.900858751380625 ], [ 11.526507758869156, 45.901150644878541 ], [ 11.526495224399225, 45.901530657260437 ], [ 11.526482986003682, 45.901706979648154 ], [ 11.526525255454287, 45.901982182865837 ], [ 11.52652629509671, 45.902223825832984 ], [ 11.526566873548353, 45.90246459416128 ], [ 11.526616430728389, 45.902684462488622 ], [ 11.526960375088841, 45.904399566874417 ], [ 11.527027759950213, 45.904577547744104 ], [ 11.527204851636892, 45.905405644137197 ], [ 11.527352159309004, 45.906037646317039 ], [ 11.527402244251247, 45.906706271859107 ], [ 11.527494797153285, 45.907001153171528 ], [ 11.527607992705745, 45.907316189040408 ], [ 11.527707966773018, 45.907780117026874 ], [ 11.528022309244358, 45.909477780966782 ], [ 11.528058737171337, 45.909624044258727 ], [ 11.528147420109017, 45.910270663486457 ], [ 11.528207507325728, 45.910724852994534 ], [ 11.528576429201522, 45.912317529937738 ], [ 11.528772986009695, 45.912727205119303 ], [ 11.528820679156969, 45.912905620801013 ], [ 11.528891211204314, 45.913152475176105 ], [ 11.529036238994863, 45.913795775707435 ], [ 11.529296433409396, 45.914950008782156 ], [ 11.529379055338142, 45.915337904174081 ], [ 11.529553603055785, 45.915750945375208 ], [ 11.52966129998555, 45.91612019407912 ], [ 11.52971707859683, 45.916490502568728 ], [ 11.529838432331255, 45.917276355210525 ], [ 11.52989061124633, 45.917995695531459 ], [ 11.530061554170915, 45.918612768665163 ], [ 11.530137617713052, 45.919000808639751 ], [ 11.530232576686924, 45.919234340105781 ], [ 11.530670346075526, 45.920149090354393 ], [ 11.530710940595025, 45.920579408325963 ], [ 11.530722650373432, 45.920836835245112 ], [ 11.530654616489105, 45.921050756087681 ], [ 11.530585150635583, 45.921233206662748 ], [ 11.530413457278422, 45.921444923742662 ], [ 11.530184635483852, 45.92168508777084 ], [ 11.530154448851814, 45.921733099457725 ], [ 11.529940001310235, 45.922144765448643 ], [ 11.529868679659776, 45.922286484048186 ], [ 11.529719180462681, 45.922416343299538 ], [ 11.529575176019728, 45.922528079473686 ], [ 11.529490147415352, 45.922652010301718 ], [ 11.529456911055521, 45.92277479403576 ], [ 11.529462250390802, 45.922892223273955 ], [ 11.529438947252963, 45.923091651922803 ], [ 11.529404146864165, 45.923182878236588 ], [ 11.529363552397294, 45.923285663661581 ], [ 11.529114362721369, 45.92350359510273 ], [ 11.529083538514918, 45.92354045985612 ], [ 11.52905510370605, 45.923627044935174 ], [ 11.529068114733716, 45.923771395972842 ], [ 11.529109820981425, 45.92397388528223 ], [ 11.529120575760549, 45.924068603189227 ], [ 11.529072890186063, 45.924160114725773 ], [ 11.528993478579677, 45.924265829567517 ], [ 11.528926542023491, 45.924362267677878 ], [ 11.528809419214136, 45.924634247755527 ], [ 11.52868059844991, 45.924935468555084 ], [ 11.528546234084223, 45.925114764221782 ], [ 11.52833992655057, 45.925422290267406 ], [ 11.528246597856354, 45.925650360340477 ], [ 11.528156558138805, 45.925806082988046 ], [ 11.528011228152511, 45.926030803507629 ], [ 11.527963153166507, 45.92611098257224 ], [ 11.527944879949951, 45.926563125324861 ], [ 11.527958005548133, 45.926851932902942 ], [ 11.527938610772257, 45.9271374999785 ], [ 11.527932493216893, 45.927286684673206 ], [ 11.527926784227933, 45.927444860900685 ], [ 11.527862431113501, 45.927595424511999 ], [ 11.527840631075126, 45.927686182603892 ], [ 11.527800036615451, 45.927930996229698 ], [ 11.527774462328527, 45.928080611557895 ], [ 11.527823503061223, 45.928305440330099 ], [ 11.527922687128656, 45.928637436020558 ], [ 11.527975707308658, 45.928807903284905 ], [ 11.527971641392217, 45.929002225395188 ], [ 11.527942906265469, 45.929224185127687 ], [ 11.527922135766362, 45.929337601852673 ], [ 11.527940274710774, 45.929450067363973 ], [ 11.527952050715106, 45.92956726407192 ], [ 11.527989726247137, 45.929683887493418 ], [ 11.528007945093732, 45.92980094158429 ], [ 11.527998971121589, 45.92988160520359 ], [ 11.527964395904874, 45.930017648869118 ], [ 11.527923857062142, 45.930136003363508 ], [ 11.527876386121159, 45.930215358858355 ], [ 11.527730834184345, 45.93037870001536 ], [ 11.527613887435958, 45.930498835369768 ], [ 11.527456248169722, 45.930623291194983 ], [ 11.527423787144535, 45.930695203945596 ], [ 11.527400733408259, 45.930871944956834 ], [ 11.527371663756037, 45.931018487243684 ], [ 11.527374090886505, 45.93107189686377 ], [ 11.527425132994697, 45.931184624496659 ], [ 11.52753980998769, 45.93134940723526 ], [ 11.527650465243692, 45.931539210431367 ], [ 11.527712010987944, 45.931658815881271 ], [ 11.527731869219414, 45.931758012631114 ], [ 11.527774062986479, 45.931903067838732 ], [ 11.527799706339179, 45.932035888627041 ], [ 11.527835439866903, 45.932262991901226 ], [ 11.527707640668297, 45.932479313397735 ], [ 11.527685036187655, 45.932543897568017 ], [ 11.527667282712002, 45.93271521101093 ], [ 11.527659059356202, 45.932872002689393 ], [ 11.527643382795087, 45.932975495963518 ], [ 11.52754887593591, 45.93316092865971 ], [ 11.52742707599824, 45.933398628370561 ], [ 11.527404466813486, 45.933463122551167 ], [ 11.527417397129998, 45.933523410166579 ], [ 11.52744679008001, 45.933608174993594 ], [ 11.527476669484232, 45.933703639788014 ], [ 11.527564898983215, 45.933851186566592 ], [ 11.527669075064363, 45.934009001114475 ], [ 11.527746156731414, 45.934135463226738 ], [ 11.52778702645387, 45.93424850571742 ], [ 11.527777488224752, 45.93435366328859 ], [ 11.527772805270612, 45.934474824353721 ], [ 11.527743089308256, 45.934607160104498 ], [ 11.527687375636434, 45.934729450472716 ], [ 11.527611460199259, 45.934855698156611 ], [ 11.52758995227242, 45.934941589302341 ], [ 11.527582518313407, 45.935002237515974 ], [ 11.527629705763665, 45.935143582049669 ], [ 11.527707240894614, 45.935277144497526 ], [ 11.527731631640375, 45.935371020558087 ], [ 11.527738743589021, 45.935527472737938 ], [ 11.527771048392195, 45.935676257020639 ], [ 11.527790943109633, 45.935779053029769 ], [ 11.527868315948023, 45.935909018784571 ], [ 11.527862823893944, 45.936012376650559 ], [ 11.527824541439593, 45.936180454150531 ], [ 11.527735200170888, 45.936346241373158 ], [ 11.527638934027769, 45.936467539044628 ], [ 11.527453973235247, 45.936663883742625 ], [ 11.527426986774131, 45.936742785646729 ], [ 11.527422948837389, 45.936878153300228 ], [ 11.527415529821836, 45.93705265815349 ], [ 11.527438155628527, 45.937102020525721 ], [ 11.527585165957499, 45.937305240067474 ], [ 11.527619910333653, 45.937396996812211 ], [ 11.527705365050418, 45.937480520927814 ], [ 11.527821204019064, 45.937650677918121 ], [ 11.528016536748941, 45.938020057633381 ], [ 11.52813336232988, 45.938234565179137 ], [ 11.528202341280281, 45.938403958783731 ], [ 11.528254038394889, 45.938530892307313 ], [ 11.528295881757476, 45.938665244331169 ], [ 11.528327704608014, 45.93869838196801 ], [ 11.528417219505306, 45.938760484462478 ], [ 11.52847019203517, 45.938801974385449 ], [ 11.528536455430622, 45.938914454490089 ], [ 11.528609648923972, 45.939065843466857 ], [ 11.52868832489993, 45.939224311441372 ], [ 11.528782368210516, 45.939385949372941 ], [ 11.528834394864639, 45.939520075782951 ], [ 11.528853935366248, 45.939612168779327 ], [ 11.528836161612887, 45.939669535707068 ], [ 11.528858466748828, 45.939711794557162 ], [ 11.528933616938733, 45.939795545840362 ], [ 11.529066266653919, 45.939901155371842 ], [ 11.529129749270334, 45.939949612842859 ], [ 11.529213917751337, 45.940004722554391 ], [ 11.529301816030648, 45.940031217871748 ], [ 11.529434948382914, 45.940042490614402 ], [ 11.529558386256706, 45.94006468849463 ], [ 11.529662108069783, 45.940101543761472 ], [ 11.529798446182705, 45.940180429187066 ], [ 11.529898306045203, 45.940245811543328 ], [ 11.529962923154566, 45.94031917483229 ], [ 11.530001566445067, 45.940385912948997 ], [ 11.530024161146686, 45.940431675316866 ], [ 11.530090753046752, 45.940551257616278 ], [ 11.530110782995864, 45.940654050260036 ], [ 11.530125981092088, 45.940764060243104 ], [ 11.530159762225127, 45.94083450624705 ], [ 11.530229889553059, 45.940918368053246 ], [ 11.53031953913883, 45.940980465947092 ], [ 11.530428772281024, 45.941027819097926 ], [ 11.530496299721875, 45.941074386016297 ], [ 11.530664501566459, 45.941294863030684 ], [ 11.530789878799727, 45.941470115926371 ], [ 11.530945142863757, 45.941740742244306 ], [ 11.531130010690546, 45.942103327926397 ], [ 11.531171057641222, 45.942219965442696 ], [ 11.531199678372545, 45.942400872188038 ], [ 11.531232967536187, 45.942570964815616 ], [ 11.531266291811548, 45.942744656849321 ], [ 11.531333529131905, 45.942988791603256 ], [ 11.531361778909575, 45.943178527046399 ], [ 11.531516791384709, 45.943457618601549 ], [ 11.531669133736587, 45.943967002985893 ], [ 11.530628342405404, 45.944182048522066 ], [ 11.52989196242288, 45.944333369081967 ], [ 11.528980290513918, 45.944516917862963 ], [ 11.528338716555684, 45.944639577715968 ], [ 11.527310762209755, 45.944870779688927 ], [ 11.526589490880111, 45.945352064379172 ], [ 11.526527613960532, 45.946352402971556 ], [ 11.52616984369223, 45.948433499664894 ], [ 11.525969888533101, 45.949135553221709 ], [ 11.525891542250905, 45.949722680468675 ], [ 11.525828365760923, 45.95028022054958 ], [ 11.525727191178209, 45.951302038075951 ], [ 11.525520820544637, 45.952769007384099 ], [ 11.525506062809992, 45.953418181820936 ], [ 11.525497104466847, 45.954703205349034 ], [ 11.525464255403501, 45.955516499159707 ], [ 11.52599839731862, 45.95548029669299 ], [ 11.527290979772308, 45.955467995450412 ], [ 11.528372835133078, 45.955435862850855 ], [ 11.530220666518826, 45.955338062164742 ], [ 11.531380667493256, 45.955231175602947 ], [ 11.533873601775488, 45.954978429050243 ], [ 11.534343694919903, 45.954918856799658 ], [ 11.534517005715273, 45.954087232621447 ], [ 11.534791334956468, 45.952825301074718 ], [ 11.535042062052337, 45.951928774001743 ], [ 11.53531891470746, 45.950940401010463 ], [ 11.535466331765731, 45.950658922270705 ], [ 11.536136508910808, 45.950090240985759 ], [ 11.537291323590798, 45.949629328196785 ], [ 11.538456721293745, 45.949307316765768 ], [ 11.53931418661935, 45.949133718043839 ], [ 11.540230532844795, 45.948964023755103 ], [ 11.541126881822878, 45.948794496923284 ], [ 11.54209419756214, 45.948910050768177 ], [ 11.542731000235248, 45.949133940619724 ], [ 11.542825698488238, 45.949164774522899 ], [ 11.543000956425885, 45.949221986349912 ], [ 11.543158260860194, 45.949270327180628 ], [ 11.543329396082147, 45.949324840171833 ], [ 11.543388301145656, 45.949343239673816 ], [ 11.543582900771533, 45.949439622405919 ], [ 11.543668104235566, 45.949477237307235 ], [ 11.544378872847423, 45.949800186786284 ], [ 11.545443963309296, 45.950286426463734 ], [ 11.546088793415647, 45.950580682991898 ], [ 11.546766330463488, 45.950881766961615 ], [ 11.547167793406549, 45.951045985296105 ], [ 11.54943699687206, 45.951687950182915 ], [ 11.550166268667883, 45.95182224934296 ], [ 11.551276079683435, 45.952015818739312 ], [ 11.553481295234342, 45.952094528837932 ], [ 11.554567240075718, 45.952144681127244 ], [ 11.555085573899088, 45.952169899552899 ], [ 11.556805848759533, 45.952239411021615 ], [ 11.557746853179566, 45.952271896283875 ], [ 11.558148742366173, 45.952287467534219 ], [ 11.55854101740011, 45.952326834108192 ], [ 11.558684646403959, 45.952355118642423 ], [ 11.558857505222861, 45.952393278758436 ], [ 11.55888513910725, 45.952399320071883 ], [ 11.558961289632869, 45.952450177150148 ], [ 11.558970906030291, 45.95245725224428 ], [ 11.559003359267242, 45.95248388678958 ], [ 11.559022332908919, 45.952441969205744 ], [ 11.559017375242613, 45.952384746813088 ], [ 11.558950428444723, 45.952054576887143 ], [ 11.558855906312067, 45.9515374534028 ], [ 11.558888118758111, 45.950342630167228 ], [ 11.558977571577818, 45.949836145795018 ], [ 11.559306908695554, 45.949442193663515 ], [ 11.559378009369421, 45.949355455345874 ], [ 11.559713831786386, 45.949136057212499 ], [ 11.561100064611383, 45.94700128577994 ], [ 11.563191258358579, 45.945985197877867 ], [ 11.564805534847959, 45.945413968117379 ], [ 11.565252436464251, 45.945237331868206 ], [ 11.565440546185418, 45.945200975006003 ], [ 11.565845335668561, 45.94456769439202 ], [ 11.566441018553087, 45.944252072852827 ], [ 11.568071332512694, 45.943488004446984 ], [ 11.570680198423984, 45.942213972843739 ], [ 11.573342180507026, 45.940841388512304 ], [ 11.575655998161295, 45.939753360512384 ], [ 11.578459824391027, 45.938401308621771 ], [ 11.580061829298877, 45.93766263834511 ], [ 11.58136085845365, 45.936995327283931 ], [ 11.58234531575655, 45.936568768558907 ], [ 11.583661954232735, 45.935920654177465 ], [ 11.585328513414572, 45.935086303312858 ], [ 11.586789695577405, 45.934455041958351 ], [ 11.58738488516987, 45.934216816330093 ], [ 11.588776230961948, 45.933577120780512 ], [ 11.589555896682725, 45.933228855631761 ], [ 11.590100664468743, 45.932902833273261 ] ] ] } },
{ "type": "Feature", "properties": { "codistat": "24039", "nomcom": "Enego", "provincia": "VI", "area": 52881599.523270711, "perimetro": 42025.258, "id1": 497 }, "geometry": { "type": "Polygon", "coordinates": [ [ [ 11.627873851421361, 45.960592827229299 ], [ 11.627870453847789, 45.960581024727631 ], [ 11.629531612182465, 45.960787338084835 ], [ 11.631672755514346, 45.96100480039857 ], [ 11.632915675360973, 45.96115409632867 ], [ 11.633236402046272, 45.96117631431256 ], [ 11.635804470192692, 45.961183773570603 ], [ 11.636124369354469, 45.961191241672992 ], [ 11.636642989766477, 45.961342270593228 ], [ 11.637676948409545, 45.961653847768197 ], [ 11.638618587894044, 45.96190994491468 ], [ 11.640644146464986, 45.96250964195162 ], [ 11.641431762147294, 45.962758566065496 ], [ 11.64199205102995, 45.962911307202617 ], [ 11.642373055213291, 45.963009329869777 ], [ 11.643079220516841, 45.963222414653721 ], [ 11.643577925835119, 45.963350111477368 ], [ 11.644698843349103, 45.963607949210001 ], [ 11.644956001065246, 45.963671658579052 ], [ 11.646363206334044, 45.963799722523447 ], [ 11.646720170672436, 45.963875066279932 ], [ 11.646986748317147, 45.963960334118227 ], [ 11.647322842480397, 45.964033729522384 ], [ 11.647426103458418, 45.964066438216584 ], [ 11.647667423776134, 45.96414706958813 ], [ 11.64800072231243, 45.964253829771195 ], [ 11.648174073251816, 45.964259621261547 ], [ 11.64822296386825, 45.964264518093422 ], [ 11.648471435991416, 45.964281258117559 ], [ 11.648688344401213, 45.964331671554568 ], [ 11.648765442925839, 45.964338074093867 ], [ 11.648868084453612, 45.96434964454955 ], [ 11.649085940797129, 45.96438203417042 ], [ 11.649169024740671, 45.964397568230325 ], [ 11.64920085442027, 45.964407360581731 ], [ 11.649271666446891, 45.964409138318892 ], [ 11.649367973926363, 45.964420495199647 ], [ 11.649593112326855, 45.96443507390542 ], [ 11.649740028354277, 45.96446568765581 ], [ 11.649942419142166, 45.964547217406214 ], [ 11.649976749711277, 45.964560731773361 ], [ 11.650125902737981, 45.964619284846847 ], [ 11.650403075657318, 45.964626174166803 ], [ 11.650562914797295, 45.96465711706788 ], [ 11.650607538151929, 45.964667242222774 ], [ 11.650646477224971, 45.964663728376081 ], [ 11.650993640645375, 45.964690323247424 ], [ 11.651250481712202, 45.964714693473674 ], [ 11.651575673994781, 45.964794719733426 ], [ 11.651696274156437, 45.964833682457311 ], [ 11.651935710884436, 45.964947650563182 ], [ 11.652061006733309, 45.965022776015111 ], [ 11.652211541250525, 45.965107485903964 ], [ 11.652312890056987, 45.965145994927383 ], [ 11.652332275720013, 45.965146534832591 ], [ 11.652435216116903, 45.965153504859515 ], [ 11.652576325945381, 45.965170569010645 ], [ 11.652700625079865, 45.965270738457413 ], [ 11.652735356434633, 45.965284512674387 ], [ 11.652795692500426, 45.965285811445348 ], [ 11.653056656505241, 45.965234297288355 ], [ 11.653310812658848, 45.965191581147266 ], [ 11.653597491496756, 45.965140728383084 ], [ 11.65378022333878, 45.965105070942613 ], [ 11.653962954934034, 45.965069413214579 ], [ 11.65414758196327, 45.964997798929055 ], [ 11.654307610439364, 45.964902994571993 ], [ 11.654382480764852, 45.964833030498646 ], [ 11.654547076158142, 45.964774391871238 ], [ 11.654761984963685, 45.964739605060466 ], [ 11.655012561952885, 45.96475979212201 ], [ 11.655051199901024, 45.964760784115498 ], [ 11.65523078822636, 45.964783610882748 ], [ 11.655320212992457, 45.96479944303664 ], [ 11.655466243278815, 45.964843840908877 ], [ 11.655668273890051, 45.964925728866554 ], [ 11.655857210842786, 45.965011791184267 ], [ 11.65608461478913, 45.965103349032454 ], [ 11.65619218008014, 45.9651422500853 ], [ 11.656285873891155, 45.965198754630514 ], [ 11.656441810024997, 45.965180367114989 ], [ 11.656474766624346, 45.965167809857675 ], [ 11.656640305619385, 45.965091145185461 ], [ 11.656894457922212, 45.965048421141681 ], [ 11.657109065604603, 45.965018137198093 ], [ 11.657187591463831, 45.964997679244981 ], [ 11.657235189304512, 45.964991711623604 ], [ 11.657259688868461, 45.964991231635416 ], [ 11.657317037862754, 45.96499214752842 ], [ 11.657414476984124, 45.96498123997366 ], [ 11.657642006269063, 45.964951284417019 ], [ 11.657751766346145, 45.964949720484761 ], [ 11.658094093388765, 45.964945264399319 ], [ 11.658276349205549, 45.964918611336635 ], [ 11.658407516595432, 45.964881626389214 ], [ 11.658656795467413, 45.964807239920617 ], [ 11.65883081511639, 45.964694822530902 ], [ 11.658883495326251, 45.964673704939258 ], [ 11.659055020552291, 45.964606257948063 ], [ 11.65925463885042, 45.964616101344525 ], [ 11.659656764612144, 45.964698813680187 ], [ 11.659800476465369, 45.964783672445598 ], [ 11.659825548727678, 45.964797849434049 ], [ 11.659901408881806, 45.96482686470803 ], [ 11.660107658599557, 45.964832321880571 ], [ 11.660256356614864, 45.964827238532756 ], [ 11.660567927394125, 45.964795049605691 ], [ 11.660658730612273, 45.964788434155984 ], [ 11.661205118472484, 45.964829978035063 ], [ 11.661462156508254, 45.964850270376751 ], [ 11.661526643438549, 45.964852007901293 ], [ 11.661778641857238, 45.96484523532196 ], [ 11.661817580093551, 45.964841717739851 ], [ 11.662082029182233, 45.964844284927928 ], [ 11.662223620717636, 45.964852505400408 ], [ 11.662294742328381, 45.96484994754362 ], [ 11.662465588987493, 45.964846505129174 ], [ 11.662520824436525, 45.964854488090246 ], [ 11.662596364572678, 45.964857947438929 ], [ 11.662617039408545, 45.96485845554276 ], [ 11.662764965450178, 45.964866887716539 ], [ 11.663053069019904, 45.964910573701246 ], [ 11.663161238894125, 45.964940453521443 ], [ 11.663257129151139, 45.964956488744143 ], [ 11.66329654310392, 45.964944048989608 ], [ 11.663468234660144, 45.964872091192632 ], [ 11.663715916794683, 45.964829142833779 ], [ 11.664098902277212, 45.964789788412062 ], [ 11.664367729278192, 45.964711423274096 ], [ 11.664576167552671, 45.964676408916233 ], [ 11.664700395507355, 45.964648219142283 ], [ 11.665007045416578, 45.964588861243833 ], [ 11.66514251982238, 45.964587950263876 ], [ 11.665162205341305, 45.964583980705356 ], [ 11.665331704911312, 45.964552483760343 ], [ 11.665502146192107, 45.964502963441987 ], [ 11.665620685244926, 45.964461134581661 ], [ 11.665647000640448, 45.964452779909891 ], [ 11.665662873555295, 45.964444669008458 ], [ 11.665847455890884, 45.964324073862826 ], [ 11.666728302449071, 45.963947359295823 ], [ 11.667027016405399, 45.963862619760313 ], [ 11.667489210984201, 45.963755520296019 ], [ 11.667863471146164, 45.963698625891382 ], [ 11.66818528078884, 45.963654116288275 ], [ 11.668483905873849, 45.963680441757688 ], [ 11.668894573949162, 45.963790373603231 ], [ 11.669066873326269, 45.963905874599881 ], [ 11.669635404736521, 45.964190685531086 ], [ 11.669780743292398, 45.964250022118883 ], [ 11.670258612440472, 45.964364318613868 ], [ 11.670490056121087, 45.964432081888766 ], [ 11.670647843726453, 45.964438923140385 ], [ 11.670993950190258, 45.964462151639296 ], [ 11.671287340116921, 45.964481481786272 ], [ 11.671910366354533, 45.9644982305106 ], [ 11.672351800874198, 45.96447746224942 ], [ 11.672740513834212, 45.964452705709931 ], [ 11.672891572760712, 45.96447527226686 ], [ 11.673028936163091, 45.964524350723615 ], [ 11.673517056271592, 45.964695907197097 ], [ 11.673992241487992, 45.964909706872234 ], [ 11.674421930440257, 45.965114039334004 ], [ 11.674554305028158, 45.965131820879307 ], [ 11.674779013933698, 45.965126558685526 ], [ 11.675071906075194, 45.965135450067464 ], [ 11.675284046990997, 45.965182774452082 ], [ 11.675660642725621, 45.965372594848247 ], [ 11.676275471864441, 45.965682389666576 ], [ 11.676808299963009, 45.966004543651614 ], [ 11.677002171878689, 45.966135998041935 ], [ 11.67725963960047, 45.966344356245727 ], [ 11.677592013912928, 45.966550957761989 ], [ 11.677759045441148, 45.966594114739586 ], [ 11.678035422290916, 45.966728763338885 ], [ 11.67848572745218, 45.966969229286079 ], [ 11.678754630255428, 45.96710405147649 ], [ 11.678962707013145, 45.967219418430297 ], [ 11.679122263804929, 45.967262748734903 ], [ 11.679288292303072, 45.967285045681841 ], [ 11.679424405932837, 45.967307954242401 ], [ 11.679613370913252, 45.967340153265866 ], [ 11.679841362977644, 45.967402758234677 ], [ 11.680175182861079, 45.96748385069067 ], [ 11.680550486993917, 45.967590070143615 ], [ 11.680793436474703, 45.967652322168277 ], [ 11.680893425796162, 45.967702268431921 ], [ 11.681026478317387, 45.967819482587281 ], [ 11.681158644717947, 45.967915656136768 ], [ 11.681396388637598, 45.968025101904153 ], [ 11.681832095298819, 45.968197943271782 ], [ 11.682129792890649, 45.968305979747981 ], [ 11.682320021877779, 45.968364246239538 ], [ 11.682464376961642, 45.968402708504343 ], [ 11.682810634426696, 45.968431117940995 ], [ 11.683102280454367, 45.968413826423863 ], [ 11.683385188678907, 45.968370637875061 ], [ 11.683813404861976, 45.968313503592803 ], [ 11.683969436005311, 45.968283735501629 ], [ 11.68414764398895, 45.968248135712642 ], [ 11.684326488964579, 45.968223051299802 ], [ 11.684534859553482, 45.968191962260846 ], [ 11.684691141990267, 45.968167407589185 ], [ 11.684906614628762, 45.968125710361569 ], [ 11.685054406218825, 45.968080383473222 ], [ 11.685158215059385, 45.968057061741028 ], [ 11.685257070861475, 45.968022065598554 ], [ 11.685164896611871, 45.967802819198127 ], [ 11.68510175051666, 45.967634013357141 ], [ 11.685045072911453, 45.967473515893374 ], [ 11.685017828781167, 45.967414572763019 ], [ 11.684961280590418, 45.967254072242596 ], [ 11.684913673667099, 45.967153035114848 ], [ 11.684901522479791, 45.967029833252248 ], [ 11.684904216529384, 45.966957405474631 ], [ 11.68491738228278, 45.966850619515434 ], [ 11.684980106814365, 45.966759769525311 ], [ 11.684993685352525, 45.966661524317225 ], [ 11.685070396398096, 45.966480880000695 ], [ 11.685191223323395, 45.966329080323838 ], [ 11.685288629354138, 45.966194752172171 ], [ 11.685374897331176, 45.966086337411653 ], [ 11.685436923339209, 45.965978402543506 ], [ 11.685586526055596, 45.965791813712578 ], [ 11.685720006215092, 45.965648176478496 ], [ 11.685880036999416, 45.965546487266472 ], [ 11.686102152297124, 45.965468899293612 ], [ 11.686378978183674, 45.965385703882212 ], [ 11.686680377858362, 45.965306249931423 ], [ 11.68689972962509, 45.965254287050605 ], [ 11.687117222724892, 45.965206597655687 ], [ 11.687243591410384, 45.96516951244589 ], [ 11.687393019163888, 45.965102182677199 ], [ 11.6875838790116, 45.965008226174383 ], [ 11.687773791357419, 45.964897370613322 ], [ 11.687958181716452, 45.964795105254176 ], [ 11.688088269969317, 45.964706898393999 ], [ 11.688241986042721, 45.96447754666152 ], [ 11.688323213363489, 45.964390489557978 ], [ 11.688373193555341, 45.964287156859456 ], [ 11.688382017874586, 45.964218814904825 ], [ 11.688409277275424, 45.964150039090654 ], [ 11.688490917261898, 45.96407152270384 ], [ 11.688573170559684, 45.96400568256152 ], [ 11.688737809930457, 45.963874089019164 ], [ 11.6888960559611, 45.963738415451076 ], [ 11.689057008429566, 45.963602677939235 ], [ 11.689374857459367, 45.963356769340443 ], [ 11.689467296677009, 45.963248116122323 ], [ 11.689864999359873, 45.962889618908278 ], [ 11.690070243404525, 45.962714494474177 ], [ 11.690242580164323, 45.962616739473027 ], [ 11.69039104111425, 45.962532327466548 ], [ 11.690582096035474, 45.962442681624964 ], [ 11.690641835085515, 45.962415712730298 ], [ 11.69153284728038, 45.961951891377808 ], [ 11.691754245573252, 45.961857298192754 ], [ 11.69213036267025, 45.961682373041178 ], [ 11.692285419883708, 45.961606353555531 ], [ 11.69235686083389, 45.96157055740067 ], [ 11.692439857910676, 45.961517567691061 ], [ 11.69255314436597, 45.961463773873533 ], [ 11.692698558146507, 45.961439104373753 ], [ 11.692849487556447, 45.961405754122332 ], [ 11.693143685231981, 45.961428609177489 ], [ 11.693462656988926, 45.961459339724101 ], [ 11.693634781440096, 45.961485162283793 ], [ 11.693856168597991, 45.961518193187807 ], [ 11.693925264156507, 45.961559136134603 ], [ 11.694031718481789, 45.961611978599706 ], [ 11.694100195228986, 45.961640155213438 ], [ 11.694295241225083, 45.961678216883541 ], [ 11.694694813996824, 45.961736924459615 ], [ 11.695405163833675, 45.961779746231073 ], [ 11.695803294121193, 45.961808692152033 ], [ 11.696035695347591, 45.961815987247171 ], [ 11.696268172843551, 45.961827510389725 ], [ 11.696511166664978, 45.961800442365174 ], [ 11.696736140710668, 45.961782349798114 ], [ 11.69690578831138, 45.961757102728406 ], [ 11.697219195683626, 45.961715679734986 ], [ 11.697432332926613, 45.961706325853839 ], [ 11.697682213941807, 45.961696193733822 ], [ 11.698008077527183, 45.961743849882012 ], [ 11.698384115357635, 45.961820111579996 ], [ 11.698755464700026, 45.96192204436236 ], [ 11.698823118579702, 45.961933226560291 ], [ 11.69955557710254, 45.962056415116855 ], [ 11.699960245825668, 45.962217140154749 ], [ 11.700314407385829, 45.962345035735979 ], [ 11.701119348301416, 45.962658122433695 ], [ 11.701926221639324, 45.962928495093458 ], [ 11.702068757215301, 45.962972016002965 ], [ 11.702373162483337, 45.963079751040851 ], [ 11.702662841847328, 45.963136800591641 ], [ 11.70285863317914, 45.963144858123357 ], [ 11.702956090072044, 45.963121635153939 ], [ 11.703136252008356, 45.963078704160417 ], [ 11.703269078930692, 45.963049998835714 ], [ 11.703407887863259, 45.963016921471663 ], [ 11.703596025697589, 45.962867739115879 ], [ 11.703740455548843, 45.962698259825302 ], [ 11.703863098433445, 45.962529296114781 ], [ 11.703937077538074, 45.962421158077802 ], [ 11.704053618067212, 45.962179884132155 ], [ 11.704140254262891, 45.962079906880625 ], [ 11.704238026878199, 45.961954194244761 ], [ 11.70429053355058, 45.961906058115019 ], [ 11.704428306021416, 45.961851762683033 ], [ 11.70465718408872, 45.96178666916407 ], [ 11.704951855686563, 45.96169454536458 ], [ 11.705119217817263, 45.961622447316067 ], [ 11.705562661066921, 45.961450203390314 ], [ 11.70577597914953, 45.961317431983538 ], [ 11.706155617552197, 45.961091253877171 ], [ 11.706440702626169, 45.960926988822109 ], [ 11.706552318080613, 45.960839198541535 ], [ 11.706955414925922, 45.960395368253188 ], [ 11.707039683676983, 45.960244321637902 ], [ 11.70726409493107, 45.959838837437388 ], [ 11.707285969416185, 45.959787195699057 ], [ 11.707397963401666, 45.959580138138875 ], [ 11.707470610475639, 45.959442237477433 ], [ 11.707545224779485, 45.959281158657404 ], [ 11.707652105634788, 45.959067201640977 ], [ 11.70777085872745, 45.958794999346338 ], [ 11.707907043411284, 45.958478010828195 ], [ 11.708153594374313, 45.958219879087125 ], [ 11.708266282209767, 45.958125131213379 ], [ 11.708436624553787, 45.958008584773303 ], [ 11.70856483451923, 45.957930479549873 ], [ 11.708750236771726, 45.95782374611678 ], [ 11.709336214578897, 45.957608684300631 ], [ 11.709625346697406, 45.957520010003755 ], [ 11.709779577646101, 45.957475398244483 ], [ 11.709919909236177, 45.957444796949787 ], [ 11.710307856521565, 45.957278711480605 ], [ 11.710805746998981, 45.957062312205906 ], [ 11.710948021160858, 45.956973699852639 ], [ 11.711129556660309, 45.956785239106424 ], [ 11.711379427608206, 45.95654799284398 ], [ 11.711921033740273, 45.956027141663 ], [ 11.712113397426378, 45.955862363756943 ], [ 11.712277830442249, 45.95572552047603 ], [ 11.712917651804988, 45.955266056131997 ], [ 11.713107734217003, 45.95515245392091 ], [ 11.713406796331908, 45.954971548158539 ], [ 11.713535325963777, 45.954900270195601 ], [ 11.714221929873878, 45.954648680155628 ], [ 11.71439167714253, 45.954620794459402 ], [ 11.714536934732269, 45.954593490578318 ], [ 11.71475436772192, 45.954540619441346 ], [ 11.714851943570215, 45.954522549067335 ], [ 11.71566126726483, 45.954450744781944 ], [ 11.715904491562215, 45.954418679519371 ], [ 11.71606079738034, 45.954406231948731 ], [ 11.71621678227425, 45.95438722138914 ], [ 11.716295148326179, 45.954385357623394 ], [ 11.7172426899232, 45.954189917066707 ], [ 11.717400933124027, 45.954151139858993 ], [ 11.717553158135701, 45.954121236238045 ], [ 11.717781495162507, 45.954072420145977 ], [ 11.718572642997447, 45.953948464288629 ], [ 11.718809015232898, 45.953905665266134 ], [ 11.719036423770882, 45.953869559585087 ], [ 11.71928230986903, 45.953828693189202 ], [ 11.720011882818318, 45.95369386263549 ], [ 11.720166042112332, 45.953637627787764 ], [ 11.720349809053213, 45.953545675222266 ], [ 11.720458860135111, 45.953464232646851 ], [ 11.720980441007331, 45.953092774606205 ], [ 11.721313351619385, 45.952839667024797 ], [ 11.72144419418637, 45.952692090116074 ], [ 11.721577391783164, 45.952592609978304 ], [ 11.721845195874286, 45.9524198073672 ], [ 11.721979678014229, 45.952346577791452 ], [ 11.722163010361232, 45.952245902082872 ], [ 11.722309690841058, 45.952163560887861 ], [ 11.722685176457162, 45.951947416896424 ], [ 11.722801266391805, 45.951883355404689 ], [ 11.723051187714491, 45.951732847618629 ], [ 11.723154131801046, 45.951655958349747 ], [ 11.723250034417649, 45.951561775753234 ], [ 11.723314484660987, 45.951468253099918 ], [ 11.723391009055646, 45.951365711863971 ], [ 11.723490739961335, 45.951223284713969 ], [ 11.723563964490053, 45.951050797554338 ], [ 11.723604882082043, 45.95086152966195 ], [ 11.723632011245714, 45.950646308907061 ], [ 11.723666829104571, 45.950461596760597 ], [ 11.72367964985707, 45.950146630772835 ], [ 11.723704962158543, 45.950023349193032 ], [ 11.723775615779825, 45.949798449805385 ], [ 11.723807973170377, 45.949692551362702 ], [ 11.723829888074469, 45.949626324478913 ], [ 11.723920757794003, 45.949558542996826 ], [ 11.724023053328697, 45.949468527544767 ], [ 11.724082899154872, 45.949410126442075 ], [ 11.724264719684063, 45.949278881384302 ], [ 11.724355367975868, 45.949206604595041 ], [ 11.724431233621727, 45.949138100534825 ], [ 11.72424711263746, 45.94913817229331 ], [ 11.724618942949375, 45.948574326504875 ], [ 11.724721337482885, 45.948452175981537 ], [ 11.725224899489035, 45.947854223284111 ], [ 11.725547343113035, 45.947430791846536 ], [ 11.725686815077463, 45.947143944963436 ], [ 11.725886108490348, 45.946603653733554 ], [ 11.725918867800917, 45.946350855461297 ], [ 11.725949774943713, 45.946060298936764 ], [ 11.726046484703588, 45.945759261166295 ], [ 11.726119730077459, 45.94550594648419 ], [ 11.726154237199838, 45.945338791952096 ], [ 11.726248285717432, 45.945136103969965 ], [ 11.726326760052462, 45.944928927305398 ], [ 11.72641044549713, 45.944641250949658 ], [ 11.726532102772467, 45.944254471623069 ], [ 11.726502730476071, 45.944029168054811 ], [ 11.726472398441215, 45.943910544362716 ], [ 11.726381732753199, 45.943682383764333 ], [ 11.726314924014103, 45.943317204606934 ], [ 11.726227739019741, 45.942973213162567 ], [ 11.726140836943951, 45.942821737519189 ], [ 11.726045035270133, 45.942738698615869 ], [ 11.725939337245052, 45.942451222544797 ], [ 11.725839568139209, 45.942163604776063 ], [ 11.72582376583034, 45.941904494900427 ], [ 11.72574639730885, 45.941697437748267 ], [ 11.72546427537535, 45.941055948128593 ], [ 11.725280251451386, 45.940791671890516 ], [ 11.725191059444189, 45.940593356996175 ], [ 11.725119747272426, 45.940386064864597 ], [ 11.725116208279017, 45.940127022267482 ], [ 11.725155986326802, 45.939814742613073 ], [ 11.725133647423162, 45.939359035608319 ], [ 11.725006403357922, 45.938884410280565 ], [ 11.724809184584489, 45.938727105063286 ], [ 11.72478005545946, 45.938693417726341 ], [ 11.724621129582065, 45.938256630242613 ], [ 11.724473012387309, 45.938053510093972 ], [ 11.724360956404423, 45.937914963835034 ], [ 11.724153544108118, 45.93751002423312 ], [ 11.724173664003139, 45.937233496060855 ], [ 11.724210393291861, 45.936985283632318 ], [ 11.724503664732381, 45.936607283209575 ], [ 11.72470122220192, 45.936397896574718 ], [ 11.72470393411356, 45.936329517341605 ], [ 11.724946778313292, 45.935922926833712 ], [ 11.725107320627794, 45.935705872097941 ], [ 11.725160953732495, 45.935678940678358 ], [ 11.724861860805518, 45.93556420896126 ], [ 11.724678533188113, 45.935495317967678 ], [ 11.724543652411606, 45.935446332308686 ], [ 11.723178712162495, 45.934805911647196 ], [ 11.723146414330696, 45.934380863433162 ], [ 11.722841089714507, 45.933319411982666 ], [ 11.722466175213929, 45.931905984890605 ], [ 11.722255341160237, 45.931364494021317 ], [ 11.722182628325999, 45.930819800602514 ], [ 11.722164089790363, 45.930675602765014 ], [ 11.721702379432722, 45.929593663574394 ], [ 11.721400888622412, 45.929078543038834 ], [ 11.721094559331339, 45.928467050485558 ], [ 11.720889255429441, 45.92803802270501 ], [ 11.720853009736054, 45.927885065839938 ], [ 11.721101522180827, 45.927549632843892 ], [ 11.721118637256248, 45.927195591197481 ], [ 11.721195501760979, 45.926647152844474 ], [ 11.721222171384369, 45.926485766544538 ], [ 11.721350454966213, 45.926281816231679 ], [ 11.721466355892556, 45.926062049796649 ], [ 11.721473105661097, 45.925965402440241 ], [ 11.721387951374922, 45.925637919298673 ], [ 11.721462777605957, 45.925282502305073 ], [ 11.721400453456177, 45.924833776943444 ], [ 11.721614154087742, 45.924490981590409 ], [ 11.721723073446562, 45.92442646167796 ], [ 11.721801091107528, 45.924218038352606 ], [ 11.721374351415479, 45.924118400335807 ], [ 11.721308051708906, 45.924049685382933 ], [ 11.721381047295354, 45.923353728859915 ], [ 11.721423898693029, 45.922684862310632 ], [ 11.721430813986224, 45.922109198327846 ], [ 11.721398179196992, 45.921442130464577 ], [ 11.721321578318054, 45.921162776578448 ], [ 11.721274177151001, 45.920913508950072 ], [ 11.72100977334595, 45.920269604367761 ], [ 11.720571131434975, 45.919796721390867 ], [ 11.720361134259646, 45.91955573681426 ], [ 11.719752989120071, 45.919218747115082 ], [ 11.719450420043604, 45.919080952336294 ], [ 11.719151370705861, 45.919017778064173 ], [ 11.718801048563632, 45.919061220875491 ], [ 11.718447729791789, 45.91904334975662 ], [ 11.718204258324047, 45.918966879224236 ], [ 11.718537344939271, 45.91808778118795 ], [ 11.718440020315265, 45.91790117490261 ], [ 11.718173585235935, 45.917600055479831 ], [ 11.717688948088545, 45.917343550786214 ], [ 11.717341271514071, 45.917184862308567 ], [ 11.717167221056801, 45.917101157362751 ], [ 11.715758026336285, 45.916541535455217 ], [ 11.714929950361698, 45.91620983964399 ], [ 11.714033540601191, 45.915769774147492 ], [ 11.713753522356264, 45.91550406958487 ], [ 11.713373044836581, 45.914928789661559 ], [ 11.713168196283091, 45.914472374583958 ], [ 11.713089829832404, 45.914285313275307 ], [ 11.712914988778319, 45.913880928553453 ], [ 11.712784228998654, 45.913264521848241 ], [ 11.712765809877745, 45.912759754423689 ], [ 11.71278220549363, 45.912535339447601 ], [ 11.712844391438367, 45.91187483665518 ], [ 11.712959287532177, 45.911261414938146 ], [ 11.71309150126014, 45.910537774026622 ], [ 11.713153363376978, 45.910000317130496 ], [ 11.71300907687273, 45.910008155179995 ], [ 11.712277624240556, 45.910108964777812 ], [ 11.71172819571035, 45.910201127502013 ], [ 11.710792591751707, 45.910372659484359 ], [ 11.710093627119239, 45.910494735489394 ], [ 11.709026833233379, 45.910612302084381 ], [ 11.708580987529984, 45.910504248774963 ], [ 11.70757163532117, 45.910273375307867 ], [ 11.707317759340242, 45.910231060557145 ], [ 11.707332662213547, 45.909888053463959 ], [ 11.707128812397162, 45.909967590915464 ], [ 11.706589739688649, 45.910142919212582 ], [ 11.706397438118369, 45.910200130100627 ], [ 11.706063316015507, 45.910058727219671 ], [ 11.705929293838377, 45.909890530877782 ], [ 11.705271412845251, 45.909563462766542 ], [ 11.704905588622177, 45.909361243156049 ], [ 11.704593172299566, 45.909148936924424 ], [ 11.704514294710457, 45.909080600012167 ], [ 11.704098952765092, 45.908822396440279 ], [ 11.703647373860049, 45.908595831337131 ], [ 11.703252254894336, 45.908363607758645 ], [ 11.70296539159699, 45.908159512828682 ], [ 11.702918846760017, 45.908063947706871 ], [ 11.702982167990704, 45.907812051611458 ], [ 11.703324636616202, 45.907087855716831 ], [ 11.703484138971524, 45.906745746431916 ], [ 11.703576635887298, 45.906651300338581 ], [ 11.703233327595829, 45.906580311474542 ], [ 11.702746596218175, 45.906534767423288 ], [ 11.70238917561821, 45.906560776766227 ], [ 11.701771030494555, 45.906663248174993 ], [ 11.701060179843889, 45.907057909087868 ], [ 11.700619770780364, 45.907318721764497 ], [ 11.699946572514843, 45.907655331303722 ], [ 11.699593697716114, 45.907777891088074 ], [ 11.699159941062526, 45.90791559235435 ], [ 11.698864155858425, 45.908045621199527 ], [ 11.698408125851593, 45.908245230175545 ], [ 11.698196328605148, 45.908421606130801 ], [ 11.697992455564609, 45.908628486697971 ], [ 11.697813993041891, 45.908843587170367 ], [ 11.697717545332114, 45.909008416749209 ], [ 11.697555672354355, 45.909174791579346 ], [ 11.697324570039433, 45.909211032196595 ], [ 11.697129285515427, 45.909206823659893 ], [ 11.697020051101703, 45.909161069988627 ], [ 11.696871511473008, 45.909081141952157 ], [ 11.696747103380311, 45.908983002695294 ], [ 11.696622188414178, 45.908871734315994 ], [ 11.696534880169262, 45.908759577900121 ], [ 11.696508490147901, 45.908733829195313 ], [ 11.696355553962924, 45.908693517012878 ], [ 11.6960270723386, 45.908670489780903 ], [ 11.695736245447378, 45.908642252426752 ], [ 11.695385117629483, 45.908668091210465 ], [ 11.695097984805249, 45.908718790618899 ], [ 11.694569807101161, 45.908858702497277 ], [ 11.694432892519513, 45.908888304599593 ], [ 11.694321384981688, 45.908926037750092 ], [ 11.694037887422759, 45.908998610197614 ], [ 11.693576740502387, 45.909093013193811 ], [ 11.693187744586352, 45.909119738361326 ], [ 11.693030195566962, 45.909114632924066 ], [ 11.692888265374185, 45.909043274506338 ], [ 11.6926153927707, 45.908997054630802 ], [ 11.692357473119767, 45.908998725015763 ], [ 11.691922919794514, 45.909123186508275 ], [ 11.691537660269882, 45.909224523082898 ], [ 11.691253618857045, 45.909336614163102 ], [ 11.691123522098545, 45.909379282528107 ], [ 11.690985836448377, 45.909395667745478 ], [ 11.690744296402388, 45.90943214094596 ], [ 11.690488069587291, 45.909468869609377 ], [ 11.690294061865467, 45.909491081165207 ], [ 11.690083186747525, 45.909425753586852 ], [ 11.690054252762232, 45.909347319653975 ], [ 11.690193397061583, 45.909102375391463 ], [ 11.690128745637303, 45.90880516760356 ], [ 11.689970915512758, 45.908404757227963 ], [ 11.689856808601194, 45.908258034490871 ], [ 11.689589188132183, 45.90818963222177 ], [ 11.689306158323385, 45.90819188700128 ], [ 11.689035833597458, 45.90819825226351 ], [ 11.688517170449014, 45.908276437837365 ], [ 11.688241722915595, 45.90830488333436 ], [ 11.687963648157385, 45.908412415426213 ], [ 11.687587285908629, 45.90869804206605 ], [ 11.687453416803928, 45.908793448685671 ], [ 11.687274013605402, 45.908933849602008 ], [ 11.686561706424984, 45.90891109523826 ], [ 11.686226198160821, 45.908870653850059 ], [ 11.685991487324209, 45.908832251154934 ], [ 11.685277401148044, 45.908510710055403 ], [ 11.684713713038954, 45.908176898418375 ], [ 11.684441020806956, 45.908003205996806 ], [ 11.68420309905315, 45.907767131431875 ], [ 11.683956896172569, 45.907535751307726 ], [ 11.683888340571716, 45.90715951627601 ], [ 11.683903684221354, 45.906825322572551 ], [ 11.683968994061074, 45.906612903094064 ], [ 11.683996569807698, 45.90640137043588 ], [ 11.683995979475897, 45.906260794540152 ], [ 11.684030655593773, 45.906022723171475 ], [ 11.683972855809436, 45.905738491702742 ], [ 11.683969645787535, 45.905540913450892 ], [ 11.683919214957879, 45.905278470292608 ], [ 11.68381394490615, 45.905052508291789 ], [ 11.683668230758732, 45.904902201761857 ], [ 11.683406345711154, 45.904644727039638 ], [ 11.683161030909096, 45.904514311279264 ], [ 11.682948704977926, 45.904418312453231 ], [ 11.6827091489477, 45.904278939845355 ], [ 11.682526127992301, 45.904138238811413 ], [ 11.682517066543985, 45.904081297652255 ], [ 11.682668011937551, 45.903818624055333 ], [ 11.682878959793388, 45.903492886375744 ], [ 11.682987430715052, 45.903314645879526 ], [ 11.682878230930076, 45.903009659795615 ], [ 11.682677611387914, 45.902632115799513 ], [ 11.682508240429327, 45.902381286437432 ], [ 11.68243977184229, 45.902268676653613 ], [ 11.682381093415268, 45.902094362558579 ], [ 11.68217170067717, 45.901339267315763 ], [ 11.681988203847371, 45.900926217447044 ], [ 11.681836160745979, 45.900644197910729 ], [ 11.681579463025193, 45.900202084166978 ], [ 11.681278560759418, 45.899703943591575 ], [ 11.680966017827306, 45.899223626722709 ], [ 11.680878602113244, 45.899132342263066 ], [ 11.680257242338953, 45.8991323454498 ], [ 11.680247936464701, 45.899056868569474 ], [ 11.680245704193414, 45.898959624113566 ], [ 11.680254210376946, 45.898828375235539 ], [ 11.680265831824986, 45.898555653374082 ], [ 11.680292923570411, 45.898092835036522 ], [ 11.680279324289925, 45.898013858614689 ], [ 11.680291646777725, 45.897809255051676 ], [ 11.680299094037537, 45.896887505286216 ], [ 11.680320829974429, 45.896824890820213 ], [ 11.680336433120443, 45.896431376827636 ], [ 11.68046974880331, 45.8959178218456 ], [ 11.680517762851281, 45.895734342027318 ], [ 11.680539586672072, 45.895571818320825 ], [ 11.680593757841743, 45.895363622205757 ], [ 11.680762117600043, 45.894756087645177 ], [ 11.680846242587133, 45.894605152341121 ], [ 11.681268008260906, 45.894340082944879 ], [ 11.681884168618298, 45.894008432665572 ], [ 11.682165148495974, 45.893825961519134 ], [ 11.682267173335154, 45.893792513150345 ], [ 11.682257229964598, 45.893586092021231 ], [ 11.682287183381256, 45.893389084525431 ], [ 11.682366624398428, 45.892991190555243 ], [ 11.682368040075472, 45.892643282547034 ], [ 11.682365858173284, 45.892391945894765 ], [ 11.682374951308773, 45.89217130664445 ], [ 11.68234596861639, 45.891534831954814 ], [ 11.682326026424292, 45.891428552724719 ], [ 11.682272711191192, 45.891140524246424 ], [ 11.682247712303893, 45.891030943521677 ], [ 11.682081412087818, 45.890390763195597 ], [ 11.682017511152061, 45.890292356750265 ], [ 11.681960416273341, 45.89013186603497 ], [ 11.681825022777479, 45.889983474670657 ], [ 11.681511663314458, 45.889618926183147 ], [ 11.681381662408398, 45.889480758442375 ], [ 11.681335222763938, 45.88943711558295 ], [ 11.681164197254809, 45.88938649698003 ], [ 11.681071479424379, 45.889388223635272 ], [ 11.680997246634963, 45.889383035819776 ], [ 11.68085268242795, 45.889351956977059 ], [ 11.680644301014899, 45.889325886204134 ], [ 11.680446992847227, 45.889323676846075 ], [ 11.680386903786205, 45.889304385674741 ], [ 11.680222810890106, 45.889277274613136 ], [ 11.680003152869253, 45.889220415070852 ], [ 11.679844445859631, 45.889203437844607 ], [ 11.679356026709444, 45.889097799385873 ], [ 11.679209351800356, 45.889121941946186 ], [ 11.679126365314378, 45.889141079982856 ], [ 11.678960321261277, 45.889196638811157 ], [ 11.678859413529914, 45.889204946296999 ], [ 11.678726313085026, 45.889243350821111 ], [ 11.678486639507231, 45.88934914942584 ], [ 11.678352976408831, 45.889375865915206 ], [ 11.678224568622515, 45.889337654386473 ], [ 11.678114721309235, 45.889334289921955 ], [ 11.678127054313309, 45.889416536651495 ], [ 11.678201028008933, 45.889550351576297 ], [ 11.678111725207719, 45.889623100869443 ], [ 11.677840145046709, 45.889765018845125 ], [ 11.677692032240413, 45.889845087132258 ], [ 11.677554114992216, 45.889960288721902 ], [ 11.677388978915907, 45.890034815354589 ], [ 11.677256731212148, 45.890091019451702 ], [ 11.677131996096248, 45.89012922605334 ], [ 11.677060693448507, 45.890225224179375 ], [ 11.676945296917477, 45.890457715547996 ], [ 11.676863512569788, 45.890512646318115 ], [ 11.676817439297029, 45.890607962985527 ], [ 11.676682096500819, 45.890693671069506 ], [ 11.676493296160901, 45.890804213526842 ], [ 11.676404555111132, 45.890888739090002 ], [ 11.67624522680147, 45.891086886699192 ], [ 11.676118630897081, 45.891260775439733 ], [ 11.67598891932894, 45.891369842435545 ], [ 11.67588885381338, 45.891395768742598 ], [ 11.675739730758412, 45.891452276484301 ], [ 11.675564962888309, 45.891503534427848 ], [ 11.67545539642394, 45.891506101282395 ], [ 11.675344698302094, 45.891485112855257 ], [ 11.675209768124041, 45.891488273639354 ], [ 11.674997154796449, 45.891452030885446 ], [ 11.674759743587828, 45.891428159404242 ], [ 11.67455521454802, 45.891385786119123 ], [ 11.67437053194018, 45.891407752316596 ], [ 11.674247492872491, 45.891481378542586 ], [ 11.674065200763714, 45.891550451600864 ], [ 11.673712962082542, 45.891594071101558 ], [ 11.673478658420803, 45.891634928841718 ], [ 11.673313102409118, 45.891703608905388 ], [ 11.673246858558706, 45.89181118708126 ], [ 11.67313812004015, 45.892008236145564 ], [ 11.673019596351246, 45.892175992012703 ], [ 11.672846078564099, 45.89225070817271 ], [ 11.672652177694157, 45.892255246061509 ], [ 11.672384137317977, 45.892296891038079 ], [ 11.672085778986894, 45.892233217195937 ], [ 11.671861841408338, 45.892138279394047 ], [ 11.671630252344411, 45.892061161408115 ], [ 11.671405572703661, 45.892125371388587 ], [ 11.671223710996074, 45.892206220654124 ], [ 11.67094288186088, 45.892330607213651 ], [ 11.67077234086838, 45.892470145186721 ], [ 11.670683872957827, 45.892560600288952 ], [ 11.670562516520322, 45.892669465664561 ], [ 11.67040827550405, 45.892796831118922 ], [ 11.670262811734091, 45.892929841502955 ], [ 11.670078219842335, 45.893128571126901 ], [ 11.669866136111763, 45.893280869800719 ], [ 11.669662984940949, 45.893444750135686 ], [ 11.669395876692436, 45.893680779994575 ], [ 11.669249563573848, 45.893796167699691 ], [ 11.669065245286806, 45.894000739650593 ], [ 11.668814025751155, 45.894218755565895 ], [ 11.668747312013712, 45.894308700797836 ], [ 11.668652593501282, 45.894446373719127 ], [ 11.668560829911165, 45.894643021660549 ], [ 11.668452345272621, 45.894845820624226 ], [ 11.668395444039696, 45.895065235513229 ], [ 11.668385625409105, 45.895212715289503 ], [ 11.668359223554484, 45.895366522958838 ], [ 11.668328310502632, 45.895426199341998 ], [ 11.668273284959481, 45.895509930776591 ], [ 11.668252714427384, 45.895610588460322 ], [ 11.668209293080929, 45.895758943277656 ], [ 11.668224715410563, 45.895905923360395 ], [ 11.668222830111478, 45.896041426918494 ], [ 11.66812312865229, 45.896250050776878 ], [ 11.668044709018229, 45.896375551503652 ], [ 11.668004581192083, 45.896417801882734 ], [ 11.667951398518358, 45.896542712953057 ], [ 11.667868563230112, 45.896750942529913 ], [ 11.667806859090406, 45.896870202230851 ], [ 11.667784030000513, 45.896923749224889 ], [ 11.667671441369626, 45.897038347011723 ], [ 11.667600265047826, 45.897140186616838 ], [ 11.6675379956306, 45.897247668537126 ], [ 11.667480714420124, 45.897284378913064 ], [ 11.667400883443383, 45.897380480084244 ], [ 11.667353100195875, 45.897440550251588 ], [ 11.667341025902557, 45.897541009291018 ], [ 11.667327538857883, 45.897611979245127 ], [ 11.667255361550918, 45.897690260305197 ], [ 11.66713399181717, 45.897799212252771 ], [ 11.666996877287721, 45.897932023414491 ], [ 11.666933353085003, 45.898016042606812 ], [ 11.666902281723329, 45.898069781886988 ], [ 11.666913188160949, 45.898122540901603 ], [ 11.666959803854866, 45.898215688931401 ], [ 11.666990248561389, 45.898321095397314 ], [ 11.667045363251058, 45.898414044948908 ], [ 11.667152647587512, 45.898541148580584 ], [ 11.667241504200652, 45.898633399996449 ], [ 11.667329383781157, 45.898707942907393 ], [ 11.667392433843768, 45.898788916078715 ], [ 11.667446296624327, 45.898858403022182 ], [ 11.66747645838096, 45.89895787557856 ], [ 11.667504798508066, 45.899022018146418 ], [ 11.667577940877825, 45.899130657470472 ], [ 11.667365364357059, 45.899130672160766 ], [ 11.667308876869399, 45.899253950005125 ], [ 11.667239368680839, 45.899417584674183 ], [ 11.667159567491078, 45.899635463483563 ], [ 11.667108965539128, 45.899924665304397 ], [ 11.667105133617866, 45.900113767976784 ], [ 11.667179426072273, 45.900319047427992 ], [ 11.66723782670266, 45.900461693591332 ], [ 11.667412553256263, 45.900610623421777 ], [ 11.66759972720312, 45.900750261652156 ], [ 11.667852580990255, 45.900915367237651 ], [ 11.668063788145483, 45.901018440769768 ], [ 11.668313627968637, 45.901120611303661 ], [ 11.66858922344489, 45.901222179475987 ], [ 11.668853235555732, 45.901351019562419 ], [ 11.668936534301427, 45.901475081740024 ], [ 11.66885803029594, 45.901719933181838 ], [ 11.668752477606533, 45.90193841483768 ], [ 11.668550799422908, 45.902303152448205 ], [ 11.668419920165238, 45.90253122615519 ], [ 11.668376166926867, 45.902694259664081 ], [ 11.668427298343374, 45.902954083158285 ], [ 11.668423902224449, 45.903152176243211 ], [ 11.66817496525276, 45.903338004825805 ], [ 11.667972367151094, 45.903414742856683 ], [ 11.667748752469688, 45.903590978364534 ], [ 11.667614851041844, 45.903756117281247 ], [ 11.667598143191903, 45.903945520656265 ], [ 11.667738126009775, 45.904176267117336 ], [ 11.667791792637018, 45.904220016632614 ], [ 11.667763930803318, 45.904445683001477 ], [ 11.667709881634723, 45.904662960511189 ], [ 11.667630075706711, 45.904880839553613 ], [ 11.667450259148117, 45.90516405880215 ], [ 11.667312906569688, 45.905257272991612 ], [ 11.66722922086675, 45.905394236767407 ], [ 11.667224097421116, 45.905556367622573 ], [ 11.667269195006799, 45.90569032371193 ], [ 11.667341342188971, 45.90585064990784 ], [ 11.667415213206983, 45.906046938227298 ], [ 11.667472759322511, 45.906171602861122 ], [ 11.667469790959434, 45.906378686466525 ], [ 11.667414446478185, 45.906568992133209 ], [ 11.667344499573092, 45.906723636292483 ], [ 11.667195987795926, 45.906853113422265 ], [ 11.666892069421184, 45.906968218199815 ], [ 11.666030960512996, 45.907294344027001 ], [ 11.665962731461653, 45.907484949752785 ], [ 11.665943002896528, 45.907611418913746 ], [ 11.665910395412624, 45.907738188740183 ], [ 11.665823688350176, 45.907812217613824 ], [ 11.665665257639539, 45.907912402222237 ], [ 11.665665227198378, 45.908057132856307 ], [ 11.665658021304218, 45.908070892005561 ], [ 11.665648811471399, 45.908091268323943 ], [ 11.665516171902855, 45.908310018916502 ], [ 11.665469364467176, 45.908576449548647 ], [ 11.665464303196284, 45.908608069830244 ], [ 11.665426282018133, 45.9087752886104 ], [ 11.665320582772761, 45.908867401552442 ], [ 11.665071089117172, 45.908913096554159 ], [ 11.665058420930309, 45.908917802503659 ], [ 11.664999468829658, 45.908919898189453 ], [ 11.664762376757565, 45.908928400592913 ], [ 11.66460853732193, 45.90894954120386 ], [ 11.664444330705141, 45.909182347926588 ], [ 11.664454535716997, 45.909425126462317 ], [ 11.664479112354424, 45.909550651693586 ], [ 11.664088752486263, 45.909770102572487 ], [ 11.663808915227332, 45.910014336122885 ], [ 11.663539427632722, 45.910348243783375 ], [ 11.663402439558636, 45.910616506612776 ], [ 11.663411207753269, 45.910670395823246 ], [ 11.663465571202222, 45.910736722616171 ], [ 11.663433097301567, 45.910855657996976 ], [ 11.663336064169677, 45.910996980340549 ], [ 11.663211199175855, 45.911154882720908 ], [ 11.663389757801021, 45.911499222531489 ], [ 11.663395014112892, 45.911512060801918 ], [ 11.663360459702789, 45.91161178335679 ], [ 11.663237540956034, 45.911753799251031 ], [ 11.663219163749147, 45.911776639312137 ], [ 11.663201216882371, 45.911808469985985 ], [ 11.663099601425172, 45.91199958233576 ], [ 11.662580556106381, 45.912532099619625 ], [ 11.662438852718262, 45.912704704574331 ], [ 11.662231106311765, 45.91295769426744 ], [ 11.662195387434265, 45.913030441743523 ], [ 11.662152840761918, 45.913089847489488 ], [ 11.661945966620616, 45.913229048584348 ], [ 11.661549616046708, 45.913615141503158 ], [ 11.661435537264975, 45.913815453335445 ], [ 11.661325156235758, 45.91410118471979 ], [ 11.661313948921835, 45.914141858609803 ], [ 11.66127995716386, 45.914196834362599 ], [ 11.661102703427421, 45.914483673690832 ], [ 11.660901282769137, 45.914753254561596 ], [ 11.660685087750485, 45.9149781763142 ], [ 11.660596802453512, 45.915024966018713 ], [ 11.6605142263942, 45.915053621485605 ], [ 11.660385101883227, 45.91504726875219 ], [ 11.660243698896197, 45.915059203114261 ], [ 11.660089285357628, 45.915219770343818 ], [ 11.660076619608427, 45.915224565647158 ], [ 11.659950417830325, 45.915290149178318 ], [ 11.659673874159674, 45.915304780212665 ], [ 11.659287315703928, 45.915308201262647 ], [ 11.659267990417282, 45.915308561244842 ], [ 11.659113185685143, 45.915307215302995 ], [ 11.658705761252287, 45.915181601466806 ], [ 11.658525185547481, 45.915121270647838 ], [ 11.65830543642995, 45.915088493156212 ], [ 11.657941398168743, 45.915034231640064 ], [ 11.657278903344736, 45.915070349116 ], [ 11.656782374649021, 45.915141754714902 ], [ 11.656568498825921, 45.915199563340494 ], [ 11.656486384074134, 45.915221724716858 ], [ 11.656429356615828, 45.915245372671997 ], [ 11.656378254378351, 45.915255381838264 ], [ 11.65626304032839, 45.915275702748843 ], [ 11.65588677944703, 45.915373289157785 ], [ 11.655791400974984, 45.915406649186721 ], [ 11.655734158402707, 45.915425801456308 ], [ 11.655605977316842, 45.915441922910858 ], [ 11.655567116157295, 45.915438236199755 ], [ 11.655464567635029, 45.915453761477238 ], [ 11.655426560377975, 45.915467966064519 ], [ 11.655356436878959, 45.915487417662739 ], [ 11.65530541994735, 45.915501924679639 ], [ 11.655239412834865, 45.915550892516173 ], [ 11.655205406612742, 45.915575984736194 ], [ 11.655180369988612, 45.915594477988328 ], [ 11.655168428663849, 45.915617167130861 ], [ 11.655093537427813, 45.915677232108031 ], [ 11.655000259837834, 45.915760045983944 ], [ 11.654901275081974, 45.915861083673782 ], [ 11.654876752846809, 45.915893065818132 ], [ 11.654839774449476, 45.915934248114233 ], [ 11.654795630642958, 45.915957685755593 ], [ 11.654757198225337, 45.915962989429424 ], [ 11.654679385308414, 45.915951027204443 ], [ 11.654581817889998, 45.915930433458385 ], [ 11.654530290075552, 45.91593154111829 ], [ 11.654461533771972, 45.915982372525072 ], [ 11.654373027048878, 45.916024662272932 ], [ 11.654095564129294, 45.916174220162539 ], [ 11.654029726973922, 45.916297078291223 ], [ 11.654017570668181, 45.916315271983848 ], [ 11.653999492543379, 45.916347194163315 ], [ 11.653944134925373, 45.916411304784809 ], [ 11.653925538028926, 45.916429648123341 ], [ 11.653876320759034, 45.91648461543646 ], [ 11.653736580082072, 45.916536915754733 ], [ 11.65335076836663, 45.916715721143078 ], [ 11.65330017853568, 45.916739217923265 ], [ 11.653295190999682, 45.916775246211209 ], [ 11.653297162685519, 45.916824703719868 ], [ 11.653297377776964, 45.916942786648001 ], [ 11.653302943880666, 45.916983790102485 ], [ 11.653289841998305, 45.917009206172608 ], [ 11.65325360024549, 45.917049650791881 ], [ 11.653244865485121, 45.91706929501516 ], [ 11.653246280154207, 45.917101664315148 ], [ 11.653173419708228, 45.917166541210335 ], [ 11.653105571622236, 45.917206729947345 ], [ 11.653090878094263, 45.917212291626669 ], [ 11.652995249197566, 45.917256725868896 ], [ 11.652949278651128, 45.917339249171718 ], [ 11.652924642990639, 45.917371593543372 ], [ 11.652894887910048, 45.917420977957207 ], [ 11.652862758392073, 45.917469247490978 ], [ 11.652783820398021, 45.917547316124583 ], [ 11.652715885665081, 45.917588406680736 ], [ 11.652687943562103, 45.917621727872714 ], [ 11.652472454237291, 45.917859668331047 ], [ 11.652362491412321, 45.918001101434911 ], [ 11.652305056203067, 45.918067689617452 ], [ 11.652224812507123, 45.918131927266373 ], [ 11.652170562423589, 45.91815712870374 ], [ 11.652108200725451, 45.918188008790196 ], [ 11.652012387359527, 45.918204274612954 ], [ 11.651970410207701, 45.918213709919925 ], [ 11.651711924752334, 45.918285596105463 ], [ 11.651678522152402, 45.91829636230311 ], [ 11.651628407678038, 45.918354229591209 ], [ 11.651572101120689, 45.918414760825343 ], [ 11.651489514311233, 45.918494803399462 ], [ 11.651453640973864, 45.918521377971572 ], [ 11.651450295383688, 45.918570238907435 ], [ 11.651479477186877, 45.918646786600192 ], [ 11.651511780608335, 45.918723891842795 ], [ 11.651531439583525, 45.918749447148826 ], [ 11.65155354095157, 45.918782956302898 ], [ 11.651575614579816, 45.918837527540859 ], [ 11.651600724609626, 45.918885457782174 ], [ 11.651647270938593, 45.918920469509011 ], [ 11.651711675578913, 45.919043362507992 ], [ 11.651652915607075, 45.919114661446521 ], [ 11.651630314951182, 45.919135617555632 ], [ 11.651615377861988, 45.919165846330365 ], [ 11.651611215068407, 45.919186734349239 ], [ 11.65161875182136, 45.919220401648488 ], [ 11.651620606523304, 45.919267431755273 ], [ 11.651621668663363, 45.91929512892164 ], [ 11.651601440983223, 45.919330700862062 ], [ 11.651591567024667, 45.91935352166302 ], [ 11.651532648374355, 45.919375500880456 ], [ 11.651465983694953, 45.919394599744948 ], [ 11.651400278430762, 45.919399445422897 ], [ 11.651376927582026, 45.919401167508383 ], [ 11.651322042870428, 45.919402261659705 ], [ 11.651289100488475, 45.91939834607809 ], [ 11.651208452284429, 45.919400038210668 ], [ 11.651145904806183, 45.919424351659352 ], [ 11.651128698093197, 45.919434021698656 ], [ 11.651079384678246, 45.919495200372147 ], [ 11.651047003928394, 45.919578847544315 ], [ 11.651048356827221, 45.919615358551837 ], [ 11.651093550133544, 45.919697745096556 ], [ 11.651078630625742, 45.919720232872713 ], [ 11.651080017571509, 45.919760163349224 ], [ 11.651112308364189, 45.919836998995976 ], [ 11.651227855681748, 45.919942503952115 ], [ 11.651338050397976, 45.920033102114303 ], [ 11.651363736601938, 45.920076878788429 ], [ 11.651365377949427, 45.920108612798082 ], [ 11.651346240107825, 45.920148119698574 ], [ 11.651340076285827, 45.92016761403881 ], [ 11.651324564120024, 45.920191195705868 ], [ 11.65129689546681, 45.920216769643794 ], [ 11.651060830020276, 45.920423772937077 ], [ 11.65096284399106, 45.920519023541146 ], [ 11.650944841418491, 45.920539062708023 ], [ 11.650945106472914, 45.9205500372695 ], [ 11.650961785566157, 45.920578002011524 ], [ 11.650995252941186, 45.920617277837856 ], [ 11.651010391486434, 45.920637267846232 ], [ 11.651034647555118, 45.920683507898843 ], [ 11.651030856569649, 45.920758210873331 ], [ 11.651012287180725, 45.920817775815486 ], [ 11.650959462264712, 45.920897307182663 ], [ 11.650952530795161, 45.920906108661576 ], [ 11.650899942777704, 45.92097708389872 ], [ 11.65085688438678, 45.921036947219378 ], [ 11.650834969260391, 45.92106148747061 ], [ 11.650830991131839, 45.921078140885164 ], [ 11.650826290319026, 45.921106691904249 ], [ 11.650827356207541, 45.921137179203775 ], [ 11.650838474980665, 45.921162122790555 ], [ 11.650868525093259, 45.921197337688177 ], [ 11.650999799386105, 45.921305358092788 ], [ 11.651034295041949, 45.92133101913879 ], [ 11.651061095366943, 45.921360279005356 ], [ 11.651084536662001, 45.921400237620638 ], [ 11.651146815096695, 45.921589424618261 ], [ 11.651149355339065, 45.921648139547983 ], [ 11.651127805516145, 45.921710113845045 ], [ 11.651069588864532, 45.921809121724024 ], [ 11.650943639330551, 45.921885940096232 ], [ 11.650692735295298, 45.922003640962011 ], [ 11.650596282058792, 45.922033691380527 ], [ 11.650466174971179, 45.922145077988944 ], [ 11.650387326290833, 45.922146727812319 ], [ 11.650364991444759, 45.9221570567424 ], [ 11.650332353313997, 45.922181215716158 ], [ 11.650278706968379, 45.922216482831722 ], [ 11.650250122329055, 45.922241807762866 ], [ 11.650178193084768, 45.922299370570045 ], [ 11.650148928967109, 45.922332091773136 ], [ 11.650138698193423, 45.922350150356621 ], [ 11.650135331299936, 45.922387760945405 ], [ 11.650137001368176, 45.922425524689459 ], [ 11.650148667450743, 45.92247007697911 ], [ 11.650166949034345, 45.922493774374523 ], [ 11.65019395582115, 45.922557141891716 ], [ 11.650211684202809, 45.922574641756967 ], [ 11.65025103583535, 45.922610181014967 ], [ 11.650365552326544, 45.922645236073315 ], [ 11.650601294819667, 45.922777654341772 ], [ 11.650626456699246, 45.922794171535678 ], [ 11.650688905495739, 45.922843485533981 ], [ 11.650661852048332, 45.922960491111951 ], [ 11.650657595033579, 45.923011893296533 ], [ 11.650660836908138, 45.923090753295071 ], [ 11.650675627269312, 45.923157554454015 ], [ 11.650693951894567, 45.923222743517279 ], [ 11.650652108649863, 45.923343332574746 ], [ 11.650588949454519, 45.92341986334548 ], [ 11.65047072229518, 45.923485611215391 ], [ 11.65039063564952, 45.923518161786419 ], [ 11.650265708302165, 45.923554273007646 ], [ 11.650173152009074, 45.923614744594836 ], [ 11.649866058827449, 45.923855345494765 ], [ 11.64983608563689, 45.923884032742791 ], [ 11.649772713652373, 45.924067135047849 ], [ 11.64973220959982, 45.924172571654566 ], [ 11.649650098201914, 45.924211379083346 ], [ 11.649633876511857, 45.924228226508163 ], [ 11.649590957877153, 45.924307347350855 ], [ 11.649460292959537, 45.924426126240157 ], [ 11.649436499455792, 45.924546656107438 ], [ 11.649422457369065, 45.924609265956661 ], [ 11.649436909450895, 45.924660864095443 ], [ 11.649468731778899, 45.924681817338943 ], [ 11.649511626781901, 45.924721324909733 ], [ 11.649545021557495, 45.924769873482255 ], [ 11.649578907546111, 45.924839562004138 ], [ 11.64958237943118, 45.924923276970453 ], [ 11.649551446689749, 45.924961617043806 ], [ 11.649521326129744, 45.924995347962053 ], [ 11.649458652803396, 45.925041534826782 ], [ 11.649428042500176, 45.925075817142101 ], [ 11.64927580633413, 45.925280601836938 ], [ 11.649256276724856, 45.925303826322036 ], [ 11.649263637188342, 45.92543128398048 ], [ 11.649257234821944, 45.925459334366721 ], [ 11.649240952924266, 45.925537207126439 ], [ 11.649212092858601, 45.925613661529269 ], [ 11.649207819896574, 45.925645802750104 ], [ 11.649233355918986, 45.92569723386481 ], [ 11.649267180093441, 45.925749372774767 ], [ 11.649305688338346, 45.925810493565599 ], [ 11.649240638067369, 45.926023426379516 ], [ 11.649209671024883, 45.926055646771481 ], [ 11.649202461631358, 45.926080295635273 ], [ 11.649215132858927, 45.926091792484598 ], [ 11.649221337833927, 45.926127290912163 ], [ 11.649205249007856, 45.926236301207567 ], [ 11.649184454280959, 45.926276296153958 ], [ 11.649138498410219, 45.926316064643473 ], [ 11.649114017096416, 45.926338233911963 ], [ 11.649113414640174, 45.926347248470222 ], [ 11.649137879255148, 45.926384303533546 ], [ 11.649169130402447, 45.926412200497332 ], [ 11.649217084642943, 45.926457711248545 ], [ 11.649257622545488, 45.926501863885953 ], [ 11.649286335681605, 45.92653062978107 ], [ 11.649303860257579, 45.926570905957561 ], [ 11.649297804352013, 45.926608938899115 ], [ 11.649259918806571, 45.926639429690347 ], [ 11.649205888587417, 45.92668298573038 ], [ 11.649076326570233, 45.926825050042368 ], [ 11.648771134226651, 45.927073524280168 ], [ 11.648749349446552, 45.927095450926892 ], [ 11.64873123621469, 45.92714843442247 ], [ 11.648721755002986, 45.927171425825158 ], [ 11.64872446169783, 45.927193054468503 ], [ 11.648779616994887, 45.927216436936853 ], [ 11.64879845150474, 45.927224640686077 ], [ 11.648817307106741, 45.927235994174765 ], [ 11.6488485579609, 45.927299083557259 ], [ 11.648860786114971, 45.927317521201751 ], [ 11.64888039067465, 45.927347308500437 ], [ 11.648907264614177, 45.927386197808815 ], [ 11.648972855673819, 45.9274418302535 ], [ 11.648981984770684, 45.927449359040985 ], [ 11.64904907862762, 45.927476964770008 ], [ 11.64907963202667, 45.927492907176564 ], [ 11.649136163153113, 45.92753974913726 ], [ 11.649225593166896, 45.927630110788876 ], [ 11.649310826186547, 45.927732540580777 ], [ 11.649344466188714, 45.927759122029187 ], [ 11.649400562661846, 45.927783292390423 ], [ 11.649459142464595, 45.927800024675285 ], [ 11.649541867316, 45.927841668478038 ], [ 11.649581479209745, 45.927850110108338 ], [ 11.649605174254715, 45.927868281652906 ], [ 11.64956583231575, 45.927965680674113 ], [ 11.649510773971546, 45.928014751080475 ], [ 11.649499804029324, 45.928060638545738 ], [ 11.649387124538459, 45.92814830800031 ], [ 11.649224439133638, 45.928263869068658 ], [ 11.649143961543913, 45.928337110471588 ], [ 11.649140003094461, 45.928392105871403 ], [ 11.649135379800283, 45.928441266308596 ], [ 11.649109146180956, 45.928488947886997 ], [ 11.649070609024664, 45.928532864543001 ], [ 11.64895666706534, 45.928669886084933 ], [ 11.648912253814311, 45.928812495442664 ], [ 11.648909387110908, 45.928890417002293 ], [ 11.648921688046567, 45.928913083218681 ], [ 11.648951367152881, 45.928983769485868 ], [ 11.648952489464495, 45.929004624868696 ], [ 11.648953787706533, 45.929026466192738 ], [ 11.648931511476214, 45.929057044772946 ], [ 11.648902062625908, 45.929091390009177 ], [ 11.64887268347093, 45.929148865068278 ], [ 11.648848584747151, 45.929189926625988 ], [ 11.648844112764486, 45.92919894094539 ], [ 11.648839768242068, 45.929248544950603 ], [ 11.648806801302639, 45.929317353972422 ], [ 11.648745088807049, 45.929364868177963 ], [ 11.648670457906919, 45.929411961926171 ], [ 11.648649825431377, 45.929417480755141 ], [ 11.648611505675348, 45.929436190581995 ], [ 11.648609355884277, 45.929453341527463 ], [ 11.648619786197193, 45.929493602322694 ], [ 11.648557758368312, 45.929550754357138 ], [ 11.648522360198806, 45.929560395832127 ], [ 11.648512219108786, 45.929569541569855 ], [ 11.648514104545535, 45.929628091645966 ], [ 11.648509065708861, 45.92966583099642 ], [ 11.648504747338587, 45.929710574009697 ], [ 11.648525860503756, 45.929766608111535 ], [ 11.648535976297847, 45.929843598575587 ], [ 11.648528545505716, 45.929909655147107 ], [ 11.648523052765963, 45.929937864376882 ], [ 11.648513489585671, 45.930018731397617 ], [ 11.648499023446291, 45.930058939438027 ], [ 11.648426635074912, 45.93009356019693 ], [ 11.648366767936984, 45.930141931521945 ], [ 11.648311971803762, 45.930226367545032 ], [ 11.648250246744894, 45.930319694763988 ], [ 11.648236297726925, 45.930346389907839 ], [ 11.648215893716483, 45.930372964730765 ], [ 11.648208748851761, 45.930390861568313 ], [ 11.648213819815526, 45.930426926323484 ], [ 11.648210534428141, 45.930512328058803 ], [ 11.648201199174968, 45.930530275681051 ], [ 11.648189617214381, 45.930552505643519 ], [ 11.648182812960465, 45.930561303975317 ], [ 11.648116490165577, 45.930609554799844 ], [ 11.648103235136409, 45.930618322701399 ], [ 11.648050555827975, 45.930644295723908 ], [ 11.647876829156083, 45.930636532719866 ], [ 11.647767567647577, 45.930625474905078 ], [ 11.647574471740276, 45.930617260471315 ], [ 11.647387317549711, 45.930622768863593 ], [ 11.647225332692033, 45.930642184477904 ], [ 11.647205618252089, 45.930650741975874 ], [ 11.647029126401897, 45.93071495647245 ], [ 11.647002956834951, 45.930723393479269 ], [ 11.646957037621503, 45.930745069046573 ], [ 11.646898075168476, 45.930766416845536 ], [ 11.646677605377555, 45.930798257837168 ], [ 11.646626093867576, 45.930797291367888 ], [ 11.646561150214614, 45.930809507008178 ], [ 11.646489061064694, 45.930839619279453 ], [ 11.646449640302619, 45.930856913812669 ], [ 11.646410693685125, 45.930865196695336 ], [ 11.64630039187384, 45.930881073338668 ], [ 11.646163190224106, 45.930927995061815 ], [ 11.645836619173838, 45.931034207289983 ], [ 11.645710423283274, 45.93113082680027 ], [ 11.645598389689955, 45.931191655747895 ], [ 11.645433635063473, 45.931283047698372 ], [ 11.645413056698114, 45.931314126293501 ], [ 11.645372076698582, 45.931371869172239 ], [ 11.645349943977461, 45.931443486434581 ], [ 11.645334434678247, 45.931510630005739 ], [ 11.645314033136362, 45.931537294204581 ], [ 11.64528084582984, 45.931563624518546 ], [ 11.64524857013812, 45.931563021988403 ], [ 11.645178037989238, 45.931552684771894 ], [ 11.645120934199372, 45.931529075669218 ], [ 11.645006385700373, 45.931490955858635 ], [ 11.644987192998165, 45.931486090000369 ], [ 11.644835074985457, 45.931420128251155 ], [ 11.644746218392557, 45.931382493299857 ], [ 11.644624001753874, 45.931375692693507 ], [ 11.644514389420191, 45.931373550468344 ], [ 11.644391654480646, 45.931380262517273 ], [ 11.644308212433456, 45.931369683611479 ], [ 11.644256873216225, 45.931364211841661 ], [ 11.64418841922109, 45.93129991241404 ], [ 11.644138985036712, 45.931244983193174 ], [ 11.64409496501486, 45.931217110433231 ], [ 11.644043798693337, 45.931207134228792 ], [ 11.643979031032544, 45.931214934043481 ], [ 11.643907808253847, 45.931222613164465 ], [ 11.643822806829034, 45.93125248268521 ], [ 11.64379542678512, 45.931292449030181 ], [ 11.643654670920643, 45.93159569663932 ], [ 11.643619625604467, 45.931667072380655 ], [ 11.643566074590654, 45.93171547494066 ], [ 11.643482242481729, 45.931718405362247 ], [ 11.643340659740803, 45.931711241564692 ], [ 11.643327749451162, 45.931711000342197 ], [ 11.643199076974406, 45.931704077631089 ], [ 11.643166974142417, 45.931698970184101 ], [ 11.643089814092271, 45.931693015365859 ], [ 11.642986439311761, 45.931699997908993 ], [ 11.642910143756376, 45.931671521473085 ], [ 11.642897406386576, 45.931666775873268 ], [ 11.642820246363083, 45.931660820828412 ], [ 11.642730477891893, 45.931650117191836 ], [ 11.642711981295484, 45.931627323688289 ], [ 11.642435356588722, 45.931446601889441 ], [ 11.642294812215749, 45.931412411071719 ], [ 11.642224972522532, 45.931384054858022 ], [ 11.642141184923805, 45.93138248297501 ], [ 11.642083390681934, 45.931376889500605 ], [ 11.641994012781263, 45.931352675321861 ], [ 11.641930109497244, 45.931337952488846 ], [ 11.641749575799755, 45.931338978169563 ], [ 11.641627186433103, 45.931336678677376 ], [ 11.641543917890887, 45.931321593472909 ], [ 11.641448954549487, 45.931274826605652 ], [ 11.641379940611262, 45.931228539594308 ], [ 11.641311139695485, 45.931173157067768 ], [ 11.641261189386015, 45.931131739459587 ], [ 11.641223501343919, 45.931104079139544 ], [ 11.641166745691825, 45.931071459447587 ], [ 11.641038421024657, 45.931055525683284 ], [ 11.640961435035173, 45.931045065095681 ], [ 11.640851610364384, 45.931052014795007 ], [ 11.64081863846523, 45.931069338254964 ], [ 11.640675841769745, 45.931093611266824 ], [ 11.640527978807414, 45.931081818904794 ], [ 11.640393372289825, 45.931061259325645 ], [ 11.640271849040117, 45.931036436875928 ], [ 11.64011189750952, 45.93100638221749 ], [ 11.639937695212732, 45.931007618739478 ], [ 11.639853384422269, 45.931019468124461 ], [ 11.639730822638311, 45.931021670860929 ], [ 11.639692394224758, 45.931016438609802 ], [ 11.63957022306667, 45.93100513129432 ], [ 11.639557308625758, 45.931004799724725 ], [ 11.639467892307858, 45.930985174755477 ], [ 11.639359626137406, 45.930951584387124 ], [ 11.639301530580392, 45.930950496780078 ], [ 11.639250018909276, 45.93094952698285 ], [ 11.639218045626153, 45.930944415470357 ], [ 11.639186116710047, 45.930934802596518 ], [ 11.639141752924969, 45.930915936455698 ], [ 11.639110343642516, 45.930892810689031 ], [ 11.639085522546161, 45.930869892705424 ], [ 11.63906022202189, 45.930855896388231 ], [ 11.639035050253099, 45.930841897030326 ], [ 11.638780485994133, 45.930756062869605 ], [ 11.63859320102663, 45.930761559861864 ], [ 11.63846924509096, 45.930799615742096 ], [ 11.638364356321702, 45.93084263144295 ], [ 11.638338318396304, 45.930851153440074 ], [ 11.638233949248788, 45.930880656085151 ], [ 11.638136554883141, 45.930896766692769 ], [ 11.638078588207849, 45.930895675477316 ], [ 11.638059396299029, 45.930890808395162 ], [ 11.638040506557518, 45.930881434085748 ], [ 11.638021314676642, 45.930876567039654 ], [ 11.637983233096586, 45.930862325654623 ], [ 11.637817743350716, 45.930805213904279 ], [ 11.637792225313676, 45.930800222899698 ], [ 11.637702156866245, 45.930794022500422 ], [ 11.637669881608561, 45.930793417816091 ], [ 11.637540865042695, 45.930795497246578 ], [ 11.637521149036251, 45.930804053046792 ], [ 11.637482027557549, 45.930816837267983 ], [ 11.637423016685757, 45.930842681539715 ], [ 11.637376786973997, 45.930868770721013 ], [ 11.637349926648765, 45.930895312611838 ], [ 11.637336625364826, 45.930908580614293 ], [ 11.637329299280921, 45.93093089122393 ], [ 11.637266929890657, 45.931204149019926 ], [ 11.637245826763383, 45.931248739165547 ], [ 11.637218570767423, 45.931288701056587 ], [ 11.637196293645189, 45.93129897180912 ], [ 11.637152806222398, 45.931319021438512 ], [ 11.637049951311452, 45.931312485687322 ], [ 11.636946971818746, 45.931306042796514 ], [ 11.636850056158966, 45.931313230674483 ], [ 11.636740270529311, 45.93131558521177 ], [ 11.636675848338907, 45.931314372292313 ], [ 11.636534267043665, 45.931307200067891 ], [ 11.636475779723547, 45.931319620903487 ], [ 11.636417461518642, 45.93132744752323 ], [ 11.636339084236347, 45.931352928225621 ], [ 11.636248321173218, 45.931364743885908 ], [ 11.636195937708415, 45.931386204289126 ], [ 11.636136276382475, 45.93142556381062 ], [ 11.63609017869962, 45.93145173937247 ], [ 11.636037839671214, 45.931468698434003 ], [ 11.635959942044998, 45.931485257210007 ], [ 11.635912319173222, 45.931547290270473 ], [ 11.635830988090627, 45.931649253718142 ], [ 11.635775348465797, 45.931751704291564 ], [ 11.635741854092227, 45.931782539224308 ], [ 11.635708315051016, 45.931817875436373 ], [ 11.635654761163416, 45.931866364347854 ], [ 11.635588074420706, 45.931923526867536 ], [ 11.635541500265735, 45.931958713804796 ], [ 11.635502026256948, 45.931980416005217 ], [ 11.63542434585975, 45.931987968879305 ], [ 11.635384138600164, 45.931979102820307 ], [ 11.635270720204776, 45.931958031478366 ], [ 11.635219554674297, 45.931948051302342 ], [ 11.635181125955834, 45.931942817535777 ], [ 11.635001159197536, 45.931925908322306 ], [ 11.63490493632775, 45.931915077428975 ], [ 11.634788520633714, 45.931921813333275 ], [ 11.634684102749489, 45.931955814170067 ], [ 11.634650954752205, 45.931977640180477 ], [ 11.634604028506008, 45.932021745441965 ], [ 11.634590205586411, 45.932048526003427 ], [ 11.634575728815625, 45.932088732487315 ], [ 11.634568926455419, 45.932097620014446 ], [ 11.634548515180404, 45.932124192513434 ], [ 11.634521301482055, 45.932159652465842 ], [ 11.63444729008485, 45.932239214702996 ], [ 11.6343871058847, 45.932292086187772 ], [ 11.63434693683557, 45.932331805251458 ], [ 11.634286752439383, 45.932384676695236 ], [ 11.634213087594402, 45.93245523016261 ], [ 11.634165639847701, 45.932512848128745 ], [ 11.634152163741939, 45.93253062005364 ], [ 11.634117274869229, 45.932597399000741 ], [ 11.634096689579783, 45.932628475715646 ], [ 11.634082737396637, 45.932655259164356 ], [ 11.634068607359815, 45.93268645704913 ], [ 11.63406128401118, 45.932708857387674 ], [ 11.634046459464406, 45.93275807244153 ], [ 11.63404576074119, 45.932775999691529 ], [ 11.634038611039754, 45.932793895735145 ], [ 11.634037565072646, 45.932820831568044 ], [ 11.634037044272542, 45.932834344470045 ], [ 11.634035303840809, 45.932879297507874 ], [ 11.634033260955283, 45.932928757799985 ], [ 11.634037802276298, 45.932978336272612 ], [ 11.634043038018552, 45.933009897526439 ], [ 11.63404845164801, 45.933037044439537 ], [ 11.63405984022271, 45.933073234165498 ], [ 11.634070663227403, 45.933127438036649 ], [ 11.634076424109791, 45.933145576371011 ], [ 11.634075551826587, 45.933168007940701 ], [ 11.63406788124478, 45.933199416845234 ], [ 11.634054445456341, 45.933212597540553 ], [ 11.634034037815191, 45.933239259861324 ], [ 11.633926180760337, 45.933358664801808 ], [ 11.633785133543148, 45.933504486626184 ], [ 11.633710469593158, 45.933597564225138 ], [ 11.633673772469781, 45.93366159450656 ], [ 11.633627386585371, 45.933744389365046 ], [ 11.633597562577542, 45.933847323689356 ], [ 11.633567912130488, 45.933945753635683 ], [ 11.633547499760377, 45.933972325977571 ], [ 11.633520462447802, 45.934003371354279 ], [ 11.633446099951144, 45.93409194158226 ], [ 11.633397951093821, 45.934167486540495 ], [ 11.633370214743479, 45.934216459142128 ], [ 11.63337475562442, 45.934266037610847 ], [ 11.633371794769696, 45.934342430778877 ], [ 11.633369924981421, 45.934387386771867 ], [ 11.633361207533133, 45.934445731513833 ], [ 11.633351443865978, 45.934531012078033 ], [ 11.633344467388572, 45.934544403796174 ], [ 11.633330510108124, 45.934571097282159 ], [ 11.633275691005574, 45.934655616524381 ], [ 11.633254930885634, 45.934691197408426 ], [ 11.633267030807788, 45.934875880326032 ], [ 11.633388505635839, 45.935229142386923 ], [ 11.633422933755948, 45.935337795560706 ], [ 11.633426953781189, 45.935400886947924 ], [ 11.63342538657926, 45.935441335669047 ], [ 11.633403058976233, 45.935517365302772 ], [ 11.633388932132901, 45.935548652995692 ], [ 11.633366604467447, 45.935624682624962 ], [ 11.633338693758541, 45.935678159531967 ], [ 11.633298392726974, 45.935717881208049 ], [ 11.633291544949007, 45.935731269940746 ], [ 11.633264676155738, 45.935757721088102 ], [ 11.633224201416956, 45.935801946999682 ], [ 11.633203093431314, 45.935846536473683 ], [ 11.633195943079208, 45.935864432467362 ], [ 11.633175356134936, 45.935895509036826 ], [ 11.633154550641333, 45.935935591243002 ], [ 11.633106399952394, 45.93601113609818 ], [ 11.633072033137156, 45.936064491714959 ], [ 11.63304325347241, 45.936140490039442 ], [ 11.633012554505148, 45.936265855718702 ], [ 11.63301029221496, 45.936324321632888 ], [ 11.633006159812146, 45.93642774346376 ], [ 11.633011395409117, 45.936459304797111 ], [ 11.633022913031816, 45.936495491595352 ], [ 11.633028673979338, 45.936513629970449 ], [ 11.633040588070541, 45.936536396783879 ], [ 11.633064669717095, 45.936581834567136 ], [ 11.633105727593614, 45.936686104716848 ], [ 11.633134395167717, 45.936776619622087 ], [ 11.633129870846176, 45.936893551401731 ], [ 11.633106669696874, 45.936992012517045 ], [ 11.633097822843933, 45.937050360174162 ], [ 11.633081776363799, 45.937131015254749 ], [ 11.632971300297532, 45.937317893840266 ], [ 11.632896932696136, 45.937406463780299 ], [ 11.632873908923782, 45.937500510487915 ], [ 11.632864366945668, 45.937576875300898 ], [ 11.632823672019322, 45.937630106729401 ], [ 11.632783890416961, 45.937656315345095 ], [ 11.632698178171823, 45.937704194030239 ], [ 11.632561642607072, 45.937733082797926 ], [ 11.632287003117806, 45.9378313086278 ], [ 11.632208833431257, 45.937847781111977 ], [ 11.632117488387928, 45.937877517997954 ], [ 11.632000890254501, 45.937888845538112 ], [ 11.631903784247015, 45.937900443853366 ], [ 11.631650869734877, 45.938035249844248 ], [ 11.631591020113071, 45.938079021555019 ], [ 11.631482672304523, 45.938207435930643 ], [ 11.631440799475111, 45.938287605752002 ], [ 11.631334552601199, 45.938528568727293 ], [ 11.631167629876048, 45.938831323265745 ], [ 11.631114368137892, 45.938875302961961 ], [ 11.630989738463754, 45.938926867015553 ], [ 11.630904370350983, 45.938965735836426 ], [ 11.630816434820668, 45.939067577720827 ], [ 11.630658779494773, 45.939140963489159 ], [ 11.630507629137087, 45.93921005896793 ], [ 11.630381780730414, 45.93929315242125 ], [ 11.63018940477928, 45.939428901060708 ], [ 11.630103732565589, 45.93947227656701 ], [ 11.629920424838398, 45.939540671641517 ], [ 11.629745271412235, 45.939568736168731 ], [ 11.629654667385747, 45.939576042587767 ], [ 11.629538060881028, 45.939587277813509 ], [ 11.629415822954963, 45.939580371387507 ], [ 11.629036251040677, 45.939555087016124 ], [ 11.62890738315282, 45.939552562904694 ], [ 11.628797580641901, 45.93955491020516 ], [ 11.628597824925052, 45.939551047172372 ], [ 11.628403828999231, 45.939565322329678 ], [ 11.628215459557321, 45.939597648881069 ], [ 11.627987960034563, 45.939642756245185 ], [ 11.62788391686666, 45.93966324128769 ], [ 11.627662172087632, 45.93972639673585 ], [ 11.627583475852294, 45.939756378998894 ], [ 11.627486539689885, 45.939763469361253 ], [ 11.627103868767673, 45.939814574646867 ], [ 11.62692840987004, 45.939847142166641 ], [ 11.626805827505931, 45.939849331454958 ], [ 11.62571813689361, 45.939630156497934 ], [ 11.625628229290918, 45.939619442531644 ], [ 11.625504642631341, 45.939644064924991 ], [ 11.625386242103525, 45.93970475025354 ], [ 11.62531347773753, 45.939748365504819 ], [ 11.625220597953019, 45.939814044372689 ], [ 11.625079378644442, 45.939959769206922 ], [ 11.625017603987542, 45.940053084839313 ], [ 11.62499648788636, 45.940097672942819 ], [ 11.624953603798454, 45.940200364934533 ], [ 11.624919052205016, 45.940258222626142 ], [ 11.62486002540504, 45.940284060746812 ], [ 11.624704280754608, 45.940307981224777 ], [ 11.624647681639571, 45.940299455332479 ], [ 11.624601634281776, 45.940292518897095 ], [ 11.624465436584719, 45.940312389642656 ], [ 11.624412213534024, 45.940351864999414 ], [ 11.624396328100007, 45.940428014835305 ], [ 11.624432839330259, 45.940482709374699 ], [ 11.62443567459338, 45.94057282988566 ], [ 11.624425418830011, 45.94066712149057 ], [ 11.624403077117694, 45.940743149627032 ], [ 11.624379863340264, 45.940841699177774 ], [ 11.624366858463834, 45.941003468180895 ], [ 11.624358654032477, 45.94104829953428 ], [ 11.624336486445637, 45.941119823342881 ], [ 11.62429220097111, 45.941258459545104 ], [ 11.624251366253709, 45.94131169110252 ], [ 11.624170523174374, 45.941400134029344 ], [ 11.624117124505933, 45.941444113567279 ], [ 11.624005394866156, 45.941495913602509 ], [ 11.62390147555265, 45.941516392168609 ], [ 11.623817190554018, 45.94152372882192 ], [ 11.623655118765273, 45.941547613189144 ], [ 11.623427478330942, 45.941592714622068 ], [ 11.623238400929978, 45.941643050325183 ], [ 11.62312156831109, 45.941663284733224 ], [ 11.623024150234674, 45.941679382922139 ], [ 11.622964643109835, 45.941714231614178 ], [ 11.622911193279077, 45.941762622067735 ], [ 11.622883095017073, 45.941820600918447 ], [ 11.622854647728936, 45.941887588350468 ], [ 11.622812456431987, 45.941972262489365 ], [ 11.622770219377038, 45.942061437955765 ], [ 11.622701628885901, 45.94216354935007 ], [ 11.62262060755759, 45.942256495495513 ], [ 11.622546611629812, 45.942331549171769 ], [ 11.622400497932736, 45.942436700488791 ], [ 11.622032450233728, 45.942609590641311 ], [ 11.621921065472975, 45.942652380159721 ], [ 11.621913910723457, 45.942670275529238 ], [ 11.621898594980259, 45.942728500707112 ], [ 11.621883229300547, 45.942791137347548 ], [ 11.621862458931549, 45.942826716351931 ], [ 11.621801553011762, 45.942897598792669 ], [ 11.621569527241061, 45.943055034245816 ], [ 11.621484844509583, 45.943075879125232 ], [ 11.621406971737455, 45.94308792708928 ], [ 11.621322812888305, 45.943095258959218 ], [ 11.621309899879225, 45.943095015264284 ], [ 11.621132676138147, 45.943172527121312 ], [ 11.620793974137145, 45.943418004384171 ], [ 11.620744493050282, 45.94346855288466 ], [ 11.620635991487157, 45.943323523212349 ], [ 11.620534408046186, 45.943196605886278 ], [ 11.620328887825346, 45.943024190011975 ], [ 11.619895986299491, 45.942817657248838 ], [ 11.619324079554897, 45.942653643259376 ], [ 11.618472307963231, 45.942535375272897 ], [ 11.617209107413721, 45.942367575716347 ], [ 11.616924146793345, 45.942305160826891 ], [ 11.616808144464962, 45.942238964332454 ], [ 11.616565920956583, 45.94218546995512 ], [ 11.615988180260205, 45.942198703985348 ], [ 11.615436942935325, 45.942171995706502 ], [ 11.614291322827041, 45.941804628980933 ], [ 11.613678097500367, 45.941661243647509 ], [ 11.613531693953284, 45.941546506421673 ], [ 11.613310639010113, 45.941344911534834 ], [ 11.610195690105527, 45.940801132026998 ], [ 11.609947315178378, 45.940767475462138 ], [ 11.60955703139698, 45.940717349495728 ], [ 11.609236677490808, 45.940650863731562 ], [ 11.609000966588184, 45.940587393957941 ], [ 11.60866390275168, 45.94046719487789 ], [ 11.608282263463149, 45.940298779685847 ], [ 11.607857665544765, 45.940116583136358 ], [ 11.607425982496896, 45.939934546823686 ], [ 11.607318694696422, 45.939902523853533 ], [ 11.606825226182012, 45.939756367819584 ], [ 11.606327334499635, 45.939664403979485 ], [ 11.605779396533041, 45.93955881879014 ], [ 11.60439878031818, 45.939269888460259 ], [ 11.604036927904685, 45.939245286928525 ], [ 11.603011960549139, 45.939126441844287 ], [ 11.600945289599862, 45.938867143875825 ], [ 11.600286911735012, 45.938871243971306 ], [ 11.599797631708064, 45.938805787266858 ], [ 11.599242146132235, 45.938665240313348 ], [ 11.598843873981425, 45.938532004251172 ], [ 11.598022937847571, 45.938080221169535 ], [ 11.596974006246086, 45.937447574675879 ], [ 11.596751105135008, 45.93737604781299 ], [ 11.596243188673112, 45.937245385453217 ], [ 11.59526559032782, 45.936797053415454 ], [ 11.59479349355086, 45.936424805557074 ], [ 11.594505717379734, 45.935971864076791 ], [ 11.594298738886428, 45.935569559883874 ], [ 11.594036377219924, 45.935323863030661 ], [ 11.593687002687668, 45.934894099753585 ], [ 11.593563364699524, 45.934765589032004 ], [ 11.593402213695951, 45.934670782075202 ], [ 11.593010184936668, 45.934504531776689 ], [ 11.592724168214749, 45.934423539246893 ], [ 11.592300834857923, 45.934258087146802 ], [ 11.59190261032523, 45.934124825759113 ], [ 11.591255090238826, 45.93369083974747 ], [ 11.590100664468743, 45.932902833273261 ], [ 11.589555896682725, 45.933228855631761 ], [ 11.588776230961948, 45.933577120780512 ], [ 11.58738488516987, 45.934216816330093 ], [ 11.586789695577405, 45.934455041958351 ], [ 11.585328513414572, 45.935086303312858 ], [ 11.583661954232735, 45.935920654177465 ], [ 11.58234531575655, 45.936568768558907 ], [ 11.58136085845365, 45.936995327283931 ], [ 11.580061829298877, 45.93766263834511 ], [ 11.578459824391027, 45.938401308621771 ], [ 11.575655998161295, 45.939753360512384 ], [ 11.573342180507026, 45.940841388512304 ], [ 11.570680198423984, 45.942213972843739 ], [ 11.568071332512694, 45.943488004446984 ], [ 11.566441018553087, 45.944252072852827 ], [ 11.565845335668561, 45.94456769439202 ], [ 11.565440546185418, 45.945200975006003 ], [ 11.565252436464251, 45.945237331868206 ], [ 11.564805534847959, 45.945413968117379 ], [ 11.563191258358579, 45.945985197877867 ], [ 11.561100064611383, 45.94700128577994 ], [ 11.559713831786386, 45.949136057212499 ], [ 11.559378009369421, 45.949355455345874 ], [ 11.559306908695554, 45.949442193663515 ], [ 11.558977571577818, 45.949836145795018 ], [ 11.558888118758111, 45.950342630167228 ], [ 11.558855906312067, 45.9515374534028 ], [ 11.558950428444723, 45.952054576887143 ], [ 11.559017375242613, 45.952384746813088 ], [ 11.559022332908919, 45.952441969205744 ], [ 11.559003359267242, 45.95248388678958 ], [ 11.559034086539887, 45.952512270074102 ], [ 11.559202208630884, 45.952685723878282 ], [ 11.559337716533168, 45.952829036406669 ], [ 11.559420987637584, 45.952919606035138 ], [ 11.559485838565887, 45.953008068231732 ], [ 11.559590170752351, 45.953102035992075 ], [ 11.559864392702847, 45.953301282843519 ], [ 11.559967444218112, 45.953378628004984 ], [ 11.560172101473309, 45.953507518958752 ], [ 11.560364978361616, 45.953618762440094 ], [ 11.560411558561993, 45.953669111400487 ], [ 11.560402298555013, 45.953787406036184 ], [ 11.560439939961631, 45.953878997685663 ], [ 11.560534152893576, 45.954005323399457 ], [ 11.560656572069643, 45.954105275109001 ], [ 11.560762166677987, 45.954159341194469 ], [ 11.560890281050103, 45.954223252872474 ], [ 11.560981055878447, 45.954277740989021 ], [ 11.561043277398884, 45.954348260102989 ], [ 11.561075979395037, 45.954419441190936 ], [ 11.561203854364656, 45.95447813757572 ], [ 11.561379147934602, 45.954448555232361 ], [ 11.561538453066799, 45.954388459420549 ], [ 11.56164055115088, 45.954307864972428 ], [ 11.561677994819737, 45.954263552648207 ], [ 11.56170552917586, 45.954079864228603 ], [ 11.561756774647749, 45.953945866996648 ], [ 11.561856631073159, 45.953746695603343 ], [ 11.561927875884772, 45.95364906190261 ], [ 11.56209863900499, 45.953554866211626 ], [ 11.562611069546747, 45.9535580415846 ], [ 11.562928274787957, 45.953664961277163 ], [ 11.563313061017491, 45.953841017675586 ], [ 11.563560679884716, 45.95391916539851 ], [ 11.56395642101025, 45.953879500855713 ], [ 11.564203853982233, 45.953836144164427 ], [ 11.564384315840337, 45.953854324050496 ], [ 11.564531501667689, 45.953892421905032 ], [ 11.564737387108529, 45.953913450626203 ], [ 11.564853110249182, 45.953924082856808 ], [ 11.564891618954897, 45.953933658805553 ], [ 11.564908527456669, 45.954014823907443 ], [ 11.564834363238443, 45.95412179563737 ], [ 11.564807209382108, 45.9541709182338 ], [ 11.564856223387142, 45.954257122872377 ], [ 11.56489478260543, 45.954262197345145 ], [ 11.564972714400156, 45.954245236427418 ], [ 11.565018548894331, 45.954223415907187 ], [ 11.565117593434103, 45.95414387703773 ], [ 11.565224909272942, 45.954005918839265 ], [ 11.565320360004362, 45.95383177485283 ], [ 11.565453501568113, 45.953694226429015 ], [ 11.565578954899779, 45.953596992995678 ], [ 11.565740936557235, 45.953351870092334 ], [ 11.565819241671816, 45.953105476466988 ], [ 11.56590905262467, 45.952904276970465 ], [ 11.566096623661901, 45.952668479276561 ], [ 11.566261682117867, 45.952540383524664 ], [ 11.566538048203274, 45.952355333150152 ], [ 11.566668449940279, 45.952312260550585 ], [ 11.566835639071106, 45.952328124613693 ], [ 11.567246038157007, 45.952410526618813 ], [ 11.567344018836502, 45.952381438207397 ], [ 11.567376256214102, 45.95237186758046 ], [ 11.567500657800689, 45.952310657816092 ], [ 11.567593008719101, 45.952239997678866 ], [ 11.567651801638927, 45.952213834597131 ], [ 11.567863727122038, 45.95224840265594 ], [ 11.568003995197449, 45.952304382731633 ], [ 11.568189866167023, 45.952347546479999 ], [ 11.56846022723543, 45.952364958596959 ], [ 11.568595087368138, 45.952384877319432 ], [ 11.568722395523821, 45.952445198085961 ], [ 11.568880169310049, 45.952564417184995 ], [ 11.568984664414302, 45.952736947436343 ], [ 11.569103423458616, 45.952869104391787 ], [ 11.56922310241656, 45.952965328436015 ], [ 11.5693685583533, 45.953066462712101 ], [ 11.569586812698432, 45.953101065270467 ], [ 11.569697307049257, 45.953291641039158 ], [ 11.569775472140284, 45.953486274255376 ], [ 11.569790478639472, 45.953634985538308 ], [ 11.569829444790601, 45.953846971596839 ], [ 11.569918938267696, 45.954091212744714 ], [ 11.56988125173757, 45.954275221658953 ], [ 11.569909985343264, 45.954397072424527 ], [ 11.569957148590223, 45.954546320281501 ], [ 11.570056544480279, 45.95467819188903 ], [ 11.570285879919942, 45.954823880359434 ], [ 11.570384586323097, 45.954896183662257 ], [ 11.570482324060981, 45.954961488121093 ], [ 11.57067527592511, 45.955076582789403 ], [ 11.570718132107954, 45.955107570125705 ], [ 11.571018947424898, 45.955186034542336 ], [ 11.571264806519402, 45.955248094172767 ], [ 11.571468174675188, 45.955261966977545 ], [ 11.571605583153319, 45.95540369202218 ], [ 11.571658708893111, 45.955492051306123 ], [ 11.571703871177505, 45.955567268949949 ], [ 11.571952973554612, 45.955671466667944 ], [ 11.57215934024137, 45.955752864732901 ], [ 11.572368190070341, 45.955832136474164 ], [ 11.572594531610797, 45.955932435020785 ], [ 11.572621585267893, 45.956001129811348 ], [ 11.572672913460483, 45.956187184910171 ], [ 11.572667440400991, 45.956258502402555 ], [ 11.572671504920452, 45.956374157773404 ], [ 11.572706915294258, 45.956483976726652 ], [ 11.572755215046017, 45.95663247771504 ], [ 11.572796011557243, 45.956752706001687 ], [ 11.572804288329083, 45.95701227507152 ], [ 11.572803933421769, 45.957141170707686 ], [ 11.572826257605053, 45.957244263960995 ], [ 11.572887002871157, 45.957360532675061 ], [ 11.572866577840504, 45.957462878838449 ], [ 11.572840776403288, 45.957502072322164 ], [ 11.572831380749415, 45.957625231258639 ], [ 11.572825817846155, 45.957722472271399 ], [ 11.572842381832467, 45.95780985441079 ], [ 11.572858104722668, 45.957876284228426 ], [ 11.572901740192, 45.957949105702959 ], [ 11.572919997844572, 45.958126004937867 ], [ 11.572937332274758, 45.958227230484418 ], [ 11.572810936960037, 45.958379306466334 ], [ 11.572639315145381, 45.958588654256573 ], [ 11.572777245904996, 45.958794359887158 ], [ 11.572901937998409, 45.958875796119294 ], [ 11.572979548688821, 45.958921480661161 ], [ 11.573079140120608, 45.959007082452132 ], [ 11.573194835377345, 45.959111582393113 ], [ 11.573337223122932, 45.959249052882441 ], [ 11.573314535815184, 45.9594112135496 ], [ 11.573097243602026, 45.959503863981496 ], [ 11.572938339977958, 45.959553166300203 ], [ 11.572908739409215, 45.959566073788757 ], [ 11.572930823450642, 45.959663952093081 ], [ 11.57303710016439, 45.959835358362234 ], [ 11.573048957127156, 45.959982700020191 ], [ 11.573032348719348, 45.960005845485554 ], [ 11.573068204044818, 45.960127985030297 ], [ 11.573040780351855, 45.960176755579312 ], [ 11.573006627962735, 45.960297592058083 ], [ 11.572992584500014, 45.960445787172333 ], [ 11.572995096783389, 45.960522325063927 ], [ 11.57297954131176, 45.960701966039416 ], [ 11.572919918242606, 45.960858028193286 ], [ 11.572952430326104, 45.960980423090888 ], [ 11.572969533096522, 45.961151857966691 ], [ 11.573166471670449, 45.961341292935955 ], [ 11.573191516804002, 45.961355399546804 ], [ 11.573340364091983, 45.961476163552717 ], [ 11.57364076766431, 45.961659126363948 ], [ 11.573789973636121, 45.961770881149711 ], [ 11.573876797739524, 45.961828688139569 ], [ 11.57530305788746, 45.962336211501537 ], [ 11.575403963207748, 45.962363638087723 ], [ 11.575882208238701, 45.962768948252453 ], [ 11.576584171013257, 45.963289367160286 ], [ 11.57686761404053, 45.963504115877605 ], [ 11.577354550039741, 45.963576114322784 ], [ 11.577833615433969, 45.963656478741832 ], [ 11.579502162565598, 45.963734916287684 ], [ 11.580118403318361, 45.963859245950125 ], [ 11.580681683862318, 45.963868661980797 ], [ 11.580937863592709, 45.964432337111781 ], [ 11.581714014826707, 45.964414796579412 ], [ 11.582336628458188, 45.964384431133773 ], [ 11.58355320058967, 45.964401382684294 ], [ 11.584874212936434, 45.964399486814322 ], [ 11.585655819632111, 45.96440213718256 ], [ 11.587021929026111, 45.964406936003421 ], [ 11.589014322775135, 45.964534962458913 ], [ 11.589650844955178, 45.964564905341859 ], [ 11.590130239793796, 45.964582567009174 ], [ 11.593810588039849, 45.964697421632543 ], [ 11.595553842020976, 45.964741075959402 ], [ 11.596965746734272, 45.964814199198585 ], [ 11.598100566660417, 45.964884877378445 ], [ 11.600773720536145, 45.965052024763025 ], [ 11.602800340941817, 45.965102256554616 ], [ 11.604189688084306, 45.965219636999464 ], [ 11.607527686261458, 45.965018104905049 ], [ 11.609289828438534, 45.96463638296111 ], [ 11.612509951117978, 45.964020762925827 ], [ 11.615942921182757, 45.963305761599116 ], [ 11.620617048330928, 45.962212065482106 ], [ 11.622648593133, 45.961780662587415 ], [ 11.626616319924798, 45.960876378479753 ], [ 11.627292405129234, 45.960709079716096 ], [ 11.627632254689848, 45.96050540996761 ], [ 11.627873851421361, 45.960592827229299 ] ] ] } },
{ "type": "Feature", "properties": { "codistat": "24081", "nomcom": "Pove del Grappa", "provincia": "VI", "area": 9810479.0270425063, "perimetro": 30187.24, "id1": 457 }, "geometry": { "type": "Polygon", "coordinates": [ [ [ 11.733306274335405, 45.790684094705895 ], [ 11.733100719505048, 45.790521960486224 ], [ 11.732953864385401, 45.790381462976647 ], [ 11.732892914848962, 45.790313795725865 ], [ 11.732640461868753, 45.789697703774664 ], [ 11.732455929251328, 45.789460178795508 ], [ 11.732238285522385, 45.789050630863791 ], [ 11.732114810690744, 45.788967177778929 ], [ 11.731983781044168, 45.788981833792832 ], [ 11.731803685571832, 45.789003424022184 ], [ 11.730794037630464, 45.789067897747486 ], [ 11.730659914843555, 45.78901926071503 ], [ 11.730441579352089, 45.788932313775696 ], [ 11.730273715874297, 45.7888672016201 ], [ 11.730087155211292, 45.78875645228603 ], [ 11.729356675035115, 45.78805385255049 ], [ 11.729078888660887, 45.787761036065703 ], [ 11.728940279695722, 45.787620426231562 ], [ 11.728771041474378, 45.787474337694036 ], [ 11.72862206225944, 45.787340005865104 ], [ 11.728537295588481, 45.787290276915726 ], [ 11.728534486575059, 45.787232739088118 ], [ 11.728583992643813, 45.786897537138785 ], [ 11.72859004769284, 45.786684253937544 ], [ 11.728545836828765, 45.786621944894677 ], [ 11.728181656946891, 45.786411837556017 ], [ 11.72703797199085, 45.7857480769501 ], [ 11.726563803402451, 45.785477225658276 ], [ 11.72640484118204, 45.785372741843048 ], [ 11.726077993292026, 45.785632297232844 ], [ 11.725196823040346, 45.786330639458988 ], [ 11.724547467900054, 45.786839017854845 ], [ 11.723662472939628, 45.7875018862402 ], [ 11.723327241226412, 45.78774039177798 ], [ 11.722764261938165, 45.788147421261677 ], [ 11.7212149798006, 45.789014044400076 ], [ 11.720712756942003, 45.78927425316872 ], [ 11.720281315881733, 45.789468868016144 ], [ 11.719256609341073, 45.789766358342135 ], [ 11.718656370901474, 45.7899295235149 ], [ 11.718209357598395, 45.790071396708335 ], [ 11.71756007980259, 45.790287207877071 ], [ 11.717432956857689, 45.790366469743098 ], [ 11.717255892830067, 45.790477072498661 ], [ 11.716660661367476, 45.7908493759995 ], [ 11.716415237182339, 45.791014798327282 ], [ 11.715947647761787, 45.79155426617401 ], [ 11.715597639370996, 45.792069694001306 ], [ 11.71553168739103, 45.792174051238291 ], [ 11.715285374023093, 45.792842995376873 ], [ 11.715265593602783, 45.79289666028005 ], [ 11.715057650061972, 45.79351860751742 ], [ 11.714854507698812, 45.794175903209656 ], [ 11.714753768128173, 45.794504486067829 ], [ 11.714657611051379, 45.794818828769912 ], [ 11.714521384754304, 45.795513506197047 ], [ 11.714486577561649, 45.795631343606523 ], [ 11.714434024242891, 45.795905676135845 ], [ 11.714411822982459, 45.796076408378994 ], [ 11.714332095466526, 45.796768752355071 ], [ 11.714337903873968, 45.796883014005147 ], [ 11.714330996948195, 45.797053382673901 ], [ 11.714322169738063, 45.797287522359703 ], [ 11.714314963840327, 45.797454387831316 ], [ 11.714433058440626, 45.798213855357155 ], [ 11.714446671970364, 45.798390756773856 ], [ 11.714488187985586, 45.798620189433386 ], [ 11.714536396502535, 45.798881415696165 ], [ 11.714569379731994, 45.799125902374954 ], [ 11.714917468199937, 45.799125997632189 ], [ 11.714814529731958, 45.799388297032323 ], [ 11.714784593581351, 45.799648770726456 ], [ 11.714634538558602, 45.80006961344494 ], [ 11.714501945543532, 45.800426135353156 ], [ 11.714445390484103, 45.800763838207658 ], [ 11.714289667726073, 45.801499841714737 ], [ 11.714287463255033, 45.802206633718185 ], [ 11.714309810983687, 45.802793672071466 ], [ 11.714324958089682, 45.803478809712438 ], [ 11.714321221809236, 45.803653513197638 ], [ 11.714355386164694, 45.803980508684688 ], [ 11.714354503122653, 45.804044435070153 ], [ 11.714390854917246, 45.804588566737998 ], [ 11.714429803578726, 45.805141097374538 ], [ 11.714477474324276, 45.805369933463531 ], [ 11.714788038994877, 45.805301525350991 ], [ 11.714991518306629, 45.805217030906995 ], [ 11.715170536193501, 45.805180011709183 ], [ 11.715342513567871, 45.805138479250246 ], [ 11.715561989001859, 45.805105087710409 ], [ 11.715806259266211, 45.805033752980798 ], [ 11.716212219984103, 45.80498197367838 ], [ 11.716588722115855, 45.805015140862771 ], [ 11.716789837906092, 45.805019716892112 ], [ 11.71718029277476, 45.805061910967389 ], [ 11.717529384719406, 45.805119692207256 ], [ 11.717551609099205, 45.805123370716906 ], [ 11.717771868629427, 45.805108767848715 ], [ 11.717916089832714, 45.805097234577389 ], [ 11.718404230136773, 45.805168601958172 ], [ 11.71852728461565, 45.805221927187944 ], [ 11.718595266696747, 45.805243710700502 ], [ 11.718642186248758, 45.805242593648451 ], [ 11.718751347000339, 45.805010475401197 ], [ 11.718871192798042, 45.804857759304646 ], [ 11.719036998416859, 45.804549405780065 ], [ 11.719125117348128, 45.804434978057273 ], [ 11.719214497983426, 45.804343832161756 ], [ 11.719282934364216, 45.804374965198321 ], [ 11.71947037237781, 45.804511003282151 ], [ 11.719638767798379, 45.804670896558839 ], [ 11.719597820997452, 45.804929473440637 ], [ 11.719583918094775, 45.805056265200307 ], [ 11.719696530812676, 45.805442235787808 ], [ 11.719869714931081, 45.805700392901755 ], [ 11.720038699127429, 45.805869632338485 ], [ 11.720131293975035, 45.805984526511288 ], [ 11.72058381499194, 45.80633899670142 ], [ 11.720922095951195, 45.806546324742321 ], [ 11.721189760459881, 45.806680448284595 ], [ 11.721817059060307, 45.806979264142036 ], [ 11.722611291167283, 45.807470852991692 ], [ 11.72306407232317, 45.807830077533971 ], [ 11.723429729470334, 45.808186697830223 ], [ 11.723916474449688, 45.808759146811468 ], [ 11.724097870434159, 45.809045183933662 ], [ 11.724266454113646, 45.809345567553969 ], [ 11.72437970295633, 45.809469326254153 ], [ 11.724512094815703, 45.809573906556722 ], [ 11.724793902282844, 45.809585904015712 ], [ 11.725097494420012, 45.80963023362461 ], [ 11.725346562028086, 45.809657052225653 ], [ 11.725487302150224, 45.809658373507084 ], [ 11.726238824628252, 45.809756093411437 ], [ 11.726590354446055, 45.809822676522849 ], [ 11.726860748224986, 45.809872384507145 ], [ 11.727184950095904, 45.809930167608016 ], [ 11.728073889765804, 45.810166535257807 ], [ 11.728724621560422, 45.810324341508441 ], [ 11.729069239769155, 45.81038631174242 ], [ 11.729842739593055, 45.810522545914452 ], [ 11.730341933908939, 45.81059494805961 ], [ 11.730847581453791, 45.810662423275303 ], [ 11.731595167074842, 45.810747600980719 ], [ 11.732223567948441, 45.810859027528302 ], [ 11.732385052168823, 45.810873885161428 ], [ 11.732498263932552, 45.810928060854692 ], [ 11.73285992900588, 45.811064677994665 ], [ 11.733200447247103, 45.811318809902218 ], [ 11.733297096807039, 45.811513162950199 ], [ 11.733323976564936, 45.811788842577606 ], [ 11.733344907085646, 45.811942974513471 ], [ 11.73338659383276, 45.812452769251557 ], [ 11.733449334128247, 45.81305080734785 ], [ 11.733530466281875, 45.813272533821817 ], [ 11.733753540429463, 45.81358564006436 ], [ 11.733895267364339, 45.813746240634075 ], [ 11.733986883692586, 45.813837654976993 ], [ 11.733954830172266, 45.813866504745469 ], [ 11.733893846486348, 45.8138539236217 ], [ 11.733657212093478, 45.81380810450689 ], [ 11.733508403250832, 45.813778904084941 ], [ 11.733180886030937, 45.814203568429505 ], [ 11.733001533532972, 45.814507586056649 ], [ 11.733091094633908, 45.81455701677335 ], [ 11.733219949201461, 45.814591375773226 ], [ 11.733327274156107, 45.814593487188823 ], [ 11.733500538310626, 45.81457529853666 ], [ 11.733561165259012, 45.814583208035444 ], [ 11.734391034606002, 45.814568019429458 ], [ 11.734713796584341, 45.814593052872986 ], [ 11.73494237572532, 45.814610980398577 ], [ 11.735355092424539, 45.814627736979844 ], [ 11.735509902778231, 45.814642750044804 ], [ 11.736059762082663, 45.815065212637293 ], [ 11.736147681189083, 45.81521764886223 ], [ 11.736437967749781, 45.815538590079854 ], [ 11.736865958424815, 45.816071618054409 ], [ 11.737227287595447, 45.816541797032244 ], [ 11.73732108189618, 45.81668005029519 ], [ 11.737552910834891, 45.817170973907444 ], [ 11.737623860889382, 45.817389341190406 ], [ 11.737690193326195, 45.817650032603282 ], [ 11.737763962949019, 45.817857621279096 ], [ 11.737888005985415, 45.818336997145529 ], [ 11.738100642770208, 45.818575458770169 ], [ 11.738335636623507, 45.818860277763818 ], [ 11.738347918146507, 45.819042428327975 ], [ 11.738398132505415, 45.819247341161521 ], [ 11.738403640431377, 45.819359628351563 ], [ 11.73822777724944, 45.819598044941209 ], [ 11.738043846470326, 45.819808482337216 ], [ 11.737975119046583, 45.819908508363319 ], [ 11.737421744986817, 45.820169115765793 ], [ 11.736738946651547, 45.820452444002782 ], [ 11.736505738048184, 45.820548040347177 ], [ 11.736463214133845, 45.820541058556984 ], [ 11.736033095844473, 45.820470438575725 ], [ 11.73584968723031, 45.82041857828407 ], [ 11.7357531027861, 45.820360047293839 ], [ 11.735669432630205, 45.820291846012019 ], [ 11.735575469019295, 45.820289416690834 ], [ 11.735456492956667, 45.82032034914932 ], [ 11.73529883576327, 45.820520791918597 ], [ 11.735018870563509, 45.821094094390503 ], [ 11.734904702212937, 45.82122319921131 ], [ 11.734796408325323, 45.821338212061107 ], [ 11.734700694658942, 45.821434111984772 ], [ 11.734484462465909, 45.821668809058664 ], [ 11.7342494976442, 45.822067767723617 ], [ 11.73425426509972, 45.822301762776554 ], [ 11.734223539677483, 45.822494484218765 ], [ 11.734214204122015, 45.822645560140501 ], [ 11.73440292671771, 45.822669123483124 ], [ 11.734618729075924, 45.822701488781512 ], [ 11.734549071629269, 45.822782723411393 ], [ 11.734445065653615, 45.822846059006366 ], [ 11.734388556050753, 45.822922388299887 ], [ 11.734086820949576, 45.823327625792167 ], [ 11.734027470478296, 45.823619320555629 ], [ 11.733985935546373, 45.823728053820432 ], [ 11.733979444398507, 45.823772702618633 ], [ 11.7339709134478, 45.823831381931669 ], [ 11.733909818395663, 45.823814123103212 ], [ 11.733808246425395, 45.823793152936794 ], [ 11.733686972352988, 45.823777334692593 ], [ 11.733566485547076, 45.823780219022659 ], [ 11.733523013386959, 45.823772223752712 ], [ 11.733498933016817, 45.823767794954762 ], [ 11.733431609448555, 45.823760045764914 ], [ 11.73338109300359, 45.823822099932023 ], [ 11.733233314817893, 45.824087918650982 ], [ 11.732295842663607, 45.824706112341879 ], [ 11.732150666453229, 45.824751709360029 ], [ 11.732106834369363, 45.824813603067163 ], [ 11.732149014090416, 45.824854717314935 ], [ 11.732265896260417, 45.824917536084975 ], [ 11.73236861404949, 45.824961882150639 ], [ 11.732672727735288, 45.825086015646583 ], [ 11.732994919784039, 45.825237527936864 ], [ 11.733180631221435, 45.82533614149456 ], [ 11.733442278748836, 45.825891704486651 ], [ 11.733576659585324, 45.826038349946927 ], [ 11.733756145854541, 45.826146472312992 ], [ 11.733998833009377, 45.826178105184901 ], [ 11.734372468590571, 45.826286258487841 ], [ 11.73469191901922, 45.826381577023334 ], [ 11.734928149901465, 45.826418042906496 ], [ 11.734977342300462, 45.826670505384328 ], [ 11.735002823240066, 45.827053866386791 ], [ 11.735034611148134, 45.827156073383094 ], [ 11.734957840766068, 45.827570415677918 ], [ 11.734919720461058, 45.828161326655618 ], [ 11.735058363327273, 45.82839211506024 ], [ 11.735150107180681, 45.828488205617042 ], [ 11.73554585462086, 45.828978806526408 ], [ 11.735809418748444, 45.829436030003983 ], [ 11.735880155106651, 45.82964981272756 ], [ 11.735976578755542, 45.829975219115106 ], [ 11.736083186206693, 45.830715764980305 ], [ 11.736069775564372, 45.830851907308308 ], [ 11.736016927935539, 45.83100303565616 ], [ 11.735901825928659, 45.831113442134615 ], [ 11.735784765757149, 45.831186542351503 ], [ 11.735593680524023, 45.831251965090182 ], [ 11.735435702438124, 45.831307233647884 ], [ 11.735321620214958, 45.831441107007606 ], [ 11.735219432627158, 45.831541842662048 ], [ 11.735108345871197, 45.83166592324357 ], [ 11.735141974501522, 45.831805619127358 ], [ 11.735250770259816, 45.831976277209847 ], [ 11.735333045565802, 45.832152250784461 ], [ 11.735361591667701, 45.832324830993059 ], [ 11.735292382276175, 45.832415415989686 ], [ 11.73506968738174, 45.832519037999361 ], [ 11.734900625650852, 45.832621465069082 ], [ 11.734713662889467, 45.832771124376492 ], [ 11.734699098668111, 45.832883802215576 ], [ 11.734745873347537, 45.833018502964357 ], [ 11.734753095386043, 45.833234167426419 ], [ 11.734694885830413, 45.833549236690352 ], [ 11.73461281801092, 45.833789991253994 ], [ 11.734446461341321, 45.834084338323528 ], [ 11.734155007413589, 45.834287982874848 ], [ 11.733896532463479, 45.834481476387936 ], [ 11.733524263972397, 45.834744028656594 ], [ 11.733237659092119, 45.834910111788354 ], [ 11.733096350489454, 45.835035183725125 ], [ 11.733009593647594, 45.835177761403045 ], [ 11.733040195449645, 45.8353924162749 ], [ 11.733088299936714, 45.83569098902295 ], [ 11.733077900923602, 45.835752082770405 ], [ 11.732818313965073, 45.835786377632523 ], [ 11.732411003743406, 45.835814845989717 ], [ 11.732211278929165, 45.835838346344232 ], [ 11.731980278688381, 45.835909488298846 ], [ 11.731875659491756, 45.835963475323489 ], [ 11.731756602379765, 45.836130226641139 ], [ 11.731614408189552, 45.83630572191106 ], [ 11.731501808769375, 45.836467638091982 ], [ 11.731427048781152, 45.836581845355916 ], [ 11.73161559266714, 45.836876969309664 ], [ 11.731722182258038, 45.837136700513021 ], [ 11.731786629416041, 45.837495637610239 ], [ 11.731799068148042, 45.837681294910283 ], [ 11.731767412614648, 45.837855316023514 ], [ 11.731644510091769, 45.838083004019715 ], [ 11.731658252841193, 45.838363677715371 ], [ 11.731655867871208, 45.838588482709184 ], [ 11.731533732694329, 45.838966014144816 ], [ 11.731500727919851, 45.83931765156607 ], [ 11.731444376853917, 45.839534386647664 ], [ 11.731415845905245, 45.839638127278391 ], [ 11.731558675711083, 45.839817335367748 ], [ 11.731785889381525, 45.840078771325885 ], [ 11.732053469947646, 45.840344011462065 ], [ 11.73232972967897, 45.840581321099783 ], [ 11.732493361288794, 45.840638250600101 ], [ 11.732699977633912, 45.840755086022128 ], [ 11.732891467133554, 45.840970570978946 ], [ 11.733151864296774, 45.841362350434188 ], [ 11.733302597303034, 45.841705270181016 ], [ 11.733137211741672, 45.841746671623241 ], [ 11.732998452249529, 45.841787435640931 ], [ 11.732899953602757, 45.841827235916107 ], [ 11.732391879314173, 45.842055231183927 ], [ 11.732004440227401, 45.842214272936936 ], [ 11.731873745592713, 45.842283014830798 ], [ 11.731751237280685, 45.842379552958676 ], [ 11.731721002816538, 45.84244589142115 ], [ 11.731723750086148, 45.842501990150133 ], [ 11.731784865223247, 45.842519249634165 ], [ 11.7319004068595, 45.842553928518669 ], [ 11.732047689649022, 45.842550404930336 ], [ 11.73212726862053, 45.842534459876198 ], [ 11.732228058940548, 45.842541409133489 ], [ 11.73236402495588, 45.842580279258016 ], [ 11.732446351883226, 45.842620432679176 ], [ 11.732907595729809, 45.842871675871763 ], [ 11.733070189835161, 45.84290990787089 ], [ 11.733204782880877, 45.842920727612935 ], [ 11.733425643965923, 45.842915441144044 ], [ 11.733533811239212, 45.842936253767164 ], [ 11.733587322124013, 45.84293497283052 ], [ 11.733630249445262, 45.842854378927747 ], [ 11.733632351807749, 45.842760631145644 ], [ 11.733590426594471, 45.842588371043725 ], [ 11.733554274072938, 45.842397251261296 ], [ 11.733473824754403, 45.842258765867044 ], [ 11.73341641576026, 45.84218048371234 ], [ 11.733386911769498, 45.84212502548214 ], [ 11.733411146965802, 45.842072961295273 ], [ 11.733483806977034, 45.8420525005725 ], [ 11.733564301157001, 45.842055254088969 ], [ 11.733698663107486, 45.842061398406535 ], [ 11.733789970044366, 45.842148139634112 ], [ 11.73391485416216, 45.842234166921308 ], [ 11.734032687702374, 45.84231559249843 ], [ 11.734073966093586, 45.842338006045416 ], [ 11.734416330060336, 45.842489031132516 ], [ 11.7346673822193, 45.842553224878642 ], [ 11.734956967723191, 45.84258382263743 ], [ 11.735117857113631, 45.842584649584225 ], [ 11.735259926776388, 45.842614009284148 ], [ 11.735511209668438, 45.842682876043433 ], [ 11.735589605628356, 45.842779375836002 ], [ 11.73572324187325, 45.842907224790459 ], [ 11.735776578500628, 45.84297066216088 ], [ 11.735886639651216, 45.843300511685243 ], [ 11.735893977104748, 45.843450107738796 ], [ 11.735833613223528, 45.843587374709934 ], [ 11.73580292006166, 45.843644274490003 ], [ 11.735880400798369, 45.843722074504207 ], [ 11.73608899884492, 45.84387629931561 ], [ 11.736478391982887, 45.844166602476861 ], [ 11.736721814655706, 45.844348073795558 ], [ 11.736762866231183, 45.844365811437754 ], [ 11.736723879014502, 45.844390147670872 ], [ 11.736624461149216, 45.844411251694709 ], [ 11.736311783152701, 45.844456187481228 ], [ 11.735846966857473, 45.844542300368509 ], [ 11.735327274321747, 45.844943310616507 ], [ 11.735120893381744, 45.845107476532206 ], [ 11.735038753322616, 45.845207821642084 ], [ 11.735138590765969, 45.845331800367504 ], [ 11.735313059494215, 45.845472802892459 ], [ 11.735347651601193, 45.845495376130025 ], [ 11.735873228047199, 45.845965133624155 ], [ 11.736048030629403, 45.846115487719068 ], [ 11.736221007456532, 45.846294237560798 ], [ 11.73626367024003, 45.8463447893877 ], [ 11.736197107728094, 45.846355745042523 ], [ 11.736156513526334, 45.84634735698048 ], [ 11.736033774876375, 45.846439224777747 ], [ 11.735790465396875, 45.846669801809462 ], [ 11.735371121022329, 45.847410344887791 ], [ 11.735187450218826, 45.847625450899848 ], [ 11.735059727669663, 45.847754969985829 ], [ 11.735078491440337, 45.847932734590863 ], [ 11.735081476284815, 45.847993597900249 ], [ 11.734991950496097, 45.84807998871549 ], [ 11.734861704781203, 45.848158083949272 ], [ 11.734639864435884, 45.848280405818386 ], [ 11.734562341139178, 45.848338426672221 ], [ 11.734589061627009, 45.848473607456718 ], [ 11.734495866793669, 45.848485199850458 ], [ 11.734422511231683, 45.848491636778867 ], [ 11.734240161068286, 45.848463240470046 ], [ 11.734097489768084, 45.848424533170409 ], [ 11.733784139037242, 45.848319616298433 ], [ 11.733364718927733, 45.848100228292054 ], [ 11.733158865488196, 45.848002187335432 ], [ 11.732801025209579, 45.847809315568917 ], [ 11.732677279623832, 45.847746751739201 ], [ 11.732574189313427, 45.847693054226013 ], [ 11.732485165176891, 45.847653061144896 ], [ 11.732379379799797, 45.847683674543433 ], [ 11.731988194326927, 45.847903740471317 ], [ 11.731682137305228, 45.848084325761882 ], [ 11.731611300581688, 45.848142184648339 ], [ 11.731848823659144, 45.848342528856193 ], [ 11.732453710937383, 45.848927413722762 ], [ 11.7325723772381, 45.849022951924248 ], [ 11.732627955649546, 45.849063745272424 ], [ 11.732800490246637, 45.849130992046184 ], [ 11.732902326920224, 45.849201100666065 ], [ 11.73315158726103, 45.849404221474018 ], [ 11.733275563775265, 45.849492431287722 ], [ 11.733860868199764, 45.850003071510507 ], [ 11.734283875644172, 45.850308418484374 ], [ 11.734487242335963, 45.850463221367043 ], [ 11.735172517094645, 45.851013224157754 ], [ 11.735410056733894, 45.851197629286986 ], [ 11.735674426882245, 45.851432695122135 ], [ 11.736107654230331, 45.851833017925912 ], [ 11.736306375192612, 45.852223657280888 ], [ 11.736314575545931, 45.852280525228807 ], [ 11.736460944096034, 45.852452081559704 ], [ 11.7366460104551, 45.852561775562748 ], [ 11.736946314511005, 45.852691569146181 ], [ 11.737297442937139, 45.852854346337509 ], [ 11.737586019482871, 45.85307577649953 ], [ 11.737675611177769, 45.853237261450666 ], [ 11.737704442783194, 45.853381121503027 ], [ 11.737589450661766, 45.853368667102664 ], [ 11.737507697632184, 45.853366846619743 ], [ 11.737290140957519, 45.853372061725473 ], [ 11.737109528134701, 45.853403032987451 ], [ 11.736975966088773, 45.853455738098987 ], [ 11.736893098507526, 45.85354143071801 ], [ 11.736775569258603, 45.853810578159852 ], [ 11.736683071134172, 45.853923143505504 ], [ 11.736242621716954, 45.854268524052863 ], [ 11.736121298530787, 45.85434757696072 ], [ 11.736015996235109, 45.854422375558698 ], [ 11.735871623329134, 45.854475338369326 ], [ 11.735674700671979, 45.854636038150161 ], [ 11.735732859263477, 45.854821139377442 ], [ 11.735878238572258, 45.855122060126824 ], [ 11.735892782790081, 45.855418464719712 ], [ 11.735888689379333, 45.855555553419549 ], [ 11.735635455841743, 45.855991583425649 ], [ 11.735179271560693, 45.856573334943562 ], [ 11.735101800638164, 45.856658896955032 ], [ 11.73508881661553, 45.856727703221537 ], [ 11.735146407979055, 45.856790948831659 ], [ 11.735285576809105, 45.856852330495819 ], [ 11.735329625345134, 45.85686270626924 ], [ 11.735713638411578, 45.856994278278144 ], [ 11.735900394904991, 45.857027877046093 ], [ 11.736044223414499, 45.85707393494215 ], [ 11.7361766795396, 45.857108744241302 ], [ 11.736236883553861, 45.857114952330228 ], [ 11.736301931079211, 45.85710961340024 ], [ 11.736366043129543, 45.8570852153914 ], [ 11.736441837335574, 45.857075748608466 ], [ 11.736472280881239, 45.857029385558093 ], [ 11.73648135078529, 45.856991095255104 ], [ 11.73644233522568, 45.856973038723893 ], [ 11.736429532262546, 45.856935272556932 ], [ 11.736444941543091, 45.856915911850244 ], [ 11.736509988811582, 45.856910572807251 ], [ 11.736568882032222, 45.856890080061355 ], [ 11.736601191999302, 45.856881745192851 ], [ 11.736651946402052, 45.856918511824517 ], [ 11.736705071395434, 45.857000945177319 ], [ 11.736745583115241, 45.857049478122711 ], [ 11.73681957814115, 45.857116200069996 ], [ 11.736918983380241, 45.857144240061835 ], [ 11.73708431075578, 45.857182130775705 ], [ 11.737193967904011, 45.857198583873739 ], [ 11.737303749352069, 45.857214943935688 ], [ 11.73747099325103, 45.857184292847897 ], [ 11.737675518771816, 45.857133756299817 ], [ 11.738132581695677, 45.857016229683772 ], [ 11.738282305805038, 45.856959355427797 ], [ 11.738383384112842, 45.856911298114213 ], [ 11.738461323224028, 45.856890437640601 ], [ 11.738579612009076, 45.856857088595 ], [ 11.73870132261332, 45.85689602299994 ], [ 11.738844041776783, 45.857029590749818 ], [ 11.738959124630332, 45.857266609099348 ], [ 11.739056931738135, 45.85748496025905 ], [ 11.739326769856753, 45.857657331553291 ], [ 11.739485457558535, 45.857782864843195 ], [ 11.739630598458985, 45.857855528757412 ], [ 11.739625016758053, 45.857962140911233 ], [ 11.73962024737202, 45.858087905063705 ], [ 11.739469781111392, 45.858517697677712 ], [ 11.739444182336374, 45.858552514424325 ], [ 11.739414620143942, 45.858614158275067 ], [ 11.739363926561001, 45.858691430207706 ], [ 11.739368595851229, 45.858786455572506 ], [ 11.739409857788386, 45.858850180755439 ], [ 11.73950554646528, 45.858912600260318 ], [ 11.739654967851445, 45.85896220968776 ], [ 11.739788371720325, 45.859016163558103 ], [ 11.740443182413266, 45.859228799046221 ], [ 11.740504317100545, 45.859253883986618 ], [ 11.740560613464829, 45.859290605888624 ], [ 11.740628840707862, 45.859349903208013 ], [ 11.740594864843199, 45.859434425081027 ], [ 11.740460554836149, 45.859582199467091 ], [ 11.740316619637618, 45.859756936731216 ], [ 11.740172246657821, 45.859920163408695 ], [ 11.739884770613337, 45.860338032834363 ], [ 11.739758489246686, 45.860649246319561 ], [ 11.739625741354155, 45.860941623355735 ], [ 11.739511957150198, 45.861439031106407 ], [ 11.739313534277185, 45.861999403692195 ], [ 11.739253405398101, 45.862217672665359 ], [ 11.739173705363532, 45.86236800580339 ], [ 11.739075290160219, 45.862473064288999 ], [ 11.738948924833307, 45.862559891615689 ], [ 11.738878171273674, 45.862595341589639 ], [ 11.738789495316075, 45.862639771179431 ], [ 11.738635463530162, 45.862609262621106 ], [ 11.738492550438986, 45.862582177505523 ], [ 11.738420846356187, 45.862564905525353 ], [ 11.738267746734202, 45.862553365608399 ], [ 11.738062770010757, 45.862592483082437 ], [ 11.737880665368161, 45.862654003638418 ], [ 11.737750243666854, 45.862660910727406 ], [ 11.737598636265705, 45.862679756433373 ], [ 11.737422116241639, 45.862744832627257 ], [ 11.73728685046636, 45.862763286187501 ], [ 11.737224599829448, 45.86282571298657 ], [ 11.737133765985737, 45.862972441266045 ], [ 11.737297627488047, 45.863588751119821 ], [ 11.73747088106928, 45.863900432237429 ], [ 11.737550613807931, 45.864081144859938 ], [ 11.737982594109903, 45.864729098792544 ], [ 11.738061012774534, 45.864772852075156 ], [ 11.738170124371717, 45.864777886473135 ], [ 11.738449055309827, 45.864801620304689 ], [ 11.738624093880466, 45.864816414205755 ], [ 11.738738548902488, 45.864817449580606 ], [ 11.738820694282602, 45.86482691038556 ], [ 11.738884818335222, 45.864802600695327 ], [ 11.738959129218534, 45.864762745496954 ], [ 11.739124283284363, 45.864686508695179 ], [ 11.739234686020055, 45.864607714713401 ], [ 11.739334412327048, 45.864529266726635 ], [ 11.739423814068331, 45.864466187460721 ], [ 11.739504836655961, 45.86445281293264 ], [ 11.73961948089906, 45.864457713205347 ], [ 11.739767742558659, 45.864480798291012 ], [ 11.739832983821779, 45.864479233022273 ], [ 11.740226267549994, 45.864724696033868 ], [ 11.740378004151047, 45.864865605963644 ], [ 11.740468546894286, 45.864935798681842 ], [ 11.740433088256362, 45.865100282106894 ], [ 11.740407877449561, 45.86525308874652 ], [ 11.740422179225778, 45.865321240744748 ], [ 11.740535212845087, 45.865406014887682 ], [ 11.7406963574294, 45.865580991195877 ], [ 11.740873171178388, 45.865854508734749 ], [ 11.741010328907233, 45.86598442687108 ], [ 11.74149754609736, 45.866646252703873 ], [ 11.741393881602939, 45.867459253047087 ], [ 11.741295685181926, 45.867788875159867 ], [ 11.741233259936566, 45.867957786407679 ], [ 11.741174294354492, 45.868134175127963 ], [ 11.740852433232245, 45.868587074428525 ], [ 11.740697534206339, 45.868761985085598 ], [ 11.740606705131524, 45.868908805879443 ], [ 11.741383524752111, 45.869750085595008 ], [ 11.741514991186548, 45.869986707726866 ], [ 11.741693318852693, 45.870290609845078 ], [ 11.742062792622233, 45.87089432511987 ], [ 11.74241585664703, 45.871426247798368 ], [ 11.742737255055061, 45.871924637257891 ], [ 11.743054622006756, 45.872286042330899 ], [ 11.743164331140973, 45.872412836763004 ], [ 11.743832407849611, 45.873184436150446 ], [ 11.743930933446318, 45.87330384803051 ], [ 11.743981712448164, 45.873340700767123 ], [ 11.744011427604919, 45.87338940045953 ], [ 11.744237087722814, 45.873437261958991 ], [ 11.744335968027343, 45.873453967179124 ], [ 11.745013637679952, 45.873608872628502 ], [ 11.745093551673577, 45.873614602250377 ], [ 11.745231462749329, 45.873649359886947 ], [ 11.74543090344849, 45.873716840745963 ], [ 11.745596554684546, 45.873872620193929 ], [ 11.74570142993781, 45.87401095928184 ], [ 11.74583647845016, 45.874319675680205 ], [ 11.745852849872641, 45.874429630314765 ], [ 11.745803117214727, 45.874636311592127 ], [ 11.745789771103851, 45.874697567072587 ], [ 11.745739072914718, 45.874774841785367 ], [ 11.745667748790613, 45.874875474082963 ], [ 11.745607178215208, 45.874972067560456 ], [ 11.745449339169191, 45.875296556421716 ], [ 11.74556687353021, 45.875247197187711 ], [ 11.745624989438198, 45.875207997053018 ], [ 11.745804690702188, 45.875073526653452 ], [ 11.745959911274454, 45.874931273913745 ], [ 11.746171101802716, 45.874703698794328 ], [ 11.746375209086514, 45.874455321973926 ], [ 11.746496999928482, 45.874364276269205 ], [ 11.746623053364607, 45.874239465408586 ], [ 11.746805926513797, 45.874172062140566 ], [ 11.746960389573431, 45.874134774139826 ], [ 11.747163687281061, 45.874113142483424 ], [ 11.747371455565169, 45.874061970681758 ], [ 11.74746071821215, 45.874042991864897 ], [ 11.747603911432948, 45.874022805432844 ], [ 11.747733889458864, 45.873977644929056 ], [ 11.747796810260821, 45.873913126180582 ], [ 11.747933253614008, 45.873876270522089 ], [ 11.748117081791062, 45.873825673407097 ], [ 11.748301117975902, 45.873779301303792 ], [ 11.748472639093061, 45.873724769483914 ], [ 11.748608460708732, 45.873675327035428 ], [ 11.748761058414598, 45.873600278652468 ], [ 11.748866971841034, 45.873555786051774 ], [ 11.748925833302206, 45.873529167257828 ], [ 11.749011158874785, 45.873482649967428 ], [ 11.749269936994587, 45.873441677561459 ], [ 11.749571376110747, 45.873429649754151 ], [ 11.749769978938795, 45.8734200073662 ], [ 11.749957296188954, 45.873390564869986 ], [ 11.750134126428518, 45.873357504317525 ], [ 11.750311901571436, 45.873343592196683 ], [ 11.750496972646744, 45.873339134803302 ], [ 11.750708879788974, 45.873319719646467 ], [ 11.750913122440005, 45.873285997617657 ], [ 11.751253848744733, 45.873234585963793 ], [ 11.751552214065496, 45.87316034224127 ], [ 11.751782687582276, 45.873102044804206 ], [ 11.751913637560502, 45.873113200312005 ], [ 11.75204443632969, 45.873087838724906 ], [ 11.752110826605566, 45.873074965734112 ], [ 11.752370732553235, 45.873054300686768 ], [ 11.752738780837912, 45.873141286663419 ], [ 11.753092717245798, 45.873219070889476 ], [ 11.753783450209962, 45.873236348964063 ], [ 11.754040623572429, 45.873163002007473 ], [ 11.754169574218887, 45.873131089877042 ], [ 11.754339926571456, 45.873107809759752 ], [ 11.754463113628994, 45.873100068184371 ], [ 11.754523231680293, 45.873065045536173 ], [ 11.754776186651553, 45.873044542653979 ], [ 11.754817134769596, 45.873038784482816 ], [ 11.75578706176451, 45.872943466899208 ], [ 11.75592306751771, 45.872916152928454 ], [ 11.75606013161571, 45.87291284505271 ], [ 11.756197560122461, 45.87291429858454 ], [ 11.75621233046316, 45.872854433575164 ], [ 11.756226110854588, 45.872798580777989 ], [ 11.756299157883308, 45.872748844080185 ], [ 11.756549243580883, 45.872600056761414 ], [ 11.756882852065953, 45.872404969262796 ], [ 11.757323265437643, 45.872149787568432 ], [ 11.757963623161665, 45.872052867814766 ], [ 11.758394576136775, 45.872023197562974 ], [ 11.758756594792283, 45.871985740264968 ], [ 11.759097781205625, 45.871943924839243 ], [ 11.759185414455434, 45.87191300528719 ], [ 11.759216567148451, 45.871849967851077 ], [ 11.759876096185236, 45.871445650835525 ], [ 11.760350289394898, 45.871108094755122 ], [ 11.760498930275949, 45.870922417841335 ], [ 11.760979042144239, 45.870647270867892 ], [ 11.761338365153122, 45.870423016336581 ], [ 11.761377813836285, 45.870527460424732 ], [ 11.761470428624836, 45.870597136348124 ], [ 11.761561266572569, 45.870578892862049 ], [ 11.761633472242387, 45.870564391339521 ], [ 11.762652963809336, 45.870445944903445 ], [ 11.762782727956552, 45.87043326479121 ], [ 11.763341856997949, 45.870366992163135 ], [ 11.764049439208494, 45.87024923997037 ], [ 11.765185084507046, 45.870049203383331 ], [ 11.765927603900501, 45.869944994658837 ], [ 11.766262170983872, 45.869912948747924 ], [ 11.766575034769991, 45.869682512518693 ], [ 11.76657081274076, 45.869597468292056 ], [ 11.766504943435249, 45.869433361416171 ], [ 11.766342294276958, 45.868547313547658 ], [ 11.766265994428169, 45.868302812996092 ], [ 11.766146402735959, 45.868024528384154 ], [ 11.766086524867546, 45.867851275406203 ], [ 11.765975966618692, 45.867692660995608 ], [ 11.766097775895435, 45.867174601009317 ], [ 11.766129144645994, 45.867030460143624 ], [ 11.76617458267939, 45.866783010566834 ], [ 11.766134995330635, 45.866761557786482 ], [ 11.765926590517317, 45.866503065526203 ], [ 11.765808396231556, 45.866317723788001 ], [ 11.765652392885604, 45.866016918697866 ], [ 11.765578324492466, 45.865947067024024 ], [ 11.765460486953314, 45.86589609660237 ], [ 11.765385754287834, 45.865812849852304 ], [ 11.765317451448848, 45.865729357316098 ], [ 11.765265565158622, 45.865587232764909 ], [ 11.765207028565298, 45.865570738823479 ], [ 11.765138949302274, 45.865491741114596 ], [ 11.765132513440502, 45.865362016978501 ], [ 11.76494571593987, 45.865214248257153 ], [ 11.764759398987344, 45.865013813532194 ], [ 11.764478696078537, 45.864783170973531 ], [ 11.764295099896549, 45.864572588847146 ], [ 11.763804334037241, 45.863792316607551 ], [ 11.763769852281952, 45.863613947333143 ], [ 11.763705993217874, 45.863360143116438 ], [ 11.763590924538498, 45.863237548242822 ], [ 11.763301359593397, 45.862957793428912 ], [ 11.762702870807702, 45.862462384810229 ], [ 11.762593442864333, 45.862326151418287 ], [ 11.762382834525873, 45.862084897209726 ], [ 11.762210884800941, 45.861851618189512 ], [ 11.761990012417726, 45.861080740488376 ], [ 11.761948102117493, 45.860624878743174 ], [ 11.761978598421571, 45.860332968570077 ], [ 11.761763029934865, 45.859541530419754 ], [ 11.761547201262628, 45.859327222929373 ], [ 11.761260432270571, 45.858975839628314 ], [ 11.760761680189738, 45.858289894291254 ], [ 11.760595074275045, 45.858034071793618 ], [ 11.760431137415793, 45.857702038646714 ], [ 11.760376717344577, 45.857703444136263 ], [ 11.760287257229665, 45.857710016933524 ], [ 11.760115001577731, 45.857727681612417 ], [ 11.75991647416372, 45.857732479923598 ], [ 11.75981383570628, 45.857730460124472 ], [ 11.759678719538966, 45.857720314452706 ], [ 11.75954404396615, 45.857719068704604 ], [ 11.75938962836327, 45.85770938904583 ], [ 11.759293734912262, 45.857716116535627 ], [ 11.759171040235188, 45.857696669396766 ], [ 11.759054209678634, 45.857668169791893 ], [ 11.758905119726483, 45.857635949060281 ], [ 11.758796711111366, 45.85764747882552 ], [ 11.758602503588401, 45.857674492235084 ], [ 11.758410503052001, 45.857683630593328 ], [ 11.758243127616883, 45.857669762112153 ], [ 11.757991177372912, 45.857631023959179 ], [ 11.757752316134585, 45.857596469481237 ], [ 11.757596571510538, 45.857559907408572 ], [ 11.757530949858108, 45.857530169584486 ], [ 11.757310819890384, 45.857486251216521 ], [ 11.757040140346742, 45.857456873862404 ], [ 11.756808251644745, 45.857435650129197 ], [ 11.756628228757302, 45.857426494926777 ], [ 11.756512062295949, 45.857411387699948 ], [ 11.756262994308308, 45.857430900701857 ], [ 11.756064467315735, 45.857435692296555 ], [ 11.755853864809998, 45.857454185971598 ], [ 11.755732371737958, 45.857461618285988 ], [ 11.755578970229326, 45.857469820398869 ], [ 11.755489069863128, 45.857467489374905 ], [ 11.75534553120238, 45.857417218636165 ], [ 11.755103224930686, 45.857315506525168 ], [ 11.754914637356249, 45.857195576626509 ], [ 11.754607503707025, 45.857077515976371 ], [ 11.754286403692085, 45.856937469648557 ], [ 11.754188743213408, 45.856908412643847 ], [ 11.754105276826044, 45.856905925326799 ], [ 11.753946642491618, 45.856941163556272 ], [ 11.753838456017105, 45.856957183607541 ], [ 11.753712741810679, 45.857009539023835 ], [ 11.753548242011236, 45.857053828839483 ], [ 11.753439393649362, 45.857056453417599 ], [ 11.753273126474987, 45.857064962686295 ], [ 11.753053312157801, 45.857029939133852 ], [ 11.752846364300186, 45.856994604991392 ], [ 11.752721773459095, 45.856939283866161 ], [ 11.752533024723078, 45.856881188713587 ], [ 11.752428710178409, 45.856847790275722 ], [ 11.752254683358474, 45.856829572943937 ], [ 11.752138740997587, 45.856818956221154 ], [ 11.751955410170092, 45.856742728160405 ], [ 11.751890360331018, 45.856721884053343 ], [ 11.751732855695549, 45.856649533573901 ], [ 11.751499423458581, 45.856596923802101 ], [ 11.751279833772958, 45.856566391809068 ], [ 11.750895650457315, 45.85657564724049 ], [ 11.750717178903455, 45.856597857784045 ], [ 11.750630810502626, 45.856667083429166 ], [ 11.750388235838004, 45.856820807628885 ], [ 11.750263529735319, 45.856891046328577 ], [ 11.750113086376807, 45.856961814740188 ], [ 11.750006446192019, 45.857009206357148 ], [ 11.749801708238122, 45.857018636958315 ], [ 11.749690990654416, 45.85700512721035 ], [ 11.74949146450451, 45.856967872671312 ], [ 11.749289719490854, 45.856909995070154 ], [ 11.749147069691231, 45.856877606533402 ], [ 11.749004908924121, 45.856826394627177 ], [ 11.748736940126753, 45.856752558865637 ], [ 11.748647322949235, 45.856701071811294 ], [ 11.748598443125063, 45.856645003859576 ], [ 11.74846755722937, 45.856587309411992 ], [ 11.748395843969883, 45.85658543513145 ], [ 11.748303899327118, 45.856591248253856 ], [ 11.748243232200863, 45.856607019433639 ], [ 11.748182037736353, 45.856612092383543 ], [ 11.748111910859002, 45.856642402272961 ], [ 11.748055293402265, 45.856672386979312 ], [ 11.747935367854934, 45.856732517307847 ], [ 11.747855829397679, 45.856780964897155 ], [ 11.747784868957323, 45.856796983514847 ], [ 11.747698199075204, 45.856802669209834 ], [ 11.747641140481644, 45.856789731024698 ], [ 11.747553411728669, 45.856773930408551 ], [ 11.74748051511957, 45.856750662367503 ], [ 11.747365822445525, 45.856710488437493 ], [ 11.747213727439433, 45.856635391379612 ], [ 11.747008361029714, 45.856522242593101 ], [ 11.746787463499347, 45.85640235644324 ], [ 11.746465074067086, 45.856199044165059 ], [ 11.746338633641525, 45.856126929229902 ], [ 11.746213955945764, 45.856090594539836 ], [ 11.74611184317672, 45.856096560425911 ], [ 11.74602522257883, 45.856105843991642 ], [ 11.745944098154119, 45.856122105876828 ], [ 11.745842693702922, 45.856142455599255 ], [ 11.745740757894188, 45.856152017151473 ], [ 11.745717956401103, 45.856155231751877 ], [ 11.745649163340298, 45.856164930306413 ], [ 11.745519468214257, 45.856128715485369 ], [ 11.745394308158636, 45.856085190937002 ], [ 11.745236371633979, 45.855996010643651 ], [ 11.745118512737729, 45.855891465531265 ], [ 11.74509041535558, 45.855781252322792 ], [ 11.745000754568382, 45.855726163181082 ], [ 11.744938856933317, 45.85571694021948 ], [ 11.744726503066483, 45.855668400277551 ], [ 11.744638471153314, 45.855649004457511 ], [ 11.744492108326115, 45.855588167122555 ], [ 11.74437548634916, 45.855508703503162 ], [ 11.744284419632054, 45.855425025316229 ], [ 11.744172940234449, 45.855345347881105 ], [ 11.743925264075491, 45.85520458803699 ], [ 11.743788315546636, 45.85512561218242 ], [ 11.743667027265131, 45.855053370484121 ], [ 11.743466997071293, 45.854943687361612 ], [ 11.743317996719959, 45.854829177716503 ], [ 11.743209737720974, 45.854710178923995 ], [ 11.743191840821911, 45.854592519680523 ], [ 11.743162414497688, 45.854410692323086 ], [ 11.743083193755089, 45.854258773346686 ], [ 11.743029222278722, 45.854099047223436 ], [ 11.743053465409384, 45.85396606455086 ], [ 11.74316525900054, 45.853845379943358 ], [ 11.743273259638668, 45.853749718258989 ], [ 11.743379724732062, 45.853625471111378 ], [ 11.743426709862961, 45.853538475647468 ], [ 11.743487852308832, 45.85338318473363 ], [ 11.743519221600485, 45.853292964109038 ], [ 11.743592959988749, 45.853126659707314 ], [ 11.743738753332373, 45.852861956433379 ], [ 11.743806636616313, 45.852681391398797 ], [ 11.743857775548014, 45.852574134365078 ], [ 11.743867923169114, 45.852529067032059 ], [ 11.743871356399044, 45.852436547293102 ], [ 11.743842764706097, 45.852308344232092 ], [ 11.743792183199218, 45.852112804200047 ], [ 11.743783039644573, 45.851926979304508 ], [ 11.743839351616458, 45.851718070021825 ], [ 11.743883392428517, 45.851573900614056 ], [ 11.743835493628746, 45.851328162183158 ], [ 11.743796277090976, 45.851206514867876 ], [ 11.743777835247068, 45.851148453401116 ], [ 11.743727504165328, 45.851073156721419 ], [ 11.743751969864604, 45.850947369074511 ], [ 11.74379975415712, 45.850774577488259 ], [ 11.743837320368131, 45.850705629522793 ], [ 11.743921124038913, 45.850639260833248 ], [ 11.744074518485284, 45.850531796744654 ], [ 11.744240938584925, 45.850377575767617 ], [ 11.744387557958673, 45.850234541250984 ], [ 11.744434936782216, 45.850158246709277 ], [ 11.744418973341697, 45.850040631108037 ], [ 11.744406969873189, 45.849901408615608 ], [ 11.744392457389676, 45.849815890640684 ], [ 11.744462224751825, 45.849671102672374 ], [ 11.744495174578313, 45.849613066267125 ], [ 11.74455033993787, 45.849590318762964 ], [ 11.7446223937082, 45.849599297817505 ], [ 11.74473033976739, 45.849607414183566 ], [ 11.744847922320634, 45.849604587948292 ], [ 11.744991632090374, 45.849611844365526 ], [ 11.745186768395072, 45.849625064960726 ], [ 11.745375829805361, 45.849616919531165 ], [ 11.745562784353931, 45.84956598109234 ], [ 11.74567187910495, 45.849495402723839 ], [ 11.745779211873073, 45.849389043832026 ], [ 11.74579456289087, 45.849284896554465 ], [ 11.745775735115361, 45.84921379364414 ], [ 11.745754462848607, 45.849187212984845 ], [ 11.745707256610148, 45.849128313295957 ], [ 11.745631300655143, 45.849029601686979 ], [ 11.745635006101113, 45.8489766784379 ], [ 11.745636113492866, 45.848870983497349 ], [ 11.745684055011246, 45.848693686931973 ], [ 11.745865247119401, 45.848279887932087 ], [ 11.745997948049647, 45.84815779758263 ], [ 11.746204952786718, 45.848011958480299 ], [ 11.746414767633926, 45.847923205950408 ], [ 11.746588191378413, 45.847861790350748 ], [ 11.746748879251868, 45.847800680884319 ], [ 11.747068108999631, 45.847757809097821 ], [ 11.747433952225496, 45.847638928999146 ], [ 11.747687891997915, 45.847549202495273 ], [ 11.747944754343131, 45.847393339815071 ], [ 11.748126878800983, 45.847252416269249 ], [ 11.748239018529553, 45.847100035696513 ], [ 11.748307597098506, 45.846957524102869 ], [ 11.748350222368131, 45.84679799570096 ], [ 11.748398370861043, 45.846625103260315 ], [ 11.748489105743134, 45.846548033536848 ], [ 11.748618399886226, 45.846487676970568 ], [ 11.748791905129247, 45.846430666406057 ], [ 11.749002489063441, 45.846370782830135 ], [ 11.749124313496594, 45.846286933682286 ], [ 11.749197429934714, 45.846168614189025 ], [ 11.749191394346834, 45.846046169805597 ], [ 11.749140279393609, 45.845900148687996 ], [ 11.749153546652913, 45.845813962502547 ], [ 11.74919318432592, 45.845727141417449 ], [ 11.749206881386399, 45.845647065338021 ], [ 11.74930684581205, 45.84554043038834 ], [ 11.749244577885817, 45.845523478098492 ], [ 11.749164819883369, 45.845507036807675 ], [ 11.749002704995224, 45.845468456206106 ], [ 11.748784398622774, 45.84535067156677 ], [ 11.74843159116328, 45.845203181186413 ], [ 11.74806811374752, 45.844985470919227 ], [ 11.747778282094698, 45.844801270206865 ], [ 11.747631029976207, 45.844588526237033 ], [ 11.747479294469276, 45.844431154295215 ], [ 11.747417836226804, 45.844352166552127 ], [ 11.747297510462888, 45.844249393071564 ], [ 11.746991299169999, 45.844025351237654 ], [ 11.746807479451567, 45.843872800519812 ], [ 11.746809485374538, 45.843767083867625 ], [ 11.746863296452801, 45.843544371897146 ], [ 11.746857359598827, 45.843423815105446 ], [ 11.746766346210265, 45.843330416736762 ], [ 11.74668176542, 45.843367643999215 ], [ 11.746583402190675, 45.843415283501763 ], [ 11.746424198054116, 45.843399040965977 ], [ 11.746301006486823, 45.843381842142264 ], [ 11.746050538221438, 45.843267075941625 ], [ 11.745238907506875, 45.843009908655013 ], [ 11.745107150769908, 45.842967802480388 ], [ 11.74472939474207, 45.842896416374373 ], [ 11.744424401882245, 45.842843351931037 ], [ 11.744321340299692, 45.842795514806944 ], [ 11.743563328214991, 45.842240473416147 ], [ 11.74330891783643, 45.842045329497644 ], [ 11.743008172113464, 45.841931854427486 ], [ 11.742575437668679, 45.841766194212276 ], [ 11.742275680484029, 45.841672765059819 ], [ 11.741713664958919, 45.841515156480746 ], [ 11.741624885771948, 45.841466973979934 ], [ 11.740881325762587, 45.841278527013884 ], [ 11.740530790369469, 45.84117632126209 ], [ 11.740323562080528, 45.841060504739687 ], [ 11.740198511696283, 45.840931915033899 ], [ 11.740083807299706, 45.840793716210754 ], [ 11.739688913658439, 45.840375566974309 ], [ 11.739341684903286, 45.84004682019507 ], [ 11.739135323494242, 45.839951142309317 ], [ 11.73902728893637, 45.839948693253753 ], [ 11.738919011655035, 45.83994129953409 ], [ 11.738739194570288, 45.839945612296823 ], [ 11.73857440195618, 45.83995955525868 ], [ 11.738472951879631, 45.839946957024544 ], [ 11.738348785973942, 45.839909701365727 ], [ 11.738158063689909, 45.839838758700587 ], [ 11.737973936666938, 45.83975262634204 ], [ 11.737829201914346, 45.8395901232808 ], [ 11.737743053753036, 45.83937500133537 ], [ 11.737621525705546, 45.839247134445088 ], [ 11.737501604608745, 45.839149381295051 ], [ 11.737400997262629, 45.838859989771372 ], [ 11.73734385488075, 45.838574596647533 ], [ 11.737105035674716, 45.837961521687319 ], [ 11.736899168640557, 45.837579064946105 ], [ 11.736698294471415, 45.837447968325556 ], [ 11.736475828097877, 45.8373124383399 ], [ 11.736365452114926, 45.837264769252144 ], [ 11.736301598106708, 45.837209954868037 ], [ 11.736121407139114, 45.836912388268644 ], [ 11.736038174838079, 45.836682974010095 ], [ 11.736008561674844, 45.836517620182107 ], [ 11.73592607115557, 45.836303309253744 ], [ 11.735758073697266, 45.836180784023277 ], [ 11.7351100062544, 45.834928196344705 ], [ 11.735035894774345, 45.834884697781561 ], [ 11.734789372541163, 45.83469942662645 ], [ 11.73447926054477, 45.834540789652507 ], [ 11.734307216774658, 45.834409088399212 ], [ 11.734338055947998, 45.834302681498116 ], [ 11.73460630185976, 45.834195629920565 ], [ 11.734784496268158, 45.834161210123199 ], [ 11.734990759182111, 45.834110996514781 ], [ 11.735217394385634, 45.834035092548774 ], [ 11.735454493254478, 45.833878470993909 ], [ 11.735761032337019, 45.833599215662232 ], [ 11.735870345637167, 45.833480937406385 ], [ 11.736026621813313, 45.833291058175298 ], [ 11.736263468387591, 45.833129400578954 ], [ 11.736577555363702, 45.832930698626257 ], [ 11.736855758385964, 45.832732855838238 ], [ 11.737817268418095, 45.832085966813388 ], [ 11.738198874959908, 45.831870160274072 ], [ 11.738423524499989, 45.831754064266683 ], [ 11.738402216208689, 45.831613713844902 ], [ 11.73838736875185, 45.831458087294443 ], [ 11.738164896538667, 45.831030757074572 ], [ 11.738145118265383, 45.830774620518966 ], [ 11.738140433583656, 45.83067914512926 ], [ 11.73810952335845, 45.830122651149352 ], [ 11.738105085837331, 45.830032210173293 ], [ 11.738044564119919, 45.829827364666436 ], [ 11.737810904718751, 45.829465737195811 ], [ 11.737468494142261, 45.829086554698712 ], [ 11.737269067221558, 45.8288347244428 ], [ 11.73688851589192, 45.828047821218973 ], [ 11.736761227964987, 45.827799301480788 ], [ 11.736226094946767, 45.827086486318279 ], [ 11.736096049131694, 45.826928669289671 ], [ 11.736012282870682, 45.82683508854155 ], [ 11.736106435586745, 45.826701961957681 ], [ 11.736181144089187, 45.826463722569599 ], [ 11.736183474776112, 45.826217136662251 ], [ 11.736075968138628, 45.825712791210179 ], [ 11.735984262343859, 45.825604279481375 ], [ 11.735867578177221, 45.825571882214739 ], [ 11.735705219791125, 45.82549017501232 ], [ 11.735491110955557, 45.825379644794111 ], [ 11.735487708881564, 45.824871544786021 ], [ 11.735514355670938, 45.824679730840487 ], [ 11.735592514355162, 45.824511884909228 ], [ 11.735777464716993, 45.824395304850889 ], [ 11.735917592240455, 45.8241706195316 ], [ 11.736023882990553, 45.82362334821687 ], [ 11.736187271835439, 45.823579110026195 ], [ 11.736350417968293, 45.823529926989067 ], [ 11.736481560623718, 45.823416165290354 ], [ 11.736613438770608, 45.823317417067102 ], [ 11.736888582168904, 45.823205154191221 ], [ 11.737667127748033, 45.82308586343445 ], [ 11.737868364537084, 45.823081038719543 ], [ 11.738026149500818, 45.82307221508961 ], [ 11.738213360119078, 45.823072766516098 ], [ 11.738314363390886, 45.823042494274638 ], [ 11.73834099288657, 45.823034512983071 ], [ 11.738519144992869, 45.822999998213 ], [ 11.73929728699841, 45.822799159308332 ], [ 11.739374390189436, 45.822756986355152 ], [ 11.739626444693016, 45.822615118295744 ], [ 11.739865703238555, 45.822503709144698 ], [ 11.740554299177006, 45.822165228636671 ], [ 11.740622231318968, 45.822083131623287 ], [ 11.740671811407505, 45.821920918432014 ], [ 11.740763234850236, 45.821732588838756 ], [ 11.740837423249339, 45.821484277903082 ], [ 11.740968538509552, 45.821003191407847 ], [ 11.741055197769738, 45.820568445568682 ], [ 11.741000964707739, 45.819830966451754 ], [ 11.740923998124968, 45.819435341099805 ], [ 11.740948164328461, 45.818755564887027 ], [ 11.740958288326567, 45.818523912741114 ], [ 11.741045744297862, 45.818325687249718 ], [ 11.740990784125536, 45.818231418601719 ], [ 11.740893360328531, 45.818153200385737 ], [ 11.740777769713478, 45.817849139474866 ], [ 11.740713637665749, 45.817714857464054 ], [ 11.740932213837525, 45.81681817727479 ], [ 11.741061152517689, 45.816513197179155 ], [ 11.741058442496787, 45.816457997660862 ], [ 11.741007430060671, 45.816444100898785 ], [ 11.740803622128379, 45.81639867874383 ], [ 11.740621295662697, 45.816347700241309 ], [ 11.740538769868241, 45.81627920500388 ], [ 11.740507554703928, 45.816083827884803 ], [ 11.740400597530307, 45.815955523869668 ], [ 11.740199633908816, 45.815965386966525 ], [ 11.7400630934583, 45.815968663423412 ], [ 11.739990255404475, 45.815512633159237 ], [ 11.740007667555947, 45.815206459962127 ], [ 11.740019026374405, 45.814999890238262 ], [ 11.740163099393637, 45.813975118069052 ], [ 11.74004285862209, 45.813505193946362 ], [ 11.739763774529971, 45.812948443350621 ], [ 11.739223323676157, 45.812342697551927 ], [ 11.739249217105531, 45.81213586916293 ], [ 11.739297860749936, 45.811807704915239 ], [ 11.739626631803349, 45.811160584095283 ], [ 11.739766284621277, 45.810785502331804 ], [ 11.739920333954981, 45.810410074943839 ], [ 11.740185272248983, 45.809881403781723 ], [ 11.740329898538453, 45.809460928158416 ], [ 11.740618482291332, 45.809047078133609 ], [ 11.740696486028435, 45.808879412023025 ], [ 11.74077424228749, 45.808706711408512 ], [ 11.740719357567889, 45.808466898430204 ], [ 11.740611943482561, 45.807817551662417 ], [ 11.740579021294243, 45.807290897417033 ], [ 11.74057993095478, 45.806797994021537 ], [ 11.740562463855559, 45.806733157736076 ], [ 11.740490719217711, 45.806443435039306 ], [ 11.740466229031863, 45.806238085423587 ], [ 11.740491810621892, 45.805880771368741 ], [ 11.740741803113307, 45.805412582305806 ], [ 11.741010932105437, 45.80511413774758 ], [ 11.741236502614814, 45.804882713752924 ], [ 11.741729227059471, 45.804383582982545 ], [ 11.741797749794074, 45.804316592151395 ], [ 11.741871749618671, 45.804214366838352 ], [ 11.741879495742078, 45.804078539329943 ], [ 11.741867125277839, 45.803973347453997 ], [ 11.741799530458659, 45.803401171858496 ], [ 11.741859869608737, 45.803314305785477 ], [ 11.741921003511637, 45.80309681949273 ], [ 11.741958892080369, 45.802990420749808 ], [ 11.741970088945564, 45.802924896339668 ], [ 11.741890482638011, 45.802766054269185 ], [ 11.741842245963374, 45.802661633529887 ], [ 11.741615617228213, 45.802215776730982 ], [ 11.741552871271214, 45.802106753816268 ], [ 11.741451806175412, 45.801948516592617 ], [ 11.741395393538818, 45.801824310283543 ], [ 11.741431804359186, 45.80168779458549 ], [ 11.741656978888205, 45.801154943511612 ], [ 11.742075660320953, 45.800466772464773 ], [ 11.742484428512578, 45.799723663169637 ], [ 11.742718205946312, 45.799366388238816 ], [ 11.742868266170564, 45.799128223740723 ], [ 11.742261659951774, 45.799128211964195 ], [ 11.742136621533467, 45.798969110925427 ], [ 11.742004478387715, 45.798793708902444 ], [ 11.741775921767371, 45.798499651460077 ], [ 11.740808455115292, 45.797664563912747 ], [ 11.740463056636701, 45.79733874531231 ], [ 11.740194514852364, 45.797068686217671 ], [ 11.739486126304655, 45.795973908160924 ], [ 11.739349767461043, 45.795712196776805 ], [ 11.739189015733748, 45.795456830838063 ], [ 11.738790482955681, 45.795558558277321 ], [ 11.738109181632552, 45.795603699696152 ], [ 11.737766532333875, 45.795669520533018 ], [ 11.737219936708488, 45.795774792346251 ], [ 11.736874466686357, 45.795783073163747 ], [ 11.736650545589209, 45.79571556637768 ], [ 11.736573558693117, 45.795692356552557 ], [ 11.736284761808296, 45.795428534184488 ], [ 11.735975685889466, 45.795170957411088 ], [ 11.735708358780334, 45.79475684629768 ], [ 11.735517598423318, 45.794392744704702 ], [ 11.735481317068905, 45.794324487946653 ], [ 11.735470556621069, 45.794272901269835 ], [ 11.736137475199101, 45.79393433493216 ], [ 11.73708848708049, 45.793427661404927 ], [ 11.737619505839827, 45.793172990749824 ], [ 11.737687561752011, 45.793217443089411 ], [ 11.73804513904077, 45.793456570771085 ], [ 11.738074017471526, 45.793469979569707 ], [ 11.738104124653928, 45.793483958855475 ], [ 11.738192063490265, 45.793430005683149 ], [ 11.738374755833497, 45.793293133189849 ], [ 11.738724815897779, 45.79304279687743 ], [ 11.738788924250631, 45.793006696279768 ], [ 11.73883601846374, 45.792959482768623 ], [ 11.73872030380177, 45.792950737153639 ], [ 11.73858701106178, 45.792919371086079 ], [ 11.738174630917424, 45.792906218565747 ], [ 11.73708497845092, 45.792851695948407 ], [ 11.736471252983852, 45.792762716411126 ], [ 11.736210923610338, 45.792659505428354 ], [ 11.73560970798373, 45.792489574562673 ], [ 11.7351602066966, 45.792390893075222 ], [ 11.73454626678304, 45.7921290934189 ], [ 11.734418839827862, 45.791965090571466 ], [ 11.734260655703556, 45.791761500591797 ], [ 11.734076672140306, 45.791535486125149 ], [ 11.733748927066845, 45.791232266281185 ], [ 11.733306274335405, 45.790684094705895 ] ] ] } },
{ "type": "Feature", "properties": { "codistat": "24085", "nomcom": "Roana", "provincia": "VI", "area": 78485335.906073868, "perimetro": 56752.784, "id1": 488 }, "geometry": { "type": "Polygon", "coordinates": [ [ [ 11.490247658657186, 45.820728084274023 ], [ 11.489523773180407, 45.820623436821307 ], [ 11.488581820903594, 45.820513005791589 ], [ 11.488066681832112, 45.820476345841229 ], [ 11.487722463847364, 45.82043605062465 ], [ 11.487319065758712, 45.820217389452971 ], [ 11.48700905473201, 45.820176257094005 ], [ 11.486788294968461, 45.820216976933317 ], [ 11.486298784925403, 45.820371285680075 ], [ 11.48557712946303, 45.820698147738312 ], [ 11.485345778886776, 45.820882746294615 ], [ 11.484698461948586, 45.820956685723516 ], [ 11.48435756061772, 45.820988043691727 ], [ 11.483895200883108, 45.820986129543336 ], [ 11.483521685268798, 45.82105410708386 ], [ 11.482517418623795, 45.82118367933014 ], [ 11.481854579910205, 45.821293762739984 ], [ 11.481163069136013, 45.821332279713864 ], [ 11.479904873389444, 45.821527199833724 ], [ 11.479634912258875, 45.821616857831991 ], [ 11.47947778655354, 45.821739888283815 ], [ 11.479202924447094, 45.821913448064343 ], [ 11.478194395025158, 45.822330376693564 ], [ 11.477778964295766, 45.822423096708512 ], [ 11.477616265329454, 45.822420685946412 ], [ 11.4765821165012, 45.822359229471544 ], [ 11.476177024178615, 45.822391954946447 ], [ 11.4760973649803, 45.822401109564488 ], [ 11.475887431028884, 45.822425235376954 ], [ 11.475737197356707, 45.822416521229727 ], [ 11.475519203374628, 45.822325479233001 ], [ 11.475209720477999, 45.82220050692964 ], [ 11.474721100971621, 45.821893911447063 ], [ 11.47460295582313, 45.821833646593198 ], [ 11.474455377870548, 45.821788960463309 ], [ 11.47405678793703, 45.821776624080016 ], [ 11.473679942924523, 45.821769845793604 ], [ 11.473415809169113, 45.821799508257719 ], [ 11.473177598485309, 45.821868031779125 ], [ 11.47255849080029, 45.821858665111733 ], [ 11.471912670111529, 45.821836192179504 ], [ 11.471201777037503, 45.821815213644122 ], [ 11.470791162964554, 45.82181041657801 ], [ 11.470177881517328, 45.821787229889857 ], [ 11.469694972748746, 45.821774901752477 ], [ 11.468987625222088, 45.821831148676658 ], [ 11.468500653923039, 45.821866696993389 ], [ 11.468098208331323, 45.821898166413398 ], [ 11.467787650799826, 45.821943580253304 ], [ 11.467586162598355, 45.821954774279988 ], [ 11.467397391101308, 45.821956602528829 ], [ 11.467403166269031, 45.821571698439499 ], [ 11.467374395041457, 45.821401306996286 ], [ 11.467176660852109, 45.821144918780107 ], [ 11.467063596656356, 45.82099839981818 ], [ 11.466935655189745, 45.820914306798507 ], [ 11.466999523014328, 45.820751544946631 ], [ 11.467105990511957, 45.820550689957891 ], [ 11.467173526104713, 45.820269939709263 ], [ 11.467311374799872, 45.819975249526259 ], [ 11.46743641005142, 45.819792624492329 ], [ 11.467445387446112, 45.819593785346271 ], [ 11.467461156559279, 45.819146650427697 ], [ 11.467653717114285, 45.818683184860106 ], [ 11.467617978419087, 45.818553177049196 ], [ 11.467553570796705, 45.818389045911893 ], [ 11.46745715136046, 45.818310302870124 ], [ 11.467495725616601, 45.818274366806726 ], [ 11.467563259788706, 45.818188841256458 ], [ 11.46760835474311, 45.818067437692143 ], [ 11.467621198257202, 45.818020176588838 ], [ 11.467630780282876, 45.817936983161985 ], [ 11.46763086166553, 45.817822312608662 ], [ 11.467640461101185, 45.817599698164514 ], [ 11.467621185929227, 45.817320823144378 ], [ 11.467650190556975, 45.81710039956679 ], [ 11.467672736623763, 45.816961031730848 ], [ 11.467675875136553, 45.816848545297368 ], [ 11.467614852464852, 45.816661929362994 ], [ 11.467450848055986, 45.816268362192424 ], [ 11.467508808231887, 45.816117698464403 ], [ 11.467557047458556, 45.81594222278504 ], [ 11.467602059179542, 45.815679150096692 ], [ 11.467650354827002, 45.815470010540693 ], [ 11.467688934406901, 45.815314815040232 ], [ 11.467714670127309, 45.815128214639131 ], [ 11.467679328424454, 45.815045001777634 ], [ 11.467618232476713, 45.814952804638018 ], [ 11.467605344813265, 45.814865056284752 ], [ 11.467614968141516, 45.814739108679063 ], [ 11.467602114682697, 45.814471525713437 ], [ 11.467621431152951, 45.814352299184513 ], [ 11.467672921518485, 45.814253349084126 ], [ 11.467708327079903, 45.814055468865057 ], [ 11.467746863379048, 45.813864361504223 ], [ 11.467795168824649, 45.813664222321606 ], [ 11.467824076949983, 45.813520306601895 ], [ 11.467843480528209, 45.813394327597791 ], [ 11.467840262038845, 45.813216633392159 ], [ 11.467854940462948, 45.813097326947165 ], [ 11.467844062081813, 45.812993874010395 ], [ 11.46784798608458, 45.812651582710949 ], [ 11.467793072843522, 45.812559432079716 ], [ 11.467652856287446, 45.812406839719699 ], [ 11.467281219470035, 45.812050340705639 ], [ 11.467064603577763, 45.812041699086535 ], [ 11.466626923220506, 45.811917852481166 ], [ 11.466144554794777, 45.811790468843419 ], [ 11.466042577616077, 45.811783760132521 ], [ 11.465908644680487, 45.811773331006243 ], [ 11.465698066474753, 45.811755645735836 ], [ 11.464852427978574, 45.811662020932452 ], [ 11.464262234884629, 45.811541096731574 ], [ 11.463242102199224, 45.811366438286306 ], [ 11.462740754644619, 45.811219918097407 ], [ 11.462409718738728, 45.81110905680648 ], [ 11.461902950044387, 45.811096400173533 ], [ 11.461548962931071, 45.811229860046403 ], [ 11.461107043554243, 45.811412467386567 ], [ 11.460664427859944, 45.811579336801032 ], [ 11.45994073132775, 45.812003918581595 ], [ 11.459545881627813, 45.812232669633275 ], [ 11.459515025011754, 45.812256825934931 ], [ 11.459328373754309, 45.81240251636666 ], [ 11.459236302481226, 45.8126090847814 ], [ 11.458976091187626, 45.813086594074079 ], [ 11.458834228822113, 45.813439865427995 ], [ 11.458565017984407, 45.81396455109347 ], [ 11.458166784456759, 45.814625673451999 ], [ 11.45791211496501, 45.814969220542586 ], [ 11.457860410717121, 45.815072491151533 ], [ 11.457768975825605, 45.815802614839001 ], [ 11.457723670046274, 45.816051288852101 ], [ 11.457702720751708, 45.816087112340831 ], [ 11.457424844804608, 45.816415406498713 ], [ 11.457333179528501, 45.816508645801676 ], [ 11.456967512834547, 45.816880860906203 ], [ 11.456413382372816, 45.817191423431133 ], [ 11.455960114972877, 45.817492073704692 ], [ 11.455785121099023, 45.817601954736674 ], [ 11.455381043325129, 45.817999742517344 ], [ 11.454646927377439, 45.81843603500154 ], [ 11.454395939744822, 45.8186065016871 ], [ 11.454269972909577, 45.818683914379911 ], [ 11.454148065693524, 45.81872190672884 ], [ 11.453789445183208, 45.818786586617001 ], [ 11.453366711935466, 45.818930228509565 ], [ 11.453244476300984, 45.818922683472906 ], [ 11.452811076665808, 45.818931992172097 ], [ 11.451399902209916, 45.818880474151989 ], [ 11.451204743710637, 45.818874402147188 ], [ 11.450961165269135, 45.818879629651526 ], [ 11.45090577035087, 45.818949043585967 ], [ 11.450856025696622, 45.819038677843032 ], [ 11.450816804910518, 45.819145187522984 ], [ 11.450633889007547, 45.819752428496379 ], [ 11.450519411782906, 45.819930488229687 ], [ 11.450447900364647, 45.820078553696753 ], [ 11.450345298608333, 45.820295511374994 ], [ 11.450237746423481, 45.820734081976276 ], [ 11.450188590930777, 45.820951602966815 ], [ 11.450103980909091, 45.82135565865115 ], [ 11.449976199298025, 45.821999248440079 ], [ 11.449972253017323, 45.822132273141257 ], [ 11.449918616024991, 45.822332788875336 ], [ 11.449783357104113, 45.822806065827798 ], [ 11.449777248651184, 45.823101059136867 ], [ 11.449757167776081, 45.82330940557457 ], [ 11.449796524332024, 45.823540328937867 ], [ 11.449848152133908, 45.823716444893343 ], [ 11.449932239547316, 45.82385775195803 ], [ 11.450020897569846, 45.823988790161671 ], [ 11.45008360557433, 45.824082942115723 ], [ 11.450095043620916, 45.824123559820926 ], [ 11.450115834963754, 45.824262894331703 ], [ 11.450255802835613, 45.825093624443873 ], [ 11.45026233060555, 45.825497524804256 ], [ 11.450287254661349, 45.825906970979005 ], [ 11.450309383799398, 45.826158875184028 ], [ 11.450341850719488, 45.826391116140378 ], [ 11.450339473029727, 45.826589182008711 ], [ 11.450364665902109, 45.826910865752147 ], [ 11.450340887306721, 45.827125862016317 ], [ 11.450215338503257, 45.82742746795779 ], [ 11.449916337864769, 45.828297496884545 ], [ 11.449797192132987, 45.828742165651263 ], [ 11.44951729055974, 45.82955480941947 ], [ 11.449448798472192, 45.829827738662352 ], [ 11.449432261379718, 45.830020077638274 ], [ 11.4494630839687, 45.830153256619361 ], [ 11.449465293901648, 45.830203612931726 ], [ 11.449474392555679, 45.830284783882917 ], [ 11.449448900130118, 45.83034347495871 ], [ 11.449416604122302, 45.830493578730824 ], [ 11.449300072862179, 45.830951061758213 ], [ 11.449136134410818, 45.831311183893824 ], [ 11.448995881909052, 45.831545058565169 ], [ 11.448914642820684, 45.831686040847508 ], [ 11.448598185396794, 45.83231171190085 ], [ 11.448546503193665, 45.832436759116653 ], [ 11.448735866483778, 45.832488683417189 ], [ 11.448856218419317, 45.832520125481146 ], [ 11.448882042026819, 45.832554044319679 ], [ 11.448892763398337, 45.832792512125586 ], [ 11.44896479865111, 45.833022734766928 ], [ 11.448963470384934, 45.833083427760556 ], [ 11.44894990969931, 45.833114770824714 ], [ 11.448879563215243, 45.833239948319942 ], [ 11.448725827129834, 45.833492383089734 ], [ 11.448616155279788, 45.833648645836305 ], [ 11.448465391707952, 45.833775187109815 ], [ 11.448220988796384, 45.834053686560594 ], [ 11.448056417159227, 45.834364496897777 ], [ 11.448068508441763, 45.83452858992613 ], [ 11.448027110785539, 45.834494824636622 ], [ 11.447926500298657, 45.834464398710722 ], [ 11.447852496493212, 45.834435832627939 ], [ 11.447697532104245, 45.834381549533433 ], [ 11.447316982328216, 45.834262795177352 ], [ 11.446815923823923, 45.834120789396636 ], [ 11.446607061879423, 45.834061809073781 ], [ 11.446055601367387, 45.833689292514535 ], [ 11.445423193644924, 45.833273503123728 ], [ 11.444480974875123, 45.832610162705784 ], [ 11.443722602716562, 45.832084101455294 ], [ 11.443526717773111, 45.831856615372153 ], [ 11.443049414559283, 45.831477097176936 ], [ 11.442500304087382, 45.831115943935465 ], [ 11.442178395846692, 45.830877109430638 ], [ 11.442084045556738, 45.830842404161253 ], [ 11.442039290467319, 45.830837690709942 ], [ 11.441914014518749, 45.830834788811543 ], [ 11.440952464733142, 45.830651928163618 ], [ 11.440541280462076, 45.830491232696772 ], [ 11.440124605307732, 45.830275569026838 ], [ 11.439761062487394, 45.830091261213092 ], [ 11.439138811840468, 45.829723193485755 ], [ 11.438665751517712, 45.829436723244243 ], [ 11.438549479219631, 45.829365760383567 ], [ 11.438243299823075, 45.829165101825872 ], [ 11.438116424946102, 45.829066552795489 ], [ 11.43794317894765, 45.828926240256855 ], [ 11.437825799278896, 45.828788605289482 ], [ 11.437765644334934, 45.828684761443299 ], [ 11.43769711236868, 45.828518811732977 ], [ 11.437631563189822, 45.82829438393 ], [ 11.437591113257948, 45.828131705043354 ], [ 11.437503838056738, 45.827990547006507 ], [ 11.437464297062792, 45.827913535072788 ], [ 11.437406252095181, 45.827796054991012 ], [ 11.437170380327117, 45.827094085681949 ], [ 11.437059654210406, 45.826937676539451 ], [ 11.436987682720002, 45.826902219513521 ], [ 11.436922860970951, 45.826883081039995 ], [ 11.436893564248345, 45.826866694884757 ], [ 11.436800725842506, 45.826848694234215 ], [ 11.436744824040913, 45.826848086777723 ], [ 11.436754330620364, 45.826759137321311 ], [ 11.436760932048964, 45.826577092880285 ], [ 11.436765953443016, 45.826529912176568 ], [ 11.436774858530734, 45.826462577170446 ], [ 11.436795478568632, 45.826339188070612 ], [ 11.436813636359915, 45.826283266434771 ], [ 11.436875780785487, 45.826167361938545 ], [ 11.436914530770492, 45.826075898380211 ], [ 11.436929024830674, 45.826033375966531 ], [ 11.43693562758904, 45.825995882285639 ], [ 11.436941179658433, 45.825963811404868 ], [ 11.436944214280514, 45.825882920599184 ], [ 11.43694026377859, 45.825813069618157 ], [ 11.436939885369435, 45.825736571967816 ], [ 11.436940519852689, 45.825633140658653 ], [ 11.43694522278131, 45.825590467134184 ], [ 11.436957126996639, 45.8255299086508 ], [ 11.43699000228929, 45.825424799307704 ], [ 11.437032346324649, 45.825324258337702 ], [ 11.437083598086105, 45.82524197861386 ], [ 11.437105337585807, 45.825212082536737 ], [ 11.43715477351156, 45.825144242621654 ], [ 11.437241674607753, 45.825055801704785 ], [ 11.437397512812886, 45.824844920441045 ], [ 11.437494105755375, 45.82475438234907 ], [ 11.43753727151897, 45.82471691834585 ], [ 11.437627553754158, 45.824626334785833 ], [ 11.437674317742392, 45.824579883279263 ], [ 11.437744733256627, 45.824500164487269 ], [ 11.437818685962847, 45.824415959790549 ], [ 11.437905808874557, 45.824320853107956 ], [ 11.437964255280393, 45.824220598068962 ], [ 11.43800884204054, 45.824144940688996 ], [ 11.438018018252484, 45.824125123320769 ], [ 11.438244323722781, 45.823753334635974 ], [ 11.43843390462947, 45.823371978805909 ], [ 11.43857560859086, 45.823008656112492 ], [ 11.438734647160857, 45.822623721542776 ], [ 11.438755066666094, 45.822534178759973 ], [ 11.43875426891988, 45.822377403998608 ], [ 11.438744091550436, 45.822144413691738 ], [ 11.438713310288053, 45.821870010178351 ], [ 11.438673714614371, 45.821541160711753 ], [ 11.438426288196389, 45.821081288447573 ], [ 11.438160978867764, 45.820792540219507 ], [ 11.437870205496381, 45.820498394545695 ], [ 11.437712410049974, 45.820360451937439 ], [ 11.437409564290236, 45.819981326281493 ], [ 11.43702479741539, 45.81955966445323 ], [ 11.436670259621279, 45.819152117565537 ], [ 11.436472206441925, 45.81915049235613 ], [ 11.436191710700292, 45.819185908097971 ], [ 11.436021943225727, 45.819251363979021 ], [ 11.435898984262964, 45.819327522094426 ], [ 11.435640725190753, 45.819489101790957 ], [ 11.4352414976013, 45.819765565298781 ], [ 11.434796335557269, 45.819936348582729 ], [ 11.434467400368419, 45.820080260854155 ], [ 11.433941788255938, 45.8204018968474 ], [ 11.433676859058199, 45.82061446811587 ], [ 11.43366815408946, 45.820716001266199 ], [ 11.433550466846221, 45.82081283610637 ], [ 11.433328641860109, 45.820989565437159 ], [ 11.433142694201415, 45.821115216152215 ], [ 11.432980076389446, 45.821179525041401 ], [ 11.43274774108821, 45.821239198284061 ], [ 11.432568683773713, 45.821322128108193 ], [ 11.432442376163847, 45.821419145352834 ], [ 11.432248607771204, 45.821566292842434 ], [ 11.432041711240858, 45.821710569282551 ], [ 11.431903211558327, 45.821829177146768 ], [ 11.431799161689309, 45.821934810447353 ], [ 11.431704395059043, 45.822058517405772 ], [ 11.431640372168529, 45.822187600141319 ], [ 11.431542421784021, 45.822335766548434 ], [ 11.431445797015916, 45.82241387932558 ], [ 11.431327302812091, 45.822489397386562 ], [ 11.431152745995524, 45.822578259634405 ], [ 11.430917619530057, 45.822674531285401 ], [ 11.43067043817112, 45.822695003274639 ], [ 11.430455192913895, 45.822697963835687 ], [ 11.430205302542419, 45.822676909296781 ], [ 11.430040534627556, 45.822706787146778 ], [ 11.429959639780613, 45.822755941876487 ], [ 11.429902301122832, 45.822825746945682 ], [ 11.429854847967087, 45.822948175680949 ], [ 11.429774852885357, 45.823192535767426 ], [ 11.429681206150013, 45.823294795519409 ], [ 11.429452556046536, 45.823415768250122 ], [ 11.428587123505807, 45.823645149877571 ], [ 11.427812568209156, 45.823883303966994 ], [ 11.427089719461472, 45.824093892016315 ], [ 11.426907558768173, 45.824126565097401 ], [ 11.426790166423912, 45.82414769092474 ], [ 11.4264609768806, 45.824212739480956 ], [ 11.426192207478215, 45.824281723963772 ], [ 11.425631907592525, 45.824411443849584 ], [ 11.425260643961774, 45.824551187990828 ], [ 11.424895826489445, 45.82466451213552 ], [ 11.424720347967661, 45.824794787156605 ], [ 11.424356409423613, 45.825103315515257 ], [ 11.424086810901276, 45.825325324044016 ], [ 11.423963380621018, 45.825438742013823 ], [ 11.423841882416045, 45.825596672181021 ], [ 11.423678797289861, 45.825837570832554 ], [ 11.42323462359518, 45.826210982845751 ], [ 11.422715760069073, 45.826601908746881 ], [ 11.4224324722526, 45.826855886037414 ], [ 11.422019571206015, 45.827081019010215 ], [ 11.421680442935457, 45.827264713305254 ], [ 11.421295202173477, 45.827605275738335 ], [ 11.421634337364939, 45.827941011114646 ], [ 11.421908630887421, 45.82835192592205 ], [ 11.422022472924588, 45.82853951594965 ], [ 11.422135394790615, 45.828705883725682 ], [ 11.422511264879775, 45.829125353713003 ], [ 11.422633667104094, 45.829252006990608 ], [ 11.422923739976389, 45.829566367454241 ], [ 11.423326576832428, 45.829989852968886 ], [ 11.423559776925261, 45.830239623620457 ], [ 11.423769804421989, 45.830477554650336 ], [ 11.423516135546526, 45.830625238138921 ], [ 11.423195599501263, 45.830792701090907 ], [ 11.422926190205725, 45.830924876077368 ], [ 11.422798581480587, 45.831022450110908 ], [ 11.422594831308315, 45.831190134153623 ], [ 11.422471849633901, 45.831311281422877 ], [ 11.422530147770919, 45.83135216804834 ], [ 11.422109454132059, 45.831671433336226 ], [ 11.421437477131747, 45.832072080453251 ], [ 11.421367862382732, 45.83213242066882 ], [ 11.420962514911634, 45.832449556207649 ], [ 11.420860786295558, 45.832520567577951 ], [ 11.420816982912777, 45.832534817008124 ], [ 11.420584906546448, 45.832601840329083 ], [ 11.4203341770795, 45.832678169169448 ], [ 11.419298195035411, 45.832984269230451 ], [ 11.419180356014474, 45.833013407209634 ], [ 11.41897606607186, 45.833062107393694 ], [ 11.418812255093135, 45.833091138588983 ], [ 11.418694989342052, 45.833059239476398 ], [ 11.41857464795579, 45.833030645595649 ], [ 11.41847699811481, 45.833011651772928 ], [ 11.418393588173815, 45.833006307471933 ], [ 11.418228168266371, 45.83316759162377 ], [ 11.418062346520159, 45.833301792038014 ], [ 11.417801766140697, 45.833558067013271 ], [ 11.417615240088971, 45.833642391356278 ], [ 11.417502424432836, 45.833644869320359 ], [ 11.417371175658181, 45.833712272053596 ], [ 11.417339058678817, 45.833797198010728 ], [ 11.417291438894612, 45.833866070863969 ], [ 11.417199258199947, 45.833922835816701 ], [ 11.417048485568444, 45.833994341620766 ], [ 11.41682106891345, 45.834053248102009 ], [ 11.41666879649037, 45.834167448296725 ], [ 11.416515855496863, 45.834385170026415 ], [ 11.416422876849774, 45.834462202710711 ], [ 11.416265821654701, 45.834531410253327 ], [ 11.41605957961303, 45.834624429747961 ], [ 11.415714263115502, 45.834910574382036 ], [ 11.41568550723728, 45.834936384467461 ], [ 11.415658607094313, 45.834960445111868 ], [ 11.41541118909791, 45.835092857125765 ], [ 11.41516427733543, 45.835216167246621 ], [ 11.415089663703485, 45.835253477579649 ], [ 11.414903699292639, 45.83540754070323 ], [ 11.414782329976214, 45.835468341080613 ], [ 11.414602362465649, 45.83554379118911 ], [ 11.414423546741636, 45.835592304637743 ], [ 11.414384511370379, 45.83560078039195 ], [ 11.414108717671306, 45.835660794051634 ], [ 11.413754594379681, 45.835663328135396 ], [ 11.413456354133055, 45.835633087953362 ], [ 11.413192182430951, 45.835637319749509 ], [ 11.412982141400748, 45.835663539072343 ], [ 11.41287853208558, 45.835676528716185 ], [ 11.412642454491845, 45.835791503862211 ], [ 11.412483787496008, 45.835901063187123 ], [ 11.412267259571284, 45.836009594192348 ], [ 11.412141020489187, 45.836041242461 ], [ 11.411991085864621, 45.83607879137142 ], [ 11.411945133814054, 45.836088132391623 ], [ 11.411738105679413, 45.836130486928148 ], [ 11.411484733915765, 45.836191010866528 ], [ 11.411095098799063, 45.836280692797821 ], [ 11.410814396473203, 45.836295798806695 ], [ 11.410500967612764, 45.836328336083227 ], [ 11.410145499159265, 45.836374360507548 ], [ 11.409831389684893, 45.836415010849414 ], [ 11.409237192598489, 45.8364671492985 ], [ 11.408525166006823, 45.836483336632426 ], [ 11.408273515494644, 45.836506284362315 ], [ 11.408030967795781, 45.83652831957167 ], [ 11.407875781733463, 45.836545722344702 ], [ 11.407733253718247, 45.83656402818059 ], [ 11.40752546394625, 45.836606751145631 ], [ 11.407230211086661, 45.836705501083543 ], [ 11.407043338595455, 45.836770463977999 ], [ 11.406917681672937, 45.836809744780126 ], [ 11.406879742540614, 45.836809966325831 ], [ 11.406805424416792, 45.836810400270345 ], [ 11.406722237355464, 45.836466978102699 ], [ 11.406604792868078, 45.836153259794798 ], [ 11.406404996603401, 45.835631831214521 ], [ 11.406063247035936, 45.835117983073992 ], [ 11.405761911093022, 45.834600582432522 ], [ 11.405348751676611, 45.833890491759696 ], [ 11.404894120603391, 45.833200804202122 ], [ 11.404500774040812, 45.832579489656496 ], [ 11.404464963369861, 45.832513368673112 ], [ 11.404238771072482, 45.832080788242962 ], [ 11.404136797577261, 45.831886540360564 ], [ 11.40383554316757, 45.831947155161586 ], [ 11.403426996043413, 45.832099583512118 ], [ 11.402992021359024, 45.832317101247227 ], [ 11.402162268034061, 45.832612316000542 ], [ 11.401890567423472, 45.832710556903642 ], [ 11.401153255637023, 45.832972947994513 ], [ 11.400720096583084, 45.833122283827279 ], [ 11.400587611402631, 45.833340994299881 ], [ 11.400299930297374, 45.833939013684869 ], [ 11.40018041165578, 45.834213795295426 ], [ 11.399828390236555, 45.834300938139954 ], [ 11.399146834004917, 45.834441265854664 ], [ 11.399060830777826, 45.834457813598426 ], [ 11.398710462097453, 45.834525226711591 ], [ 11.398315595957904, 45.834439462045992 ], [ 11.397620358303685, 45.834339390344631 ], [ 11.397286886554069, 45.834261964057063 ], [ 11.396752425802823, 45.834136730786767 ], [ 11.396142861286824, 45.833995609363193 ], [ 11.39582341576309, 45.833917884482609 ], [ 11.39556563464809, 45.833848856137919 ], [ 11.395073353755956, 45.833686187622035 ], [ 11.394926572852615, 45.833638321788612 ], [ 11.39481925777809, 45.83360096906204 ], [ 11.394614466666996, 45.833527497178281 ], [ 11.394043825947355, 45.833326954240199 ], [ 11.393975899985325, 45.833298315828806 ], [ 11.393895357853445, 45.833221698295318 ], [ 11.393398897478292, 45.83277216919624 ], [ 11.393199896977963, 45.832572384173659 ], [ 11.392885605163121, 45.832314259934165 ], [ 11.392328384435757, 45.831873649706033 ], [ 11.391524679180113, 45.83118833974661 ], [ 11.391294103763553, 45.831044656642426 ], [ 11.39112510994158, 45.830919845288236 ], [ 11.39090690340031, 45.830749260430736 ], [ 11.390713930716707, 45.83060865926771 ], [ 11.39059017070184, 45.830502791749772 ], [ 11.389969864921014, 45.829989234830329 ], [ 11.389489578127, 45.82965140840534 ], [ 11.388584174840062, 45.82896784515502 ], [ 11.38848504219758, 45.828910783928613 ], [ 11.388182648912018, 45.828704061601954 ], [ 11.388022227654066, 45.828643871189051 ], [ 11.387895770984999, 45.828574059696791 ], [ 11.387695285219598, 45.828456112144472 ], [ 11.387578749308803, 45.828434606513532 ], [ 11.38739050184549, 45.828395068374 ], [ 11.387344265569656, 45.828488021602489 ], [ 11.38729609572213, 45.828580925172695 ], [ 11.387253457856207, 45.82865868205652 ], [ 11.387173473117151, 45.828784382934309 ], [ 11.386980358773057, 45.828974282663438 ], [ 11.386906121754741, 45.829014626977958 ], [ 11.386862466000586, 45.829038490991408 ], [ 11.386806613458555, 45.829069180322804 ], [ 11.386780199922351, 45.829083773319454 ], [ 11.38678538520317, 45.829108686805888 ], [ 11.386794096502596, 45.829149817797052 ], [ 11.386814510064319, 45.829196644675783 ], [ 11.386843226666612, 45.82926300950475 ], [ 11.386865068997256, 45.829313136721744 ], [ 11.386883459034879, 45.829327693545949 ], [ 11.386911028724803, 45.829349169008047 ], [ 11.387069400541474, 45.829322277422619 ], [ 11.387202051868858, 45.829311134364971 ], [ 11.387305768752727, 45.829312836784609 ], [ 11.387389848444574, 45.829312969454399 ], [ 11.387486019877361, 45.829312849366858 ], [ 11.387572998867896, 45.829341633414074 ], [ 11.387632278208383, 45.829385037497055 ], [ 11.387646501320742, 45.829413542288378 ], [ 11.38766418267338, 45.829447645146118 ], [ 11.38767378582674, 45.829518639619316 ], [ 11.387678328835314, 45.829549596958898 ], [ 11.38769308948652, 45.829927766145978 ], [ 11.387740252952932, 45.830295897216175 ], [ 11.387700272309969, 45.830429762775445 ], [ 11.387492725832306, 45.830751914704372 ], [ 11.38742255881526, 45.830815215941442 ], [ 11.387324768513402, 45.830900966131338 ], [ 11.38714345166, 45.830861102687415 ], [ 11.387075399075945, 45.830853434333626 ], [ 11.387031275964343, 45.830854356490121 ], [ 11.386964077176925, 45.830866651664792 ], [ 11.386909636374025, 45.830873189758456 ], [ 11.386862415493571, 45.830925120388564 ], [ 11.386927528330757, 45.830987484264639 ], [ 11.386977677453549, 45.831001017295478 ], [ 11.387102061626203, 45.831049361454525 ], [ 11.387234216096271, 45.831095742916588 ], [ 11.387329367899572, 45.831131916909492 ], [ 11.387369409038968, 45.831152951562181 ], [ 11.387424021992118, 45.831213644512545 ], [ 11.387453676874529, 45.831298890917964 ], [ 11.387506670216412, 45.831445123961572 ], [ 11.387515210286624, 45.831521361016307 ], [ 11.387526946451391, 45.831612112354783 ], [ 11.387502141551781, 45.831763661905491 ], [ 11.387459124411263, 45.831853667613395 ], [ 11.387395813494006, 45.831956878417728 ], [ 11.387333080974351, 45.832070607889527 ], [ 11.387296320672039, 45.832186494645761 ], [ 11.387243814102376, 45.832358694623849 ], [ 11.387247537854149, 45.83250595754577 ], [ 11.387293631319553, 45.832734690889069 ], [ 11.387303120360309, 45.832896324331578 ], [ 11.38720176357381, 45.833022201818544 ], [ 11.387096268251733, 45.833171747466992 ], [ 11.387018767693817, 45.833244292374459 ], [ 11.386894776981414, 45.833328699600337 ], [ 11.386745239784485, 45.833420931026687 ], [ 11.386691394186698, 45.833438437414976 ], [ 11.386576669490156, 45.833435434336067 ], [ 11.386433045051049, 45.833422054136967 ], [ 11.386249459069751, 45.833389527155596 ], [ 11.386088249516094, 45.833350322048268 ], [ 11.385917366952233, 45.833313748910797 ], [ 11.385664382171941, 45.833407779869738 ], [ 11.385593219681082, 45.833438878357541 ], [ 11.385494784338661, 45.833470546471588 ], [ 11.385360484670267, 45.833476501617874 ], [ 11.385212089207659, 45.833468979954937 ], [ 11.384939503055993, 45.833459911076368 ], [ 11.384922114755135, 45.833652618132959 ], [ 11.384907128227761, 45.833774979949901 ], [ 11.38489136894624, 45.833867205705566 ], [ 11.384893364522611, 45.834019365088061 ], [ 11.384913532835997, 45.834135772467981 ], [ 11.38492614661541, 45.834220025226671 ], [ 11.38502449400025, 45.834327869592784 ], [ 11.385096168430394, 45.834405128573081 ], [ 11.385135891397265, 45.834451822507425 ], [ 11.38524533060443, 45.834572125971327 ], [ 11.385302412157488, 45.834633308444239 ], [ 11.385374541884843, 45.834694086548751 ], [ 11.385414150959505, 45.834717021039836 ], [ 11.385513202747427, 45.834772016435231 ], [ 11.385559518862426, 45.8347922005782 ], [ 11.385628709828282, 45.834820367603768 ], [ 11.385681833424785, 45.83489738366427 ], [ 11.385656846829921, 45.83498458184846 ], [ 11.385597765320112, 45.835051340630784 ], [ 11.385547606897196, 45.835079840248419 ], [ 11.385441155006401, 45.835134897393218 ], [ 11.38540306918973, 45.835234970057407 ], [ 11.385592681460778, 45.835290864162012 ], [ 11.385641203905086, 45.835344574661917 ], [ 11.385694497247293, 45.835425547458669 ], [ 11.385807808416395, 45.835497796007381 ], [ 11.385904427298577, 45.835595234963456 ], [ 11.385983102366835, 45.835685578093511 ], [ 11.386014796247899, 45.835758271324529 ], [ 11.386043994133921, 45.835944244897028 ], [ 11.385979034558172, 45.836087362167575 ], [ 11.385934971137468, 45.836137966260722 ], [ 11.385834979986038, 45.836214670415337 ], [ 11.385739038574449, 45.836298760403551 ], [ 11.385696653043237, 45.836391632374287 ], [ 11.385675329315458, 45.836474163783691 ], [ 11.385689438788935, 45.83655721507715 ], [ 11.385716634834141, 45.836693366876816 ], [ 11.385704609052553, 45.836743391679086 ], [ 11.385633579438187, 45.836831911591389 ], [ 11.385451701562861, 45.836902855184555 ], [ 11.385269164126914, 45.836961391384925 ], [ 11.385131752003874, 45.836994143134007 ], [ 11.384937918804555, 45.83703545342135 ], [ 11.384836014637084, 45.83706746340372 ], [ 11.384774725583487, 45.837130847583317 ], [ 11.384694739122764, 45.837256906622699 ], [ 11.384621487761676, 45.837498393322178 ], [ 11.384605544502817, 45.837583332296902 ], [ 11.384544765459633, 45.837721951134419 ], [ 11.384370728861748, 45.837771577769473 ], [ 11.384285749395582, 45.837780822288323 ], [ 11.384107070673053, 45.837803183451925 ], [ 11.384029172418757, 45.837896796112737 ], [ 11.383957422799821, 45.838007741578998 ], [ 11.384001098342962, 45.838113757642923 ], [ 11.38404446420431, 45.838179367272772 ], [ 11.384143146630631, 45.838240671979356 ], [ 11.384168615056836, 45.83825508143525 ], [ 11.384246520079071, 45.838288197717411 ], [ 11.384324163825802, 45.838315198983622 ], [ 11.38442292845591, 45.838339239027732 ], [ 11.384659432967601, 45.838380294738712 ], [ 11.384737127003111, 45.83840846471773 ], [ 11.384694878324336, 45.838628152605743 ], [ 11.384670127761424, 45.838681773172851 ], [ 11.384678494934249, 45.838769084774349 ], [ 11.384733449785967, 45.838858753930758 ], [ 11.384821474455705, 45.838971944268835 ], [ 11.384889781009791, 45.839051613867859 ], [ 11.384877305942609, 45.839139360670671 ], [ 11.384712807958838, 45.839342969725159 ], [ 11.384564116924842, 45.839491614584603 ], [ 11.384371631168644, 45.839646033903051 ], [ 11.384045914478753, 45.839822765243305 ], [ 11.383876890489265, 45.839986864715875 ], [ 11.38373303862361, 45.840140357848092 ], [ 11.383535333155894, 45.840335477526594 ], [ 11.383429704589709, 45.840382955064932 ], [ 11.38329908488031, 45.8404422947726 ], [ 11.383097633793078, 45.840468369745466 ], [ 11.383097823923526, 45.840499958052497 ], [ 11.383143239660209, 45.840532132808775 ], [ 11.383202477826995, 45.840538187293703 ], [ 11.383273502949454, 45.840548856174898 ], [ 11.383430852744789, 45.840599756646952 ], [ 11.383462411436138, 45.840608998805727 ], [ 11.383638759074014, 45.840631330530115 ], [ 11.384080547988043, 45.840666482931105 ], [ 11.384645122509843, 45.840739213092498 ], [ 11.384861181884744, 45.840777725023749 ], [ 11.38501729623823, 45.840805697448303 ], [ 11.385184033529599, 45.840823097099936 ], [ 11.385324871661936, 45.840846167758116 ], [ 11.385648116111655, 45.840900710959986 ], [ 11.385856062492886, 45.840921119174517 ], [ 11.386069933659915, 45.840950583879007 ], [ 11.38638438702772, 45.841019349651802 ], [ 11.386607932058297, 45.841055181669262 ], [ 11.386735499421045, 45.841072047453167 ], [ 11.386840646605878, 45.841085601328146 ], [ 11.386976589064076, 45.841081500239987 ], [ 11.387093834834822, 45.841073829573745 ], [ 11.387211117299669, 45.841070028234654 ], [ 11.387353613501725, 45.841086671245179 ], [ 11.387511254039403, 45.841108127929054 ], [ 11.387715716781626, 45.841134365981119 ], [ 11.387886504167733, 45.841156087323292 ], [ 11.388045928710651, 45.841131962671476 ], [ 11.388222017688365, 45.841106049239009 ], [ 11.388276001976399, 45.841103660384491 ], [ 11.388369095896222, 45.841100363599153 ], [ 11.388437374053867, 45.84112503772004 ], [ 11.388526556230872, 45.841159715384919 ], [ 11.388572372456885, 45.841186119202256 ], [ 11.388627916028687, 45.841220150105777 ], [ 11.388659440467528, 45.841258643658819 ], [ 11.388696940250103, 45.841307362952563 ], [ 11.388739265695834, 45.841336449911665 ], [ 11.388789165430957, 45.84136798861946 ], [ 11.388833962252239, 45.841412684968255 ], [ 11.388859209702934, 45.841436908708488 ], [ 11.389029792800789, 45.841456832520578 ], [ 11.389113792879193, 45.84145768562491 ], [ 11.389229667466109, 45.841463092349407 ], [ 11.389400209892024, 45.841479056146959 ], [ 11.389513077334266, 45.841501446651456 ], [ 11.389590703362535, 45.841530874851976 ], [ 11.389639933527327, 45.841546766087284 ], [ 11.389758797577452, 45.841576861513467 ], [ 11.389835304337522, 45.841622244051528 ], [ 11.389853295336248, 45.84169351274879 ], [ 11.389888445597421, 45.841816626140591 ], [ 11.389916981945834, 45.841830430065585 ], [ 11.389999146597825, 45.84187560413941 ], [ 11.390046321615124, 45.841930690991305 ], [ 11.390097030017603, 45.841984083835065 ], [ 11.390114788100531, 45.84209198996021 ], [ 11.390163541280842, 45.84214182337498 ], [ 11.390193021772888, 45.84217765903373 ], [ 11.390250331679384, 45.842207781974224 ], [ 11.390347533985127, 45.842255251272121 ], [ 11.390455077296487, 45.842285582881367 ], [ 11.390532845180525, 45.84231527747864 ], [ 11.390599977955912, 45.84235824554758 ], [ 11.390636697932907, 45.842388709167111 ], [ 11.390642625500028, 45.842439888796939 ], [ 11.390667647622946, 45.84258805571109 ], [ 11.390785231139803, 45.842588204699915 ], [ 11.390977023892917, 45.842492923401792 ], [ 11.391084838430793, 45.84244242293461 ], [ 11.391171829864646, 45.842467963679404 ], [ 11.391220783740319, 45.842477379558233 ], [ 11.391348690834521, 45.842502063598772 ], [ 11.391438394716264, 45.842506755907571 ], [ 11.391583252020016, 45.842536305156941 ], [ 11.391690370055199, 45.84255368356628 ], [ 11.391917038713489, 45.84257503875935 ], [ 11.391999040224553, 45.842616344520309 ], [ 11.392066622596275, 45.842756869331382 ], [ 11.392127785845176, 45.842876827015175 ], [ 11.392134366562894, 45.842943203952302 ], [ 11.392118973597174, 45.843064765027528 ], [ 11.392071119416205, 45.843207167387 ], [ 11.391989026032455, 45.843337955889183 ], [ 11.392017236851377, 45.843431241797219 ], [ 11.392084355921455, 45.843515882259865 ], [ 11.392106101867972, 45.84354548896269 ], [ 11.392141357617058, 45.843583813363871 ], [ 11.392186564436912, 45.843595917474609 ], [ 11.392253590239145, 45.843591273393024 ], [ 11.39233551061484, 45.843585597277688 ], [ 11.392458069734236, 45.843572589402562 ], [ 11.392547216181923, 45.843564241545494 ], [ 11.392613486003579, 45.843541971852524 ], [ 11.392738661746174, 45.843502897005941 ], [ 11.39288401202487, 45.843585898093259 ], [ 11.392994185932849, 45.843677466540449 ], [ 11.393009981737912, 45.843742480256182 ], [ 11.392976274314826, 45.843911408527099 ], [ 11.392937476225409, 45.84405173133711 ], [ 11.392933365315788, 45.844130033029984 ], [ 11.392930072167056, 45.844185365995131 ], [ 11.392979810896684, 45.844213035979671 ], [ 11.393088826521357, 45.844274566417894 ], [ 11.393185814969881, 45.844316907456971 ], [ 11.393261321440566, 45.844338816986166 ], [ 11.393332980755261, 45.844358106936859 ], [ 11.393411322028872, 45.844268979044195 ], [ 11.393532554746008, 45.844183002627624 ], [ 11.393621196520666, 45.844162873695289 ], [ 11.393705706047818, 45.844175503632925 ], [ 11.393773260998564, 45.844183178493694 ], [ 11.393855612944158, 45.844190543142716 ], [ 11.393920458419345, 45.844180093402656 ], [ 11.394003455349967, 45.844157472292622 ], [ 11.394142199393492, 45.844128462251334 ], [ 11.394261722435516, 45.844131717168452 ], [ 11.394494804943577, 45.844180667625231 ], [ 11.394527092786872, 45.844187448461213 ], [ 11.394607141627034, 45.844183160007979 ], [ 11.39474683496972, 45.84417627088952 ], [ 11.39492632929165, 45.844142535195452 ], [ 11.395182821867067, 45.844162448496036 ], [ 11.395413619498319, 45.844192800824381 ], [ 11.395569175369557, 45.844210419812299 ], [ 11.395762319560371, 45.844233640575865 ], [ 11.395965254517199, 45.844265926343297 ], [ 11.396189523627703, 45.844321165820077 ], [ 11.39627612392411, 45.844208551032814 ], [ 11.396336395464703, 45.844178574438992 ], [ 11.396465413163387, 45.844142025082128 ], [ 11.396517690065263, 45.844144798463965 ], [ 11.396635612803875, 45.844152764901494 ], [ 11.396762521414104, 45.844154062134585 ], [ 11.396895685364415, 45.84417205914044 ], [ 11.396986732831971, 45.844207951130535 ], [ 11.397045971772725, 45.844264852077792 ], [ 11.397128709799823, 45.844353122041916 ], [ 11.397396534232206, 45.844393944066816 ], [ 11.397547043753097, 45.844416976634669 ], [ 11.397689572294244, 45.84434719989811 ], [ 11.397840085156981, 45.844175548160131 ], [ 11.397908103633629, 45.844113095792956 ], [ 11.398012689867926, 45.844032504371398 ], [ 11.398106665742885, 45.843995698811675 ], [ 11.398453865491039, 45.843854838857972 ], [ 11.398504282335036, 45.843868271122666 ], [ 11.398522129269173, 45.843896968427387 ], [ 11.398546588346711, 45.843980610798056 ], [ 11.398554950829288, 45.844079262294166 ], [ 11.398560781241702, 45.844310726383071 ], [ 11.398626300526074, 45.844675406613341 ], [ 11.398663989783705, 45.84468334570203 ], [ 11.398743315648911, 45.844694341737259 ], [ 11.3987728186771, 45.844698431388537 ], [ 11.398909480727802, 45.844686920527366 ], [ 11.399009071146525, 45.844684828767228 ], [ 11.399210379714761, 45.844628306530502 ], [ 11.399288004959704, 45.844597603835936 ], [ 11.399369500038738, 45.844561059391722 ], [ 11.399454490727392, 45.844506980184562 ], [ 11.399542099851772, 45.84451378025976 ], [ 11.399643067884215, 45.844540731123367 ], [ 11.399732176893242, 45.844585392246955 ], [ 11.399788337819512, 45.844633535765077 ], [ 11.399831023770933, 45.844658830787729 ], [ 11.399903155581081, 45.844695027865917 ], [ 11.399966059398915, 45.844705316981951 ], [ 11.400061659966321, 45.844706278329049 ], [ 11.400114078223499, 45.844766201207563 ], [ 11.400105466020166, 45.844856388574023 ], [ 11.400039326483817, 45.844959485671303 ], [ 11.400001387038678, 45.845044528901418 ], [ 11.399967688688063, 45.845132363203987 ], [ 11.399876624074341, 45.845377564036347 ], [ 11.399939103829503, 45.845467787738997 ], [ 11.400056920830963, 45.845601941837415 ], [ 11.400071413275537, 45.845696324034492 ], [ 11.400169510276163, 45.84573431550622 ], [ 11.400257502298089, 45.845779899781832 ], [ 11.400332962803311, 45.845836548099712 ], [ 11.400360808992684, 45.845876105737418 ], [ 11.400304604746982, 45.845964683158329 ], [ 11.400037467774331, 45.846239416027245 ], [ 11.399937640443225, 45.846403705192678 ], [ 11.399962087410035, 45.846486987492447 ], [ 11.40003844132927, 45.846567378883925 ], [ 11.400194725090495, 45.846682543255397 ], [ 11.400303307160781, 45.846784578808794 ], [ 11.400507842096184, 45.8469315810258 ], [ 11.400744457943585, 45.847099780056212 ], [ 11.400894451006174, 45.847191403993321 ], [ 11.400961608666089, 45.847297459930452 ], [ 11.40094101125444, 45.847363507554988 ], [ 11.401004345443317, 45.847440571749686 ], [ 11.401084096751907, 45.847477147947096 ], [ 11.401199196010039, 45.847502358697845 ], [ 11.40121307491051, 45.847505398651506 ], [ 11.401510665336009, 45.847354681650963 ], [ 11.401653322225574, 45.847356632431726 ], [ 11.401739321209485, 45.847364814814959 ], [ 11.4018708284827, 45.847436844698535 ], [ 11.401981618617677, 45.847524251177717 ], [ 11.402243134151963, 45.847797951072572 ], [ 11.402347278291234, 45.847895487669952 ], [ 11.402501863755182, 45.848006904248976 ], [ 11.402632752277183, 45.848017162904249 ], [ 11.402652158140365, 45.848018683865263 ], [ 11.402850020157, 45.847974648601912 ], [ 11.402972523892146, 45.848002043495057 ], [ 11.403152887756473, 45.848048112274512 ], [ 11.403533031759654, 45.847765863768593 ], [ 11.403663810665597, 45.847817925537861 ], [ 11.403727897897928, 45.84798110845928 ], [ 11.403748492825017, 45.848130265707091 ], [ 11.403746995718597, 45.848259906419557 ], [ 11.403721872913774, 45.848504802469208 ], [ 11.403782523894805, 45.848588222054211 ], [ 11.403973412480019, 45.848878435354578 ], [ 11.404135178841704, 45.849123448073946 ], [ 11.404212861786624, 45.8492135293967 ], [ 11.404411134327718, 45.84945084279952 ], [ 11.404618287539579, 45.849687968831027 ], [ 11.404714749224249, 45.849896912907049 ], [ 11.404755810207527, 45.850036728391899 ], [ 11.404731767069077, 45.850190065415077 ], [ 11.40477459721059, 45.85063379507298 ], [ 11.404760608660325, 45.851250363177222 ], [ 11.404745430377165, 45.851459947496458 ], [ 11.40467355660474, 45.851857218646224 ], [ 11.404511275374983, 45.852126333861683 ], [ 11.404375352969303, 45.852352591001242 ], [ 11.404297216289045, 45.852416430215669 ], [ 11.404003766293769, 45.852648702925364 ], [ 11.403764994953935, 45.852834730997209 ], [ 11.403464653961437, 45.85309549935473 ], [ 11.403016635237334, 45.853450460409604 ], [ 11.402916118125328, 45.853559952710114 ], [ 11.402784670927245, 45.853701957788246 ], [ 11.402721910868928, 45.853752061498156 ], [ 11.402534331615323, 45.853876795828093 ], [ 11.402391414202949, 45.854003740628798 ], [ 11.402312663045995, 45.854086312702378 ], [ 11.402401095375964, 45.85411784507118 ], [ 11.402499488205764, 45.854147367648686 ], [ 11.402541269450909, 45.854148468963828 ], [ 11.402586111223137, 45.854151845977746 ], [ 11.402618349913917, 45.854152697953637 ], [ 11.402650455989896, 45.854153462699195 ], [ 11.40271496514576, 45.854152915746496 ], [ 11.402766257011786, 45.854156517022631 ], [ 11.40282093063086, 45.854157887067387 ], [ 11.402939952820443, 45.854160963475557 ], [ 11.402966371877891, 45.854160918922481 ], [ 11.403023671826547, 45.854160822270863 ], [ 11.403098205065772, 45.854153763721726 ], [ 11.403111133078371, 45.854151871617184 ], [ 11.403143367884942, 45.854152633489711 ], [ 11.403178702943189, 45.854153600117293 ], [ 11.403258651778206, 45.854164608853999 ], [ 11.40327445201611, 45.854169586751908 ], [ 11.403296149436988, 45.854185871393632 ], [ 11.403354956228824, 45.854232337364955 ], [ 11.403478564251158, 45.854323882895862 ], [ 11.403583969869354, 45.854396550092169 ], [ 11.403646069544735, 45.854438716312913 ], [ 11.403757765251585, 45.854513861113965 ], [ 11.403898186027652, 45.854592001465846 ], [ 11.403974244592289, 45.854614342300849 ], [ 11.404105530042434, 45.854626970084269 ], [ 11.404150504837695, 45.854630433745584 ], [ 11.40438676028149, 45.854609979514024 ], [ 11.404474899472303, 45.854589852800267 ], [ 11.404596054025799, 45.854552739724042 ], [ 11.404710694885857, 45.854519904069932 ], [ 11.40483181356878, 45.854484951664091 ], [ 11.404959221729742, 45.854452476943869 ], [ 11.405135021700948, 45.854419073073515 ], [ 11.405236252608226, 45.854394889827219 ], [ 11.405378448116604, 45.854328980921643 ], [ 11.405526936859689, 45.854265639439504 ], [ 11.405678258307372, 45.854211238749429 ], [ 11.405831841987544, 45.854170471180524 ], [ 11.405884840884799, 45.854144963131425 ], [ 11.405977746285897, 45.854098002924033 ], [ 11.406061204198531, 45.854044041231646 ], [ 11.406161103874371, 45.853986042800393 ], [ 11.4062467251443, 45.85395237678555 ], [ 11.406377164183121, 45.853924516905387 ], [ 11.406454957138852, 45.853915407361349 ], [ 11.406535939607192, 45.853908570744004 ], [ 11.406629020185417, 45.853913449999098 ], [ 11.406724613271553, 45.853931777221902 ], [ 11.406781329634763, 45.853953623690813 ], [ 11.40687031633829, 45.853974070135394 ], [ 11.40698902524605, 45.853981829255495 ], [ 11.407145589432185, 45.854004181517254 ], [ 11.407189730591531, 45.854021162488415 ], [ 11.407230133998855, 45.854047042843774 ], [ 11.407278506357992, 45.854102367270031 ], [ 11.407299019236197, 45.854138927561507 ], [ 11.407346174537834, 45.85421677918923 ], [ 11.407383654782736, 45.854294294759093 ], [ 11.407427837323166, 45.854398760885537 ], [ 11.407440462570746, 45.85442864685745 ], [ 11.407462658951191, 45.854492263499132 ], [ 11.407527455223391, 45.854599805349984 ], [ 11.407604667054786, 45.854714465977516 ], [ 11.407631982863286, 45.854744492317749 ], [ 11.407710188774498, 45.854843380834261 ], [ 11.407762464271205, 45.854887642041298 ], [ 11.407852780023889, 45.854941812029338 ], [ 11.407902631704038, 45.854956782171548 ], [ 11.407960442421819, 45.854974104693817 ], [ 11.408052300104806, 45.855001330162203 ], [ 11.408205129938578, 45.855032580351107 ], [ 11.408298016683903, 45.855041872583371 ], [ 11.40842337010548, 45.855045349845362 ], [ 11.408552077320474, 45.855048936227895 ], [ 11.408662494383808, 45.855031666731627 ], [ 11.408718201533061, 45.855015190852292 ], [ 11.408807208075755, 45.854979381384567 ], [ 11.40888418655353, 45.854927534379499 ], [ 11.408920902865827, 45.85490380840664 ], [ 11.409026414352381, 45.854859460056034 ], [ 11.409097726424319, 45.854852375596558 ], [ 11.409158694382096, 45.854856309992094 ], [ 11.40937045624244, 45.8548711944796 ], [ 11.409482912904048, 45.854874312591846 ], [ 11.409616377807444, 45.854850885490862 ], [ 11.409689265917523, 45.854814695320286 ], [ 11.409823470107897, 45.854775591350908 ], [ 11.409941012640312, 45.854747369453648 ], [ 11.410086896671318, 45.854731150372224 ], [ 11.410183712187148, 45.854727037257554 ], [ 11.410358129384612, 45.854718316285975 ], [ 11.410590836872618, 45.854702244333744 ], [ 11.410703773791289, 45.8546986005951 ], [ 11.410822567457647, 45.854699333433388 ], [ 11.410916367777904, 45.854699963722503 ], [ 11.411041528806066, 45.854707942451149 ], [ 11.411220887276976, 45.854724137593692 ], [ 11.411319868385435, 45.854740319221108 ], [ 11.41150445767304, 45.854779175073901 ], [ 11.411600217772103, 45.854795334514506 ], [ 11.411791445286187, 45.854829819417908 ], [ 11.411896908394068, 45.854843973549691 ], [ 11.412066373129745, 45.854866676699253 ], [ 11.412197820775056, 45.854877041648422 ], [ 11.412396362659093, 45.854895980007001 ], [ 11.412636147128946, 45.854927367723256 ], [ 11.412758243853077, 45.854932979184944 ], [ 11.412858604792465, 45.854924468581885 ], [ 11.41292111221667, 45.854901456589452 ], [ 11.412983651129684, 45.854876193711625 ], [ 11.413046506207598, 45.854846333761259 ], [ 11.41308574252443, 45.854836234181072 ], [ 11.413307520686498, 45.854796805918575 ], [ 11.413326563472561, 45.854793343372606 ], [ 11.413442209738738, 45.854798730331147 ], [ 11.41352101706148, 45.854827937247791 ], [ 11.413620853330455, 45.854884691687204 ], [ 11.413715574372779, 45.854975036478194 ], [ 11.413782242093022, 45.855051123007357 ], [ 11.413845751501556, 45.855122685954562 ], [ 11.413900226088137, 45.855184899134358 ], [ 11.413945353493549, 45.855242449531119 ], [ 11.413967088675086, 45.855268451993069 ], [ 11.414032274853886, 45.855348980015577 ], [ 11.414063076078667, 45.8553880218101 ], [ 11.414080791062519, 45.855410418960055 ], [ 11.414129335329696, 45.855463576727473 ], [ 11.414196738546622, 45.855523896372596 ], [ 11.414277362555206, 45.855580156258995 ], [ 11.414383998796614, 45.855630285846217 ], [ 11.414480621489174, 45.855666316058702 ], [ 11.414573504838602, 45.855696304723757 ], [ 11.414630737497069, 45.855709135779961 ], [ 11.414723103056406, 45.855727164484776 ], [ 11.414764545787381, 45.85573528891949 ], [ 11.414952334400587, 45.855776501724833 ], [ 11.41506696001173, 45.855799909834779 ], [ 11.415238494596069, 45.855840565835138 ], [ 11.415263967901913, 45.855845787558771 ], [ 11.415494906976299, 45.855919659325309 ], [ 11.415660033495795, 45.855987812105937 ], [ 11.415860289553116, 45.856067012373899 ], [ 11.415996788740157, 45.856125509411704 ], [ 11.416118067357276, 45.856177577816396 ], [ 11.416177983462232, 45.856201782131905 ], [ 11.416203133165801, 45.856211420818937 ], [ 11.4162738399807, 45.856237917027578 ], [ 11.416319927683412, 45.856255123269285 ], [ 11.416423700793898, 45.856298561015258 ], [ 11.416467491314883, 45.856322206318531 ], [ 11.416508060596641, 45.856345829689495 ], [ 11.416594494612353, 45.85641123566036 ], [ 11.416678183543958, 45.856469769147274 ], [ 11.416718753025087, 45.856493392512164 ], [ 11.416818755423304, 45.85654789045757 ], [ 11.416862901368381, 45.856564867548748 ], [ 11.41695696874919, 45.856610220349516 ], [ 11.416969545645092, 45.856615084568055 ], [ 11.417013340532836, 45.856638819517563 ], [ 11.41712218423042, 45.856707081093518 ], [ 11.417130509900225, 45.856729766507584 ], [ 11.417134880803165, 45.856768196743374 ], [ 11.417136085079504, 45.856801923589011 ], [ 11.417137933123282, 45.856826726212269 ], [ 11.417149132893501, 45.856856281307444 ], [ 11.417160816411329, 45.856879165680276 ], [ 11.417181719199315, 45.856906715237066 ], [ 11.417230938756189, 45.856948606608192 ], [ 11.417315331450576, 45.856993623827499 ], [ 11.417435193744074, 45.857039690362562 ], [ 11.417559494662694, 45.857063341268905 ], [ 11.417703685265177, 45.85707631028879 ], [ 11.417819340400284, 45.857081782594342 ], [ 11.41794811491163, 45.857080856716685 ], [ 11.418028780359641, 45.857078518903911 ], [ 11.418160904844099, 45.857077611859857 ], [ 11.418234612849782, 45.857084151855886 ], [ 11.418381837761109, 45.857101736100937 ], [ 11.418448775563476, 45.857112559617917 ], [ 11.418525194007183, 45.857128132740321 ], [ 11.418566470602098, 45.857138329438854 ], [ 11.418724861283151, 45.857187629073941 ], [ 11.418771753904853, 45.857211477774648 ], [ 11.418799236722323, 45.857239247731805 ], [ 11.418829270211226, 45.857278304492546 ], [ 11.418867825191832, 45.857335632075134 ], [ 11.418873059038486, 45.857358292787005 ], [ 11.418880172963819, 45.85740350534855 ], [ 11.418883741866532, 45.857453113242933 ], [ 11.418880829127943, 45.857504748543128 ], [ 11.418863775419588, 45.857580804971739 ], [ 11.418836597537807, 45.857661036123389 ], [ 11.418826856025678, 45.857721546612012 ], [ 11.418816474935614, 45.857791071346128 ], [ 11.418811553463202, 45.85782015757141 ], [ 11.418806249890801, 45.857858252571738 ], [ 11.418830340620616, 45.857944418471817 ], [ 11.418853768011607, 45.85798559522614 ], [ 11.418934552922751, 45.858095852199227 ], [ 11.418997175726071, 45.858185342242756 ], [ 11.419038921728148, 45.858244942346239 ], [ 11.419080862858976, 45.858300127942883 ], [ 11.419157721555782, 45.858423788870823 ], [ 11.419141241109839, 45.858486332285722 ], [ 11.419106025026043, 45.85854162194947 ], [ 11.419053535911226, 45.858614468650302 ], [ 11.418998460917894, 45.858678189463149 ], [ 11.41893336287888, 45.858748422996939 ], [ 11.418899039259278, 45.858785692413264 ], [ 11.418850094797065, 45.858854143726532 ], [ 11.418833933692845, 45.858912180012013 ], [ 11.418821192802294, 45.858965913517473 ], [ 11.418808927680823, 45.859012796530621 ], [ 11.418802953326018, 45.859062156455643 ], [ 11.418794249841154, 45.859214901420827 ], [ 11.418795549336274, 45.859307220355504 ], [ 11.418830849330767, 45.859366687037848 ], [ 11.418883328802679, 45.859406438474835 ], [ 11.418959239803938, 45.859431022602493 ], [ 11.418987585574648, 45.859443023143605 ], [ 11.419080637995721, 45.859506396941796 ], [ 11.419156670965812, 45.859587232269369 ], [ 11.419244447643084, 45.859686360149205 ], [ 11.419373945030951, 45.859847428586349 ], [ 11.419439476290146, 45.859941537145978 ], [ 11.419511263631879, 45.860040283420339 ], [ 11.419592243903876, 45.860146035440515 ], [ 11.419643153749602, 45.860214891802528 ], [ 11.419691547755948, 45.860270300544855 ], [ 11.419817349064772, 45.860381763297916 ], [ 11.419918700338803, 45.860470072298767 ], [ 11.419962335819839, 45.860495969665081 ], [ 11.420009040714778, 45.860524322128377 ], [ 11.420065573997865, 45.860550576190121 ], [ 11.420121982564309, 45.860576922894346 ], [ 11.420166128811545, 45.860593808744078 ], [ 11.420216920760243, 45.860606503438184 ], [ 11.420271062894173, 45.860619217151189 ], [ 11.420322045782934, 45.860627407446358 ], [ 11.420392151426393, 45.860642843024131 ], [ 11.420471161410564, 45.860667540479739 ], [ 11.420515116901456, 45.860688930552293 ], [ 11.42057117504573, 45.860722034952239 ], [ 11.420598816412861, 45.860747460908513 ], [ 11.420616660695064, 45.860772734533747 ], [ 11.420704254871296, 45.860876455469587 ], [ 11.420814961206649, 45.86096951575356 ], [ 11.420877081166497, 45.861011672121023 ], [ 11.420958612033795, 45.861049906771569 ], [ 11.421056940574378, 45.86107743465238 ], [ 11.421105177990874, 45.861078752306426 ], [ 11.421163087745189, 45.861080314953185 ], [ 11.421227830234601, 45.861073092072452 ], [ 11.4212940767191, 45.861041175643031 ], [ 11.421337717823219, 45.861010818438636 ], [ 11.421394291768737, 45.860978656919237 ], [ 11.421450861798975, 45.860946405473356 ], [ 11.421520204720457, 45.86091460320992 ], [ 11.421582200733971, 45.860900507965859 ], [ 11.421657289351243, 45.860882354735153 ], [ 11.421699749737366, 45.86087227385719 ], [ 11.421751531873406, 45.860869195774015 ], [ 11.421906266408875, 45.860866634896773 ], [ 11.421999359487637, 45.860871501334756 ], [ 11.422137269643201, 45.860881987775116 ], [ 11.422386757069528, 45.860913599315367 ], [ 11.422903733835209, 45.860999750532443 ], [ 11.423079220046976, 45.861027079908261 ], [ 11.423206597777876, 45.861053089545855 ], [ 11.423260775993231, 45.861063640934191 ], [ 11.423330399858797, 45.861085745375476 ], [ 11.42340934970394, 45.861114942422724 ], [ 11.42346911062733, 45.861141306351549 ], [ 11.423557954816818, 45.861163992937627 ], [ 11.423663241752585, 45.861182640234183 ], [ 11.423826823984504, 45.861193929942672 ], [ 11.423913786102275, 45.861194064630027 ], [ 11.423955572701454, 45.861195157978592 ], [ 11.424067980414438, 45.861202763035344 ], [ 11.424148012647526, 45.861209435049233 ], [ 11.424240752288572, 45.861220967601596 ], [ 11.424307828701618, 45.861231874789738 ], [ 11.424355552375502, 45.861242112558891 ], [ 11.424406345783266, 45.861254805418078 ], [ 11.424517889535968, 45.861278089456519 ], [ 11.424645268488284, 45.861304097486617 ], [ 11.424740723893006, 45.86132475264376 ], [ 11.424795408575999, 45.861326201878377 ], [ 11.424850127972856, 45.861325490215144 ], [ 11.424911613768801, 45.861320404565703 ], [ 11.424990082886204, 45.861300017290922 ], [ 11.425110696611341, 45.861274144814757 ], [ 11.425450402964611, 45.861191146171102 ], [ 11.425877455167543, 45.861099360951165 ], [ 11.425946634224555, 45.861084570693137 ], [ 11.425955094728701, 45.861092491536503 ], [ 11.426009308883382, 45.861133462978721 ], [ 11.426264126801232, 45.861325974040234 ], [ 11.426490478127045, 45.861539250688267 ], [ 11.426588586244284, 45.861685946742952 ], [ 11.426656080424006, 45.861975773015097 ], [ 11.426610308969103, 45.862217602192501 ], [ 11.42658219033032, 45.86248911840633 ], [ 11.426540183454463, 45.862663542893415 ], [ 11.42646500464318, 45.862969721205559 ], [ 11.426493678790623, 45.863146064336881 ], [ 11.426477818058462, 45.863314442948884 ], [ 11.426345558453303, 45.863605632600937 ], [ 11.426175080600697, 45.863888993342492 ], [ 11.426046013847827, 45.864407560615874 ], [ 11.42584721878997, 45.865079449131684 ], [ 11.425738866555569, 45.865461306525198 ], [ 11.425672205382082, 45.86567324677597 ], [ 11.425506636472512, 45.865983774106112 ], [ 11.425057069288181, 45.86630222147334 ], [ 11.424458942034136, 45.866801222753672 ], [ 11.423903871417572, 45.867161777668464 ], [ 11.42336520656611, 45.867633139433742 ], [ 11.423139811160897, 45.868031968489426 ], [ 11.423014328883703, 45.868349292089142 ], [ 11.422893519860535, 45.869032031452193 ], [ 11.422800474929815, 45.869197546320663 ], [ 11.422737216119206, 45.869280613774151 ], [ 11.422668155098377, 45.869390266005915 ], [ 11.422388099076642, 45.869800513552953 ], [ 11.422296215426975, 45.870034318049512 ], [ 11.422261090818859, 45.870207424737806 ], [ 11.422276687352058, 45.870367664936694 ], [ 11.42231172653872, 45.870586896842674 ], [ 11.422274280363702, 45.870706589050897 ], [ 11.422168478561954, 45.870815850118447 ], [ 11.422003333139484, 45.870932309876551 ], [ 11.421828659489881, 45.871025209774146 ], [ 11.421485610953891, 45.871163261994617 ], [ 11.421134193304662, 45.871301490562082 ], [ 11.421060806300666, 45.871373970986809 ], [ 11.420761790121912, 45.871641866585385 ], [ 11.420765242794108, 45.871721358813737 ], [ 11.420556531048002, 45.872012631599382 ], [ 11.420454567966287, 45.872162942470915 ], [ 11.42033151818813, 45.872367703687409 ], [ 11.420261301416502, 45.872465768124798 ], [ 11.420105789634722, 45.872655916014018 ], [ 11.419971855408729, 45.872805913763685 ], [ 11.419743427630435, 45.87298455503651 ], [ 11.419590947286972, 45.873048719359844 ], [ 11.419397114173867, 45.873184324284864 ], [ 11.419209494342669, 45.87332060724934 ], [ 11.419125690595601, 45.873399607495045 ], [ 11.419043852560433, 45.873473435639966 ], [ 11.41890978421225, 45.873593732949075 ], [ 11.418807581063467, 45.873806961625142 ], [ 11.418706767742927, 45.874123487769403 ], [ 11.418597600961565, 45.874428669914394 ], [ 11.418492500103513, 45.87461081748787 ], [ 11.418420760646182, 45.87476894707769 ], [ 11.418249472113265, 45.874987778290247 ], [ 11.418105485723949, 45.875108284569073 ], [ 11.418030841576712, 45.875187630059415 ], [ 11.418010376239227, 45.875211914965334 ], [ 11.417772772924936, 45.875541776651737 ], [ 11.417654738742442, 45.875725907338825 ], [ 11.4176437529414, 45.875754851826258 ], [ 11.417540944360413, 45.875957291365673 ], [ 11.417425428758355, 45.876154959410322 ], [ 11.417160138425986, 45.876526988540945 ], [ 11.417068882608726, 45.876686880382351 ], [ 11.416859808553255, 45.877098401836491 ], [ 11.416759540248458, 45.877451637002792 ], [ 11.416588271147887, 45.877742560028437 ], [ 11.416461410665494, 45.877975929469713 ], [ 11.41627707667033, 45.878268748483841 ], [ 11.41598495207289, 45.87859291918766 ], [ 11.415664469895621, 45.87887538604631 ], [ 11.415502959376461, 45.879189502509959 ], [ 11.415451865277051, 45.879318841622464 ], [ 11.415226598907108, 45.879520808320223 ], [ 11.414781977441748, 45.879731192612049 ], [ 11.414574651943582, 45.879895246202835 ], [ 11.414021866280319, 45.880312947648804 ], [ 11.413592351473989, 45.880705720149436 ], [ 11.412727414083911, 45.881566539856159 ], [ 11.412498315541596, 45.881829246121846 ], [ 11.412437828485869, 45.881917469435201 ], [ 11.412320195344481, 45.88207584424034 ], [ 11.411573965182122, 45.882756296162405 ], [ 11.411353223558732, 45.882965180004234 ], [ 11.411235197580337, 45.883135442761166 ], [ 11.410971159662678, 45.883308787444008 ], [ 11.410735256508318, 45.883408632940522 ], [ 11.409832977730634, 45.884281109159858 ], [ 11.409654700962257, 45.88450367475842 ], [ 11.409524661792513, 45.884637736699403 ], [ 11.409353218406379, 45.884779962346798 ], [ 11.40889766898459, 45.885230869746962 ], [ 11.408794710122864, 45.88538623113768 ], [ 11.408579305425564, 45.88571902513155 ], [ 11.407979793148225, 45.886468363863038 ], [ 11.407748484131684, 45.886794201050229 ], [ 11.407674131624383, 45.886886944319428 ], [ 11.407533178003337, 45.887010253307139 ], [ 11.407397662634066, 45.88713713768243 ], [ 11.407338544497501, 45.887218578939795 ], [ 11.407330582211575, 45.887496594891502 ], [ 11.407188767765113, 45.887817754539945 ], [ 11.40708766647557, 45.88794175313523 ], [ 11.407017767166096, 45.888036202239036 ], [ 11.40691190784341, 45.888163451138638 ], [ 11.406801920190176, 45.888287636728847 ], [ 11.406663605450367, 45.888439330850218 ], [ 11.406616376214286, 45.888512600676428 ], [ 11.40653942799514, 45.888628889437165 ], [ 11.406495804301548, 45.888782638502441 ], [ 11.406443388410713, 45.888938732937604 ], [ 11.406474497062206, 45.889118809283502 ], [ 11.406488633392792, 45.889207347241999 ], [ 11.406470587310613, 45.889302773641333 ], [ 11.406434725646067, 45.889531784008938 ], [ 11.40641779769112, 45.889656078729828 ], [ 11.406428741151004, 45.890139089614998 ], [ 11.406371012960344, 45.890724173775581 ], [ 11.40628989954639, 45.891358713646376 ], [ 11.40620082132722, 45.89192528677485 ], [ 11.406173410808609, 45.892472289549005 ], [ 11.406079029471716, 45.89304446460001 ], [ 11.406002162301064, 45.893628241302075 ], [ 11.405812447435116, 45.894356874057188 ], [ 11.405714470514519, 45.894845959010759 ], [ 11.405538071306768, 45.895307083531094 ], [ 11.405396012662118, 45.895957486760906 ], [ 11.405322292424577, 45.896220415958425 ], [ 11.405311184654167, 45.896357188603375 ], [ 11.405337413584709, 45.896570489948211 ], [ 11.40535433346388, 45.896962198762594 ], [ 11.405356084110664, 45.897199687115744 ], [ 11.405682361806226, 45.898844061165107 ], [ 11.405716271827847, 45.899130645292047 ], [ 11.405559790145643, 45.899486133307086 ], [ 11.405448849413999, 45.900660074147474 ], [ 11.404947401872558, 45.903352892806588 ], [ 11.404382973446753, 45.905104944767466 ], [ 11.404015472402854, 45.906455924171119 ], [ 11.40386835706383, 45.908871080902429 ], [ 11.403624317476517, 45.910033328416532 ], [ 11.403138694806451, 45.910516075603816 ], [ 11.401784417322956, 45.910879740492021 ], [ 11.400814555997725, 45.911170146180957 ], [ 11.40064296813304, 45.911311371044263 ], [ 11.401002593485115, 45.911801813038892 ], [ 11.401830306805785, 45.91258852120292 ], [ 11.402852482683874, 45.913673641392563 ], [ 11.403017196339183, 45.914752852853759 ], [ 11.402790193571125, 45.915638602167505 ], [ 11.39979049964847, 45.91675571714746 ], [ 11.397977823753932, 45.917558022065492 ], [ 11.398736777691258, 45.918124692072702 ], [ 11.399475377522789, 45.919080248148042 ], [ 11.400032539646057, 45.920125116874381 ], [ 11.400401360257144, 45.921066564286647 ], [ 11.400763656141422, 45.92210157320963 ], [ 11.401708902946421, 45.924119515006886 ], [ 11.403210474691869, 45.925707220429672 ], [ 11.404337319306729, 45.926987415155004 ], [ 11.404917122732286, 45.927904514899993 ], [ 11.40589967008877, 45.928980719501496 ], [ 11.406988886629557, 45.930470312500582 ], [ 11.407424281172391, 45.931452365645633 ], [ 11.407490824834545, 45.931809634348646 ], [ 11.407611458993699, 45.932400316748087 ], [ 11.40757175351626, 45.932832909060522 ], [ 11.40754933736193, 45.934046292772464 ], [ 11.407513802129502, 45.93526652319462 ], [ 11.407305701038748, 45.936195533060435 ], [ 11.407088626347742, 45.937206456233447 ], [ 11.406801720231231, 45.938007967943832 ], [ 11.406226124138461, 45.93952858181072 ], [ 11.405971450393411, 45.940607438197723 ], [ 11.405832035211686, 45.94093340319418 ], [ 11.405169003144112, 45.942160815570865 ], [ 11.404514734858092, 45.943767500998511 ], [ 11.404083184398884, 45.944438932120903 ], [ 11.404135406997684, 45.944465104574661 ], [ 11.404246562980356, 45.944517488171506 ], [ 11.404285764717526, 45.944534934161929 ], [ 11.404344763666558, 45.944565644099363 ], [ 11.40441697831489, 45.944609576685821 ], [ 11.404600419130613, 45.944710481339193 ], [ 11.404796363368556, 45.944793211309346 ], [ 11.40495369193502, 45.944880984314224 ], [ 11.40516975670096, 45.944990381621871 ], [ 11.405326631722586, 45.945064662916742 ], [ 11.405411741740169, 45.945108413305761 ], [ 11.405477447152256, 45.945147981975715 ], [ 11.405542892471512, 45.94517855565369 ], [ 11.405601434086387, 45.945195683834633 ], [ 11.405686093665993, 45.945226032775899 ], [ 11.4057969267177, 45.945264920929816 ], [ 11.405855212095174, 45.945273143833951 ], [ 11.40596533010366, 45.945289545685888 ], [ 11.406373118700186, 45.945342249354432 ], [ 11.406722820833179, 45.945391315156293 ], [ 11.407001343558139, 45.945432339219501 ], [ 11.407105211820655, 45.945453371821813 ], [ 11.407144154594656, 45.945461821766514 ], [ 11.407299730852008, 45.945491125015678 ], [ 11.407364656498329, 45.945503707632945 ], [ 11.407520944961709, 45.945555406850787 ], [ 11.407553248032004, 45.945559496335136 ], [ 11.407697557108968, 45.945638449355044 ], [ 11.408009684149398, 45.945728445571874 ], [ 11.408250507753225, 45.945801583072999 ], [ 11.408571887513199, 45.945985978030066 ], [ 11.408722188801017, 45.946051302622493 ], [ 11.408781323493191, 45.946091007991299 ], [ 11.408939374411567, 45.946201171550527 ], [ 11.409013546990723, 45.946328854608872 ], [ 11.409027622314095, 45.946352949175683 ], [ 11.409075292356363, 45.946437718785639 ], [ 11.409122250049341, 45.946500091998701 ], [ 11.409163019449471, 45.946571506291846 ], [ 11.409170834647181, 45.946620844237543 ], [ 11.40919936046053, 45.946710427794663 ], [ 11.409262342898831, 45.946880559177792 ], [ 11.409348829029527, 45.946973780439656 ], [ 11.409388750550354, 45.947013710694669 ], [ 11.40943544426124, 45.947066998859604 ], [ 11.409462015790083, 45.947093619907349 ], [ 11.409575467854619, 45.947222544323573 ], [ 11.409635122444946, 45.947280149254105 ], [ 11.409872831724883, 45.947465765413682 ], [ 11.409984847956197, 45.947549627125653 ], [ 11.410050886447529, 45.947602686921201 ], [ 11.41019579247803, 45.947704125508963 ], [ 11.410300581307736, 45.947761137786273 ], [ 11.410366098379756, 45.947796207438266 ], [ 11.410418588753425, 45.947822461351684 ], [ 11.410484105967887, 45.947857530859487 ], [ 11.410715830731144, 45.948065682832322 ], [ 11.41078831595666, 45.948118606191706 ], [ 11.410979336411472, 45.94825093233203 ], [ 11.411032025895244, 45.948290682535934 ], [ 11.411103989479605, 45.94832561562427 ], [ 11.411234437500159, 45.948373265043742 ], [ 11.411665968068428, 45.948574047109567 ], [ 11.411856340792834, 45.948688384418752 ], [ 11.412078360426856, 45.94877973183975 ], [ 11.412189860028862, 45.948845601296156 ], [ 11.412255835957126, 45.948894160842308 ], [ 11.412407456159315, 45.949004455297285 ], [ 11.412585065593914, 45.949127881492323 ], [ 11.412999487035503, 45.949400933872482 ], [ 11.413801969998186, 45.949934000443015 ], [ 11.41491574389662, 45.950741476728062 ], [ 11.415456491632519, 45.951147667146508 ], [ 11.415657631672353, 45.951271850968595 ], [ 11.415961218032878, 45.951431489874757 ], [ 11.416111012087653, 45.951523187006607 ], [ 11.416210157089505, 45.951568792557175 ], [ 11.416282427900569, 45.951572034113596 ], [ 11.416367980850399, 45.951575084700472 ], [ 11.416440843485335, 45.951552127722984 ], [ 11.416496289159133, 45.951534658299146 ], [ 11.416572238422148, 45.951497859635971 ], [ 11.416585575089101, 45.95149298723652 ], [ 11.416658543708479, 45.951461831871384 ], [ 11.41668850965535, 45.951435816465128 ], [ 11.416707268094441, 45.951422098877309 ], [ 11.41699770961397, 45.9511606993782 ], [ 11.417204569184113, 45.951057316581121 ], [ 11.417341512266681, 45.951004825880965 ], [ 11.417497008306926, 45.950975433706873 ], [ 11.417631815186118, 45.950942068916433 ], [ 11.417857079897168, 45.950902919118349 ], [ 11.417981042481543, 45.950878333845559 ], [ 11.418011344950298, 45.950877872417529 ], [ 11.418071973929038, 45.950886399662551 ], [ 11.418150975475942, 45.950899038092196 ], [ 11.418243529061774, 45.950920660090773 ], [ 11.418316484005732, 45.950942606891381 ], [ 11.418389505621152, 45.950969052557426 ], [ 11.418808337195593, 45.951152705458469 ], [ 11.419185101851605, 45.95133031727854 ], [ 11.41932000285429, 45.95139397401131 ], [ 11.419537120503863, 45.951544094090316 ], [ 11.419748433775858, 45.951646814103711 ], [ 11.419911154641717, 45.951670728572935 ], [ 11.420059384022007, 45.951672988596727 ], [ 11.420213920533868, 45.951618591631821 ], [ 11.420293906854992, 45.951582694996276 ], [ 11.420410858982546, 45.951497862239854 ], [ 11.420471644558594, 45.951427000353576 ], [ 11.420513784656427, 45.951360583700144 ], [ 11.420549156237067, 45.951272079180576 ], [ 11.420570733033122, 45.951139404504524 ], [ 11.420563102358811, 45.95109159355362 ], [ 11.420548108042672, 45.951008026477382 ], [ 11.420508238400277, 45.950933987110702 ], [ 11.420488874729939, 45.95090415573015 ], [ 11.42045639266626, 45.950869381995126 ], [ 11.420413135144605, 45.950821245756757 ], [ 11.420417834422832, 45.950745451917854 ], [ 11.420411157115286, 45.950512120205445 ], [ 11.420502706686539, 45.950421795359176 ], [ 11.420584291547254, 45.950339692010807 ], [ 11.420604841068782, 45.950319725411383 ], [ 11.420735671309918, 45.950248459070259 ], [ 11.420880019889257, 45.950200217389394 ], [ 11.421070313754706, 45.9501699928609 ], [ 11.421092881091596, 45.950169694558276 ], [ 11.42121106013445, 45.950122007149282 ], [ 11.421340488627301, 45.950098562538443 ], [ 11.421505704506655, 45.950114681410788 ], [ 11.421701601510327, 45.950130149597506 ], [ 11.421838838305964, 45.950164502143025 ], [ 11.421986429437371, 45.950184774165876 ], [ 11.422171277201747, 45.950213166615448 ], [ 11.422340923061903, 45.950197688565353 ], [ 11.422583155065501, 45.950163119879136 ], [ 11.42282377800948, 45.950106443486426 ], [ 11.423051555311901, 45.950018537338536 ], [ 11.423178547819985, 45.9499629205066 ], [ 11.423333605866345, 45.949896987529961 ], [ 11.423569320867118, 45.949843203965095 ], [ 11.42383967461501, 45.949844037975673 ], [ 11.423988368861911, 45.949874814650258 ], [ 11.424109571663534, 45.94993794631452 ], [ 11.424261492017857, 45.950030847730844 ], [ 11.424400525692064, 45.950124112423303 ], [ 11.42449162475736, 45.950198143167434 ], [ 11.424662496553239, 45.950269940670339 ], [ 11.424760339748223, 45.950285594777533 ], [ 11.425273822237719, 45.950260563051025 ], [ 11.425469199224459, 45.950267035303824 ], [ 11.425676957294078, 45.950282244778471 ], [ 11.425878595166425, 45.950302084176158 ], [ 11.426109281034408, 45.950340027289421 ], [ 11.426163295988843, 45.950362551378518 ], [ 11.426276941848746, 45.950400279829175 ], [ 11.42646928293658, 45.950419955605177 ], [ 11.426509735661465, 45.950427376792668 ], [ 11.426561119000661, 45.95043690581408 ], [ 11.426671843488938, 45.950457955069027 ], [ 11.426727989370928, 45.950470173052473 ], [ 11.426966677533303, 45.950475632608359 ], [ 11.427084624932771, 45.950443424800767 ], [ 11.427107326412278, 45.950431421818777 ], [ 11.427444710795667, 45.950203200156231 ], [ 11.427748703619846, 45.949954985982295 ], [ 11.427858387780867, 45.949907922143339 ], [ 11.42798195699854, 45.9498360817785 ], [ 11.428043036702107, 45.949769259798948 ], [ 11.428094225207706, 45.949718218906462 ], [ 11.428202958220632, 45.949634632887559 ], [ 11.428305027531115, 45.949569819587587 ], [ 11.428357501236299, 45.949536392243736 ], [ 11.428376554786301, 45.949529506778937 ], [ 11.428497124235008, 45.949527843636346 ], [ 11.428529359404694, 45.949527338324302 ], [ 11.428645030430763, 45.949525779125061 ], [ 11.428790939192073, 45.949519346643228 ], [ 11.428924202508171, 45.949495181846693 ], [ 11.428988029867428, 45.94948536414595 ], [ 11.429020841971997, 45.949480346172486 ], [ 11.42908492318335, 45.949470433014277 ], [ 11.429610863219507, 45.949382293182701 ], [ 11.429736531774658, 45.949358558988109 ], [ 11.429817075943266, 45.94932678402089 ], [ 11.429895361677431, 45.949293526950747 ], [ 11.429942785778072, 45.949283337606488 ], [ 11.430021998482252, 45.949268331763761 ], [ 11.430344232760634, 45.949254725936399 ], [ 11.430387187874507, 45.949272173029854 ], [ 11.430623127380068, 45.949368318559472 ], [ 11.430957821614193, 45.949521585429835 ], [ 11.431236554564347, 45.949699263714038 ], [ 11.431298117330904, 45.94975861684096 ], [ 11.431358864810214, 45.949834728217539 ], [ 11.431411756494533, 45.949896426060619 ], [ 11.431450613291815, 45.949935201202145 ], [ 11.431495199488419, 45.949969264123432 ], [ 11.431555763573792, 45.95000577706405 ], [ 11.431618392992423, 45.950012814343943 ], [ 11.431699123357118, 45.950002995327274 ], [ 11.431812339141349, 45.94999248471219 ], [ 11.431924156005024, 45.949955902200308 ], [ 11.43200085684285, 45.949927717735399 ], [ 11.432045021967296, 45.949913816690305 ], [ 11.432196389655749, 45.949849300245994 ], [ 11.432371938002213, 45.949762397579605 ], [ 11.432438778548452, 45.949709401334005 ], [ 11.432500465772351, 45.949641843973467 ], [ 11.432575082134029, 45.94956015035374 ], [ 11.432780120285113, 45.949300979231445 ], [ 11.432922571220317, 45.949130085757041 ], [ 11.432949156789928, 45.949080106615199 ], [ 11.433223436019887, 45.948743315519991 ], [ 11.433237762409766, 45.94872572939272 ], [ 11.433236558859779, 45.948689392975581 ], [ 11.433242142024179, 45.948657772219917 ], [ 11.433279040618999, 45.948598752836865 ], [ 11.433315939100027, 45.948539733528165 ], [ 11.433314615399651, 45.948494759189956 ], [ 11.433319408265788, 45.948436243746222 ], [ 11.433350386878228, 45.948395261538487 ], [ 11.433381036700952, 45.948340875460261 ], [ 11.433431026372563, 45.948286167468801 ], [ 11.43343694221298, 45.948268040434002 ], [ 11.433449375043116, 45.948254364820649 ], [ 11.433481348563967, 45.948244953203499 ], [ 11.433520229023982, 45.94824889513491 ], [ 11.433630095258629, 45.948256275041992 ], [ 11.433765750614068, 45.948263285432134 ], [ 11.433927395770967, 45.948274512126012 ], [ 11.433979041871519, 45.948278271885592 ], [ 11.434011473148987, 45.948282261093318 ], [ 11.434089173143642, 45.948294646228987 ], [ 11.434140683297787, 45.948289408374059 ], [ 11.434236621282313, 45.948267472820653 ], [ 11.434287976742507, 45.948255757784388 ], [ 11.434401908019405, 45.948182135676412 ], [ 11.434450639970501, 45.948086951677297 ], [ 11.434462406637815, 45.948046288604417 ], [ 11.434466872550122, 45.947983279848998 ], [ 11.434466009766631, 45.947951796445196 ], [ 11.43446960875956, 45.947857214344396 ], [ 11.434475460171745, 45.947834678279584 ], [ 11.434487509815835, 45.947700313824328 ], [ 11.434490031148739, 45.947672448521942 ], [ 11.434468265486711, 45.947375805379565 ], [ 11.434451995284073, 45.94726355561572 ], [ 11.434409603647618, 45.947138181837133 ], [ 11.434400706292951, 45.947052866511513 ], [ 11.434410292794533, 45.946944746024052 ], [ 11.434427974817376, 45.946885955884177 ], [ 11.434452506654814, 45.946845110655033 ], [ 11.434534394447136, 45.946776401584103 ], [ 11.434636223057867, 45.946729948756847 ], [ 11.434751278807575, 45.946696804668825 ], [ 11.434935929065766, 45.946617714335034 ], [ 11.435035733040117, 45.946569234199721 ], [ 11.435102810005047, 45.946507050808655 ], [ 11.435243037528053, 45.946329901321086 ], [ 11.435267550204536, 45.946270965382091 ], [ 11.435331642374599, 45.946040535749894 ], [ 11.435345587727049, 45.945978944926303 ], [ 11.435421939666337, 45.946060751836129 ], [ 11.43561792849956, 45.946122726928252 ], [ 11.435696317512607, 45.946156787446455 ], [ 11.435852704660086, 45.946213036158802 ], [ 11.435989150595184, 45.946247028517853 ], [ 11.436164278835742, 45.946280465768488 ], [ 11.436225567775555, 45.946295269595126 ], [ 11.436287766920925, 45.946310233901116 ], [ 11.43679507251292, 45.946451341575433 ], [ 11.43684053721425, 45.946464232514089 ], [ 11.436902139144225, 45.946489109798236 ], [ 11.437206078532739, 45.946611872678218 ], [ 11.437519184510418, 45.946728858826106 ], [ 11.438183153746625, 45.946935201066026 ], [ 11.438425508569656, 45.947018682891866 ], [ 11.438997735783655, 45.947215908144273 ], [ 11.439635061763399, 45.947391129012708 ], [ 11.440163057865384, 45.947576962380758 ], [ 11.440666400876353, 45.947803642400707 ], [ 11.441111584050168, 45.948022112506166 ], [ 11.441303626404611, 45.948111433676374 ], [ 11.44154321919074, 45.948222869540267 ], [ 11.442041652586882, 45.948499061222847 ], [ 11.442654223256678, 45.94892662892557 ], [ 11.442740057582725, 45.94898311671021 ], [ 11.442942300412206, 45.949116499463088 ], [ 11.443003936135971, 45.94915082333209 ], [ 11.443279096520373, 45.949331518833212 ], [ 11.443313750905675, 45.949356699028684 ], [ 11.443371026392473, 45.949388685886873 ], [ 11.443667480868132, 45.949595836460063 ], [ 11.443938680922754, 45.949821347572794 ], [ 11.444280875681606, 45.950050379231214 ], [ 11.444969250429104, 45.950422849316801 ], [ 11.445244840660552, 45.950580759550185 ], [ 11.445456357080161, 45.950748681286306 ], [ 11.445845295267583, 45.951030980660676 ], [ 11.446166025855533, 45.951188282091138 ], [ 11.446330814924854, 45.951302929853931 ], [ 11.44652852279796, 45.951468916811343 ], [ 11.446615067386404, 45.95153724561419 ], [ 11.446746886665149, 45.95162982753348 ], [ 11.447091352813832, 45.951936296536317 ], [ 11.448518908315355, 45.952900891933432 ], [ 11.449257576204193, 45.953514191781402 ], [ 11.449561624799975, 45.953620358374707 ], [ 11.451004781975804, 45.953959502582769 ], [ 11.452445849654076, 45.954291832974477 ], [ 11.45353020772178, 45.954465028081998 ], [ 11.4535755335788, 45.953723402355038 ], [ 11.45394123738831, 45.952823505731786 ], [ 11.454685976931536, 45.951075085017841 ], [ 11.455400297181253, 45.95039153402913 ], [ 11.455234084347923, 45.950209966161708 ], [ 11.455627800277693, 45.949591807700742 ], [ 11.45610452328078, 45.949129552214146 ], [ 11.456176075782569, 45.948979325106777 ], [ 11.45647513252376, 45.948604953035776 ], [ 11.456463170944415, 45.948334294530191 ], [ 11.456516137939815, 45.948186897033857 ], [ 11.456736299812093, 45.948123658783345 ], [ 11.457114900837144, 45.947952335909733 ], [ 11.457305344939146, 45.947718905857165 ], [ 11.457613240496491, 45.947007810994535 ], [ 11.458303952969947, 45.946445896318522 ], [ 11.458852340243711, 45.946123124934431 ], [ 11.459421663098206, 45.94557380684774 ], [ 11.459762080903579, 45.944688835636349 ], [ 11.459730374400021, 45.944223021100719 ], [ 11.459768685937684, 45.944042095581544 ], [ 11.460063951203372, 45.943830974902625 ], [ 11.460251835762811, 45.943589854427593 ], [ 11.460377456645515, 45.943236218124333 ], [ 11.459887367373295, 45.942484788749809 ], [ 11.459808219293048, 45.942290911696112 ], [ 11.459798830115222, 45.942078701396532 ], [ 11.459885944506949, 45.941904465239432 ], [ 11.460213064468554, 45.941471785108277 ], [ 11.460607935570163, 45.941214595040194 ], [ 11.460966464184512, 45.940891312504576 ], [ 11.46112949196271, 45.940636865220078 ], [ 11.461155233346151, 45.940320751931459 ], [ 11.461213931675363, 45.940151717262594 ], [ 11.461393499471761, 45.939970807536 ], [ 11.461621742732552, 45.939744205926552 ], [ 11.462021378375644, 45.938945345977501 ], [ 11.462239879197075, 45.938356141534385 ], [ 11.462316343774683, 45.937991231732838 ], [ 11.462477443437935, 45.937690651098904 ], [ 11.462623763530285, 45.937408840071718 ], [ 11.462479210015131, 45.937133389909505 ], [ 11.462176545936961, 45.93692588166288 ], [ 11.46199849701471, 45.936791201193969 ], [ 11.461970295941557, 45.936503881826127 ], [ 11.462116383423576, 45.935896346974225 ], [ 11.462210163849567, 45.934993191624976 ], [ 11.462491302109425, 45.93471774500297 ], [ 11.462829685940081, 45.934534939001125 ], [ 11.462887147204032, 45.934338208288317 ], [ 11.462780117385313, 45.934015686515821 ], [ 11.462882710693831, 45.933640942162597 ], [ 11.463568444621536, 45.933052999923149 ], [ 11.463853930619839, 45.932654778725244 ], [ 11.464045461207951, 45.932048780878333 ], [ 11.464183019648372, 45.931668690653453 ], [ 11.464422379786933, 45.931394140376426 ], [ 11.464630253645614, 45.931157171180011 ], [ 11.465527129626086, 45.930285013917455 ], [ 11.466154243664826, 45.929854300615524 ], [ 11.466451819663396, 45.929549147224719 ], [ 11.466786046030563, 45.929081641792258 ], [ 11.467167983498115, 45.928785555238392 ], [ 11.467273664200638, 45.928580130171419 ], [ 11.4673180278179, 45.927940313031016 ], [ 11.467500978526321, 45.927639252871742 ], [ 11.468059800129019, 45.927306939969043 ], [ 11.468344950702878, 45.927169910262876 ], [ 11.468863525743435, 45.926875455505439 ], [ 11.468997304643874, 45.926858703031726 ], [ 11.469525917653231, 45.926746919321047 ], [ 11.470133433695642, 45.92646313651386 ], [ 11.471121542086575, 45.925209498246346 ], [ 11.471552296904989, 45.924736019765696 ], [ 11.471960753039664, 45.924242681029362 ], [ 11.47234435526828, 45.923796771601758 ], [ 11.472455828148968, 45.923524972116994 ], [ 11.472477387451242, 45.923313622395227 ], [ 11.47232194402784, 45.923092243159466 ], [ 11.472495541209877, 45.922979218813424 ], [ 11.473370491563967, 45.922649306782361 ], [ 11.475383911066519, 45.922104179264082 ], [ 11.476159047792205, 45.921833022315397 ], [ 11.476402893396214, 45.921710728527415 ], [ 11.476507778039428, 45.921491361019662 ], [ 11.476269531394069, 45.920615191599126 ], [ 11.476326577815753, 45.920616204996406 ], [ 11.476548304060637, 45.920654780433317 ], [ 11.476634957164579, 45.920677743106715 ], [ 11.476679323426556, 45.920700992632966 ], [ 11.476870489711345, 45.920762821470746 ], [ 11.476967960393194, 45.920741986641708 ], [ 11.47703297929452, 45.920725095690095 ], [ 11.477104021734963, 45.920721844932004 ], [ 11.477162098811911, 45.92072283555126 ], [ 11.477574882648453, 45.920716492812033 ], [ 11.477742774996367, 45.9207103307455 ], [ 11.478045495667899, 45.920720054626507 ], [ 11.478401319410551, 45.920685692791906 ], [ 11.479092128694042, 45.920661610816886 ], [ 11.47969259454621, 45.920635975769031 ], [ 11.480807242096422, 45.920659744821158 ], [ 11.481208622197952, 45.920655076671423 ], [ 11.481154266925497, 45.918351753415685 ], [ 11.480973479319534, 45.918007808595455 ], [ 11.479828540193587, 45.916915431762405 ], [ 11.479378316373174, 45.916509199423274 ], [ 11.479027181906018, 45.915907212530001 ], [ 11.478772805434712, 45.915789515457696 ], [ 11.477778137247967, 45.91460925123944 ], [ 11.476944631556298, 45.914209792976756 ], [ 11.476666192875228, 45.914049500235187 ], [ 11.476440297613667, 45.913878977085794 ], [ 11.476222816885516, 45.913651207448616 ], [ 11.476225545440712, 45.913463306410272 ], [ 11.475245730431359, 45.912121947620541 ], [ 11.473453512744543, 45.911209861964998 ], [ 11.472596923962337, 45.910817172109255 ], [ 11.472120481273491, 45.910616601530705 ], [ 11.471676594613156, 45.910452226838046 ], [ 11.471296200318529, 45.910329679457149 ], [ 11.470801222181851, 45.910158666243191 ], [ 11.470324241823793, 45.909995092198621 ], [ 11.470628408791265, 45.909408426408838 ], [ 11.471394334738884, 45.908750295676995 ], [ 11.471870954637758, 45.908275912377754 ], [ 11.472044721725029, 45.907967392197961 ], [ 11.472294831621522, 45.907490888719472 ], [ 11.472555541584972, 45.907055737893351 ], [ 11.473171855914174, 45.905637314448086 ], [ 11.473441093920197, 45.905098470093201 ], [ 11.473574017765918, 45.904616850702894 ], [ 11.473671586670095, 45.903696498407378 ], [ 11.473309927582346, 45.903089320632034 ], [ 11.473007426948596, 45.902632520638164 ], [ 11.472763409807269, 45.902252938726505 ], [ 11.472536679898457, 45.902111587599123 ], [ 11.472401681707527, 45.901852772863499 ], [ 11.472311223466168, 45.901456005078728 ], [ 11.472423954049694, 45.901213429298451 ], [ 11.472757492670613, 45.900285269097694 ], [ 11.473385745498515, 45.899436141780335 ], [ 11.473618705413253, 45.899271066371604 ], [ 11.473694760253405, 45.899131710210064 ], [ 11.473693576814194, 45.899107974356276 ], [ 11.473686844276566, 45.899069597657501 ], [ 11.473662486946877, 45.898924675680718 ], [ 11.473652539409551, 45.898860356844743 ], [ 11.47366397580133, 45.898816006341463 ], [ 11.473704717922891, 45.898653653377515 ], [ 11.473719017285658, 45.898592499749874 ], [ 11.473769961619103, 45.898331909408206 ], [ 11.474233595741682, 45.897735928712422 ], [ 11.474334817558045, 45.897579915863986 ], [ 11.474429173048264, 45.89744925341806 ], [ 11.474529027186696, 45.897262488015038 ], [ 11.474998265817446, 45.896734967138265 ], [ 11.47540036641586, 45.896228430626451 ], [ 11.475792984266146, 45.895688525901214 ], [ 11.47586487500455, 45.895525316959692 ], [ 11.476043341219061, 45.895280322447135 ], [ 11.476167856687391, 45.89515845520571 ], [ 11.476380954493367, 45.894938631013325 ], [ 11.476923564609466, 45.894200967457166 ], [ 11.476978899045125, 45.894109041495973 ], [ 11.477043696237841, 45.893980637825457 ], [ 11.477064565820974, 45.893951383285938 ], [ 11.477245570639933, 45.893760785337363 ], [ 11.477895202062239, 45.892755008211175 ], [ 11.478033074687527, 45.892513501240131 ], [ 11.478278051831147, 45.892176243940376 ], [ 11.478799848008986, 45.891467284616873 ], [ 11.478863929625962, 45.891389568786565 ], [ 11.478933549146952, 45.89129148136432 ], [ 11.479030244250163, 45.891150143410819 ], [ 11.479101881628626, 45.891025010360167 ], [ 11.479182479892438, 45.890884021633731 ], [ 11.479193313917888, 45.890861014939652 ], [ 11.479267155962017, 45.890802798387298 ], [ 11.479359830072573, 45.890727521760908 ], [ 11.479386850973549, 45.890659880760168 ], [ 11.479407875670276, 45.89055888771793 ], [ 11.479404056865926, 45.89047310482912 ], [ 11.479510329705059, 45.890370351217427 ], [ 11.479533215575652, 45.890311170459036 ], [ 11.479541296631396, 45.89029002365092 ], [ 11.47959785006743, 45.890234342208053 ], [ 11.479715757711977, 45.890120805046692 ], [ 11.479828914079299, 45.890036622924477 ], [ 11.479948686536016, 45.889964987739191 ], [ 11.480031056776108, 45.889927556894101 ], [ 11.480126501884124, 45.889847989250313 ], [ 11.480160636496693, 45.889740410874481 ], [ 11.480123480173837, 45.88964698146728 ], [ 11.480105936827965, 45.889588768458928 ], [ 11.480164550206798, 45.88949253935192 ], [ 11.480265560384126, 45.889335355642622 ], [ 11.480371840418888, 45.889163386331198 ], [ 11.480408173143799, 45.889102293250005 ], [ 11.480458456866488, 45.889021636000038 ], [ 11.480560955061319, 45.888897901817003 ], [ 11.480681668009517, 45.88877800228645 ], [ 11.480815155823928, 45.88867870650212 ], [ 11.480943284743708, 45.888592217889475 ], [ 11.48103111075056, 45.88854422703114 ], [ 11.481254662071764, 45.888447204621109 ], [ 11.481419772654059, 45.888380793425696 ], [ 11.481636281859119, 45.888258811662524 ], [ 11.481916476567953, 45.888085132147971 ], [ 11.482319299711438, 45.887837592125891 ], [ 11.482727932512447, 45.887596134797484 ], [ 11.482890420064905, 45.887479645051059 ], [ 11.482953999904298, 45.887359094958612 ], [ 11.482810207028498, 45.887224151508136 ], [ 11.482669953767699, 45.887032697124134 ], [ 11.48263669057428, 45.88696015521397 ], [ 11.48261940986289, 45.886841362833401 ], [ 11.482597320464118, 45.886747696616723 ], [ 11.482772622029467, 45.886649829887176 ], [ 11.482866462453282, 45.886603867016994 ], [ 11.483105057957859, 45.886514974547737 ], [ 11.483260601991045, 45.886439407930993 ], [ 11.483328753370531, 45.88635206043211 ], [ 11.483194459457883, 45.886233562000115 ], [ 11.48311061345505, 45.886168330407585 ], [ 11.483007455034342, 45.88600523194691 ], [ 11.483155892730904, 45.885972662901189 ], [ 11.483371912324653, 45.885909372275691 ], [ 11.483646604964258, 45.885815013491175 ], [ 11.483865060024366, 45.88573699794194 ], [ 11.484564045545241, 45.885472568147961 ], [ 11.484684732707052, 45.885421789514481 ], [ 11.484749813189589, 45.885401472457957 ], [ 11.484906888028187, 45.885360342664207 ], [ 11.485079404047505, 45.885327337310031 ], [ 11.485285876843301, 45.885249489785267 ], [ 11.485509788141789, 45.885163881895643 ], [ 11.485666276714577, 45.885103862569288 ], [ 11.48566606100499, 45.884963277725276 ], [ 11.485665412642392, 45.884680132778328 ], [ 11.485789592654326, 45.884635487300507 ], [ 11.485919976172443, 45.884597007199957 ], [ 11.486044902192386, 45.884569086414075 ], [ 11.485980816397491, 45.884426831542761 ], [ 11.485953690258199, 45.884356137147435 ], [ 11.485887018712681, 45.884141483646886 ], [ 11.485842489652498, 45.884018694482208 ], [ 11.485980605587478, 45.884006237750775 ], [ 11.486156142843619, 45.883968844575186 ], [ 11.486148133416702, 45.883855791322546 ], [ 11.486142178486391, 45.883788776370885 ], [ 11.486162570945584, 45.88370858704674 ], [ 11.486177229245749, 45.883632752922587 ], [ 11.486288557587418, 45.883571645545963 ], [ 11.486428608650922, 45.883478410621599 ], [ 11.486605671773209, 45.883342426975702 ], [ 11.486736485377719, 45.883235711860415 ], [ 11.48683250397896, 45.883166566768672 ], [ 11.486928518397171, 45.883097331614429 ], [ 11.487016081958872, 45.883040881342623 ], [ 11.487136512913088, 45.88298164500619 ], [ 11.487307306574474, 45.882904480753666 ], [ 11.48726577033492, 45.882848771479495 ], [ 11.487146115720488, 45.882792603161363 ], [ 11.487054157112695, 45.882750592529973 ], [ 11.486962198682846, 45.882708581967755 ], [ 11.486798277287981, 45.882671198290474 ], [ 11.486692375287259, 45.882654602773506 ], [ 11.486493239787741, 45.882633826463625 ], [ 11.486466423581961, 45.882636480393039 ], [ 11.486346677904171, 45.882578243078953 ], [ 11.486362394412726, 45.882393298385196 ], [ 11.486393584772461, 45.881997762562101 ], [ 11.486393325538224, 45.88190821213437 ], [ 11.486392989358071, 45.881857365984274 ], [ 11.486417349762162, 45.88175926899131 ], [ 11.486422622370428, 45.881707040672005 ], [ 11.486473500308504, 45.881645809020412 ], [ 11.486586604169268, 45.881607254252224 ], [ 11.486654528342196, 45.881584354006385 ], [ 11.486813253692464, 45.881496742396116 ], [ 11.486939923236477, 45.881461852192103 ], [ 11.487096439894215, 45.881324784987484 ], [ 11.487199139336989, 45.881079172064553 ], [ 11.487191836181497, 45.881048369004311 ], [ 11.487183702099985, 45.880998952672094 ], [ 11.487171423455541, 45.880954847053943 ], [ 11.487152761022406, 45.880900529696262 ], [ 11.487124063305046, 45.880820599198572 ], [ 11.487109108399265, 45.880785822369475 ], [ 11.487105792802263, 45.880711549566811 ], [ 11.487100190165554, 45.880655327692956 ], [ 11.487104582388186, 45.880589167594394 ], [ 11.487108618043116, 45.880546776744289 ], [ 11.487192227321177, 45.880563497432142 ], [ 11.48729361507386, 45.880582981003499 ], [ 11.48743860050647, 45.880586033951907 ], [ 11.487511062765503, 45.880589766169841 ], [ 11.487533425729151, 45.88057109788938 ], [ 11.487614371767577, 45.880502190254262 ], [ 11.48766613482476, 45.880457949920221 ], [ 11.487739464770888, 45.880475344062496 ], [ 11.487820865119083, 45.880494542468185 ], [ 11.487962834154644, 45.880528172473809 ], [ 11.488092939019072, 45.880558730681464 ], [ 11.488112128964129, 45.880474786873869 ], [ 11.488134755618114, 45.88038122766428 ], [ 11.488147172813548, 45.8803158827169 ], [ 11.488154466916889, 45.880268560529487 ], [ 11.488164702896428, 45.880209203557776 ], [ 11.488150621569211, 45.880162257053193 ], [ 11.488134710135231, 45.880111840261918 ], [ 11.488040429099957, 45.880032168475012 ], [ 11.48790480264142, 45.879944306683498 ], [ 11.487806280585707, 45.879922601088829 ], [ 11.487700833775767, 45.879867023847019 ], [ 11.487597430118067, 45.879819682705033 ], [ 11.487569086578919, 45.87977943714251 ], [ 11.48750935647386, 45.879674080771181 ], [ 11.487441185040367, 45.879578808909237 ], [ 11.487467484413278, 45.879414514917265 ], [ 11.487497352547308, 45.879246452940194 ], [ 11.487507065904133, 45.879106101792722 ], [ 11.487543729660157, 45.878971914179125 ], [ 11.487594209104346, 45.878748859597742 ], [ 11.487624297216945, 45.878629036084611 ], [ 11.487627949464823, 45.878552091235804 ], [ 11.487637703176203, 45.878450171832192 ], [ 11.487644827272764, 45.878373061467649 ], [ 11.487674935662545, 45.878250807305719 ], [ 11.487699183564189, 45.87815604271232 ], [ 11.487696505196149, 45.878018121579196 ], [ 11.487698445672164, 45.877663275020005 ], [ 11.487699944622266, 45.877298537279557 ], [ 11.487706209484204, 45.877202184241597 ], [ 11.487726186032861, 45.87709257158911 ], [ 11.487770630661682, 45.876893139898876 ], [ 11.487820804912985, 45.876507450597302 ], [ 11.487866376374011, 45.876252460471079 ], [ 11.487897746891916, 45.876080585331991 ], [ 11.487904224452986, 45.875986117777735 ], [ 11.487916124428533, 45.875854359457243 ], [ 11.487935714476304, 45.875738994859056 ], [ 11.487947346119167, 45.875679157405848 ], [ 11.487987679333994, 45.875549299877342 ], [ 11.48799840732131, 45.875472110911616 ], [ 11.488004443063524, 45.875367752184651 ], [ 11.488018714334249, 45.87521119056111 ], [ 11.488038348381801, 45.875093934774036 ], [ 11.488060094158831, 45.875023976306196 ], [ 11.488205292551275, 45.875092728157107 ], [ 11.48834295318815, 45.875154263480276 ], [ 11.488397356209751, 45.875177920020121 ], [ 11.488506913060238, 45.87524492776334 ], [ 11.488605126966027, 45.875297421639836 ], [ 11.488687289410516, 45.875149191261556 ], [ 11.48879199575296, 45.874946015836166 ], [ 11.488830834684553, 45.874701972763816 ], [ 11.488948079334676, 45.874384305993004 ], [ 11.488978720840146, 45.874276980900092 ], [ 11.489005398916321, 45.87423670682066 ], [ 11.488718101107565, 45.87416853214723 ], [ 11.488546637682328, 45.874126185036559 ], [ 11.488525941138221, 45.874118625436147 ], [ 11.48850872872638, 45.874105409523445 ], [ 11.488559324227316, 45.87399476952568 ], [ 11.48875403526012, 45.87357091788904 ], [ 11.488825595636094, 45.873416167920489 ], [ 11.489213385099623, 45.873091795126818 ], [ 11.489458250289795, 45.872919766692476 ], [ 11.488998768271886, 45.872524572713111 ], [ 11.489455326648509, 45.872185109370498 ], [ 11.489144323144357, 45.871932129656592 ], [ 11.48865241966516, 45.871609915864035 ], [ 11.488379129848115, 45.871456919272866 ], [ 11.488197120806776, 45.871359987575133 ], [ 11.48840295565431, 45.870994938065067 ], [ 11.488444124490615, 45.870924286278672 ], [ 11.489149006168867, 45.871044565937005 ], [ 11.489438316502515, 45.870687955962318 ], [ 11.489612015048589, 45.870474815257801 ], [ 11.489327133132475, 45.870186254217039 ], [ 11.489050736705208, 45.869963572015337 ], [ 11.488631494004688, 45.869773523850128 ], [ 11.488869190976066, 45.86975286332445 ], [ 11.48906848870244, 45.869740779626305 ], [ 11.489134518311509, 45.86972772984705 ], [ 11.489166816386678, 45.869703714336566 ], [ 11.489381851755441, 45.86954781712479 ], [ 11.489193280419569, 45.869427898334074 ], [ 11.488836671790763, 45.869272758352174 ], [ 11.488905388913501, 45.869195835666545 ], [ 11.488757764259683, 45.869121467178111 ], [ 11.488402371143229, 45.868993481237062 ], [ 11.488114220682318, 45.868879600531649 ], [ 11.488261151942869, 45.868690266543112 ], [ 11.488339417802177, 45.868576143601452 ], [ 11.48846317154163, 45.868239973949564 ], [ 11.488199580359673, 45.868179742126657 ], [ 11.48823123434202, 45.867895982725187 ], [ 11.488252893428434, 45.867385445066937 ], [ 11.488288134955283, 45.86705507416692 ], [ 11.488427280415729, 45.867063743499024 ], [ 11.48847722284639, 45.866814507912821 ], [ 11.488547507792685, 45.866400477547167 ], [ 11.488720200364664, 45.866416066099653 ], [ 11.488829076509885, 45.865994984164765 ], [ 11.488913602778966, 45.865651838238072 ], [ 11.488702117154084, 45.86513954022292 ], [ 11.488205535202173, 45.865204633551379 ], [ 11.488130693087191, 45.865020130873994 ], [ 11.487941282263575, 45.864508610695545 ], [ 11.487826561757011, 45.864299414687203 ], [ 11.487287827028672, 45.864539944443692 ], [ 11.48720434534145, 45.864285874405084 ], [ 11.486786413914754, 45.864372470313917 ], [ 11.486012649117679, 45.864447549090748 ], [ 11.485805932015712, 45.864487510793694 ], [ 11.485583473080242, 45.864530515164525 ], [ 11.485386304121791, 45.863968665932006 ], [ 11.485626899293981, 45.863513668399669 ], [ 11.486288665494127, 45.863666046185948 ], [ 11.486838279798203, 45.863793680291899 ], [ 11.486995586588336, 45.863340403250454 ], [ 11.48707973365749, 45.863109864711006 ], [ 11.486602095015936, 45.862981204828635 ], [ 11.486361313893374, 45.862932082995293 ], [ 11.486044528477461, 45.862923497674728 ], [ 11.48632604744925, 45.862638169856133 ], [ 11.486041223146181, 45.862473807861363 ], [ 11.485865475818471, 45.86239230711179 ], [ 11.485060266083849, 45.862382737869495 ], [ 11.48500771103118, 45.862073629439728 ], [ 11.484953261187007, 45.861849168141944 ], [ 11.484872072946423, 45.861149064783241 ], [ 11.484745176585815, 45.860666241076082 ], [ 11.484810859858516, 45.860521341862174 ], [ 11.484702839697672, 45.860213439884923 ], [ 11.484635470148994, 45.859823287614056 ], [ 11.484101296059988, 45.859668215230762 ], [ 11.483746599114392, 45.859554240564243 ], [ 11.483729677267238, 45.859298720401078 ], [ 11.483726755485899, 45.859108780395708 ], [ 11.483726249065292, 45.858973061731945 ], [ 11.484165385448966, 45.858738675205529 ], [ 11.4849283898431, 45.858302467079739 ], [ 11.485153583283326, 45.85816129765427 ], [ 11.485129222655912, 45.858042479144807 ], [ 11.485325002647624, 45.857833904484551 ], [ 11.485528129165454, 45.857622559351938 ], [ 11.48586717608571, 45.857377023361558 ], [ 11.486141337796729, 45.857178622058292 ], [ 11.486310107013439, 45.857054879620364 ], [ 11.486804158990148, 45.85666600638924 ], [ 11.487292664327597, 45.856294442971674 ], [ 11.487281991436692, 45.856225550459733 ], [ 11.487275959106276, 45.856090312097862 ], [ 11.487451532134791, 45.855608104130077 ], [ 11.487542452161536, 45.855333314340783 ], [ 11.487636211619236, 45.855047121736376 ], [ 11.487383658819065, 45.85488350012168 ], [ 11.487482343901039, 45.854707728416294 ], [ 11.48746715382652, 45.85451157512292 ], [ 11.487441995440452, 45.85431140859734 ], [ 11.487199092323152, 45.854291856778211 ], [ 11.486826751367699, 45.854263962107161 ], [ 11.486654753243473, 45.85424286525415 ], [ 11.486361992536132, 45.854116209332034 ], [ 11.48604635611381, 45.85398780045486 ], [ 11.485687108261549, 45.853843238702339 ], [ 11.485533007468447, 45.853790158382111 ], [ 11.485448705702906, 45.8537829923131 ], [ 11.485312701374346, 45.853702425848752 ], [ 11.485119971500392, 45.853580250544482 ], [ 11.485013454916288, 45.853508132744246 ], [ 11.48478521423942, 45.853314544279947 ], [ 11.484680924559395, 45.853228786805246 ], [ 11.484523989869537, 45.853042647192744 ], [ 11.484341521838406, 45.852644737422487 ], [ 11.484237773760634, 45.852417837571998 ], [ 11.484182813479221, 45.852317505710353 ], [ 11.48414823158005, 45.852246702660224 ], [ 11.484048270164944, 45.852125027880248 ], [ 11.483991113041208, 45.85207946769215 ], [ 11.483988729669916, 45.851939199351222 ], [ 11.483983583412952, 45.851823652900727 ], [ 11.483981012260594, 45.85176592465362 ], [ 11.484034881010137, 45.851558368116308 ], [ 11.484218327538462, 45.851345113045063 ], [ 11.484446734903081, 45.851166792184337 ], [ 11.484567681387349, 45.851054083148142 ], [ 11.484638764931995, 45.850969910835985 ], [ 11.484644295278859, 45.850914796557092 ], [ 11.484604490523981, 45.850819265465603 ], [ 11.484550730748207, 45.850664903763679 ], [ 11.48454319327443, 45.850582441749076 ], [ 11.48453124116304, 45.850403768730267 ], [ 11.484509757205329, 45.850190380637095 ], [ 11.484489219283272, 45.849995333209364 ], [ 11.484477079317861, 45.849928092434695 ], [ 11.484505351298507, 45.849764745584245 ], [ 11.484460089377855, 45.849633420640735 ], [ 11.484410346178546, 45.849491122254165 ], [ 11.484430888839992, 45.849333523948388 ], [ 11.484565820666948, 45.849173437340504 ], [ 11.484652195012771, 45.849128985258993 ], [ 11.484668903774852, 45.84911953100017 ], [ 11.484819675005584, 45.84904325564716 ], [ 11.485002235263979, 45.848920204962106 ], [ 11.485042093266854, 45.848857953233754 ], [ 11.48508715121209, 45.848764986186197 ], [ 11.485113906883083, 45.848689068577244 ], [ 11.485167474536016, 45.848486468322598 ], [ 11.485212535221375, 45.848373339605281 ], [ 11.485313194782767, 45.848198606712991 ], [ 11.48542112652289, 45.847978982197596 ], [ 11.485438860020263, 45.847868248193002 ], [ 11.485494140798419, 45.847704133319532 ], [ 11.485542136775427, 45.847633783736008 ], [ 11.485655592290518, 45.847486134019704 ], [ 11.485771653607991, 45.847226459334003 ], [ 11.485602030205467, 45.847125203301466 ], [ 11.48551316676758, 45.847041451000266 ], [ 11.485484543320446, 45.846959807956082 ], [ 11.485415472664311, 45.846814420305357 ], [ 11.485433317630612, 45.846709084353215 ], [ 11.485471465697048, 45.846666311133156 ], [ 11.485577835691965, 45.846616922726817 ], [ 11.485704689484047, 45.846605251326721 ], [ 11.485885139219487, 45.846654697679938 ], [ 11.486036829194767, 45.846700359593214 ], [ 11.486189527216467, 45.846699285866208 ], [ 11.486212848448179, 45.846695697432231 ], [ 11.486391886480577, 45.846668148707373 ], [ 11.486570699488995, 45.846608631632584 ], [ 11.486700887380822, 45.846530191691421 ], [ 11.486819769815215, 45.846411944717673 ], [ 11.486912975460267, 45.846289756445373 ], [ 11.486995669420248, 45.846145565357091 ], [ 11.487033113033364, 45.846066804296491 ], [ 11.487062347689529, 45.846006133281499 ], [ 11.487104108225891, 45.845873994284226 ], [ 11.487209051166712, 45.845703126681904 ], [ 11.487258380838254, 45.845613665872115 ], [ 11.487334440727551, 45.845517142529637 ], [ 11.487377610267854, 45.845459948191895 ], [ 11.487368724817708, 45.845425309234685 ], [ 11.487359393236233, 45.845389329726331 ], [ 11.487339767115289, 45.845269778414085 ], [ 11.487300789262184, 45.845215903308848 ], [ 11.487126309597707, 45.845135636799547 ], [ 11.487112911112035, 45.845054652645558 ], [ 11.487158491183402, 45.844699124127914 ], [ 11.487241110613168, 45.844550434084766 ], [ 11.487579729704418, 45.844216335304736 ], [ 11.487633876595162, 45.844139640321494 ], [ 11.487620409819767, 45.844054247384342 ], [ 11.487703311928831, 45.843943713727469 ], [ 11.488048607283559, 45.843641060301771 ], [ 11.488352675127384, 45.843421840265187 ], [ 11.488753382033734, 45.843206723972592 ], [ 11.489099938005523, 45.843068212017457 ], [ 11.489398502055735, 45.842988439312691 ], [ 11.489716826985784, 45.84294459779742 ], [ 11.490064150018876, 45.842918574474425 ], [ 11.490311927827184, 45.842904171377121 ], [ 11.490385690400107, 45.842874660839072 ], [ 11.490657818383118, 45.842471077450185 ], [ 11.490021586551546, 45.842187118409996 ], [ 11.489387463537605, 45.841950273463638 ], [ 11.489112723338291, 45.841850953697794 ], [ 11.488821899767268, 45.841737492795012 ], [ 11.4891630176564, 45.841529253937665 ], [ 11.488926159347653, 45.84123982419603 ], [ 11.488472747521302, 45.840821542632803 ], [ 11.488112889315165, 45.840286102717606 ], [ 11.487648344095204, 45.839762212487265 ], [ 11.487358959602588, 45.839478513883783 ], [ 11.48742359739432, 45.839449474069575 ], [ 11.487558282742462, 45.839368324843107 ], [ 11.487636451337696, 45.839348170913588 ], [ 11.488007974452044, 45.83926177218666 ], [ 11.488485890152601, 45.839196185931591 ], [ 11.48886540790938, 45.839141832709053 ], [ 11.488869844078568, 45.838811141550131 ], [ 11.488825631865216, 45.838518593150873 ], [ 11.48885053136169, 45.838069277234347 ], [ 11.488901957214766, 45.837175380186487 ], [ 11.48893674111233, 45.836728278897766 ], [ 11.488957310583, 45.835962503588206 ], [ 11.488989249980845, 45.835451649411162 ], [ 11.489035481232385, 45.834851287075871 ], [ 11.489078864160579, 45.834187082051713 ], [ 11.489188805218744, 45.833381195715397 ], [ 11.489248747309853, 45.832678376587857 ], [ 11.4893814977526, 45.831974060488875 ], [ 11.489413432598832, 45.831463206041185 ], [ 11.489449156938708, 45.83112391180088 ], [ 11.489508654668935, 45.830561332628832 ], [ 11.489535080097518, 45.829733594181761 ], [ 11.489608298416989, 45.829008163489164 ], [ 11.489627826908182, 45.828040254561785 ], [ 11.489652258647126, 45.827404543783381 ], [ 11.489759877749632, 45.826737497240948 ], [ 11.489797818706371, 45.826168006930871 ], [ 11.489828848605805, 45.825443585401779 ], [ 11.489910089672266, 45.824895292645763 ], [ 11.489946694771202, 45.824532576968522 ], [ 11.490062674132259, 45.824125287472739 ], [ 11.490078490626743, 45.824070038387241 ], [ 11.490095271328228, 45.823496688762475 ], [ 11.490056229077833, 45.823028334155936 ], [ 11.489992949128748, 45.822556277595332 ], [ 11.489977237842123, 45.822186691813322 ], [ 11.489996389849059, 45.821666484383194 ], [ 11.490038988050644, 45.82140354560547 ], [ 11.49012139120442, 45.821080604273853 ], [ 11.490206865243932, 45.820829421482031 ], [ 11.490247658657186, 45.820728084274023 ] ] ] } },
{ "type": "Feature", "properties": { "codistat": "24089", "nomcom": "Rotzo", "provincia": "VI", "area": 28248612.20043565, "perimetro": 36220.341, "id1": 486 }, "geometry": { "type": "Polygon", "coordinates": [ [ [ 11.357412478771087, 45.928878576181312 ], [ 11.357593966761009, 45.92895493527319 ], [ 11.357703047122012, 45.929036208756571 ], [ 11.357732693454986, 45.929063138451596 ], [ 11.357856920151066, 45.929176141061504 ], [ 11.357887364061819, 45.929224925553626 ], [ 11.358022972656697, 45.929442099111967 ], [ 11.358214828924506, 45.929699063700731 ], [ 11.358329277776944, 45.929973827043575 ], [ 11.358371635106078, 45.93002065530807 ], [ 11.3585981942748, 45.930271592477709 ], [ 11.358719600431156, 45.930305807774744 ], [ 11.358707345751412, 45.930348363271904 ], [ 11.358647356360978, 45.930676590920918 ], [ 11.358633451482342, 45.93084752792317 ], [ 11.35861381214959, 45.930901486560487 ], [ 11.358606797796989, 45.930982456060512 ], [ 11.358606509881495, 45.93102737464033 ], [ 11.358669008140115, 45.931360543548223 ], [ 11.358622276913882, 45.931630354041651 ], [ 11.358587510285588, 45.932057606569678 ], [ 11.358734885456622, 45.932503329483062 ], [ 11.358764766687147, 45.932593527678051 ], [ 11.358988031047193, 45.932994570691505 ], [ 11.359301754716599, 45.933359902975759 ], [ 11.359724924269603, 45.933766086023184 ], [ 11.360135997246561, 45.934014738388825 ], [ 11.360168165734056, 45.934046295604013 ], [ 11.360334646619721, 45.934142401452071 ], [ 11.360560097243331, 45.934272390558569 ], [ 11.360881078773373, 45.934498330433343 ], [ 11.360938846408551, 45.934543399187234 ], [ 11.361072531257099, 45.93484530361544 ], [ 11.360838747940035, 45.935105570193954 ], [ 11.360799689391593, 45.935145709651785 ], [ 11.360406550548573, 45.935784860154904 ], [ 11.360365663333573, 45.936304674737919 ], [ 11.360478400325544, 45.936769471925423 ], [ 11.360609802017182, 45.9371846504527 ], [ 11.360550041768217, 45.937499913347104 ], [ 11.360557586058517, 45.937783993648736 ], [ 11.360525966315778, 45.938412702843429 ], [ 11.360468703796379, 45.938795957886818 ], [ 11.360356805222969, 45.939062165073423 ], [ 11.359823160001904, 45.939540497060982 ], [ 11.359552633664091, 45.939738066238476 ], [ 11.359115701390945, 45.939999824899488 ], [ 11.358820956055117, 45.940307788706185 ], [ 11.358815298667123, 45.940816074302816 ], [ 11.358811510501308, 45.941225495692883 ], [ 11.358797923714294, 45.941625938825432 ], [ 11.358725589518212, 45.941970531829739 ], [ 11.358575872974505, 45.942531654582986 ], [ 11.358434312678348, 45.942977942240212 ], [ 11.35839123817277, 45.943565304523787 ], [ 11.359355211156549, 45.943497785980846 ], [ 11.360445636164432, 45.943269687564687 ], [ 11.361048410961937, 45.943130413370206 ], [ 11.36196547068092, 45.94292154436485 ], [ 11.362924247524244, 45.942707844896546 ], [ 11.363671157839256, 45.942536143527008 ], [ 11.364417184518407, 45.942510623831339 ], [ 11.36518185839428, 45.942453391393713 ], [ 11.36553557213038, 45.942446427168861 ], [ 11.366341816976298, 45.94236870499509 ], [ 11.367431814489395, 45.942331719343244 ], [ 11.36841484777298, 45.942245998198381 ], [ 11.369195448464023, 45.942175177892999 ], [ 11.369825680671427, 45.94215724468873 ], [ 11.37066876211451, 45.942178183297848 ], [ 11.371763639381939, 45.942264811988657 ], [ 11.372921070803947, 45.942447696337446 ], [ 11.374439015240354, 45.942864199406635 ], [ 11.375133603609624, 45.943075132151122 ], [ 11.375998794927479, 45.943287012562799 ], [ 11.376380264668551, 45.943419215294348 ], [ 11.377215944667771, 45.943595428362762 ], [ 11.377683902503152, 45.943704495611613 ], [ 11.378135332542543, 45.943770972687538 ], [ 11.378991003474653, 45.943557844503609 ], [ 11.379752533359175, 45.94328249753967 ], [ 11.380488290825909, 45.942995981867405 ], [ 11.38122442489, 45.942745545650112 ], [ 11.381791321745022, 45.942577207960134 ], [ 11.382421591470299, 45.942277128354476 ], [ 11.382439684802787, 45.942482592666799 ], [ 11.382469960483499, 45.943258345333312 ], [ 11.382534531705158, 45.943901075131848 ], [ 11.382541290854975, 45.944368870644908 ], [ 11.382585400713699, 45.944741831748502 ], [ 11.382683172877748, 45.945487824693899 ], [ 11.382792956779591, 45.946170833370601 ], [ 11.382859800544095, 45.94678210348679 ], [ 11.382867741434149, 45.947328538604836 ], [ 11.382847239502921, 45.947897708191249 ], [ 11.382876446401299, 45.948356304670995 ], [ 11.382919382848611, 45.948873297968667 ], [ 11.382964152721755, 45.949129058439404 ], [ 11.383235372418655, 45.950973813477461 ], [ 11.383400487902536, 45.951011860796264 ], [ 11.383503649571935, 45.951043460221499 ], [ 11.383619653974968, 45.951043559836243 ], [ 11.383755080206013, 45.951039203781306 ], [ 11.383903476789603, 45.951012345634901 ], [ 11.384006644948595, 45.950989941468485 ], [ 11.384129230871372, 45.95096299169888 ], [ 11.384161427987989, 45.950949539002927 ], [ 11.384180785798028, 45.950940584506938 ], [ 11.384252478452588, 45.950933417842862 ], [ 11.38430403330034, 45.950911010596705 ], [ 11.384349192700167, 45.950910968047403 ], [ 11.384387905289177, 45.950920060543602 ], [ 11.38440719327218, 45.950924518207714 ], [ 11.384497453027743, 45.950947115467621 ], [ 11.384613388528393, 45.950987717767809 ], [ 11.384761162524677, 45.951042596082303 ], [ 11.384819643350966, 45.951064326421175 ], [ 11.384935644230779, 45.951100426780087 ], [ 11.38519338508727, 45.951168039457706 ], [ 11.385283645559177, 45.951190636079879 ], [ 11.385351845757729, 45.951213333326017 ], [ 11.385418999218995, 45.951235692335509 ], [ 11.385496420534807, 45.95126278719416 ], [ 11.385573642691785, 45.951312297338013 ], [ 11.385631642565869, 45.951343847988959 ], [ 11.385715383379848, 45.951388901665922 ], [ 11.385844549777541, 45.951434086636468 ], [ 11.385895771165098, 45.951452007885479 ], [ 11.385966734857586, 45.951487967734508 ], [ 11.386024606114331, 45.951519520761423 ], [ 11.386114865986285, 45.951560117865263 ], [ 11.386243836822274, 45.951591715695216 ], [ 11.386308223508664, 45.951609721739786 ], [ 11.386355178562853, 45.951621431536708 ], [ 11.386398485168819, 45.951632317483906 ], [ 11.387043355144353, 45.95158329181492 ], [ 11.38724968803294, 45.95158348024043 ], [ 11.387294851792705, 45.951583526439741 ], [ 11.387417307057978, 45.951583577361113 ], [ 11.387462535512222, 45.951579121893367 ], [ 11.387572156243378, 45.951565760136148 ], [ 11.387681707934815, 45.951565810457375 ], [ 11.38773971095312, 45.951561357878688 ], [ 11.387823649471301, 45.951556903164494 ], [ 11.387862299193918, 45.951552495050564 ], [ 11.387913913075266, 45.951543495680923 ], [ 11.387997787672841, 45.95152554142885 ], [ 11.38819121849715, 45.951489725757895 ], [ 11.388268707813953, 45.951467314598069 ], [ 11.388326088125309, 45.951457384434313 ], [ 11.388371810278469, 45.951449408073536 ], [ 11.388462138220428, 45.951431498564332 ], [ 11.389190881967895, 45.951337594591806 ], [ 11.38923074190814, 45.951334330750932 ], [ 11.389270906113707, 45.95133214061768 ], [ 11.389361233502919, 45.951314230404577 ], [ 11.38937407243589, 45.951309731620043 ], [ 11.389419236262572, 45.951291775980927 ], [ 11.389445111269374, 45.951287364527552 ], [ 11.389483821471687, 45.951278364344631 ], [ 11.38952246698099, 45.951273865750778 ], [ 11.389599826238086, 45.951269457350293 ], [ 11.389634406916665, 45.951269453994328 ], [ 11.389683699594393, 45.951269502878795 ], [ 11.389703056471028, 45.951269547962809 ], [ 11.389722409481186, 45.951269503119441 ], [ 11.389819125638502, 45.951274140145202 ], [ 11.389877127988802, 45.951269686493006 ], [ 11.390115848886332, 45.951215909074698 ], [ 11.390148378575896, 45.95120721801522 ], [ 11.390199657846278, 45.951193454363711 ], [ 11.390347987021288, 45.951162089002679 ], [ 11.390386761282018, 45.951148586939517 ], [ 11.390419021396198, 45.951130630924204 ], [ 11.390457735036266, 45.951112719829403 ], [ 11.39052225128515, 45.951076717766213 ], [ 11.390580317800268, 45.951049761176222 ], [ 11.390612513330938, 45.951036306691087 ], [ 11.39069000088519, 45.950995892871518 ], [ 11.390767423950852, 45.95096898109658 ], [ 11.390831879445258, 45.950946570807517 ], [ 11.390980400396955, 45.950874698401371 ], [ 11.391051304989324, 45.950825241580773 ], [ 11.391128791754291, 45.950775827007298 ], [ 11.391180472503953, 45.950744413515054 ], [ 11.391232024259121, 45.950722003198479 ], [ 11.391315960553582, 45.950681543858209 ], [ 11.391399832226989, 45.9506365857075 ], [ 11.391438545006167, 45.950609673763957 ], [ 11.391528869899563, 45.950555759889305 ], [ 11.391664421252353, 45.950479387845597 ], [ 11.391793522836165, 45.950412061076378 ], [ 11.391832295857848, 45.950380557537585 ], [ 11.391870943692838, 45.950349146616539 ], [ 11.391929072836698, 45.950308687234376 ], [ 11.392006493885035, 45.95026377366699 ], [ 11.392090429183162, 45.95023231437758 ], [ 11.392219337161148, 45.950187492426871 ], [ 11.392283916002183, 45.950164988858802 ], [ 11.392374239878489, 45.950129075315871 ], [ 11.392464499312194, 45.950097663291409 ], [ 11.392548373776213, 45.950070795194691 ], [ 11.392580697467471, 45.950066337963783 ], [ 11.39267740696873, 45.950052881701808 ], [ 11.39275476422914, 45.950048471196503 ], [ 11.392890183345436, 45.950053014958939 ], [ 11.392980380203117, 45.950071106588261 ], [ 11.393051349550733, 45.950089150975224 ], [ 11.393089930074444, 45.950098153271675 ], [ 11.393173737825794, 45.950111698356366 ], [ 11.393186640811033, 45.950111698079631 ], [ 11.393270448589803, 45.95012524311263 ], [ 11.39341238618614, 45.950134329906433 ], [ 11.39352200292242, 45.950129963032801 ], [ 11.393618648079762, 45.950121007562323 ], [ 11.393670263006429, 45.950103095029867 ], [ 11.393689615067586, 45.950094049036757 ], [ 11.393741293036911, 45.950053633950247 ], [ 11.393767165468729, 45.950022220053341 ], [ 11.393799422171865, 45.949977261631275 ], [ 11.393831807737392, 45.949932300499242 ], [ 11.393844643233662, 45.949882798674189 ], [ 11.393844768894708, 45.949828793065599 ], [ 11.393851284334639, 45.949788334234022 ], [ 11.393857800207622, 45.949756875962684 ], [ 11.393877217957193, 45.949707416307149 ], [ 11.393908344049619, 45.949645200479189 ], [ 11.393928891588862, 45.949603997602601 ], [ 11.393967789885567, 45.949482575636118 ], [ 11.394039071829654, 45.949235277992848 ], [ 11.394115356263324, 45.949128103217575 ], [ 11.394324055714142, 45.948868924711562 ], [ 11.394619912808162, 45.948617279222731 ], [ 11.394872899087591, 45.948442766083808 ], [ 11.395094937572992, 45.948313633758048 ], [ 11.395310335846123, 45.948180139948001 ], [ 11.395475834493318, 45.948101335271566 ], [ 11.395647649219734, 45.948022397867931 ], [ 11.395787681017191, 45.947957447571433 ], [ 11.395851184924288, 45.947925063828357 ], [ 11.395914817745224, 45.947892677506928 ], [ 11.396265863453779, 45.947766237281456 ], [ 11.396419047384336, 45.947710100806724 ], [ 11.396476295201412, 45.947682258310067 ], [ 11.396584349140547, 45.947626798279288 ], [ 11.396678986800424, 45.947553438724967 ], [ 11.396843641215762, 45.947452148474667 ], [ 11.396964261232414, 45.947382923671583 ], [ 11.397008617829851, 45.947355351415105 ], [ 11.397096615152615, 45.947277630566767 ], [ 11.397178291953965, 45.947199952329719 ], [ 11.397215746177352, 45.947158933967962 ], [ 11.3973148251567, 45.947018066856273 ], [ 11.397357817853242, 45.946940930324885 ], [ 11.397376384800378, 45.946913719047934 ], [ 11.397437038453999, 45.946782388775141 ], [ 11.397479125019411, 45.946678269668773 ], [ 11.39751489506992, 45.94657428301219 ], [ 11.397526041970453, 45.946515635781573 ], [ 11.397528607189612, 45.946380664289848 ], [ 11.397534081677406, 45.946349047580071 ], [ 11.397565801680978, 45.946330650836565 ], [ 11.39762278857051, 45.946293812688396 ], [ 11.397641355281809, 45.946266601487153 ], [ 11.3976843468759, 45.946189464816719 ], [ 11.397733917497584, 45.946121280440302 ], [ 11.397808952557474, 45.94603924087415 ], [ 11.39788431146288, 45.945970695219835 ], [ 11.397915768232789, 45.945943213375003 ], [ 11.397997445968448, 45.945865624393505 ], [ 11.398022457428628, 45.945838277844885 ], [ 11.39819354951214, 45.945736850414484 ], [ 11.398227464975824, 45.945715527264035 ], [ 11.398427949371953, 45.945589631016801 ], [ 11.398529026296544, 45.945516134688489 ], [ 11.398611350737015, 45.945465533311186 ], [ 11.39867446098755, 45.945415155229959 ], [ 11.398718292914634, 45.945369502329044 ], [ 11.398730474803667, 45.945346835211275 ], [ 11.398755420626431, 45.945314989606516 ], [ 11.398830259115902, 45.945228453229845 ], [ 11.398892915595704, 45.945164583792696 ], [ 11.398943002224243, 45.945114389193321 ], [ 11.399019005683483, 45.945063830215183 ], [ 11.399057169582044, 45.945045297712404 ], [ 11.39949377017825, 45.94488392870435 ], [ 11.399841984625217, 45.944755286753072 ], [ 11.39993758509957, 45.944713406026167 ], [ 11.399981937982311, 45.944685832670132 ], [ 11.399988123709747, 45.944676702198421 ], [ 11.40000700927545, 45.944662894545651 ], [ 11.400057547877431, 45.944626190728513 ], [ 11.400070441865504, 45.94462600983033 ], [ 11.40020505220167, 45.94459716996019 ], [ 11.400275382996711, 45.944573640891143 ], [ 11.400365121733882, 45.944554384227551 ], [ 11.400480519416844, 45.944534768265747 ], [ 11.400576119006002, 45.94449288700627 ], [ 11.400678038417189, 45.94445096284111 ], [ 11.4007860167308, 45.944391000125783 ], [ 11.400919909082242, 45.944339583268409 ], [ 11.400952080432841, 45.944334676824468 ], [ 11.400977864302119, 45.944334224895414 ], [ 11.401126145755324, 45.944332188173668 ], [ 11.401293766073419, 45.944329834690585 ], [ 11.401358235397849, 45.944328929447671 ], [ 11.401377380067633, 45.944324116753201 ], [ 11.401454677909152, 45.944318531539245 ], [ 11.401486654971066, 45.944309128783679 ], [ 11.401569943969335, 45.944289916698722 ], [ 11.401621065602674, 45.944275701178384 ], [ 11.401691266420048, 45.944252173972032 ], [ 11.40187074190316, 45.944213658373087 ], [ 11.401960998718963, 45.94421239057241 ], [ 11.402089158232998, 45.94418359415198 ], [ 11.40221106289048, 45.944159339374906 ], [ 11.402319948613693, 45.944135358264198 ], [ 11.402377709118536, 45.944125502916783 ], [ 11.402487048830748, 45.944115012925813 ], [ 11.402577305483161, 45.944113744608671 ], [ 11.402699989018188, 45.944116474486712 ], [ 11.402751629608282, 45.944120248484992 ], [ 11.402939301844556, 45.944140062209129 ], [ 11.402977983261588, 45.944139518513886 ], [ 11.403048962695564, 45.944142975621908 ], [ 11.403100732270238, 45.944146746808897 ], [ 11.403191054520454, 45.944149976913415 ], [ 11.403287954374898, 45.944153158564852 ], [ 11.40334629986117, 45.944165791767233 ], [ 11.403470286813782, 45.944213585968313 ], [ 11.403619928776049, 45.944260930168539 ], [ 11.403782073903352, 45.944290100045038 ], [ 11.403847063025001, 45.944307183450675 ], [ 11.404030696253802, 45.944412585222651 ], [ 11.404083184398884, 45.944438932120903 ], [ 11.404514734858092, 45.943767500998511 ], [ 11.405169003144112, 45.942160815570865 ], [ 11.405832035211686, 45.94093340319418 ], [ 11.405971450393411, 45.940607438197723 ], [ 11.406226124138461, 45.93952858181072 ], [ 11.406801720231231, 45.938007967943832 ], [ 11.407088626347742, 45.937206456233447 ], [ 11.407305701038748, 45.936195533060435 ], [ 11.407513802129502, 45.93526652319462 ], [ 11.40754933736193, 45.934046292772464 ], [ 11.40757175351626, 45.932832909060522 ], [ 11.407611458993699, 45.932400316748087 ], [ 11.407490824834545, 45.931809634348646 ], [ 11.407424281172391, 45.931452365645633 ], [ 11.406988886629557, 45.930470312500582 ], [ 11.40589967008877, 45.928980719501496 ], [ 11.404917122732286, 45.927904514899993 ], [ 11.404337319306729, 45.926987415155004 ], [ 11.403210474691869, 45.925707220429672 ], [ 11.401708902946421, 45.924119515006886 ], [ 11.400763656141422, 45.92210157320963 ], [ 11.400401360257144, 45.921066564286647 ], [ 11.400032539646057, 45.920125116874381 ], [ 11.399475377522789, 45.919080248148042 ], [ 11.398736777691258, 45.918124692072702 ], [ 11.397977823753932, 45.917558022065492 ], [ 11.39979049964847, 45.91675571714746 ], [ 11.402790193571125, 45.915638602167505 ], [ 11.403017196339183, 45.914752852853759 ], [ 11.402852482683874, 45.913673641392563 ], [ 11.401830306805785, 45.91258852120292 ], [ 11.401002593485115, 45.911801813038892 ], [ 11.40064296813304, 45.911311371044263 ], [ 11.400814555997725, 45.911170146180957 ], [ 11.401784417322956, 45.910879740492021 ], [ 11.403138694806451, 45.910516075603816 ], [ 11.403624317476517, 45.910033328416532 ], [ 11.40386835706383, 45.908871080902429 ], [ 11.404015472402854, 45.906455924171119 ], [ 11.404382973446753, 45.905104944767466 ], [ 11.404947401872558, 45.903352892806588 ], [ 11.405448849413999, 45.900660074147474 ], [ 11.405559790145643, 45.899486133307086 ], [ 11.405716271827847, 45.899130645292047 ], [ 11.405682361806226, 45.898844061165107 ], [ 11.405356084110664, 45.897199687115744 ], [ 11.40535433346388, 45.896962198762594 ], [ 11.405337413584709, 45.896570489948211 ], [ 11.405311184654167, 45.896357188603375 ], [ 11.405322292424577, 45.896220415958425 ], [ 11.405396012662118, 45.895957486760906 ], [ 11.405538071306768, 45.895307083531094 ], [ 11.405714470514519, 45.894845959010759 ], [ 11.405812447435116, 45.894356874057188 ], [ 11.406002162301064, 45.893628241302075 ], [ 11.406079029471716, 45.89304446460001 ], [ 11.406173410808609, 45.892472289549005 ], [ 11.40620082132722, 45.89192528677485 ], [ 11.40628989954639, 45.891358713646376 ], [ 11.406371012960344, 45.890724173775581 ], [ 11.406428741151004, 45.890139089614998 ], [ 11.40641779769112, 45.889656078729828 ], [ 11.406434725646067, 45.889531784008938 ], [ 11.406470587310613, 45.889302773641333 ], [ 11.406488633392792, 45.889207347241999 ], [ 11.406474497062206, 45.889118809283502 ], [ 11.406443388410713, 45.888938732937604 ], [ 11.406495804301548, 45.888782638502441 ], [ 11.40653942799514, 45.888628889437165 ], [ 11.406616376214286, 45.888512600676428 ], [ 11.406663605450367, 45.888439330850218 ], [ 11.406801920190176, 45.888287636728847 ], [ 11.40691190784341, 45.888163451138638 ], [ 11.407017767166096, 45.888036202239036 ], [ 11.40708766647557, 45.88794175313523 ], [ 11.407188767765113, 45.887817754539945 ], [ 11.407330582211575, 45.887496594891502 ], [ 11.407338544497501, 45.887218578939795 ], [ 11.407397662634066, 45.88713713768243 ], [ 11.407533178003337, 45.887010253307139 ], [ 11.407674131624383, 45.886886944319428 ], [ 11.407748484131684, 45.886794201050229 ], [ 11.407979793148225, 45.886468363863038 ], [ 11.408579305425564, 45.88571902513155 ], [ 11.408794710122864, 45.88538623113768 ], [ 11.40889766898459, 45.885230869746962 ], [ 11.409353218406379, 45.884779962346798 ], [ 11.409524661792513, 45.884637736699403 ], [ 11.409654700962257, 45.88450367475842 ], [ 11.409832977730634, 45.884281109159858 ], [ 11.410735256508318, 45.883408632940522 ], [ 11.410971159662678, 45.883308787444008 ], [ 11.411235197580337, 45.883135442761166 ], [ 11.411353223558732, 45.882965180004234 ], [ 11.411573965182122, 45.882756296162405 ], [ 11.412320195344481, 45.88207584424034 ], [ 11.412437828485869, 45.881917469435201 ], [ 11.412498315541596, 45.881829246121846 ], [ 11.412727414083911, 45.881566539856159 ], [ 11.413592351473989, 45.880705720149436 ], [ 11.414021866280319, 45.880312947648804 ], [ 11.414574651943582, 45.879895246202835 ], [ 11.414781977441748, 45.879731192612049 ], [ 11.415226598907108, 45.879520808320223 ], [ 11.415451865277051, 45.879318841622464 ], [ 11.415502959376461, 45.879189502509959 ], [ 11.415664469895621, 45.87887538604631 ], [ 11.41598495207289, 45.87859291918766 ], [ 11.41627707667033, 45.878268748483841 ], [ 11.416461410665494, 45.877975929469713 ], [ 11.416588271147887, 45.877742560028437 ], [ 11.416759540248458, 45.877451637002792 ], [ 11.416859808553255, 45.877098401836491 ], [ 11.417068882608726, 45.876686880382351 ], [ 11.417160138425986, 45.876526988540945 ], [ 11.417425428758355, 45.876154959410322 ], [ 11.417540944360413, 45.875957291365673 ], [ 11.4176437529414, 45.875754851826258 ], [ 11.417654738742442, 45.875725907338825 ], [ 11.417772772924936, 45.875541776651737 ], [ 11.418010376239227, 45.875211914965334 ], [ 11.418030841576712, 45.875187630059415 ], [ 11.418105485723949, 45.875108284569073 ], [ 11.418249472113265, 45.874987778290247 ], [ 11.418420760646182, 45.87476894707769 ], [ 11.418492500103513, 45.87461081748787 ], [ 11.418597600961565, 45.874428669914394 ], [ 11.418706767742927, 45.874123487769403 ], [ 11.418807581063467, 45.873806961625142 ], [ 11.41890978421225, 45.873593732949075 ], [ 11.419043852560433, 45.873473435639966 ], [ 11.419125690595601, 45.873399607495045 ], [ 11.419209494342669, 45.87332060724934 ], [ 11.419397114173867, 45.873184324284864 ], [ 11.419590947286972, 45.873048719359844 ], [ 11.419743427630435, 45.87298455503651 ], [ 11.419971855408729, 45.872805913763685 ], [ 11.420105789634722, 45.872655916014018 ], [ 11.420261301416502, 45.872465768124798 ], [ 11.42033151818813, 45.872367703687409 ], [ 11.420454567966287, 45.872162942470915 ], [ 11.420556531048002, 45.872012631599382 ], [ 11.420765242794108, 45.871721358813737 ], [ 11.420761790121912, 45.871641866585385 ], [ 11.421060806300666, 45.871373970986809 ], [ 11.421134193304662, 45.871301490562082 ], [ 11.421485610953891, 45.871163261994617 ], [ 11.421828659489881, 45.871025209774146 ], [ 11.422003333139484, 45.870932309876551 ], [ 11.422168478561954, 45.870815850118447 ], [ 11.422274280363702, 45.870706589050897 ], [ 11.42231172653872, 45.870586896842674 ], [ 11.422276687352058, 45.870367664936694 ], [ 11.422261090818859, 45.870207424737806 ], [ 11.422296215426975, 45.870034318049512 ], [ 11.422388099076642, 45.869800513552953 ], [ 11.422668155098377, 45.869390266005915 ], [ 11.422737216119206, 45.869280613774151 ], [ 11.422800474929815, 45.869197546320663 ], [ 11.422893519860535, 45.869032031452193 ], [ 11.423014328883703, 45.868349292089142 ], [ 11.423139811160897, 45.868031968489426 ], [ 11.42336520656611, 45.867633139433742 ], [ 11.423903871417572, 45.867161777668464 ], [ 11.424458942034136, 45.866801222753672 ], [ 11.425057069288181, 45.86630222147334 ], [ 11.425506636472512, 45.865983774106112 ], [ 11.425672205382082, 45.86567324677597 ], [ 11.425738866555569, 45.865461306525198 ], [ 11.42584721878997, 45.865079449131684 ], [ 11.426046013847827, 45.864407560615874 ], [ 11.426175080600697, 45.863888993342492 ], [ 11.426345558453303, 45.863605632600937 ], [ 11.426477818058462, 45.863314442948884 ], [ 11.426493678790623, 45.863146064336881 ], [ 11.42646500464318, 45.862969721205559 ], [ 11.426540183454463, 45.862663542893415 ], [ 11.42658219033032, 45.86248911840633 ], [ 11.426610308969103, 45.862217602192501 ], [ 11.426656080424006, 45.861975773015097 ], [ 11.426588586244284, 45.861685946742952 ], [ 11.426490478127045, 45.861539250688267 ], [ 11.426264126801232, 45.861325974040234 ], [ 11.426009308883382, 45.861133462978721 ], [ 11.425955094728701, 45.861092491536503 ], [ 11.425946634224555, 45.861084570693137 ], [ 11.425877455167543, 45.861099360951165 ], [ 11.425450402964611, 45.861191146171102 ], [ 11.425110696611341, 45.861274144814757 ], [ 11.424990082886204, 45.861300017290922 ], [ 11.424911613768801, 45.861320404565703 ], [ 11.424850127972856, 45.861325490215144 ], [ 11.424795408575999, 45.861326201878377 ], [ 11.424740723893006, 45.86132475264376 ], [ 11.424645268488284, 45.861304097486617 ], [ 11.424517889535968, 45.861278089456519 ], [ 11.424406345783266, 45.861254805418078 ], [ 11.424355552375502, 45.861242112558891 ], [ 11.424307828701618, 45.861231874789738 ], [ 11.424240752288572, 45.861220967601596 ], [ 11.424148012647526, 45.861209435049233 ], [ 11.424067980414438, 45.861202763035344 ], [ 11.423955572701454, 45.861195157978592 ], [ 11.423913786102275, 45.861194064630027 ], [ 11.423826823984504, 45.861193929942672 ], [ 11.423663241752585, 45.861182640234183 ], [ 11.423557954816818, 45.861163992937627 ], [ 11.42346911062733, 45.861141306351549 ], [ 11.42340934970394, 45.861114942422724 ], [ 11.423330399858797, 45.861085745375476 ], [ 11.423260775993231, 45.861063640934191 ], [ 11.423206597777876, 45.861053089545855 ], [ 11.423079220046976, 45.861027079908261 ], [ 11.422903733835209, 45.860999750532443 ], [ 11.422386757069528, 45.860913599315367 ], [ 11.422137269643201, 45.860881987775116 ], [ 11.421999359487637, 45.860871501334756 ], [ 11.421906266408875, 45.860866634896773 ], [ 11.421751531873406, 45.860869195774015 ], [ 11.421699749737366, 45.86087227385719 ], [ 11.421657289351243, 45.860882354735153 ], [ 11.421582200733971, 45.860900507965859 ], [ 11.421520204720457, 45.86091460320992 ], [ 11.421450861798975, 45.860946405473356 ], [ 11.421394291768737, 45.860978656919237 ], [ 11.421337717823219, 45.861010818438636 ], [ 11.4212940767191, 45.861041175643031 ], [ 11.421227830234601, 45.861073092072452 ], [ 11.421163087745189, 45.861080314953185 ], [ 11.421105177990874, 45.861078752306426 ], [ 11.421056940574378, 45.86107743465238 ], [ 11.420958612033795, 45.861049906771569 ], [ 11.420877081166497, 45.861011672121023 ], [ 11.420814961206649, 45.86096951575356 ], [ 11.420704254871296, 45.860876455469587 ], [ 11.420616660695064, 45.860772734533747 ], [ 11.420598816412861, 45.860747460908513 ], [ 11.42057117504573, 45.860722034952239 ], [ 11.420515116901456, 45.860688930552293 ], [ 11.420471161410564, 45.860667540479739 ], [ 11.420392151426393, 45.860642843024131 ], [ 11.420322045782934, 45.860627407446358 ], [ 11.420271062894173, 45.860619217151189 ], [ 11.420216920760243, 45.860606503438184 ], [ 11.420166128811545, 45.860593808744078 ], [ 11.420121982564309, 45.860576922894346 ], [ 11.420065573997865, 45.860550576190121 ], [ 11.420009040714778, 45.860524322128377 ], [ 11.419962335819839, 45.860495969665081 ], [ 11.419918700338803, 45.860470072298767 ], [ 11.419817349064772, 45.860381763297916 ], [ 11.419691547755948, 45.860270300544855 ], [ 11.419643153749602, 45.860214891802528 ], [ 11.419592243903876, 45.860146035440515 ], [ 11.419511263631879, 45.860040283420339 ], [ 11.419439476290146, 45.859941537145978 ], [ 11.419373945030951, 45.859847428586349 ], [ 11.419244447643084, 45.859686360149205 ], [ 11.419156670965812, 45.859587232269369 ], [ 11.419080637995721, 45.859506396941796 ], [ 11.418987585574648, 45.859443023143605 ], [ 11.418959239803938, 45.859431022602493 ], [ 11.418883328802679, 45.859406438474835 ], [ 11.418830849330767, 45.859366687037848 ], [ 11.418795549336274, 45.859307220355504 ], [ 11.418794249841154, 45.859214901420827 ], [ 11.418802953326018, 45.859062156455643 ], [ 11.418808927680823, 45.859012796530621 ], [ 11.418821192802294, 45.858965913517473 ], [ 11.418833933692845, 45.858912180012013 ], [ 11.418850094797065, 45.858854143726532 ], [ 11.418899039259278, 45.858785692413264 ], [ 11.41893336287888, 45.858748422996939 ], [ 11.418998460917894, 45.858678189463149 ], [ 11.419053535911226, 45.858614468650302 ], [ 11.419106025026043, 45.85854162194947 ], [ 11.419141241109839, 45.858486332285722 ], [ 11.419157721555782, 45.858423788870823 ], [ 11.419080862858976, 45.858300127942883 ], [ 11.419038921728148, 45.858244942346239 ], [ 11.418997175726071, 45.858185342242756 ], [ 11.418934552922751, 45.858095852199227 ], [ 11.418853768011607, 45.85798559522614 ], [ 11.418830340620616, 45.857944418471817 ], [ 11.418806249890801, 45.857858252571738 ], [ 11.418811553463202, 45.85782015757141 ], [ 11.418816474935614, 45.857791071346128 ], [ 11.418826856025678, 45.857721546612012 ], [ 11.418836597537807, 45.857661036123389 ], [ 11.418863775419588, 45.857580804971739 ], [ 11.418880829127943, 45.857504748543128 ], [ 11.418883741866532, 45.857453113242933 ], [ 11.418880172963819, 45.85740350534855 ], [ 11.418873059038486, 45.857358292787005 ], [ 11.418867825191832, 45.857335632075134 ], [ 11.418829270211226, 45.857278304492546 ], [ 11.418799236722323, 45.857239247731805 ], [ 11.418771753904853, 45.857211477774648 ], [ 11.418724861283151, 45.857187629073941 ], [ 11.418566470602098, 45.857138329438854 ], [ 11.418525194007183, 45.857128132740321 ], [ 11.418448775563476, 45.857112559617917 ], [ 11.418381837761109, 45.857101736100937 ], [ 11.418234612849782, 45.857084151855886 ], [ 11.418160904844099, 45.857077611859857 ], [ 11.418028780359641, 45.857078518903911 ], [ 11.41794811491163, 45.857080856716685 ], [ 11.417819340400284, 45.857081782594342 ], [ 11.417703685265177, 45.85707631028879 ], [ 11.417559494662694, 45.857063341268905 ], [ 11.417435193744074, 45.857039690362562 ], [ 11.417315331450576, 45.856993623827499 ], [ 11.417230938756189, 45.856948606608192 ], [ 11.417181719199315, 45.856906715237066 ], [ 11.417160816411329, 45.856879165680276 ], [ 11.417149132893501, 45.856856281307444 ], [ 11.417137933123282, 45.856826726212269 ], [ 11.417136085079504, 45.856801923589011 ], [ 11.417134880803165, 45.856768196743374 ], [ 11.417130509900225, 45.856729766507584 ], [ 11.41712218423042, 45.856707081093518 ], [ 11.417013340532836, 45.856638819517563 ], [ 11.416969545645092, 45.856615084568055 ], [ 11.41695696874919, 45.856610220349516 ], [ 11.416862901368381, 45.856564867548748 ], [ 11.416818755423304, 45.85654789045757 ], [ 11.416718753025087, 45.856493392512164 ], [ 11.416678183543958, 45.856469769147274 ], [ 11.416594494612353, 45.85641123566036 ], [ 11.416508060596641, 45.856345829689495 ], [ 11.416467491314883, 45.856322206318531 ], [ 11.416423700793898, 45.856298561015258 ], [ 11.416319927683412, 45.856255123269285 ], [ 11.4162738399807, 45.856237917027578 ], [ 11.416203133165801, 45.856211420818937 ], [ 11.416177983462232, 45.856201782131905 ], [ 11.416118067357276, 45.856177577816396 ], [ 11.415996788740157, 45.856125509411704 ], [ 11.415860289553116, 45.856067012373899 ], [ 11.415660033495795, 45.855987812105937 ], [ 11.415494906976299, 45.855919659325309 ], [ 11.415263967901913, 45.855845787558771 ], [ 11.415238494596069, 45.855840565835138 ], [ 11.41506696001173, 45.855799909834779 ], [ 11.414952334400587, 45.855776501724833 ], [ 11.414764545787381, 45.85573528891949 ], [ 11.414723103056406, 45.855727164484776 ], [ 11.414630737497069, 45.855709135779961 ], [ 11.414573504838602, 45.855696304723757 ], [ 11.414480621489174, 45.855666316058702 ], [ 11.414383998796614, 45.855630285846217 ], [ 11.414277362555206, 45.855580156258995 ], [ 11.414196738546622, 45.855523896372596 ], [ 11.414129335329696, 45.855463576727473 ], [ 11.414080791062519, 45.855410418960055 ], [ 11.414063076078667, 45.8553880218101 ], [ 11.414032274853886, 45.855348980015577 ], [ 11.413967088675086, 45.855268451993069 ], [ 11.413945353493549, 45.855242449531119 ], [ 11.413900226088137, 45.855184899134358 ], [ 11.413845751501556, 45.855122685954562 ], [ 11.413782242093022, 45.855051123007357 ], [ 11.413715574372779, 45.854975036478194 ], [ 11.413620853330455, 45.854884691687204 ], [ 11.41352101706148, 45.854827937247791 ], [ 11.413442209738738, 45.854798730331147 ], [ 11.413326563472561, 45.854793343372606 ], [ 11.413307520686498, 45.854796805918575 ], [ 11.41308574252443, 45.854836234181072 ], [ 11.413046506207598, 45.854846333761259 ], [ 11.412983651129684, 45.854876193711625 ], [ 11.41292111221667, 45.854901456589452 ], [ 11.412858604792465, 45.854924468581885 ], [ 11.412758243853077, 45.854932979184944 ], [ 11.412636147128946, 45.854927367723256 ], [ 11.412396362659093, 45.854895980007001 ], [ 11.412197820775056, 45.854877041648422 ], [ 11.412066373129745, 45.854866676699253 ], [ 11.411896908394068, 45.854843973549691 ], [ 11.411791445286187, 45.854829819417908 ], [ 11.411600217772103, 45.854795334514506 ], [ 11.41150445767304, 45.854779175073901 ], [ 11.411319868385435, 45.854740319221108 ], [ 11.411220887276976, 45.854724137593692 ], [ 11.411041528806066, 45.854707942451149 ], [ 11.410916367777904, 45.854699963722503 ], [ 11.410822567457647, 45.854699333433388 ], [ 11.410703773791289, 45.8546986005951 ], [ 11.410590836872618, 45.854702244333744 ], [ 11.410358129384612, 45.854718316285975 ], [ 11.410183712187148, 45.854727037257554 ], [ 11.410086896671318, 45.854731150372224 ], [ 11.409941012640312, 45.854747369453648 ], [ 11.409823470107897, 45.854775591350908 ], [ 11.409689265917523, 45.854814695320286 ], [ 11.409616377807444, 45.854850885490862 ], [ 11.409482912904048, 45.854874312591846 ], [ 11.40937045624244, 45.8548711944796 ], [ 11.409158694382096, 45.854856309992094 ], [ 11.409097726424319, 45.854852375596558 ], [ 11.409026414352381, 45.854859460056034 ], [ 11.408920902865827, 45.85490380840664 ], [ 11.40888418655353, 45.854927534379499 ], [ 11.408807208075755, 45.854979381384567 ], [ 11.408718201533061, 45.855015190852292 ], [ 11.408662494383808, 45.855031666731627 ], [ 11.408552077320474, 45.855048936227895 ], [ 11.40842337010548, 45.855045349845362 ], [ 11.408298016683903, 45.855041872583371 ], [ 11.408205129938578, 45.855032580351107 ], [ 11.408052300104806, 45.855001330162203 ], [ 11.407960442421819, 45.854974104693817 ], [ 11.407902631704038, 45.854956782171548 ], [ 11.407897646439494, 45.855005400676077 ], [ 11.407875516760356, 45.855223772511401 ], [ 11.407855592750609, 45.855347051148939 ], [ 11.407838697966357, 45.855474856241216 ], [ 11.407831703506652, 45.855485894438893 ], [ 11.407705277649189, 45.855842464363057 ], [ 11.407697802173367, 45.855860263155421 ], [ 11.407681790411909, 45.8559160445798 ], [ 11.407677732058342, 45.855929451050898 ], [ 11.407643022395403, 45.855975815929611 ], [ 11.407626031802714, 45.855991025135246 ], [ 11.407532134261698, 45.856137374485456 ], [ 11.40732473845927, 45.85636397143427 ], [ 11.407200604334362, 45.856508167590562 ], [ 11.407179752214418, 45.856583132317454 ], [ 11.407079534474752, 45.856577143810661 ], [ 11.407080644058546, 45.856567039707606 ], [ 11.407090405576616, 45.85639330187238 ], [ 11.407085876519508, 45.856207804327966 ], [ 11.407067242722253, 45.856017833728416 ], [ 11.406939901893645, 45.855863906359936 ], [ 11.406810849060728, 45.85575087772429 ], [ 11.406744226444125, 45.855723389608805 ], [ 11.406573004996275, 45.855668943327977 ], [ 11.406081348729577, 45.855788749180498 ], [ 11.405875146547146, 45.855837105906829 ], [ 11.405705324490111, 45.855889736372355 ], [ 11.405552129089319, 45.855933645793591 ], [ 11.405382361428339, 45.855984564450551 ], [ 11.405150265774706, 45.856053806624708 ], [ 11.404537445955475, 45.856112162681882 ], [ 11.404371113217641, 45.856129255194936 ], [ 11.404197440891068, 45.856146411972105 ], [ 11.404031893199766, 45.85612793499746 ], [ 11.403923753211931, 45.856117430147542 ], [ 11.403807199945733, 45.85605219847411 ], [ 11.403761297614324, 45.855997360606928 ], [ 11.403679800462982, 45.855902678963361 ], [ 11.403534499633633, 45.855789088567796 ], [ 11.403510088008769, 45.855784561906894 ], [ 11.403404718883614, 45.855754646909013 ], [ 11.403286711271598, 45.855823014612142 ], [ 11.403116260542554, 45.855968720946358 ], [ 11.403043355362017, 45.856073402027398 ], [ 11.402934114996647, 45.856234651429787 ], [ 11.402815659581247, 45.856406265297522 ], [ 11.402597275063394, 45.856336424051463 ], [ 11.402351422738558, 45.856191104877787 ], [ 11.4021752294877, 45.856089953310395 ], [ 11.402007644735292, 45.855919495603537 ], [ 11.401711623906177, 45.855659031943908 ], [ 11.401601164842178, 45.855609600933803 ], [ 11.401444761680876, 45.855549165020697 ], [ 11.401369906574834, 45.855530847437571 ], [ 11.401250478058525, 45.85553335831159 ], [ 11.401158676989519, 45.855519357153675 ], [ 11.401012219233957, 45.855558258492216 ], [ 11.400769626423832, 45.855611151209843 ], [ 11.400307642170205, 45.855732288628161 ], [ 11.399936087202384, 45.855835593021439 ], [ 11.399507991774161, 45.855948094574693 ], [ 11.399526495257145, 45.855848248906 ], [ 11.399564693815785, 45.85567625442696 ], [ 11.399516055810311, 45.855605631227853 ], [ 11.399506968876176, 45.855526166565504 ], [ 11.399468432616281, 45.85529214973328 ], [ 11.399810360592511, 45.855030248247957 ], [ 11.400008050097913, 45.854858862698912 ], [ 11.400190166554522, 45.854723716653893 ], [ 11.400230801731055, 45.854629346171642 ], [ 11.400154403957368, 45.854575147692181 ], [ 11.399996809464559, 45.854486922875353 ], [ 11.399840585346599, 45.854430531215343 ], [ 11.399479865809262, 45.854390316476433 ], [ 11.399214553662754, 45.854316234262498 ], [ 11.399058501, 45.854263798241924 ], [ 11.398842998485101, 45.854152846434204 ], [ 11.39843381093964, 45.853779272826337 ], [ 11.398256197501659, 45.853623781202067 ], [ 11.398054608266893, 45.853440890748651 ], [ 11.397997748384213, 45.853310765335003 ], [ 11.398006311252157, 45.853111491543004 ], [ 11.398111863548387, 45.852918192016084 ], [ 11.398249422813135, 45.852672466664309 ], [ 11.39843286599754, 45.852376544175364 ], [ 11.397918434928471, 45.8523048997288 ], [ 11.397134320381994, 45.85221596161616 ], [ 11.396831687661338, 45.85219027042195 ], [ 11.396384137307791, 45.85214925780781 ], [ 11.395989922649338, 45.852588208364367 ], [ 11.395721002154325, 45.852891590214746 ], [ 11.39559978187741, 45.852816277282948 ], [ 11.395344871462051, 45.852684183868973 ], [ 11.395036926989004, 45.852534840644672 ], [ 11.394677100199926, 45.852476050640327 ], [ 11.394506062127173, 45.852461365222048 ], [ 11.394236015394677, 45.852432643889159 ], [ 11.393949625554782, 45.852404264439336 ], [ 11.393572054852998, 45.852238105309439 ], [ 11.393220544375952, 45.85206986875108 ], [ 11.393092757894163, 45.852072546242979 ], [ 11.392781545575575, 45.852077986252645 ], [ 11.392599885306133, 45.852082871876711 ], [ 11.392193795150435, 45.852131520647951 ], [ 11.391860552168085, 45.8521969137742 ], [ 11.391435622322666, 45.852355942077331 ], [ 11.391252292441106, 45.85232791817279 ], [ 11.390973748605211, 45.852287216123926 ], [ 11.390674020909159, 45.852242096486286 ], [ 11.390526851114702, 45.852240316424911 ], [ 11.390383364066551, 45.852243319456377 ], [ 11.390144419473669, 45.852390259878163 ], [ 11.389960117584968, 45.8525018540278 ], [ 11.38981736192331, 45.852521942244344 ], [ 11.389693382274888, 45.852490243812277 ], [ 11.389398377419157, 45.852429090901602 ], [ 11.389295846249301, 45.852612418447286 ], [ 11.389183518555724, 45.852810621861984 ], [ 11.389080729547119, 45.852822582632818 ], [ 11.388953306855015, 45.852833798427504 ], [ 11.388831160353728, 45.852844903768165 ], [ 11.388782599535306, 45.852856900163246 ], [ 11.38858977039922, 45.852892795114116 ], [ 11.388431732749757, 45.852923011843998 ], [ 11.388286423363649, 45.852967723288728 ], [ 11.388143090232164, 45.853013473255487 ], [ 11.388032260422257, 45.853045222577123 ], [ 11.388058837345781, 45.852886795852378 ], [ 11.388082804314006, 45.8527516453454 ], [ 11.388018637005043, 45.85264281920896 ], [ 11.38791393666596, 45.852613145946272 ], [ 11.387768409611315, 45.852607637759355 ], [ 11.38769129581061, 45.852647682493426 ], [ 11.387416559463324, 45.852780154337204 ], [ 11.387312552526776, 45.852661359808749 ], [ 11.387284145085033, 45.852575457504045 ], [ 11.387235081677934, 45.852392150031761 ], [ 11.387142371224066, 45.852152060749859 ], [ 11.387031754967303, 45.852056355719711 ], [ 11.386756212029994, 45.852073634747349 ], [ 11.386337154028467, 45.852108312646138 ], [ 11.386074087719134, 45.852128209554415 ], [ 11.385705485750869, 45.852089826021526 ], [ 11.385429080646079, 45.852086958438463 ], [ 11.38522379503552, 45.852105646628111 ], [ 11.38489390521298, 45.852144217486099 ], [ 11.384744249053846, 45.852210796654894 ], [ 11.38460656807324, 45.852271275229661 ], [ 11.384566310472193, 45.852293717244422 ], [ 11.384427190786546, 45.852365746444299 ], [ 11.384255678141994, 45.852454382755084 ], [ 11.384062009547984, 45.8525520319143 ], [ 11.383939044505714, 45.85242345930682 ], [ 11.383751048353805, 45.852222888636895 ], [ 11.383659806873496, 45.852158458207548 ], [ 11.383509844505927, 45.852052140064536 ], [ 11.383386575206188, 45.85196461606764 ], [ 11.383207848396401, 45.851941703562126 ], [ 11.383115938120365, 45.851924899934957 ], [ 11.383039078601575, 45.851910662467581 ], [ 11.382980658417891, 45.851942123421047 ], [ 11.382908038302901, 45.851981891179612 ], [ 11.382854143155008, 45.852010737523393 ], [ 11.382754280786054, 45.851934425330491 ], [ 11.382640964251991, 45.851889895947565 ], [ 11.382372913428933, 45.851790089913898 ], [ 11.382332997214776, 45.851778321569711 ], [ 11.382136017120816, 45.85173211643437 ], [ 11.381798405437623, 45.851653201192399 ], [ 11.38155115080532, 45.851657276857324 ], [ 11.381272016752398, 45.851720160716432 ], [ 11.38092690381559, 45.851779288873196 ], [ 11.380380926233686, 45.851873204467928 ], [ 11.379924994784888, 45.851946339898255 ], [ 11.379545329647435, 45.852065138016471 ], [ 11.379245499426156, 45.852156259983083 ], [ 11.379214180434024, 45.852053135140999 ], [ 11.379258122294921, 45.851896598909789 ], [ 11.379108536424614, 45.851871362787996 ], [ 11.37904799895694, 45.851877394088213 ], [ 11.378866607000125, 45.851897643288879 ], [ 11.378668186390252, 45.851911226381404 ], [ 11.378368085218252, 45.851917475778009 ], [ 11.37796526594914, 45.851922262704953 ], [ 11.377793394401506, 45.852078221481804 ], [ 11.377703464892605, 45.852159209114632 ], [ 11.377623469731304, 45.852210377847499 ], [ 11.377515793744275, 45.852273913521969 ], [ 11.377461664325088, 45.852267119675922 ], [ 11.377331222133934, 45.852261914194997 ], [ 11.377226198212636, 45.852224497341936 ], [ 11.377126836737476, 45.852186962526048 ], [ 11.377019851632534, 45.85213374519784 ], [ 11.376750700686054, 45.851998846400519 ], [ 11.376558063625451, 45.852000064580643 ], [ 11.376415154027359, 45.852001507909414 ], [ 11.376320419972243, 45.852003028863393 ], [ 11.376238485099485, 45.852008693793586 ], [ 11.376059233984648, 45.852021783490862 ], [ 11.375903986342891, 45.852032933527397 ], [ 11.375867882884172, 45.852013883133601 ], [ 11.375728946154295, 45.851960429121881 ], [ 11.375610695758175, 45.851954158079472 ], [ 11.375517653804854, 45.851956093203462 ], [ 11.375375861073252, 45.851980733621176 ], [ 11.375273050052735, 45.852043625974744 ], [ 11.37548905841018, 45.852303842147208 ], [ 11.375764300507685, 45.852645271652072 ], [ 11.375575913565891, 45.852740276331119 ], [ 11.37537559826996, 45.852848579689955 ], [ 11.375164424457507, 45.852998331349362 ], [ 11.374984153967775, 45.853138799414282 ], [ 11.374761950799387, 45.853316951661064 ], [ 11.374555638388232, 45.853429698532182 ], [ 11.374404346899821, 45.853521769906784 ], [ 11.374179969674724, 45.853869807949259 ], [ 11.374124488793635, 45.853952326868395 ], [ 11.374074229130235, 45.854030416870927 ], [ 11.374007015136765, 45.85409148809665 ], [ 11.373996458974334, 45.854100708122537 ], [ 11.373974109443546, 45.854120343947557 ], [ 11.373952556521072, 45.854143563498113 ], [ 11.373885524259125, 45.854157467591754 ], [ 11.373636330657481, 45.854137444727996 ], [ 11.373305466495676, 45.854096076688194 ], [ 11.372903632248441, 45.854015409329165 ], [ 11.372796406391089, 45.853989824967343 ], [ 11.372699158109116, 45.854014076732078 ], [ 11.372523454447162, 45.854062279618454 ], [ 11.372418097506147, 45.854144213559813 ], [ 11.372263996726776, 45.854264242369567 ], [ 11.372131687584341, 45.854463563935262 ], [ 11.372045049063534, 45.854610093261513 ], [ 11.371969066521054, 45.854819405622393 ], [ 11.371899325687105, 45.855021027807432 ], [ 11.371751101460829, 45.855239940729362 ], [ 11.371560886828886, 45.855634607435157 ], [ 11.371524037309875, 45.855713137922308 ], [ 11.371258041519965, 45.856212974682862 ], [ 11.371213387831533, 45.856410925342828 ], [ 11.37120699866921, 45.856518165374936 ], [ 11.371323383579462, 45.856680280502559 ], [ 11.3713950359727, 45.856820372713742 ], [ 11.371476765694471, 45.857197421964273 ], [ 11.371448457797404, 45.857431395831973 ], [ 11.371464598507004, 45.857553469123751 ], [ 11.371429781104869, 45.857764626529075 ], [ 11.371375680052591, 45.858167537478302 ], [ 11.371430331009469, 45.858422740481821 ], [ 11.371573347069932, 45.858765664876771 ], [ 11.371643707790204, 45.858947996584533 ], [ 11.371736019529873, 45.859204217565612 ], [ 11.371709207763642, 45.859309811523481 ], [ 11.371657626470688, 45.859569020322887 ], [ 11.371524740958197, 45.859685457285487 ], [ 11.371366706005794, 45.859798185921797 ], [ 11.371054703796757, 45.859970904519322 ], [ 11.370575321879226, 45.86018210862489 ], [ 11.370021699326525, 45.860416722764349 ], [ 11.369825330891244, 45.860512693429641 ], [ 11.369766493282976, 45.860601400186049 ], [ 11.3697234845535, 45.860768533894941 ], [ 11.369643949759668, 45.860958296821558 ], [ 11.36961194247902, 45.861090279831515 ], [ 11.369611978664377, 45.861236629088708 ], [ 11.369831050142611, 45.861535314783232 ], [ 11.370205768264976, 45.86198000049059 ], [ 11.37054735817833, 45.862375599053621 ], [ 11.37063999650953, 45.862460712326367 ], [ 11.370831375585565, 45.862610830636406 ], [ 11.370969682180673, 45.862767090590651 ], [ 11.371001929365388, 45.862855887325672 ], [ 11.371007317828306, 45.862982594099243 ], [ 11.371048639759136, 45.863036370067348 ], [ 11.371057855612117, 45.863083431982389 ], [ 11.371100035525712, 45.863239167068535 ], [ 11.371113662501152, 45.863392974675563 ], [ 11.371082259824401, 45.863490653187114 ], [ 11.371033407869268, 45.863596074383949 ], [ 11.371034780851645, 45.863628358096847 ], [ 11.371118626723659, 45.863676300922393 ], [ 11.371234523069267, 45.863723578334955 ], [ 11.371324396813288, 45.863746644191522 ], [ 11.371467882241999, 45.863857972978863 ], [ 11.371520442022934, 45.863921506111311 ], [ 11.371569020982296, 45.863997452747398 ], [ 11.371572746905883, 45.8640850413287 ], [ 11.371572333207116, 45.864160115020468 ], [ 11.371582307160132, 45.864224982352304 ], [ 11.371603779511201, 45.864308782273461 ], [ 11.371638864565929, 45.864458183992596 ], [ 11.371629754598608, 45.86449842585138 ], [ 11.371583195053271, 45.864582018217028 ], [ 11.371490356858303, 45.864674041903641 ], [ 11.371379947803316, 45.864773990845698 ], [ 11.371297707077732, 45.864860754024939 ], [ 11.371246586429997, 45.864921939402294 ], [ 11.371239920276258, 45.865019644423462 ], [ 11.371218245886816, 45.865097679653076 ], [ 11.371186646311266, 45.86519680233728 ], [ 11.371114749419714, 45.865278400311489 ], [ 11.371036754280004, 45.865380196173739 ], [ 11.370995049313683, 45.865496179709545 ], [ 11.370976104045583, 45.865556607046173 ], [ 11.370986077624007, 45.865621474420287 ], [ 11.371237242728762, 45.865713917105637 ], [ 11.371411957801055, 45.865777884417597 ], [ 11.371528646475864, 45.865825505128939 ], [ 11.371557115439767, 45.865822393856114 ], [ 11.371632713242342, 45.865830814877164 ], [ 11.371726524561453, 45.865846418169198 ], [ 11.371810183962152, 45.865874743053617 ], [ 11.371869167499195, 45.865913570910074 ], [ 11.371899360680942, 45.8659479562927 ], [ 11.371911816139818, 45.865989370489395 ], [ 11.371915114325985, 45.866066887258938 ], [ 11.371928247000168, 45.866124218446473 ], [ 11.372013502497895, 45.866190042548268 ], [ 11.372119062270777, 45.86623042323167 ], [ 11.372217645780077, 45.866273378883783 ], [ 11.372313478674947, 45.866336462945398 ], [ 11.372362203865224, 45.866385494282198 ], [ 11.372419076711315, 45.866459468101894 ], [ 11.372449377700985, 45.866496371301672 ], [ 11.372486440873145, 45.866525663517876 ], [ 11.372614347964687, 45.866585560885134 ], [ 11.37270986030666, 45.866641090762215 ], [ 11.372754239363728, 45.866672751061536 ], [ 11.372774064767132, 45.866717792276823 ], [ 11.372791253043205, 45.866782599641368 ], [ 11.372772948549754, 45.866858044968261 ], [ 11.372690367917683, 45.86693986583353 ], [ 11.372587693384636, 45.867052076066258 ], [ 11.372585049787096, 45.867074722530127 ], [ 11.372605388165447, 45.867131813935359 ], [ 11.372663429523143, 45.867233215229021 ], [ 11.37270718646427, 45.867335003225122 ], [ 11.372713875810929, 45.867407409151646 ], [ 11.372749180465023, 45.867561846255185 ], [ 11.372824097944864, 45.867893222451698 ], [ 11.372755203619274, 45.868042353608288 ], [ 11.372747179670926, 45.868105074510304 ], [ 11.372743922753461, 45.868282814134666 ], [ 11.372750298507967, 45.868347846087147 ], [ 11.372677377949117, 45.868487160181566 ], [ 11.372663865206636, 45.868675193496593 ], [ 11.372651948624775, 45.868900726224922 ], [ 11.372655355353011, 45.868980760862755 ], [ 11.372685550745382, 45.869015145982111 ], [ 11.372774501699674, 45.869085933064206 ], [ 11.372877227387933, 45.869141312940769 ], [ 11.372950860149436, 45.869188206507303 ], [ 11.373094577502476, 45.869280357055651 ], [ 11.373182143450149, 45.86931859041912 ], [ 11.37327216382298, 45.869326710678891 ], [ 11.373350842557519, 45.869322645747019 ], [ 11.373415632050964, 45.86933129015263 ], [ 11.373471548305066, 45.869382691796233 ], [ 11.373513707916798, 45.869446890069774 ], [ 11.373577790497922, 45.869520623479517 ], [ 11.373697364897271, 45.869635776523651 ], [ 11.373764416664672, 45.869694507103972 ], [ 11.373828371185006, 45.869768243025852 ], [ 11.373880280180405, 45.869807216897676 ], [ 11.373922333373239, 45.869868897060307 ], [ 11.373953895052432, 45.869938355813126 ], [ 11.37395115959241, 45.870043539757766 ], [ 11.37395034575983, 45.870106110864825 ], [ 11.373959237543218, 45.870148498907348 ], [ 11.373982014815031, 45.870178087529816 ], [ 11.373993497832474, 45.870184509336994 ], [ 11.374081123908441, 45.87023318144508 ], [ 11.374168502882256, 45.870263947412283 ], [ 11.374276607715409, 45.870279161543081 ], [ 11.374391392905792, 45.870281815780878 ], [ 11.37450999323281, 45.870289340970928 ], [ 11.374553843777132, 45.870308500740606 ], [ 11.374656054605216, 45.870439404750236 ], [ 11.374668592813324, 45.870564342492642 ], [ 11.374679722692973, 45.870659247475778 ], [ 11.374712904962067, 45.87076368468594 ], [ 11.3747627872077, 45.87084275297174 ], [ 11.374820514675351, 45.870936599113406 ], [ 11.374845212437167, 45.871011240668338 ], [ 11.374852119761819, 45.871088682230798 ], [ 11.374843990619068, 45.871148885308216 ], [ 11.374761042956864, 45.871222164676524 ], [ 11.374663555133106, 45.871286835706698 ], [ 11.374584253722404, 45.871361029212693 ], [ 11.374566164964749, 45.871441510614098 ], [ 11.374520244354398, 45.871540121810284 ], [ 11.374493257311629, 45.871665791244283 ], [ 11.374475189850617, 45.871743752035151 ], [ 11.3744329553558, 45.871847236858279 ], [ 11.374353050170926, 45.871988947294092 ], [ 11.374211244103641, 45.872274603881415 ], [ 11.374166597802288, 45.872403160437635 ], [ 11.374143106984775, 45.872526236925552 ], [ 11.374138478125976, 45.872583936989216 ], [ 11.374241313053631, 45.872729409298991 ], [ 11.374398902561367, 45.872811189201641 ], [ 11.374529258617454, 45.87284349168344 ], [ 11.374640633762441, 45.872853687065067 ], [ 11.374918286734776, 45.872895527557972 ], [ 11.375260412158136, 45.872938456868361 ], [ 11.375419559440399, 45.872975109929428 ], [ 11.375683431233863, 45.873032176126152 ], [ 11.375771773823816, 45.873085422376548 ], [ 11.37597394210346, 45.873206325507589 ], [ 11.376150133138227, 45.873328398748392 ], [ 11.376441426417086, 45.873551043868218 ], [ 11.376603013972254, 45.873678100499639 ], [ 11.376711858613801, 45.873731639474272 ], [ 11.376952596539008, 45.873838327393578 ], [ 11.37713764553372, 45.873893070291182 ], [ 11.377299677869962, 45.87394289154382 ], [ 11.377406837885587, 45.873953892084593 ], [ 11.377635660403694, 45.87396245002283 ], [ 11.37797878599493, 45.873971238040319 ], [ 11.378286755850237, 45.874049971672839 ], [ 11.378502770970529, 45.874114688298633 ], [ 11.37851527339701, 45.874126848780385 ], [ 11.378578167889188, 45.874187553190055 ], [ 11.378703471498579, 45.874267389265583 ], [ 11.378915181894504, 45.874409329888252 ], [ 11.379039447931962, 45.87446785574415 ], [ 11.379140833252443, 45.874521637736763 ], [ 11.379279060817257, 45.874548010461773 ], [ 11.379394146106263, 45.874569554726605 ], [ 11.37948610278036, 45.87458357014345 ], [ 11.379588837734497, 45.87458142989864 ], [ 11.379677016082244, 45.874558261443873 ], [ 11.37984918784904, 45.874504450946716 ], [ 11.380034262765887, 45.874429939942722 ], [ 11.380277351772753, 45.874313897042128 ], [ 11.380619080502806, 45.874127033182731 ], [ 11.380632680863405, 45.874119639244547 ], [ 11.381127402386612, 45.873764964014114 ], [ 11.381517305531117, 45.873598964649979 ], [ 11.381592311740285, 45.873593260464368 ], [ 11.381682484163893, 45.873656004553496 ], [ 11.381805354665374, 45.873823553864455 ], [ 11.382019794086686, 45.874020155481254 ], [ 11.382150707248915, 45.874119582075309 ], [ 11.382160825815841, 45.874127201602249 ], [ 11.382435347031223, 45.874333620111408 ], [ 11.382764444036534, 45.874514507836729 ], [ 11.383098711640102, 45.874608340931758 ], [ 11.383403070710722, 45.874656624014683 ], [ 11.383587037935964, 45.87474009094062 ], [ 11.383729056462867, 45.874849004654806 ], [ 11.383842007924125, 45.874983276479931 ], [ 11.383977623801089, 45.875108164587758 ], [ 11.384243367939245, 45.875202524442962 ], [ 11.384475816057686, 45.875244475181333 ], [ 11.3847971826078, 45.875349823395354 ], [ 11.385059739314526, 45.875441907711057 ], [ 11.385221242750964, 45.875548342577162 ], [ 11.385400217164054, 45.875734787651652 ], [ 11.385486921596708, 45.875857815211255 ], [ 11.385566651178783, 45.875953356533934 ], [ 11.385691511238804, 45.876007452488565 ], [ 11.385783108079151, 45.876015979984885 ], [ 11.386007951771431, 45.875991572058773 ], [ 11.386262331867874, 45.875973837115943 ], [ 11.38641931415588, 45.875995669058632 ], [ 11.386556783726434, 45.876022228801673 ], [ 11.386573646856451, 45.876060939020277 ], [ 11.386613644686951, 45.876113296843322 ], [ 11.386599771091047, 45.876282797996126 ], [ 11.386528055992814, 45.876509851436715 ], [ 11.386466399509686, 45.876755145924342 ], [ 11.386468951400866, 45.876929074142765 ], [ 11.386503223255435, 45.877043295748436 ], [ 11.386704678959203, 45.877426472135781 ], [ 11.386929468411504, 45.877836882440675 ], [ 11.387020071647012, 45.878005640342593 ], [ 11.387112409099943, 45.878064464630242 ], [ 11.3871907378774, 45.878063997715508 ], [ 11.387424533378999, 45.877977655817922 ], [ 11.387684422102572, 45.877895808331566 ], [ 11.388131470905801, 45.877881331979445 ], [ 11.388764849072368, 45.877890769083081 ], [ 11.388931551440866, 45.877898713409252 ], [ 11.389092194651756, 45.877945666808756 ], [ 11.38955572373979, 45.878162245532991 ], [ 11.389924268293507, 45.878363438693697 ], [ 11.39015147904041, 45.878499183728422 ], [ 11.39020526576585, 45.878599494893628 ], [ 11.390190118936605, 45.878681987335781 ], [ 11.390190812031655, 45.878947490433248 ], [ 11.39020588698391, 45.879091634512406 ], [ 11.390304635266679, 45.879143571643503 ], [ 11.390508201826778, 45.879217706629447 ], [ 11.39072803883602, 45.879298611159641 ], [ 11.39077142625627, 45.879357737023277 ], [ 11.390769391945032, 45.879442475214624 ], [ 11.390660772697526, 45.8796080194452 ], [ 11.390652497026334, 45.8797064791666 ], [ 11.390699619238868, 45.879804589437008 ], [ 11.390955960758376, 45.880141516487484 ], [ 11.390943661423423, 45.880194247427106 ], [ 11.390836499256707, 45.880231592863623 ], [ 11.390304012440117, 45.880429769746463 ], [ 11.390296412184114, 45.880574028320972 ], [ 11.390570775008097, 45.881027586759068 ], [ 11.390577740251134, 45.881277027469537 ], [ 11.390502640894399, 45.88139191670578 ], [ 11.390518861763093, 45.881412548584549 ], [ 11.390792462902017, 45.881758115287667 ], [ 11.39125325621529, 45.882225320778446 ], [ 11.391300299851734, 45.882273479140338 ], [ 11.391544824009012, 45.882523886467268 ], [ 11.391881680663637, 45.882928699997535 ], [ 11.392035959352022, 45.883178205811113 ], [ 11.39214657712075, 45.883344290255614 ], [ 11.392224828777488, 45.883461909243884 ], [ 11.392485555389765, 45.883825292563799 ], [ 11.392682484295568, 45.884167510282118 ], [ 11.392775689957928, 45.884312177393696 ], [ 11.392843219849064, 45.884417149699992 ], [ 11.3929416677995, 45.884710846623378 ], [ 11.392964746706525, 45.884927097361519 ], [ 11.39294082172372, 45.885219217660314 ], [ 11.392839590279296, 45.885505847016184 ], [ 11.392766696301543, 45.885822124628852 ], [ 11.392788841458396, 45.886076647374274 ], [ 11.392809711142707, 45.886232460370096 ], [ 11.392829037113017, 45.886376334949034 ], [ 11.392886965982102, 45.886617777186075 ], [ 11.393033715490265, 45.886907671884025 ], [ 11.393121865232789, 45.887162521796604 ], [ 11.393255965097014, 45.887265919038192 ], [ 11.393696659252429, 45.887716704416434 ], [ 11.393933962691309, 45.887963207519384 ], [ 11.39347117548583, 45.887805225011562 ], [ 11.393106756726565, 45.887704853592332 ], [ 11.392967464101124, 45.887750614663503 ], [ 11.392928374736133, 45.887773755036207 ], [ 11.392850777945467, 45.887827584060965 ], [ 11.392725245330938, 45.887824633413103 ], [ 11.392644159124224, 45.887800230291809 ], [ 11.392501383530748, 45.887734906492312 ], [ 11.392349867427482, 45.887670125640931 ], [ 11.392279004893917, 45.887619676444565 ], [ 11.392194756353817, 45.887521624429809 ], [ 11.392082989674574, 45.887452050446399 ], [ 11.392005948229496, 45.887389759705727 ], [ 11.391918602461566, 45.887351626231293 ], [ 11.391779919153418, 45.887318527950072 ], [ 11.391669524019353, 45.887280876943166 ], [ 11.391576214171259, 45.887238907811792 ], [ 11.391371268040809, 45.887127361219733 ], [ 11.391224393909233, 45.887038540102161 ], [ 11.391156232738579, 45.887047977564528 ], [ 11.391013469825106, 45.887054926346167 ], [ 11.390968613961284, 45.887075846607821 ], [ 11.390773475045737, 45.887195768756186 ], [ 11.390684793312127, 45.88726161908577 ], [ 11.390559454544267, 45.887272162896139 ], [ 11.390244790310176, 45.887270827539311 ], [ 11.38993595768908, 45.887273239556194 ], [ 11.389678979798909, 45.887282666418066 ], [ 11.389606732404546, 45.887332061035345 ], [ 11.389500918882053, 45.887398178787365 ], [ 11.389447683647971, 45.887491188451492 ], [ 11.389388483958074, 45.887580362538827 ], [ 11.389300105227031, 45.887917753063697 ], [ 11.389181485940927, 45.888088005189267 ], [ 11.389129415288615, 45.888121046427628 ], [ 11.388958480284247, 45.888204456815245 ], [ 11.388795578605404, 45.888273838076529 ], [ 11.388553646409067, 45.888366743163246 ], [ 11.388384347522116, 45.888422216671884 ], [ 11.388164568126802, 45.888496746557649 ], [ 11.387528451482538, 45.888669805052189 ], [ 11.387286230057716, 45.889062792924946 ], [ 11.387263876680931, 45.889160736414745 ], [ 11.387248876783554, 45.889430257319304 ], [ 11.387257224733258, 45.889625035449804 ], [ 11.387130291411593, 45.889766927311697 ], [ 11.387031939185499, 45.889796794490287 ], [ 11.386946325063182, 45.889817124817817 ], [ 11.386903417207423, 45.889901636871372 ], [ 11.386858111252094, 45.890083585323978 ], [ 11.38684629733746, 45.890274104502339 ], [ 11.386956798829559, 45.890684111974473 ], [ 11.386926216415928, 45.890821649862879 ], [ 11.386870949409023, 45.890927571499056 ], [ 11.386791098320039, 45.89108242999631 ], [ 11.386723348888401, 45.891206883574291 ], [ 11.386721890463784, 45.891248046707865 ], [ 11.386718511740426, 45.891361704600925 ], [ 11.38675299893287, 45.891393476063243 ], [ 11.386841479520328, 45.891482083034184 ], [ 11.386861732138522, 45.891605777802724 ], [ 11.386819851831296, 45.89175039221324 ], [ 11.386808872769787, 45.891803995052399 ], [ 11.386732372468241, 45.891994965744516 ], [ 11.386459258608356, 45.892019393422203 ], [ 11.386314127544642, 45.892085699620807 ], [ 11.386277024074959, 45.892113206462568 ], [ 11.38618443944811, 45.892184535118147 ], [ 11.386131023329233, 45.892276556864815 ], [ 11.386090521279488, 45.892345087299638 ], [ 11.385913355212042, 45.892178137099592 ], [ 11.38570074074847, 45.891962963943087 ], [ 11.385463555591661, 45.891932455333276 ], [ 11.385232098366034, 45.891924328056241 ], [ 11.385130830262293, 45.892042730167553 ], [ 11.385075512879421, 45.892153602322963 ], [ 11.384986287794082, 45.892739872893834 ], [ 11.384908963169373, 45.892878656194483 ], [ 11.384725690571747, 45.893077795184368 ], [ 11.384570569541204, 45.89323602354812 ], [ 11.384428667032259, 45.893377864802225 ], [ 11.384297037759886, 45.893488709386197 ], [ 11.383664418462971, 45.893871566534379 ], [ 11.383555613426358, 45.893967623098362 ], [ 11.383355000575884, 45.894174412153767 ], [ 11.383211761701467, 45.894342381369214 ], [ 11.383195516781464, 45.894462787973325 ], [ 11.383211016342074, 45.894574971794732 ], [ 11.383220238942267, 45.894663975056105 ], [ 11.38314620603, 45.894943097378928 ], [ 11.383077240485424, 45.895714175306246 ], [ 11.382941050353624, 45.896046977608123 ], [ 11.382786850119755, 45.896459000426162 ], [ 11.382642694855395, 45.896855782501447 ], [ 11.382497537279358, 45.896988148516712 ], [ 11.382548435510421, 45.897174478739842 ], [ 11.382573026131102, 45.897372608440847 ], [ 11.382398632726133, 45.897559857586032 ], [ 11.382395824214267, 45.897747308037161 ], [ 11.382543957263431, 45.897946551112064 ], [ 11.382842141115091, 45.898142753897915 ], [ 11.382922551816426, 45.898392102323719 ], [ 11.383041652017576, 45.898415899273047 ], [ 11.383046139375026, 45.898520752278223 ], [ 11.383024795521477, 45.898648555633784 ], [ 11.383011398178068, 45.899130725609936 ], [ 11.382996946374703, 45.899678621684018 ], [ 11.382947732826844, 45.899835988235139 ], [ 11.382456970171402, 45.899917599950783 ], [ 11.382151498844202, 45.899891748921384 ], [ 11.381877009485528, 45.89973429278853 ], [ 11.381045427265745, 45.900045678911781 ], [ 11.380612611766605, 45.899884679509185 ], [ 11.380358437517762, 45.899918868432401 ], [ 11.380285683059929, 45.899643347107251 ], [ 11.379590008656647, 45.899316180318856 ], [ 11.379277344897208, 45.89934816505626 ], [ 11.379378022039964, 45.899538140046459 ], [ 11.379720443006828, 45.899746930270879 ], [ 11.379440004905241, 45.900361120795502 ], [ 11.378979965376994, 45.901047365573561 ], [ 11.37848615291955, 45.901157555492375 ], [ 11.377961408172149, 45.901029512230863 ], [ 11.377580433520688, 45.901001710556308 ], [ 11.377265169623056, 45.901030413680225 ], [ 11.376681681308344, 45.900716015275044 ], [ 11.37595447069822, 45.900323328437253 ], [ 11.375749970959866, 45.90049760264391 ], [ 11.375897350616128, 45.901310978477191 ], [ 11.376383197215928, 45.901929201180849 ], [ 11.376673663903988, 45.902171123357725 ], [ 11.376969296916556, 45.902654782412959 ], [ 11.376942177957247, 45.903330118911484 ], [ 11.376718306853807, 45.903482656511258 ], [ 11.376163409412083, 45.90379337971379 ], [ 11.376014946382423, 45.90402427220193 ], [ 11.375643550643115, 45.90433621596079 ], [ 11.375501225718825, 45.904708018863751 ], [ 11.375641632053199, 45.905031459114483 ], [ 11.375451365513131, 45.905195266028009 ], [ 11.375027177674911, 45.905297512453437 ], [ 11.374890974233814, 45.905643715693614 ], [ 11.375028414469735, 45.906012491140139 ], [ 11.375286189640523, 45.906346002061419 ], [ 11.375314788791677, 45.906617404200347 ], [ 11.375365301970572, 45.90700049757892 ], [ 11.375643553566334, 45.907617279420201 ], [ 11.375932378416666, 45.908309445261075 ], [ 11.375823677365716, 45.908614304852897 ], [ 11.375337597009308, 45.909279024274937 ], [ 11.374882986914178, 45.909793137977069 ], [ 11.374657295571021, 45.91057466782437 ], [ 11.374503181485871, 45.911278114480631 ], [ 11.374455810472666, 45.911709145515061 ], [ 11.374628456145713, 45.911817793452599 ], [ 11.374542091451341, 45.912190141437549 ], [ 11.374461509983748, 45.912710158198514 ], [ 11.374133597417766, 45.913347732555884 ], [ 11.374176855031406, 45.913790470497453 ], [ 11.374260149140254, 45.914143990813486 ], [ 11.374520992161656, 45.914551603911235 ], [ 11.374820714262267, 45.914897204364308 ], [ 11.374948068873746, 45.915370505411929 ], [ 11.375076083081735, 45.915629579613586 ], [ 11.375261715748083, 45.916042174888993 ], [ 11.375610950245127, 45.916351101459902 ], [ 11.37596715062587, 45.91653918476154 ], [ 11.376931030790724, 45.916333000427358 ], [ 11.376621376999099, 45.916630971131205 ], [ 11.376359343407382, 45.916938931021043 ], [ 11.37612755366551, 45.917157965815917 ], [ 11.376024293062059, 45.917364066078555 ], [ 11.376085397057954, 45.917653512633329 ], [ 11.375803051583496, 45.917715458822741 ], [ 11.375508488269107, 45.917660381333157 ], [ 11.375275897432267, 45.91763119607225 ], [ 11.374788639885711, 45.917454385896256 ], [ 11.374479002658459, 45.917617162235302 ], [ 11.374767415416871, 45.918549473113266 ], [ 11.375124920548705, 45.920027669352102 ], [ 11.375050314912544, 45.920503459001942 ], [ 11.374937406335857, 45.920483755250089 ], [ 11.374522123271644, 45.920341089669549 ], [ 11.374050431684434, 45.920245497706894 ], [ 11.373609438202244, 45.920128834661455 ], [ 11.373101462376507, 45.919865772648528 ], [ 11.372742152640466, 45.919608080904034 ], [ 11.372399882383489, 45.919178303799079 ], [ 11.371941575925936, 45.918994039827012 ], [ 11.371411926945333, 45.918969394601227 ], [ 11.370827439383307, 45.919025719923759 ], [ 11.370267022190527, 45.919132485798983 ], [ 11.36934900856523, 45.919287889353576 ], [ 11.368506455039741, 45.919940710727595 ], [ 11.368503959167924, 45.92016685600904 ], [ 11.368201316568703, 45.920497780273429 ], [ 11.368080212805333, 45.92073997525624 ], [ 11.368514791397839, 45.921281707994893 ], [ 11.368049688094422, 45.921468121447901 ], [ 11.367368287171715, 45.921696458140183 ], [ 11.367089938710706, 45.921737868668224 ], [ 11.366474435067262, 45.921754041935905 ], [ 11.365997920238717, 45.921660226705718 ], [ 11.365439621572696, 45.921702391070696 ], [ 11.365238963934733, 45.921966571558748 ], [ 11.364672205336639, 45.922386299816878 ], [ 11.364649151903864, 45.92258730894094 ], [ 11.364361676256431, 45.922987662981861 ], [ 11.362923039582297, 45.923731443706934 ], [ 11.362101891962567, 45.924259927096706 ], [ 11.361747432294557, 45.924401544198524 ], [ 11.360856205064355, 45.925096537168024 ], [ 11.36013574038609, 45.92528135522582 ], [ 11.360023469799422, 45.925735861410267 ], [ 11.359585001315295, 45.926500063817855 ], [ 11.358706922131343, 45.927372708505452 ], [ 11.358588763684047, 45.927716088214602 ], [ 11.358561248277649, 45.928186573790875 ], [ 11.358423162571482, 45.928607589269554 ], [ 11.357856426548961, 45.928857172657985 ], [ 11.357412478771087, 45.928878576181312 ] ] ] } },
{ "type": "Feature", "properties": { "codistat": "24101", "nomcom": "Solagna", "provincia": "VI", "area": 15861387.595834177, "perimetro": 27937.539, "id1": 455 }, "geometry": { "type": "Polygon", "coordinates": [ [ [ 11.714477474324276, 45.805369933463531 ], [ 11.71450621978501, 45.805709838724177 ], [ 11.714586085928513, 45.80597616260787 ], [ 11.714736533868114, 45.806262140263769 ], [ 11.714917228076139, 45.806598432867212 ], [ 11.715076494758751, 45.806867188952531 ], [ 11.715214277010082, 45.807072550336571 ], [ 11.715361790024518, 45.807226555879417 ], [ 11.715603884908219, 45.807446447684804 ], [ 11.71582615169339, 45.807637018046044 ], [ 11.716073260340014, 45.807835547817099 ], [ 11.716307121918868, 45.808013060385726 ], [ 11.71669811117609, 45.808216626868337 ], [ 11.716753098736904, 45.808286064534563 ], [ 11.716813830030233, 45.808330703523062 ], [ 11.716921131844462, 45.808430489076457 ], [ 11.717043093698065, 45.808530015782225 ], [ 11.717257310360816, 45.80873481602044 ], [ 11.717310216208908, 45.808769380106831 ], [ 11.717493533137317, 45.808926311169479 ], [ 11.717624435461332, 45.808982060800659 ], [ 11.717827750242245, 45.809174338372294 ], [ 11.718019024895357, 45.809418026440014 ], [ 11.718179375563038, 45.809629237524568 ], [ 11.718324078547395, 45.809820389169424 ], [ 11.718698759066843, 45.810254306183666 ], [ 11.718771925335634, 45.810403596742049 ], [ 11.718852047867482, 45.810545071032386 ], [ 11.7189385880512, 45.81071789507493 ], [ 11.718987434206486, 45.810848772998433 ], [ 11.719101872062781, 45.811697608920468 ], [ 11.719100185774588, 45.812038327397332 ], [ 11.718961487465442, 45.812509938852841 ], [ 11.718741151852758, 45.813234704657553 ], [ 11.718487108779676, 45.813896457183702 ], [ 11.718259093354703, 45.814268035477347 ], [ 11.718047767370553, 45.814554159052044 ], [ 11.717908871693854, 45.814686175690134 ], [ 11.717815482876912, 45.81479847750461 ], [ 11.717710539576098, 45.814898183237339 ], [ 11.717598643802777, 45.815005794903172 ], [ 11.71752562855338, 45.815161175245635 ], [ 11.717435218551259, 45.815258014599017 ], [ 11.717331025556593, 45.815449869700835 ], [ 11.717245960450365, 45.81558249470973 ], [ 11.717056972417682, 45.815740634269851 ], [ 11.71692246241499, 45.815835912293579 ], [ 11.716838635218584, 45.815917293300934 ], [ 11.716721016771135, 45.815984086873911 ], [ 11.716532858131865, 45.81610377269601 ], [ 11.716352021180148, 45.816225804233319 ], [ 11.716144365291933, 45.816394557174277 ], [ 11.716000917763573, 45.816531090107233 ], [ 11.715800958326676, 45.816709920209981 ], [ 11.715697633894077, 45.816811295666717 ], [ 11.71546765633515, 45.816965816997339 ], [ 11.715151752165296, 45.817190426601577 ], [ 11.714751903765507, 45.817480936217308 ], [ 11.71397972668942, 45.818006032673807 ], [ 11.71339992112916, 45.818479569068465 ], [ 11.713156840954584, 45.818740875764128 ], [ 11.712796666106966, 45.819098571430686 ], [ 11.712483628596372, 45.819361448590413 ], [ 11.712324881273524, 45.81948015870681 ], [ 11.711939983999242, 45.819829978132127 ], [ 11.711298437159224, 45.820368875177287 ], [ 11.711070083178573, 45.820557371775678 ], [ 11.710742476547198, 45.820833370979855 ], [ 11.710094240280647, 45.821478898612185 ], [ 11.709758254654856, 45.821831780094179 ], [ 11.709454522471173, 45.822098658303965 ], [ 11.709297338232208, 45.822247209507481 ], [ 11.709051535138627, 45.822453127369236 ], [ 11.708652967712613, 45.82282450152956 ], [ 11.708053778468738, 45.823277228342548 ], [ 11.707776384850023, 45.823458420493431 ], [ 11.707441257960925, 45.823704795992647 ], [ 11.706886265702897, 45.824190581479897 ], [ 11.706329502778635, 45.824586938938261 ], [ 11.705942676539783, 45.824898440370148 ], [ 11.705660947699078, 45.825117983140139 ], [ 11.705174227233057, 45.825504214612366 ], [ 11.704819997971494, 45.82586165375546 ], [ 11.704489951472519, 45.826282514241001 ], [ 11.7042797437974, 45.826594057223218 ], [ 11.704028823403947, 45.826944906962865 ], [ 11.703873333779494, 45.827131663513356 ], [ 11.703634211733041, 45.827473682284868 ], [ 11.703524092904695, 45.82771471860498 ], [ 11.703452833950831, 45.827878238684882 ], [ 11.703368611681556, 45.828093099694641 ], [ 11.703218736504311, 45.828518151571146 ], [ 11.70306777293295, 45.828798497364829 ], [ 11.702796030085695, 45.829222202958299 ], [ 11.702386705622658, 45.829764103021319 ], [ 11.702142413986875, 45.829999762311921 ], [ 11.701840456021724, 45.830304920946887 ], [ 11.701661056893551, 45.830500790749205 ], [ 11.701525454520748, 45.830593375973081 ], [ 11.701293736298755, 45.830713886756214 ], [ 11.701001310001152, 45.830835743007121 ], [ 11.700648335575947, 45.830967581099934 ], [ 11.700142673839967, 45.831137051253805 ], [ 11.699890417353634, 45.831211061037763 ], [ 11.699609376289814, 45.831296657959918 ], [ 11.700265834816284, 45.83212835854065 ], [ 11.700378832410516, 45.832678060655262 ], [ 11.700660972125867, 45.833404947049488 ], [ 11.701821652874749, 45.834043814675802 ], [ 11.70214771447627, 45.834148248652163 ], [ 11.703232811791565, 45.834882137771473 ], [ 11.703752605873992, 45.835163255331182 ], [ 11.704096039759266, 45.835370870647871 ], [ 11.704935745522382, 45.836136386078884 ], [ 11.706977776387667, 45.837132531232825 ], [ 11.707629379106288, 45.837833630092113 ], [ 11.709093391188086, 45.838990152566581 ], [ 11.710416286009734, 45.84015909635518 ], [ 11.711413370004829, 45.841361323102191 ], [ 11.71197728206441, 45.841779606434251 ], [ 11.712164767680319, 45.841826907858156 ], [ 11.71341007968481, 45.842668953315346 ], [ 11.714239143451181, 45.842951404599383 ], [ 11.715751208763402, 45.843562966202093 ], [ 11.716698871872874, 45.843998021323003 ], [ 11.717335029317509, 45.844377836438895 ], [ 11.718257212161065, 45.845026801644231 ], [ 11.719149013456979, 45.845630669197661 ], [ 11.719265904803397, 45.845843632754892 ], [ 11.718480697677528, 45.845899590645928 ], [ 11.717314458717389, 45.846001693433884 ], [ 11.716398740510085, 45.846440212187865 ], [ 11.715474993432343, 45.846931028523557 ], [ 11.714997760790151, 45.846972168059771 ], [ 11.714629270078532, 45.846839527220247 ], [ 11.713898979260321, 45.846931320996177 ], [ 11.713483870130888, 45.846933714848809 ], [ 11.712791560846235, 45.84736689573527 ], [ 11.711740578510106, 45.847652337917452 ], [ 11.711142581518958, 45.84783763993061 ], [ 11.71086901479593, 45.847903719046798 ], [ 11.710675218792423, 45.8480794226667 ], [ 11.710772900165043, 45.848337584277381 ], [ 11.711007431913572, 45.84856270473432 ], [ 11.710984923326256, 45.84875675415951 ], [ 11.710719296283091, 45.848986277136397 ], [ 11.71056128612879, 45.849132508863597 ], [ 11.710453072805519, 45.849203572710088 ], [ 11.710421448076628, 45.849239246036994 ], [ 11.710282446933149, 45.849347313260068 ], [ 11.710186756961834, 45.849434910915456 ], [ 11.710047433981552, 45.849539025174138 ], [ 11.709709822072544, 45.849787535373416 ], [ 11.70951744023967, 45.849939531599006 ], [ 11.709383646742094, 45.850043513832844 ], [ 11.709283741213749, 45.850158392855114 ], [ 11.709142776200093, 45.850340130966934 ], [ 11.709057510638477, 45.850528378218549 ], [ 11.708938411411383, 45.850818235784558 ], [ 11.708909084369227, 45.851129275511916 ], [ 11.70891913220283, 45.851222104375189 ], [ 11.709002357465286, 45.851336509151132 ], [ 11.70898248691147, 45.851383514128216 ], [ 11.708885097029597, 45.851436228264177 ], [ 11.708686685368724, 45.851464246478486 ], [ 11.708502987868078, 45.851453122325246 ], [ 11.708263707419594, 45.851443226074572 ], [ 11.70790278348556, 45.851440174201777 ], [ 11.707447555879552, 45.851439357010385 ], [ 11.707181319673325, 45.851441978489653 ], [ 11.707102990393862, 45.85142835417021 ], [ 11.70696392565695, 45.851423910101914 ], [ 11.706797516503119, 45.851423984280885 ], [ 11.706681834845044, 45.851442207415836 ], [ 11.706588848886675, 45.851471593433523 ], [ 11.70577814921965, 45.851925178601981 ], [ 11.705732339401145, 45.851952636037659 ], [ 11.705656640074526, 45.851993222605088 ], [ 11.705617143719964, 45.852095056184844 ], [ 11.705573803075326, 45.852231813503685 ], [ 11.705562279462281, 45.852336764626415 ], [ 11.705572701571139, 45.852437415483891 ], [ 11.70558293177614, 45.852534110603443 ], [ 11.705620201713417, 45.852614683886294 ], [ 11.705707641750051, 45.852701899079129 ], [ 11.706326623936148, 45.853273986960261 ], [ 11.706403500985056, 45.85336910254609 ], [ 11.706492069295297, 45.85347951215094 ], [ 11.706494137710926, 45.85352212641822 ], [ 11.706486083935106, 45.853584422086506 ], [ 11.706437665190606, 45.853616531988749 ], [ 11.706349942316397, 45.853754431443598 ], [ 11.706027239876711, 45.854138487673396 ], [ 11.705920095112264, 45.85421861252221 ], [ 11.705835020802734, 45.854294344009155 ], [ 11.705770008110321, 45.854326936826816 ], [ 11.705720087569722, 45.854328119606521 ], [ 11.705581578365672, 45.854335271576545 ], [ 11.70536070418528, 45.854359855861873 ], [ 11.705143990480044, 45.854353378747589 ], [ 11.70429803898822, 45.854423818636064 ], [ 11.704139653584564, 45.854477973131985 ], [ 11.7039536099781, 45.854532872267683 ], [ 11.703824765293671, 45.854625119831169 ], [ 11.703770166089894, 45.854758272686389 ], [ 11.703815408991307, 45.854889061614372 ], [ 11.703925858531525, 45.854991214541613 ], [ 11.704045869305128, 45.855062088576474 ], [ 11.704165313580301, 45.855121275011193 ], [ 11.704325498162246, 45.855218379533234 ], [ 11.704406086670565, 45.855278485856246 ], [ 11.704403562958438, 45.855340650365754 ], [ 11.704372868452936, 45.855395651457968 ], [ 11.704302696078528, 45.855436106195476 ], [ 11.704215984771757, 45.85548082284032 ], [ 11.704095140567386, 45.855506996185838 ], [ 11.70393500150475, 45.855522398918524 ], [ 11.703857100874798, 45.855520373073261 ], [ 11.703704690519968, 45.855525151707802 ], [ 11.703644324858841, 45.855542062075379 ], [ 11.703589565931086, 45.855555059369628 ], [ 11.703524609235258, 45.855591519849497 ], [ 11.703089528698575, 45.855892721494598 ], [ 11.703002377731661, 45.855925746709275 ], [ 11.702931266649795, 45.855946871337522 ], [ 11.702763961105799, 45.855931389658416 ], [ 11.702697253791056, 45.855929098145445 ], [ 11.70249625368727, 45.855906762918082 ], [ 11.702267773726883, 45.85588885787184 ], [ 11.702061178251322, 45.855862693980683 ], [ 11.701849300752267, 45.855844485279299 ], [ 11.701414476471374, 45.855808238569288 ], [ 11.701184494520504, 45.85575931451725 ], [ 11.700950014118082, 45.855617519262005 ], [ 11.700789026391222, 45.855501077524004 ], [ 11.70064009928023, 45.855407572137239 ], [ 11.700578925183109, 45.855405148513206 ], [ 11.700413877286943, 45.855436233567595 ], [ 11.70034904720808, 45.855472689252167 ], [ 11.70032313229542, 45.855512095005651 ], [ 11.70030934728497, 45.855570565441241 ], [ 11.700297817680807, 45.855675606082848 ], [ 11.700330918935208, 45.855787241983357 ], [ 11.700390505768128, 45.855871249535305 ], [ 11.700442679111218, 45.85591654935368 ], [ 11.700575521063328, 45.855965161940659 ], [ 11.700677804129388, 45.856013146968756 ], [ 11.700813844969456, 45.856071944372218 ], [ 11.700915753913504, 45.856112197436445 ], [ 11.700945860310544, 45.856161979228276 ], [ 11.700896125185263, 45.856167025848443 ], [ 11.700792624727525, 45.856208266656886 ], [ 11.700690563569887, 45.856276565411079 ], [ 11.700588565153021, 45.856348822913553 ], [ 11.700482723285512, 45.856456093852621 ], [ 11.70041348286995, 45.85651587565399 ], [ 11.700386631369499, 45.856535952092599 ], [ 11.70031898283588, 45.856514239910972 ], [ 11.700224482791517, 45.856512604117086 ], [ 11.700169027411164, 45.856513915361369 ], [ 11.700117325058015, 45.856592723785319 ], [ 11.700120890939777, 45.856666355112097 ], [ 11.700177005234352, 45.856793018097505 ], [ 11.700177476722287, 45.856917126473675 ], [ 11.700172041112319, 45.857033633872568 ], [ 11.700188357579174, 45.857141796392234 ], [ 11.70014049813388, 45.857185591279027 ], [ 11.700033526207818, 45.857269576720192 ], [ 11.699815703323161, 45.85729893845518 ], [ 11.699666061585908, 45.857302476111464 ], [ 11.699174643497727, 45.857244246926406 ], [ 11.698783867096703, 45.85714151405049 ], [ 11.698681209224354, 45.857085795589732 ], [ 11.698602120956119, 45.857056612181658 ], [ 11.698538040355924, 45.856879732786595 ], [ 11.698551355231196, 45.856697064213918 ], [ 11.698505124697435, 45.856542984785513 ], [ 11.698451549123289, 45.856354246199423 ], [ 11.697481143540086, 45.855860622795113 ], [ 11.697231757030117, 45.85575400466103 ], [ 11.696998969283049, 45.855646994017604 ], [ 11.69677781291205, 45.855551409089522 ], [ 11.696552807346755, 45.855490747300856 ], [ 11.69610236990019, 45.855357911546385 ], [ 11.695945571973185, 45.855330560911099 ], [ 11.695792433299111, 45.85526433069294 ], [ 11.695656960248764, 45.855217124763819 ], [ 11.695574129588207, 45.855110441603379 ], [ 11.695446307892924, 45.855109588415594 ], [ 11.695332567077228, 45.855109572776975 ], [ 11.69521208844672, 45.855143378675223 ], [ 11.695135816309502, 45.855172360847405 ], [ 11.695025659478553, 45.855190531719636 ], [ 11.694903743874205, 45.85519727912461 ], [ 11.694649665174815, 45.855222626189807 ], [ 11.693389441582013, 45.855221303364452 ], [ 11.693292034122367, 45.855274094580153 ], [ 11.693258622297547, 45.855329066727904 ], [ 11.693184465271797, 45.855404531270999 ], [ 11.693046157479239, 45.855527952129556 ], [ 11.6929866681684, 45.855560407387465 ], [ 11.692936932702565, 45.85556545050737 ], [ 11.692860658769295, 45.855594431213184 ], [ 11.692790162117692, 45.855631016197101 ], [ 11.692748145878364, 45.855678540488277 ], [ 11.692733477400809, 45.855721549641672 ], [ 11.692779738466852, 45.855759251783738 ], [ 11.692848130164258, 45.855796432046127 ], [ 11.692961471913051, 45.855844163232057 ], [ 11.693035023004679, 45.855873481131461 ], [ 11.693092536430084, 45.855914788109146 ], [ 11.693138797950997, 45.85595249009431 ], [ 11.693158143132536, 45.856006308004133 ], [ 11.693172951816653, 45.856083544714082 ], [ 11.693305955496529, 45.856596957439443 ], [ 11.693317642691133, 45.856953559060464 ], [ 11.693352607135576, 45.857104036009517 ], [ 11.693368852334441, 45.857208330845992 ], [ 11.693282693810739, 45.857264727011284 ], [ 11.693201067346852, 45.857297614420489 ], [ 11.692982237632272, 45.857364879734298 ], [ 11.692856971082609, 45.85741436719119 ], [ 11.692763403053771, 45.857432054722572 ], [ 11.692652116331859, 45.85742693817258 ], [ 11.692522919965755, 45.857395061705205 ], [ 11.69239927393193, 45.857422098760189 ], [ 11.69234400390306, 45.857427272086937 ], [ 11.692250249023468, 45.857441093302874 ], [ 11.692230739984298, 45.857495917372688 ], [ 11.692238703929906, 45.85754613348584 ], [ 11.692258857957874, 45.857619373973172 ], [ 11.692285233618088, 45.857704078654407 ], [ 11.692255085866783, 45.857770674413807 ], [ 11.692191558687187, 45.857834276803366 ], [ 11.69211124183359, 45.857894314611698 ], [ 11.692063188530922, 45.857934240375876 ], [ 11.691997976625691, 45.857962959701929 ], [ 11.691910131265461, 45.857984471916119 ], [ 11.691843417306027, 45.857982084201311 ], [ 11.691777085276861, 45.857987608017041 ], [ 11.691674614828676, 45.857935659153668 ], [ 11.691543924751739, 45.857872854439371 ], [ 11.691408315545315, 45.857825556664288 ], [ 11.691311324955393, 45.857769698044926 ], [ 11.691187661328685, 45.857737689703143 ], [ 11.691021290204205, 45.857741610261847 ], [ 11.690938226879256, 45.857747437840203 ], [ 11.690810900817782, 45.857754308315968 ], [ 11.690504048682691, 45.857951632585099 ], [ 11.690339287106681, 45.858162439984497 ], [ 11.690225641731784, 45.858223261664811 ], [ 11.690177027137777, 45.858251588939169 ], [ 11.690099811059451, 45.858261148462738 ], [ 11.689968505196942, 45.858303034434087 ], [ 11.689825515911362, 45.858329714234301 ], [ 11.689656225351362, 45.858387975672571 ], [ 11.689525851268042, 45.858449190653388 ], [ 11.689442057770407, 45.858552061743879 ], [ 11.689348001806813, 45.858674525908462 ], [ 11.689220747712897, 45.85879777176482 ], [ 11.689148072504647, 45.858904161061623 ], [ 11.689047865169471, 45.859011288663964 ], [ 11.689026610930121, 45.859147519429037 ], [ 11.688999510524358, 45.859218632902753 ], [ 11.688843710621157, 45.859326979303695 ], [ 11.6887411315618, 45.859387628949015 ], [ 11.688627408723308, 45.859332071971657 ], [ 11.68839288586274, 45.859186381719354 ], [ 11.688193856793989, 45.859090169269429 ], [ 11.688068514259344, 45.859023364419436 ], [ 11.687780457292078, 45.858921506204197 ], [ 11.687606681201258, 45.858886803108362 ], [ 11.687484139512065, 45.858878076075023 ], [ 11.687251049548371, 45.858879600926748 ], [ 11.687175389010447, 45.858924134548992 ], [ 11.687111850314471, 45.858987644316763 ], [ 11.687081079045127, 45.859038772207974 ], [ 11.687005600147875, 45.859087081714172 ], [ 11.686976579740927, 45.859289469848676 ], [ 11.686993625550169, 45.859413278187162 ], [ 11.687011412463333, 45.859552460252317 ], [ 11.686985183319459, 45.859700508595942 ], [ 11.687052083708108, 45.859877778024668 ], [ 11.687154304542981, 45.860042155414803 ], [ 11.687284879225114, 45.860217476411876 ], [ 11.687312930316347, 45.860337065432475 ], [ 11.687321147305207, 45.86050752497524 ], [ 11.687241512788418, 45.860699493266523 ], [ 11.687139186060826, 45.860880384615072 ], [ 11.687039960746695, 45.861010709044038 ], [ 11.686768301586319, 45.861190453786961 ], [ 11.686626292438101, 45.861240328267272 ], [ 11.686494546615277, 45.86127060963868 ], [ 11.686395436669278, 45.861288422294699 ], [ 11.68616768773383, 45.86128603896961 ], [ 11.685989303259232, 45.861270793277001 ], [ 11.685844122425957, 45.861254856386594 ], [ 11.685890756273592, 45.861300293108258 ], [ 11.68599322358997, 45.861352157223919 ], [ 11.686096999378188, 45.861431172491436 ], [ 11.686723376101751, 45.861757833512335 ], [ 11.686877640754398, 45.861847271153948 ], [ 11.687002243047516, 45.861898613526606 ], [ 11.687070638780272, 45.861935797160868 ], [ 11.687138661840596, 45.861965248940905 ], [ 11.687317607942045, 45.861992090521021 ], [ 11.68783995455083, 45.861999149044642 ], [ 11.687910524534743, 45.861966525729429 ], [ 11.688229912296649, 45.861854869984178 ], [ 11.689031811872935, 45.861327812237853 ], [ 11.68956636463462, 45.86101658136765 ], [ 11.689660312843712, 45.86100662813336 ], [ 11.690013897414271, 45.860971117776813 ], [ 11.691176994468936, 45.860855147881743 ], [ 11.691310420584166, 45.860859744138246 ], [ 11.691576281624934, 45.860845737730124 ], [ 11.691753728201393, 45.860841555330104 ], [ 11.69198644812526, 45.860832199440011 ], [ 11.692126660550803, 45.860859946527185 ], [ 11.692177334268788, 45.860874233102592 ], [ 11.693158476497016, 45.861130570201901 ], [ 11.693225696453693, 45.861140685841683 ], [ 11.693360248312036, 45.861168564901575 ], [ 11.693444308456328, 45.86118593379431 ], [ 11.693483169315249, 45.861185017234625 ], [ 11.693632203661508, 45.861166020850753 ], [ 11.693786077617295, 45.861135209231563 ], [ 11.694454322512998, 45.861061209974515 ], [ 11.694543301515754, 45.861063070833055 ], [ 11.694676163241873, 45.861055975559267 ], [ 11.694831290605741, 45.861048444712225 ], [ 11.694903537072875, 45.861050610155353 ], [ 11.694997297259745, 45.86103678666381 ], [ 11.695057729875654, 45.861023749582806 ], [ 11.69514873597063, 45.860955626851535 ], [ 11.69520250950899, 45.860919435109466 ], [ 11.695992923863392, 45.860558751903838 ], [ 11.696118007480761, 45.860505395029371 ], [ 11.696298924293037, 45.860458460387655 ], [ 11.696480775770267, 45.860430854858713 ], [ 11.696730220641578, 45.860421094374921 ], [ 11.696985822315078, 45.860426759094381 ], [ 11.697164389001641, 45.860445763598072 ], [ 11.697304789782494, 45.86047737015722 ], [ 11.697416648360786, 45.860494169524593 ], [ 11.697556729248427, 45.860521823052508 ], [ 11.697691281591993, 45.860549696962188 ], [ 11.697875514985089, 45.860568656509621 ], [ 11.698142366241095, 45.860577833173707 ], [ 11.698264164370928, 45.860571085095991 ], [ 11.698439228953644, 45.860573609074663 ], [ 11.69854523477902, 45.860586585366569 ], [ 11.698728719935541, 45.860590079997323 ], [ 11.698945832066494, 45.86060430052035 ], [ 11.699156603969627, 45.860599318989635 ], [ 11.699343800156765, 45.860567712251942 ], [ 11.699632350874813, 45.86056476165772 ], [ 11.699966597170132, 45.860534927129734 ], [ 11.699986245132498, 45.860533173338752 ], [ 11.700290079647031, 45.860502677614193 ], [ 11.7005167010592, 45.860481837646553 ], [ 11.700656034162826, 45.860494023824252 ], [ 11.700977911358102, 45.860490281677144 ], [ 11.701101211670787, 45.860514547435891 ], [ 11.701146545822825, 45.860532916607625 ], [ 11.70122526135501, 45.86055427648278 ], [ 11.701366792784205, 45.860609163078735 ], [ 11.70154604201851, 45.86070069009304 ], [ 11.701704356416142, 45.860758959522805 ], [ 11.701805712583603, 45.860787613935642 ], [ 11.701923480793864, 45.860812009692104 ], [ 11.702035715977463, 45.860836536222457 ], [ 11.702168955000365, 45.860837253914823 ], [ 11.702307914488827, 45.860841706329019 ], [ 11.702414050239955, 45.860854675951117 ], [ 11.702504528179471, 45.860887457491827 ], [ 11.702616576324779, 45.86090811756813 ], [ 11.702712454512719, 45.860940681140121 ], [ 11.702865616847722, 45.861006901501263 ], [ 11.703046820055018, 45.861080198497923 ], [ 11.703204387172125, 45.861123002352159 ], [ 11.70337874566261, 45.861169368783067 ], [ 11.703726517406857, 45.861242591767372 ], [ 11.703945453560044, 45.8612916822442 ], [ 11.704041337502254, 45.861324334556237 ], [ 11.704080948238259, 45.861338877803512 ], [ 11.704229142726025, 45.861416824839814 ], [ 11.704481385399482, 45.861581504397165 ], [ 11.704568838355126, 45.861668720062958 ], [ 11.704644943942837, 45.861806158171966 ], [ 11.704732585123148, 45.861897239539545 ], [ 11.704802872306152, 45.861973160708743 ], [ 11.704929687024014, 45.862067094368868 ], [ 11.70544412466151, 45.862372992298177 ], [ 11.705787420721686, 45.862582045315776 ], [ 11.70609054406399, 45.862764957208121 ], [ 11.706160147329236, 45.862768348226844 ], [ 11.706400959886336, 45.862925553812161 ], [ 11.706542613257337, 45.863096809890891 ], [ 11.706613842999923, 45.863192059055791 ], [ 11.706657277740328, 45.863287966958318 ], [ 11.706666750922194, 45.863310604158912 ], [ 11.706776472075482, 45.863397290332749 ], [ 11.706903727881352, 45.863502822237287 ], [ 11.707090402100519, 45.863688491656667 ], [ 11.707291983483296, 45.863838884713537 ], [ 11.70752512586505, 45.86406611500967 ], [ 11.707581452870208, 45.864196639524394 ], [ 11.707617153124932, 45.864358705432238 ], [ 11.707615068644229, 45.86448818464946 ], [ 11.707581097168712, 45.864589797705683 ], [ 11.707438139561114, 45.864845386147927 ], [ 11.707299262378426, 45.865073605571851 ], [ 11.707166050650269, 45.865301780521285 ], [ 11.707094908734947, 45.86543919723497 ], [ 11.707077477356743, 45.86553654778578 ], [ 11.707100479301738, 45.865667952454054 ], [ 11.707187463203805, 45.865800990651387 ], [ 11.707252220936365, 45.865876951363042 ], [ 11.707385926145053, 45.866056765408715 ], [ 11.707703185762686, 45.866530149732419 ], [ 11.707832827307133, 45.866798626294347 ], [ 11.708248268552754, 45.867234848370508 ], [ 11.708353217838379, 45.867337127320376 ], [ 11.708445575117052, 45.86752494125502 ], [ 11.708508509872258, 45.86773298435584 ], [ 11.708571884368025, 45.867894393527557 ], [ 11.708635019325968, 45.868565156599047 ], [ 11.708582567205843, 45.868628505359915 ], [ 11.708573629804807, 45.868675250814171 ], [ 11.708836739330907, 45.868831922323146 ], [ 11.709313727138641, 45.869049494238389 ], [ 11.710340683626102, 45.869557065516176 ], [ 11.710568961319096, 45.869683507360371 ], [ 11.710973324406451, 45.869891095209418 ], [ 11.711767664832745, 45.870240813239057 ], [ 11.712008334054081, 45.870335815610304 ], [ 11.712288631790564, 45.870503771800543 ], [ 11.712454781416128, 45.870608373684099 ], [ 11.712773820057336, 45.870775408528409 ], [ 11.713240336095252, 45.871004823610392 ], [ 11.713540008788456, 45.871170966323504 ], [ 11.713771382521092, 45.871246924413285 ], [ 11.713912259727875, 45.871290200079351 ], [ 11.714692672179982, 45.871578034045108 ], [ 11.714846690833022, 45.871663569328398 ], [ 11.714955871993174, 45.871738559550373 ], [ 11.715137883601392, 45.871827389252154 ], [ 11.716206370246727, 45.8723864841782 ], [ 11.716258195317026, 45.872424044444458 ], [ 11.716434295668023, 45.872505182068423 ], [ 11.716621276476378, 45.872582190332771 ], [ 11.717041531307968, 45.872773897428907 ], [ 11.718038524445484, 45.873232248493956 ], [ 11.718618670004782, 45.873513211052781 ], [ 11.718952395589328, 45.873637215782345 ], [ 11.719439017880431, 45.873823463565458 ], [ 11.719883315758493, 45.874053290541447 ], [ 11.720183485172669, 45.874228854625692 ], [ 11.72032678036182, 45.874434886924341 ], [ 11.720443211708179, 45.874544621764919 ], [ 11.720649206064069, 45.874667703948937 ], [ 11.720811570176544, 45.874923775096605 ], [ 11.720965689563748, 45.875121808106563 ], [ 11.721049401041942, 45.875131424397296 ], [ 11.721451787754892, 45.875125436178195 ], [ 11.721768022086913, 45.875117899632627 ], [ 11.722538979479767, 45.875099522380587 ], [ 11.723321133591551, 45.875080872905407 ], [ 11.724115116211157, 45.875077507074451 ], [ 11.72451199687149, 45.875074879661149 ], [ 11.724722819040871, 45.875069849753054 ], [ 11.724983639796129, 45.875067496680565 ], [ 11.725943850518632, 45.875056281226271 ], [ 11.726215679405183, 45.875049792300558 ], [ 11.726464670009307, 45.875032147091737 ], [ 11.726725051501136, 45.875018189675608 ], [ 11.727390533134116, 45.8749984277393 ], [ 11.727554475655598, 45.875001802757644 ], [ 11.727792968904467, 45.874996106257726 ], [ 11.728214990004762, 45.874993765475232 ], [ 11.729030723942236, 45.874982015194405 ], [ 11.729569473923267, 45.874984620433544 ], [ 11.729969422176927, 45.874986761045335 ], [ 11.73061490224447, 45.875068986027898 ], [ 11.731299237926944, 45.875207792343318 ], [ 11.731917475303129, 45.875359786654371 ], [ 11.732051449604153, 45.875372152725276 ], [ 11.73214050777815, 45.87537776267154 ], [ 11.732238484307011, 45.875336625694409 ], [ 11.732416942292701, 45.875239198914656 ], [ 11.732843789589937, 45.874996317550043 ], [ 11.733105429377227, 45.874839924767315 ], [ 11.733599015289677, 45.874828110714787 ], [ 11.7341691963288, 45.874791148944027 ], [ 11.734473279450203, 45.874764516644071 ], [ 11.73465566372996, 45.874744578129949 ], [ 11.734864831783476, 45.874708516762091 ], [ 11.735600114397277, 45.874527993300134 ], [ 11.735833279147785, 45.874468943615035 ], [ 11.736288771322286, 45.874361093233155 ], [ 11.736847956721347, 45.874215833393222 ], [ 11.736914306690059, 45.874210372926136 ], [ 11.737233269749076, 45.874148363995843 ], [ 11.737958912567928, 45.874115487458781 ], [ 11.73892977278928, 45.873828486549208 ], [ 11.74019717434884, 45.873414293134772 ], [ 11.740340174987676, 45.873387549960675 ], [ 11.741003727395755, 45.873224284006866 ], [ 11.741769053946056, 45.87309736367537 ], [ 11.741982793638474, 45.87304182797655 ], [ 11.742120072402956, 45.873011439678159 ], [ 11.742331706215463, 45.873025709145956 ], [ 11.742376930456123, 45.873043974578408 ], [ 11.742678955979576, 45.873090995323039 ], [ 11.742914382174416, 45.873135744663834 ], [ 11.74371098830232, 45.87330661244085 ], [ 11.744011427604919, 45.87338940045953 ], [ 11.743981712448164, 45.873340700767123 ], [ 11.743930933446318, 45.87330384803051 ], [ 11.743832407849611, 45.873184436150446 ], [ 11.743164331140973, 45.872412836763004 ], [ 11.743054622006756, 45.872286042330899 ], [ 11.742737255055061, 45.871924637257891 ], [ 11.74241585664703, 45.871426247798368 ], [ 11.742062792622233, 45.87089432511987 ], [ 11.741693318852693, 45.870290609845078 ], [ 11.741514991186548, 45.869986707726866 ], [ 11.741383524752111, 45.869750085595008 ], [ 11.740606705131524, 45.868908805879443 ], [ 11.740697534206339, 45.868761985085598 ], [ 11.740852433232245, 45.868587074428525 ], [ 11.741174294354492, 45.868134175127963 ], [ 11.741233259936566, 45.867957786407679 ], [ 11.741295685181926, 45.867788875159867 ], [ 11.741393881602939, 45.867459253047087 ], [ 11.74149754609736, 45.866646252703873 ], [ 11.741010328907233, 45.86598442687108 ], [ 11.740873171178388, 45.865854508734749 ], [ 11.7406963574294, 45.865580991195877 ], [ 11.740535212845087, 45.865406014887682 ], [ 11.740422179225778, 45.865321240744748 ], [ 11.740407877449561, 45.86525308874652 ], [ 11.740433088256362, 45.865100282106894 ], [ 11.740468546894286, 45.864935798681842 ], [ 11.740378004151047, 45.864865605963644 ], [ 11.740226267549994, 45.864724696033868 ], [ 11.739832983821779, 45.864479233022273 ], [ 11.739767742558659, 45.864480798291012 ], [ 11.73961948089906, 45.864457713205347 ], [ 11.739504836655961, 45.86445281293264 ], [ 11.739423814068331, 45.864466187460721 ], [ 11.739334412327048, 45.864529266726635 ], [ 11.739234686020055, 45.864607714713401 ], [ 11.739124283284363, 45.864686508695179 ], [ 11.738959129218534, 45.864762745496954 ], [ 11.738884818335222, 45.864802600695327 ], [ 11.738820694282602, 45.86482691038556 ], [ 11.738738548902488, 45.864817449580606 ], [ 11.738624093880466, 45.864816414205755 ], [ 11.738449055309827, 45.864801620304689 ], [ 11.738170124371717, 45.864777886473135 ], [ 11.738061012774534, 45.864772852075156 ], [ 11.737982594109903, 45.864729098792544 ], [ 11.737550613807931, 45.864081144859938 ], [ 11.73747088106928, 45.863900432237429 ], [ 11.737297627488047, 45.863588751119821 ], [ 11.737133765985737, 45.862972441266045 ], [ 11.737224599829448, 45.86282571298657 ], [ 11.73728685046636, 45.862763286187501 ], [ 11.737422116241639, 45.862744832627257 ], [ 11.737598636265705, 45.862679756433373 ], [ 11.737750243666854, 45.862660910727406 ], [ 11.737880665368161, 45.862654003638418 ], [ 11.738062770010757, 45.862592483082437 ], [ 11.738267746734202, 45.862553365608399 ], [ 11.738420846356187, 45.862564905525353 ], [ 11.738492550438986, 45.862582177505523 ], [ 11.738635463530162, 45.862609262621106 ], [ 11.738789495316075, 45.862639771179431 ], [ 11.738878171273674, 45.862595341589639 ], [ 11.738948924833307, 45.862559891615689 ], [ 11.739075290160219, 45.862473064288999 ], [ 11.739173705363532, 45.86236800580339 ], [ 11.739253405398101, 45.862217672665359 ], [ 11.739313534277185, 45.861999403692195 ], [ 11.739511957150198, 45.861439031106407 ], [ 11.739625741354155, 45.860941623355735 ], [ 11.739758489246686, 45.860649246319561 ], [ 11.739884770613337, 45.860338032834363 ], [ 11.740172246657821, 45.859920163408695 ], [ 11.740316619637618, 45.859756936731216 ], [ 11.740460554836149, 45.859582199467091 ], [ 11.740594864843199, 45.859434425081027 ], [ 11.740628840707862, 45.859349903208013 ], [ 11.740560613464829, 45.859290605888624 ], [ 11.740504317100545, 45.859253883986618 ], [ 11.740443182413266, 45.859228799046221 ], [ 11.739788371720325, 45.859016163558103 ], [ 11.739654967851445, 45.85896220968776 ], [ 11.73950554646528, 45.858912600260318 ], [ 11.739409857788386, 45.858850180755439 ], [ 11.739368595851229, 45.858786455572506 ], [ 11.739363926561001, 45.858691430207706 ], [ 11.739414620143942, 45.858614158275067 ], [ 11.739444182336374, 45.858552514424325 ], [ 11.739469781111392, 45.858517697677712 ], [ 11.73962024737202, 45.858087905063705 ], [ 11.739625016758053, 45.857962140911233 ], [ 11.739630598458985, 45.857855528757412 ], [ 11.739485457558535, 45.857782864843195 ], [ 11.739326769856753, 45.857657331553291 ], [ 11.739056931738135, 45.85748496025905 ], [ 11.738959124630332, 45.857266609099348 ], [ 11.738844041776783, 45.857029590749818 ], [ 11.73870132261332, 45.85689602299994 ], [ 11.738579612009076, 45.856857088595 ], [ 11.738461323224028, 45.856890437640601 ], [ 11.738383384112842, 45.856911298114213 ], [ 11.738282305805038, 45.856959355427797 ], [ 11.738132581695677, 45.857016229683772 ], [ 11.737675518771816, 45.857133756299817 ], [ 11.73747099325103, 45.857184292847897 ], [ 11.737303749352069, 45.857214943935688 ], [ 11.737193967904011, 45.857198583873739 ], [ 11.73708431075578, 45.857182130775705 ], [ 11.736918983380241, 45.857144240061835 ], [ 11.73681957814115, 45.857116200069996 ], [ 11.736745583115241, 45.857049478122711 ], [ 11.736705071395434, 45.857000945177319 ], [ 11.736651946402052, 45.856918511824517 ], [ 11.736601191999302, 45.856881745192851 ], [ 11.736568882032222, 45.856890080061355 ], [ 11.736509988811582, 45.856910572807251 ], [ 11.736444941543091, 45.856915911850244 ], [ 11.736429532262546, 45.856935272556932 ], [ 11.73644233522568, 45.856973038723893 ], [ 11.73648135078529, 45.856991095255104 ], [ 11.736472280881239, 45.857029385558093 ], [ 11.736441837335574, 45.857075748608466 ], [ 11.736366043129543, 45.8570852153914 ], [ 11.736301931079211, 45.85710961340024 ], [ 11.736236883553861, 45.857114952330228 ], [ 11.7361766795396, 45.857108744241302 ], [ 11.736044223414499, 45.85707393494215 ], [ 11.735900394904991, 45.857027877046093 ], [ 11.735713638411578, 45.856994278278144 ], [ 11.735329625345134, 45.85686270626924 ], [ 11.735285576809105, 45.856852330495819 ], [ 11.735146407979055, 45.856790948831659 ], [ 11.73508881661553, 45.856727703221537 ], [ 11.735101800638164, 45.856658896955032 ], [ 11.735179271560693, 45.856573334943562 ], [ 11.735635455841743, 45.855991583425649 ], [ 11.735888689379333, 45.855555553419549 ], [ 11.735892782790081, 45.855418464719712 ], [ 11.735878238572258, 45.855122060126824 ], [ 11.735732859263477, 45.854821139377442 ], [ 11.735674700671979, 45.854636038150161 ], [ 11.735871623329134, 45.854475338369326 ], [ 11.736015996235109, 45.854422375558698 ], [ 11.736121298530787, 45.85434757696072 ], [ 11.736242621716954, 45.854268524052863 ], [ 11.736683071134172, 45.853923143505504 ], [ 11.736775569258603, 45.853810578159852 ], [ 11.736893098507526, 45.85354143071801 ], [ 11.736975966088773, 45.853455738098987 ], [ 11.737109528134701, 45.853403032987451 ], [ 11.737290140957519, 45.853372061725473 ], [ 11.737507697632184, 45.853366846619743 ], [ 11.737589450661766, 45.853368667102664 ], [ 11.737704442783194, 45.853381121503027 ], [ 11.737675611177769, 45.853237261450666 ], [ 11.737586019482871, 45.85307577649953 ], [ 11.737297442937139, 45.852854346337509 ], [ 11.736946314511005, 45.852691569146181 ], [ 11.7366460104551, 45.852561775562748 ], [ 11.736460944096034, 45.852452081559704 ], [ 11.736314575545931, 45.852280525228807 ], [ 11.736306375192612, 45.852223657280888 ], [ 11.736107654230331, 45.851833017925912 ], [ 11.735674426882245, 45.851432695122135 ], [ 11.735410056733894, 45.851197629286986 ], [ 11.735172517094645, 45.851013224157754 ], [ 11.734487242335963, 45.850463221367043 ], [ 11.734283875644172, 45.850308418484374 ], [ 11.733860868199764, 45.850003071510507 ], [ 11.733275563775265, 45.849492431287722 ], [ 11.73315158726103, 45.849404221474018 ], [ 11.732902326920224, 45.849201100666065 ], [ 11.732800490246637, 45.849130992046184 ], [ 11.732627955649546, 45.849063745272424 ], [ 11.7325723772381, 45.849022951924248 ], [ 11.732453710937383, 45.848927413722762 ], [ 11.731848823659144, 45.848342528856193 ], [ 11.731611300581688, 45.848142184648339 ], [ 11.731682137305228, 45.848084325761882 ], [ 11.731988194326927, 45.847903740471317 ], [ 11.732379379799797, 45.847683674543433 ], [ 11.732485165176891, 45.847653061144896 ], [ 11.732574189313427, 45.847693054226013 ], [ 11.732677279623832, 45.847746751739201 ], [ 11.732801025209579, 45.847809315568917 ], [ 11.733158865488196, 45.848002187335432 ], [ 11.733364718927733, 45.848100228292054 ], [ 11.733784139037242, 45.848319616298433 ], [ 11.734097489768084, 45.848424533170409 ], [ 11.734240161068286, 45.848463240470046 ], [ 11.734422511231683, 45.848491636778867 ], [ 11.734495866793669, 45.848485199850458 ], [ 11.734589061627009, 45.848473607456718 ], [ 11.734562341139178, 45.848338426672221 ], [ 11.734639864435884, 45.848280405818386 ], [ 11.734861704781203, 45.848158083949272 ], [ 11.734991950496097, 45.84807998871549 ], [ 11.735081476284815, 45.847993597900249 ], [ 11.735078491440337, 45.847932734590863 ], [ 11.735059727669663, 45.847754969985829 ], [ 11.735187450218826, 45.847625450899848 ], [ 11.735371121022329, 45.847410344887791 ], [ 11.735790465396875, 45.846669801809462 ], [ 11.736033774876375, 45.846439224777747 ], [ 11.736156513526334, 45.84634735698048 ], [ 11.736197107728094, 45.846355745042523 ], [ 11.73626367024003, 45.8463447893877 ], [ 11.736221007456532, 45.846294237560798 ], [ 11.736048030629403, 45.846115487719068 ], [ 11.735873228047199, 45.845965133624155 ], [ 11.735347651601193, 45.845495376130025 ], [ 11.735313059494215, 45.845472802892459 ], [ 11.735138590765969, 45.845331800367504 ], [ 11.735038753322616, 45.845207821642084 ], [ 11.735120893381744, 45.845107476532206 ], [ 11.735327274321747, 45.844943310616507 ], [ 11.735846966857473, 45.844542300368509 ], [ 11.736311783152701, 45.844456187481228 ], [ 11.736624461149216, 45.844411251694709 ], [ 11.736723879014502, 45.844390147670872 ], [ 11.736762866231183, 45.844365811437754 ], [ 11.736721814655706, 45.844348073795558 ], [ 11.736478391982887, 45.844166602476861 ], [ 11.73608899884492, 45.84387629931561 ], [ 11.735880400798369, 45.843722074504207 ], [ 11.73580292006166, 45.843644274490003 ], [ 11.735833613223528, 45.843587374709934 ], [ 11.735893977104748, 45.843450107738796 ], [ 11.735886639651216, 45.843300511685243 ], [ 11.735776578500628, 45.84297066216088 ], [ 11.73572324187325, 45.842907224790459 ], [ 11.735589605628356, 45.842779375836002 ], [ 11.735511209668438, 45.842682876043433 ], [ 11.735259926776388, 45.842614009284148 ], [ 11.735117857113631, 45.842584649584225 ], [ 11.734956967723191, 45.84258382263743 ], [ 11.7346673822193, 45.842553224878642 ], [ 11.734416330060336, 45.842489031132516 ], [ 11.734073966093586, 45.842338006045416 ], [ 11.734032687702374, 45.84231559249843 ], [ 11.73391485416216, 45.842234166921308 ], [ 11.733789970044366, 45.842148139634112 ], [ 11.733698663107486, 45.842061398406535 ], [ 11.733564301157001, 45.842055254088969 ], [ 11.733483806977034, 45.8420525005725 ], [ 11.733411146965802, 45.842072961295273 ], [ 11.733386911769498, 45.84212502548214 ], [ 11.73341641576026, 45.84218048371234 ], [ 11.733473824754403, 45.842258765867044 ], [ 11.733554274072938, 45.842397251261296 ], [ 11.733590426594471, 45.842588371043725 ], [ 11.733632351807749, 45.842760631145644 ], [ 11.733630249445262, 45.842854378927747 ], [ 11.733587322124013, 45.84293497283052 ], [ 11.733533811239212, 45.842936253767164 ], [ 11.733425643965923, 45.842915441144044 ], [ 11.733204782880877, 45.842920727612935 ], [ 11.733070189835161, 45.84290990787089 ], [ 11.732907595729809, 45.842871675871763 ], [ 11.732446351883226, 45.842620432679176 ], [ 11.73236402495588, 45.842580279258016 ], [ 11.732228058940548, 45.842541409133489 ], [ 11.73212726862053, 45.842534459876198 ], [ 11.732047689649022, 45.842550404930336 ], [ 11.7319004068595, 45.842553928518669 ], [ 11.731784865223247, 45.842519249634165 ], [ 11.731723750086148, 45.842501990150133 ], [ 11.731721002816538, 45.84244589142115 ], [ 11.731751237280685, 45.842379552958676 ], [ 11.731873745592713, 45.842283014830798 ], [ 11.732004440227401, 45.842214272936936 ], [ 11.732391879314173, 45.842055231183927 ], [ 11.732899953602757, 45.841827235916107 ], [ 11.732998452249529, 45.841787435640931 ], [ 11.733137211741672, 45.841746671623241 ], [ 11.733302597303034, 45.841705270181016 ], [ 11.733151864296774, 45.841362350434188 ], [ 11.732891467133554, 45.840970570978946 ], [ 11.732699977633912, 45.840755086022128 ], [ 11.732493361288794, 45.840638250600101 ], [ 11.73232972967897, 45.840581321099783 ], [ 11.732053469947646, 45.840344011462065 ], [ 11.731785889381525, 45.840078771325885 ], [ 11.731558675711083, 45.839817335367748 ], [ 11.731415845905245, 45.839638127278391 ], [ 11.731444376853917, 45.839534386647664 ], [ 11.731500727919851, 45.83931765156607 ], [ 11.731533732694329, 45.838966014144816 ], [ 11.731655867871208, 45.838588482709184 ], [ 11.731658252841193, 45.838363677715371 ], [ 11.731644510091769, 45.838083004019715 ], [ 11.731767412614648, 45.837855316023514 ], [ 11.731799068148042, 45.837681294910283 ], [ 11.731786629416041, 45.837495637610239 ], [ 11.731722182258038, 45.837136700513021 ], [ 11.73161559266714, 45.836876969309664 ], [ 11.731427048781152, 45.836581845355916 ], [ 11.731501808769375, 45.836467638091982 ], [ 11.731614408189552, 45.83630572191106 ], [ 11.731756602379765, 45.836130226641139 ], [ 11.731875659491756, 45.835963475323489 ], [ 11.731980278688381, 45.835909488298846 ], [ 11.732211278929165, 45.835838346344232 ], [ 11.732411003743406, 45.835814845989717 ], [ 11.732818313965073, 45.835786377632523 ], [ 11.733077900923602, 45.835752082770405 ], [ 11.733088299936714, 45.83569098902295 ], [ 11.733040195449645, 45.8353924162749 ], [ 11.733009593647594, 45.835177761403045 ], [ 11.733096350489454, 45.835035183725125 ], [ 11.733237659092119, 45.834910111788354 ], [ 11.733524263972397, 45.834744028656594 ], [ 11.733896532463479, 45.834481476387936 ], [ 11.734155007413589, 45.834287982874848 ], [ 11.734446461341321, 45.834084338323528 ], [ 11.73461281801092, 45.833789991253994 ], [ 11.734694885830413, 45.833549236690352 ], [ 11.734753095386043, 45.833234167426419 ], [ 11.734745873347537, 45.833018502964357 ], [ 11.734699098668111, 45.832883802215576 ], [ 11.734713662889467, 45.832771124376492 ], [ 11.734900625650852, 45.832621465069082 ], [ 11.73506968738174, 45.832519037999361 ], [ 11.735292382276175, 45.832415415989686 ], [ 11.735361591667701, 45.832324830993059 ], [ 11.735333045565802, 45.832152250784461 ], [ 11.735250770259816, 45.831976277209847 ], [ 11.735141974501522, 45.831805619127358 ], [ 11.735108345871197, 45.83166592324357 ], [ 11.735219432627158, 45.831541842662048 ], [ 11.735321620214958, 45.831441107007606 ], [ 11.735435702438124, 45.831307233647884 ], [ 11.735593680524023, 45.831251965090182 ], [ 11.735784765757149, 45.831186542351503 ], [ 11.735901825928659, 45.831113442134615 ], [ 11.736016927935539, 45.83100303565616 ], [ 11.736069775564372, 45.830851907308308 ], [ 11.736083186206693, 45.830715764980305 ], [ 11.735976578755542, 45.829975219115106 ], [ 11.735880155106651, 45.82964981272756 ], [ 11.735809418748444, 45.829436030003983 ], [ 11.73554585462086, 45.828978806526408 ], [ 11.735150107180681, 45.828488205617042 ], [ 11.735058363327273, 45.82839211506024 ], [ 11.734919720461058, 45.828161326655618 ], [ 11.734957840766068, 45.827570415677918 ], [ 11.735034611148134, 45.827156073383094 ], [ 11.735002823240066, 45.827053866386791 ], [ 11.734977342300462, 45.826670505384328 ], [ 11.734928149901465, 45.826418042906496 ], [ 11.73469191901922, 45.826381577023334 ], [ 11.734372468590571, 45.826286258487841 ], [ 11.733998833009377, 45.826178105184901 ], [ 11.733756145854541, 45.826146472312992 ], [ 11.733576659585324, 45.826038349946927 ], [ 11.733442278748836, 45.825891704486651 ], [ 11.733180631221435, 45.82533614149456 ], [ 11.732994919784039, 45.825237527936864 ], [ 11.732672727735288, 45.825086015646583 ], [ 11.73236861404949, 45.824961882150639 ], [ 11.732265896260417, 45.824917536084975 ], [ 11.732149014090416, 45.824854717314935 ], [ 11.732106834369363, 45.824813603067163 ], [ 11.732150666453229, 45.824751709360029 ], [ 11.732295842663607, 45.824706112341879 ], [ 11.733233314817893, 45.824087918650982 ], [ 11.73338109300359, 45.823822099932023 ], [ 11.733431609448555, 45.823760045764914 ], [ 11.733498933016817, 45.823767794954762 ], [ 11.733523013386959, 45.823772223752712 ], [ 11.733566485547076, 45.823780219022659 ], [ 11.733686972352988, 45.823777334692593 ], [ 11.733808246425395, 45.823793152936794 ], [ 11.733909818395663, 45.823814123103212 ], [ 11.7339709134478, 45.823831381931669 ], [ 11.733979444398507, 45.823772702618633 ], [ 11.733985935546373, 45.823728053820432 ], [ 11.734027470478296, 45.823619320555629 ], [ 11.734086820949576, 45.823327625792167 ], [ 11.734388556050753, 45.822922388299887 ], [ 11.734445065653615, 45.822846059006366 ], [ 11.734549071629269, 45.822782723411393 ], [ 11.734618729075924, 45.822701488781512 ], [ 11.73440292671771, 45.822669123483124 ], [ 11.734214204122015, 45.822645560140501 ], [ 11.734223539677483, 45.822494484218765 ], [ 11.73425426509972, 45.822301762776554 ], [ 11.7342494976442, 45.822067767723617 ], [ 11.734484462465909, 45.821668809058664 ], [ 11.734700694658942, 45.821434111984772 ], [ 11.734796408325323, 45.821338212061107 ], [ 11.734904702212937, 45.82122319921131 ], [ 11.735018870563509, 45.821094094390503 ], [ 11.73529883576327, 45.820520791918597 ], [ 11.735456492956667, 45.82032034914932 ], [ 11.735575469019295, 45.820289416690834 ], [ 11.735669432630205, 45.820291846012019 ], [ 11.7357531027861, 45.820360047293839 ], [ 11.73584968723031, 45.82041857828407 ], [ 11.736033095844473, 45.820470438575725 ], [ 11.736463214133845, 45.820541058556984 ], [ 11.736505738048184, 45.820548040347177 ], [ 11.736738946651547, 45.820452444002782 ], [ 11.737421744986817, 45.820169115765793 ], [ 11.737975119046583, 45.819908508363319 ], [ 11.738043846470326, 45.819808482337216 ], [ 11.73822777724944, 45.819598044941209 ], [ 11.738403640431377, 45.819359628351563 ], [ 11.738398132505415, 45.819247341161521 ], [ 11.738347918146507, 45.819042428327975 ], [ 11.738335636623507, 45.818860277763818 ], [ 11.738100642770208, 45.818575458770169 ], [ 11.737888005985415, 45.818336997145529 ], [ 11.737763962949019, 45.817857621279096 ], [ 11.737690193326195, 45.817650032603282 ], [ 11.737623860889382, 45.817389341190406 ], [ 11.737552910834891, 45.817170973907444 ], [ 11.73732108189618, 45.81668005029519 ], [ 11.737227287595447, 45.816541797032244 ], [ 11.736865958424815, 45.816071618054409 ], [ 11.736437967749781, 45.815538590079854 ], [ 11.736147681189083, 45.81521764886223 ], [ 11.736059762082663, 45.815065212637293 ], [ 11.735509902778231, 45.814642750044804 ], [ 11.735355092424539, 45.814627736979844 ], [ 11.73494237572532, 45.814610980398577 ], [ 11.734713796584341, 45.814593052872986 ], [ 11.734391034606002, 45.814568019429458 ], [ 11.733561165259012, 45.814583208035444 ], [ 11.733500538310626, 45.81457529853666 ], [ 11.733327274156107, 45.814593487188823 ], [ 11.733219949201461, 45.814591375773226 ], [ 11.733091094633908, 45.81455701677335 ], [ 11.733001533532972, 45.814507586056649 ], [ 11.733180886030937, 45.814203568429505 ], [ 11.733508403250832, 45.813778904084941 ], [ 11.733657212093478, 45.81380810450689 ], [ 11.733893846486348, 45.8138539236217 ], [ 11.733954830172266, 45.813866504745469 ], [ 11.733986883692586, 45.813837654976993 ], [ 11.733895267364339, 45.813746240634075 ], [ 11.733753540429463, 45.81358564006436 ], [ 11.733530466281875, 45.813272533821817 ], [ 11.733449334128247, 45.81305080734785 ], [ 11.73338659383276, 45.812452769251557 ], [ 11.733344907085646, 45.811942974513471 ], [ 11.733323976564936, 45.811788842577606 ], [ 11.733297096807039, 45.811513162950199 ], [ 11.733200447247103, 45.811318809902218 ], [ 11.73285992900588, 45.811064677994665 ], [ 11.732498263932552, 45.810928060854692 ], [ 11.732385052168823, 45.810873885161428 ], [ 11.732223567948441, 45.810859027528302 ], [ 11.731595167074842, 45.810747600980719 ], [ 11.730847581453791, 45.810662423275303 ], [ 11.730341933908939, 45.81059494805961 ], [ 11.729842739593055, 45.810522545914452 ], [ 11.729069239769155, 45.81038631174242 ], [ 11.728724621560422, 45.810324341508441 ], [ 11.728073889765804, 45.810166535257807 ], [ 11.727184950095904, 45.809930167608016 ], [ 11.726860748224986, 45.809872384507145 ], [ 11.726590354446055, 45.809822676522849 ], [ 11.726238824628252, 45.809756093411437 ], [ 11.725487302150224, 45.809658373507084 ], [ 11.725346562028086, 45.809657052225653 ], [ 11.725097494420012, 45.80963023362461 ], [ 11.724793902282844, 45.809585904015712 ], [ 11.724512094815703, 45.809573906556722 ], [ 11.72437970295633, 45.809469326254153 ], [ 11.724266454113646, 45.809345567553969 ], [ 11.724097870434159, 45.809045183933662 ], [ 11.723916474449688, 45.808759146811468 ], [ 11.723429729470334, 45.808186697830223 ], [ 11.72306407232317, 45.807830077533971 ], [ 11.722611291167283, 45.807470852991692 ], [ 11.721817059060307, 45.806979264142036 ], [ 11.721189760459881, 45.806680448284595 ], [ 11.720922095951195, 45.806546324742321 ], [ 11.72058381499194, 45.80633899670142 ], [ 11.720131293975035, 45.805984526511288 ], [ 11.720038699127429, 45.805869632338485 ], [ 11.719869714931081, 45.805700392901755 ], [ 11.719696530812676, 45.805442235787808 ], [ 11.719583918094775, 45.805056265200307 ], [ 11.719597820997452, 45.804929473440637 ], [ 11.719638767798379, 45.804670896558839 ], [ 11.71947037237781, 45.804511003282151 ], [ 11.719282934364216, 45.804374965198321 ], [ 11.719214497983426, 45.804343832161756 ], [ 11.719125117348128, 45.804434978057273 ], [ 11.719036998416859, 45.804549405780065 ], [ 11.718871192798042, 45.804857759304646 ], [ 11.718751347000339, 45.805010475401197 ], [ 11.718642186248758, 45.805242593648451 ], [ 11.718595266696747, 45.805243710700502 ], [ 11.71852728461565, 45.805221927187944 ], [ 11.718404230136773, 45.805168601958172 ], [ 11.717916089832714, 45.805097234577389 ], [ 11.717771868629427, 45.805108767848715 ], [ 11.717551609099205, 45.805123370716906 ], [ 11.717529384719406, 45.805119692207256 ], [ 11.71718029277476, 45.805061910967389 ], [ 11.716789837906092, 45.805019716892112 ], [ 11.716588722115855, 45.805015140862771 ], [ 11.716212219984103, 45.80498197367838 ], [ 11.715806259266211, 45.805033752980798 ], [ 11.715561989001859, 45.805105087710409 ], [ 11.715342513567871, 45.805138479250246 ], [ 11.715170536193501, 45.805180011709183 ], [ 11.714991518306629, 45.805217030906995 ], [ 11.714788038994877, 45.805301525350991 ], [ 11.714477474324276, 45.805369933463531 ] ] ] } },
{ "type": "Feature", "properties": { "codistat": "24125", "nomcom": "Valbrenta", "provincia": "VI", "area": 93241802.858930856, "perimetro": 82705.629, "id1": 581 }, "geometry": { "type": "Polygon", "coordinates": [ [ [ 11.712483628596372, 45.819361448590413 ], [ 11.712262873570081, 45.8192531028158 ], [ 11.71204244561493, 45.819093174565303 ], [ 11.711283384262003, 45.818561344503841 ], [ 11.710899751050359, 45.818295659979249 ], [ 11.71067066851651, 45.81814025488454 ], [ 11.71002396232813, 45.817631311400795 ], [ 11.709733489072184, 45.817441538425342 ], [ 11.709626198849829, 45.817336795498328 ], [ 11.70955771514681, 45.817153725351552 ], [ 11.709560934282964, 45.816694881251209 ], [ 11.709505671311273, 45.816434090940383 ], [ 11.709436787737459, 45.816417813882502 ], [ 11.709127509234508, 45.816365566836495 ], [ 11.708497518248135, 45.816290683768592 ], [ 11.708300837588608, 45.816277527132208 ], [ 11.707950734148206, 45.816261978068589 ], [ 11.707694232184604, 45.816244208480974 ], [ 11.707515515308133, 45.816248446022421 ], [ 11.707183826693784, 45.816262250417296 ], [ 11.706725172656169, 45.816291034388151 ], [ 11.706505281060821, 45.816278196342751 ], [ 11.706434598835132, 45.816274069574128 ], [ 11.706305770576465, 45.816253270857217 ], [ 11.706150493493094, 45.81621527732036 ], [ 11.706044654570674, 45.816140289078533 ], [ 11.705664064941425, 45.816024197084907 ], [ 11.705075265532701, 45.815829599360939 ], [ 11.704737812203104, 45.815724363398871 ], [ 11.704391591330419, 45.815613483609695 ], [ 11.703885626910058, 45.81545733127588 ], [ 11.703696985288529, 45.815432005383379 ], [ 11.703473569102577, 45.815395621454464 ], [ 11.703452275061705, 45.815306748252432 ], [ 11.703400785707551, 45.815123272048965 ], [ 11.703218903096678, 45.815062052369839 ], [ 11.702571905483243, 45.814898611874348 ], [ 11.702272566855934, 45.814875903442527 ], [ 11.701802422320366, 45.81484526458906 ], [ 11.701218258326637, 45.814745945150612 ], [ 11.700799157723688, 45.814714094730732 ], [ 11.70022636052782, 45.814674086285855 ], [ 11.699402752833088, 45.814645944605374 ], [ 11.699104568169945, 45.814647052538156 ], [ 11.698651111203903, 45.814610065780016 ], [ 11.697916574484998, 45.814573867882324 ], [ 11.697616947958741, 45.814545123540967 ], [ 11.697162761209119, 45.814490326668057 ], [ 11.696474380336488, 45.814351680973616 ], [ 11.695735246977708, 45.814220169712989 ], [ 11.695100915993775, 45.814139824683302 ], [ 11.694768822376343, 45.814057024578254 ], [ 11.694544681942155, 45.814002728821301 ], [ 11.694526274781776, 45.81397337071882 ], [ 11.694360539197049, 45.813542275520021 ], [ 11.694020566189295, 45.812853189208568 ], [ 11.693862307126908, 45.812398154903306 ], [ 11.693652846412888, 45.812295807165619 ], [ 11.693496567718974, 45.812233968064234 ], [ 11.693204296119273, 45.812181276663374 ], [ 11.692683100924372, 45.812062966915398 ], [ 11.692415843190792, 45.811997802696723 ], [ 11.69212242516606, 45.811921283579181 ], [ 11.692036330371105, 45.811726647041368 ], [ 11.691928680466475, 45.811437290671094 ], [ 11.691595003811546, 45.811409333177643 ], [ 11.69133119075336, 45.811415551109619 ], [ 11.691186846621587, 45.811424983454813 ], [ 11.690974359276423, 45.811435931430601 ], [ 11.690864237497712, 45.811450407426683 ], [ 11.690723618705153, 45.811537157810228 ], [ 11.690641948648652, 45.811610548049394 ], [ 11.69060094529128, 45.811820061367001 ], [ 11.690567569323917, 45.812011573502758 ], [ 11.69051347741868, 45.812304742009744 ], [ 11.690453782804219, 45.812478962722565 ], [ 11.690391377575864, 45.812599602816114 ], [ 11.690326962295442, 45.812678526806629 ], [ 11.690244718389172, 45.812740049287662 ], [ 11.69018748737831, 45.812789101514646 ], [ 11.690068591430492, 45.812797842910634 ], [ 11.689938919047419, 45.812759224142525 ], [ 11.689574907239354, 45.81263071693165 ], [ 11.689234924530826, 45.812471940264217 ], [ 11.688880263096348, 45.81236112215003 ], [ 11.688541140950852, 45.812220144605512 ], [ 11.688462064424098, 45.81216836191475 ], [ 11.688388304493017, 45.812229683350957 ], [ 11.688247679752704, 45.812316430789885 ], [ 11.687877764461252, 45.812509023569952 ], [ 11.68772766316544, 45.812578081961895 ], [ 11.687077045223431, 45.812867466011483 ], [ 11.686826576372926, 45.812974617851062 ], [ 11.686494147649363, 45.813149312718807 ], [ 11.685771183238119, 45.813529768628698 ], [ 11.68567987658321, 45.813579620000404 ], [ 11.68526403937596, 45.813791915799968 ], [ 11.684542965139189, 45.814035328158084 ], [ 11.68431664106552, 45.814112114390539 ], [ 11.683905849091765, 45.814252820777895 ], [ 11.683144962095827, 45.814466197470864 ], [ 11.682865173162668, 45.814496533113314 ], [ 11.682355630009472, 45.81453235510854 ], [ 11.681718542546864, 45.814571170159475 ], [ 11.681345155844284, 45.814603790067821 ], [ 11.681056883556222, 45.814634410484722 ], [ 11.680732949869357, 45.814630044394711 ], [ 11.680406889415469, 45.814584053891693 ], [ 11.680225890938638, 45.814540688298919 ], [ 11.679951003045243, 45.814493495440594 ], [ 11.67984058718681, 45.814502027139213 ], [ 11.679671299268474, 45.814702665882599 ], [ 11.679519836089842, 45.814920707545369 ], [ 11.679323242587712, 45.815086163528491 ], [ 11.679054145277606, 45.815336756961806 ], [ 11.678476899879756, 45.815826346863687 ], [ 11.678360280871228, 45.815882726540949 ], [ 11.678154340699848, 45.816030578223646 ], [ 11.677849160113542, 45.816240251635101 ], [ 11.67754455066261, 45.816461881778373 ], [ 11.677364349073571, 45.816615069006552 ], [ 11.677251723617889, 45.816754790691611 ], [ 11.677138315066339, 45.817055373747188 ], [ 11.676977691996543, 45.817702871618259 ], [ 11.676985968720579, 45.817875491657027 ], [ 11.676871414389147, 45.818152249304596 ], [ 11.67677240498489, 45.818398850002893 ], [ 11.676685358093916, 45.818537881540053 ], [ 11.676539066011424, 45.818684332067029 ], [ 11.676331111122156, 45.818790464238333 ], [ 11.676136137640235, 45.818812945021982 ], [ 11.675838780682302, 45.818831794139996 ], [ 11.675251543769631, 45.818845552869831 ], [ 11.674958925556892, 45.818877339720849 ], [ 11.674704830104421, 45.818907143445934 ], [ 11.674213762584127, 45.818972198664554 ], [ 11.673350700877178, 45.819099695226576 ], [ 11.673180869069519, 45.819109611403107 ], [ 11.672551634871779, 45.819136220319173 ], [ 11.671611074019497, 45.819247605972905 ], [ 11.670932217257521, 45.819305249314468 ], [ 11.669922617663055, 45.819394383837412 ], [ 11.669595001661698, 45.819406360434357 ], [ 11.669471826838734, 45.819410863069173 ], [ 11.669011853104575, 45.819415674169662 ], [ 11.668151125601987, 45.819411936202776 ], [ 11.66745329593433, 45.81942823872005 ], [ 11.666397587469239, 45.819446953285279 ], [ 11.665955564498249, 45.819469154376037 ], [ 11.665819392851468, 45.819472333293653 ], [ 11.665674049947272, 45.819491027366368 ], [ 11.665115987993891, 45.819471650226951 ], [ 11.664336943854822, 45.819623129826198 ], [ 11.662341662398367, 45.819753011632308 ], [ 11.659840203473101, 45.820261069051874 ], [ 11.658820739527449, 45.820368156415427 ], [ 11.657853600219639, 45.820573924920375 ], [ 11.657665664729633, 45.820628252906758 ], [ 11.657422892321259, 45.820533904584181 ], [ 11.656797692716664, 45.819915430688368 ], [ 11.655748105226493, 45.819889890664655 ], [ 11.655004685182943, 45.820290338084995 ], [ 11.653857614810338, 45.819717192770071 ], [ 11.64844655309593, 45.821175641348837 ], [ 11.646382164154428, 45.821356800466205 ], [ 11.644402637725408, 45.822117673690016 ], [ 11.644878455996592, 45.822710332720611 ], [ 11.644964463521664, 45.823177908222625 ], [ 11.645002562099489, 45.823981960045295 ], [ 11.645009595794519, 45.824130398987997 ], [ 11.645033253441021, 45.824629660864645 ], [ 11.645497321015046, 45.825647423112613 ], [ 11.645203278061906, 45.826190857170907 ], [ 11.644927221877424, 45.82711397399342 ], [ 11.644518030797228, 45.827928384286494 ], [ 11.644119561968202, 45.828295389372677 ], [ 11.642992690749718, 45.82881336403257 ], [ 11.642184210662025, 45.829301639630067 ], [ 11.641977483955655, 45.829803081614543 ], [ 11.641761375301099, 45.830275037870329 ], [ 11.6410637609003, 45.830658042589668 ], [ 11.640248742368502, 45.831077060056288 ], [ 11.639432924808441, 45.831479438782843 ], [ 11.638628160356692, 45.831614775321064 ], [ 11.637388287661908, 45.831626765182236 ], [ 11.635853654222553, 45.831962370263433 ], [ 11.635507245020827, 45.831953083914343 ], [ 11.634189892322963, 45.831333087341982 ], [ 11.631664004340328, 45.831391323061432 ], [ 11.629597411105603, 45.832589577969294 ], [ 11.628415039758515, 45.833317142192499 ], [ 11.626859242648633, 45.834220067331529 ], [ 11.624775694745312, 45.835568665722711 ], [ 11.624002428457318, 45.83612935799578 ], [ 11.62396818476107, 45.836154176645501 ], [ 11.622083188579953, 45.837415086668983 ], [ 11.621478442691803, 45.837745794718892 ], [ 11.620740038422676, 45.838279652291455 ], [ 11.619993019484268, 45.838630358519623 ], [ 11.619582793761383, 45.839039939996475 ], [ 11.619159270491519, 45.839166393126327 ], [ 11.618327199505769, 45.839735775698642 ], [ 11.616010987793116, 45.841222936748316 ], [ 11.615473785354313, 45.84146871903058 ], [ 11.613572539323032, 45.842646242688005 ], [ 11.613197351934859, 45.842788218660402 ], [ 11.611652113963743, 45.842906913007283 ], [ 11.610658018815959, 45.843079773780104 ], [ 11.609868364632367, 45.843031127379469 ], [ 11.608626658355959, 45.84300945353688 ], [ 11.607425104021994, 45.843337066141089 ], [ 11.606620988006398, 45.843488812697366 ], [ 11.605292501973979, 45.843652517227817 ], [ 11.604675143044332, 45.843716643064688 ], [ 11.603824061311533, 45.84388609229979 ], [ 11.602066409951259, 45.844059553911599 ], [ 11.599254822178816, 45.84440934121384 ], [ 11.599472491153199, 45.844531386453603 ], [ 11.600028881116087, 45.844731046796106 ], [ 11.600557885445744, 45.844995142808202 ], [ 11.601373875256018, 45.845550082266755 ], [ 11.601226020056048, 45.845638326440017 ], [ 11.600723847219362, 45.845947145949197 ], [ 11.600272372837017, 45.84604239274551 ], [ 11.599791523677164, 45.84615954817599 ], [ 11.599621217685028, 45.846418324246784 ], [ 11.599089650958764, 45.846748957148392 ], [ 11.598547361997973, 45.84750475361534 ], [ 11.597770900890112, 45.847798559084339 ], [ 11.597022685729655, 45.848049143695647 ], [ 11.596525278361657, 45.848464044185164 ], [ 11.595112950636826, 45.8491292535534 ], [ 11.594794756622752, 45.849252412234804 ], [ 11.594674103316134, 45.849615720614082 ], [ 11.59445612831397, 45.849861080745974 ], [ 11.593677098195839, 45.850615931072035 ], [ 11.592830043958527, 45.850891594414151 ], [ 11.591914806778917, 45.850936401472602 ], [ 11.591047681624591, 45.851276591867681 ], [ 11.590642741178062, 45.851445990318268 ], [ 11.590491347892687, 45.851641768829424 ], [ 11.589860865786417, 45.852385212542394 ], [ 11.589700928323701, 45.852893597040776 ], [ 11.589319317870943, 45.853318890763795 ], [ 11.58918271064884, 45.853586427551491 ], [ 11.588974706037256, 45.853919757541497 ], [ 11.588227662965251, 45.854137135086447 ], [ 11.587689037698597, 45.854149340613837 ], [ 11.587267353709347, 45.854455466535491 ], [ 11.587176917528787, 45.854730055442921 ], [ 11.586836815665619, 45.854817955465364 ], [ 11.586649122786714, 45.855223006427416 ], [ 11.586417654054452, 45.855428603559055 ], [ 11.586070305661851, 45.855604781895551 ], [ 11.585565397577183, 45.85609720947236 ], [ 11.585739968400617, 45.856397839643336 ], [ 11.586143180581287, 45.85656503279322 ], [ 11.586527003143555, 45.856925097899364 ], [ 11.586622526938607, 45.857748565350377 ], [ 11.586657013126285, 45.858244800871447 ], [ 11.586477543178299, 45.859074496373566 ], [ 11.586413284439598, 45.859172168663044 ], [ 11.58618242584626, 45.859530132557133 ], [ 11.585830154710479, 45.859850702174185 ], [ 11.585751399455949, 45.860133035853977 ], [ 11.585907104123647, 45.860273790985005 ], [ 11.586167744523129, 45.860452222715821 ], [ 11.587027444638409, 45.860681260022268 ], [ 11.587654857074194, 45.860851469512561 ], [ 11.589007390072911, 45.861317742537054 ], [ 11.589354840571851, 45.86139006131058 ], [ 11.590347914210314, 45.861527843165995 ], [ 11.591339547342944, 45.861385098411013 ], [ 11.592315500173891, 45.861154584564716 ], [ 11.593510882546534, 45.860598385898371 ], [ 11.594515580962332, 45.860246951542308 ], [ 11.595505560498749, 45.860072165754474 ], [ 11.596182070428808, 45.859816291293008 ], [ 11.596545682378745, 45.86023285611936 ], [ 11.596640025047225, 45.860535293541105 ], [ 11.596674121100747, 45.860775015968265 ], [ 11.59675703110595, 45.860829205006702 ], [ 11.596999917563577, 45.860871835648759 ], [ 11.597394807311163, 45.860975093529319 ], [ 11.597969192285726, 45.860849790514941 ], [ 11.59880018964323, 45.860710634936204 ], [ 11.599336634925818, 45.860650363034601 ], [ 11.599836098155871, 45.860783274722799 ], [ 11.600282536161528, 45.861005597961366 ], [ 11.600424080290651, 45.861090491609225 ], [ 11.600781759065882, 45.861379008623501 ], [ 11.601582504373457, 45.86132863818316 ], [ 11.602339680397799, 45.861327408469684 ], [ 11.602834801623107, 45.861364278832504 ], [ 11.603353818180915, 45.861424544200531 ], [ 11.603986789723578, 45.861610468343045 ], [ 11.604463498018221, 45.86174396856768 ], [ 11.605014404522704, 45.861995843151377 ], [ 11.605069110017391, 45.862020583733432 ], [ 11.605436340909037, 45.862186662783309 ], [ 11.606352575479132, 45.861660729293654 ], [ 11.607116561158076, 45.86131467711423 ], [ 11.607286616495534, 45.861270741856622 ], [ 11.607723433369284, 45.86104430263039 ], [ 11.607908898725832, 45.860839622847813 ], [ 11.608478782020626, 45.860514014782538 ], [ 11.609145118578109, 45.860041919728133 ], [ 11.609380136342383, 45.859916301342203 ], [ 11.609693953514691, 45.859756839421856 ], [ 11.610894110238778, 45.860531007594474 ], [ 11.611520634882703, 45.860925492766732 ], [ 11.611979192819362, 45.861163514270629 ], [ 11.612435913148992, 45.861241274218159 ], [ 11.613450062928571, 45.861338319869134 ], [ 11.614447633332116, 45.861323497776773 ], [ 11.615199417046524, 45.861210067844013 ], [ 11.615835669032069, 45.861075247451204 ], [ 11.617074716144932, 45.861207252359364 ], [ 11.617581366122252, 45.861492212867311 ], [ 11.618263633181966, 45.861604832680165 ], [ 11.620712870042048, 45.862454391782684 ], [ 11.621583680320887, 45.862674903210959 ], [ 11.621957716264937, 45.862722480637501 ], [ 11.622077523351292, 45.862831968221499 ], [ 11.622335405531294, 45.862946295998711 ], [ 11.622532876987865, 45.862997835638986 ], [ 11.622828535136726, 45.862942982366249 ], [ 11.623599130895759, 45.862251942360352 ], [ 11.623901315469405, 45.862333116418839 ], [ 11.624000046137775, 45.862356049852451 ], [ 11.624968476996358, 45.862581132880102 ], [ 11.625362296079418, 45.862660286887412 ], [ 11.625753850342964, 45.862691337960804 ], [ 11.626190845530179, 45.862713422203875 ], [ 11.626658173652048, 45.862646510550412 ], [ 11.626941617925731, 45.862575906372641 ], [ 11.627459040070297, 45.86235554789365 ], [ 11.627824926290462, 45.86220284872023 ], [ 11.628415088386191, 45.862309516502123 ], [ 11.628970138274767, 45.862400968296136 ], [ 11.629445261668957, 45.862502178317783 ], [ 11.629803970987449, 45.862566104078795 ], [ 11.630040719410987, 45.862720954054936 ], [ 11.630276596133525, 45.863100300131073 ], [ 11.630466662306393, 45.863480700970001 ], [ 11.630634695795028, 45.863637132301392 ], [ 11.630916657411376, 45.864263923917882 ], [ 11.631016613856223, 45.864678441960294 ], [ 11.631086132143857, 45.865286005268104 ], [ 11.631979840897657, 45.865986905210008 ], [ 11.632623971089563, 45.866749625802768 ], [ 11.632907317815921, 45.866919416723761 ], [ 11.633515960205356, 45.867274140326572 ], [ 11.633731241105309, 45.867702017576754 ], [ 11.633915293096937, 45.867954291738968 ], [ 11.634615050517109, 45.868194669709489 ], [ 11.634598954639928, 45.868339321646992 ], [ 11.633946323409308, 45.868610894302414 ], [ 11.634019428627743, 45.868707405345745 ], [ 11.634247796122983, 45.868637783344184 ], [ 11.63448078661385, 45.868551492963569 ], [ 11.63464478020947, 45.868455633088431 ], [ 11.63479748567703, 45.868341762018694 ], [ 11.634902824348986, 45.868228893621968 ], [ 11.635084907915056, 45.868180499212421 ], [ 11.635188271993004, 45.868137611200275 ], [ 11.635279522379145, 45.868061970224069 ], [ 11.635468446283395, 45.868046539794776 ], [ 11.635618001088655, 45.867980533859118 ], [ 11.635829655658549, 45.867887262572765 ], [ 11.636048026526989, 45.867827048296839 ], [ 11.636320832924422, 45.867691951590231 ], [ 11.636661003539452, 45.867586441300311 ], [ 11.636890444585264, 45.867536950631077 ], [ 11.637515430636965, 45.867493086259486 ], [ 11.637920657129794, 45.867480036623697 ], [ 11.638350966466863, 45.867444354482366 ], [ 11.638722616926351, 45.86739157469566 ], [ 11.639119805237756, 45.867407418625291 ], [ 11.639374185037974, 45.867416661043919 ], [ 11.639731669707972, 45.867434770544307 ], [ 11.640201421288685, 45.867540920238099 ], [ 11.640489081297137, 45.867681520466348 ], [ 11.640688596453773, 45.867786355351363 ], [ 11.640882560606663, 45.867799905980135 ], [ 11.640932525127798, 45.86780339652244 ], [ 11.641260663733892, 45.867773126207979 ], [ 11.64191653553833, 45.867701341383444 ], [ 11.642728825648289, 45.867640604365661 ], [ 11.642998790953918, 45.867638857257006 ], [ 11.643317339521733, 45.867577570671116 ], [ 11.643584114618729, 45.867508571059915 ], [ 11.643905003184509, 45.867496642330003 ], [ 11.644142921761597, 45.86749563440285 ], [ 11.644380285081875, 45.867485638154783 ], [ 11.644615302620075, 45.867439783093928 ], [ 11.64507174894889, 45.867303382893638 ], [ 11.64542549693933, 45.86716944990296 ], [ 11.645662691214842, 45.867020214653095 ], [ 11.645953065736339, 45.866905659421413 ], [ 11.646155059127205, 45.866829153946505 ], [ 11.64627339788116, 45.866724704422538 ], [ 11.646427416455525, 45.866649940168145 ], [ 11.646666258375005, 45.866608762592406 ], [ 11.646896427919485, 45.866577596253634 ], [ 11.647145611904135, 45.866458502272863 ], [ 11.64700763997153, 45.866605260894367 ], [ 11.647947143653242, 45.866792836572259 ], [ 11.648613606653369, 45.866876569133105 ], [ 11.649281118545751, 45.866982325080123 ], [ 11.651317215467795, 45.867238305910469 ], [ 11.651949925319265, 45.867267718509062 ], [ 11.652685728980437, 45.867305713776986 ], [ 11.65361400060978, 45.867410967633809 ], [ 11.654398144428285, 45.867554936546078 ], [ 11.654521401364461, 45.867656839377531 ], [ 11.654483872545775, 45.867861666790425 ], [ 11.654079137663953, 45.86847753835255 ], [ 11.65375326986134, 45.868926143610089 ], [ 11.653206912808463, 45.86962846893158 ], [ 11.652851129851411, 45.870447693696413 ], [ 11.652729876352202, 45.870720890117397 ], [ 11.652351412279774, 45.871981582390923 ], [ 11.652773735772163, 45.873136368484843 ], [ 11.653113580601403, 45.873221540698744 ], [ 11.653445275094477, 45.873219414867243 ], [ 11.653574823440431, 45.873288140061973 ], [ 11.653766932669459, 45.873504372332292 ], [ 11.6538028226688, 45.873762847300277 ], [ 11.653852052748926, 45.873965928205642 ], [ 11.653881062068006, 45.874128616025409 ], [ 11.653916744000259, 45.874328591500557 ], [ 11.65393958509256, 45.874808155725894 ], [ 11.654011457414533, 45.876400951619118 ], [ 11.654073517008731, 45.877619907991473 ], [ 11.65375009714155, 45.877964048188481 ], [ 11.653430976049684, 45.878230771925026 ], [ 11.652814743877247, 45.878812578934777 ], [ 11.653166261140308, 45.879058231442627 ], [ 11.653620768492186, 45.87931247071311 ], [ 11.654259150797285, 45.879612208393951 ], [ 11.654860061332505, 45.879704178491082 ], [ 11.655169942659773, 45.879741077581578 ], [ 11.655129269175527, 45.879880003150831 ], [ 11.654913004695095, 45.880149919997109 ], [ 11.65468563018953, 45.88051937185184 ], [ 11.654620378469916, 45.880807829317696 ], [ 11.654610585677093, 45.880934966114573 ], [ 11.654665677383658, 45.880928195133293 ], [ 11.655337500130999, 45.880769106357882 ], [ 11.655481159324845, 45.880633276521706 ], [ 11.655756884914567, 45.880615884214002 ], [ 11.656042297363795, 45.880636788763653 ], [ 11.656280076829869, 45.880653310086203 ], [ 11.656460040485067, 45.880781613709068 ], [ 11.656731464099982, 45.880841544679029 ], [ 11.657326771210853, 45.880899429700136 ], [ 11.65784264175838, 45.880948089519634 ], [ 11.659073249760198, 45.88132114228145 ], [ 11.659848712569634, 45.881678321236578 ], [ 11.660074218216808, 45.881766945672027 ], [ 11.660778669414061, 45.881794638413126 ], [ 11.661501982934547, 45.881966257656352 ], [ 11.661697005946721, 45.882077640853389 ], [ 11.661820095106604, 45.882339571107998 ], [ 11.662065019507928, 45.883001620395163 ], [ 11.662290188230953, 45.883250189808088 ], [ 11.662749870262877, 45.883527493663202 ], [ 11.663696937872956, 45.883836452017832 ], [ 11.664012123055242, 45.883983641327596 ], [ 11.664219754016901, 45.884194003249668 ], [ 11.664672774391759, 45.884415200719737 ], [ 11.665030853371277, 45.884467509588362 ], [ 11.665404498222669, 45.884845097499202 ], [ 11.665666735244436, 45.884989827722329 ], [ 11.665666808057498, 45.884380032196276 ], [ 11.66585840994807, 45.884618847265088 ], [ 11.66595198570454, 45.884764453562553 ], [ 11.66597470018039, 45.884837818624476 ], [ 11.666106450329659, 45.884975873122322 ], [ 11.666764833525868, 45.885464447390127 ], [ 11.66698329281952, 45.885607226601188 ], [ 11.667093932334081, 45.885705360037882 ], [ 11.667137440814699, 45.885811901644821 ], [ 11.667249022818691, 45.886333403281178 ], [ 11.667284611347281, 45.886473702212413 ], [ 11.667403819786388, 45.88655156376938 ], [ 11.667680920835325, 45.88671304334494 ], [ 11.668424252930279, 45.886964436826574 ], [ 11.668677161731166, 45.887019011547878 ], [ 11.668810055969889, 45.887047892301197 ], [ 11.668900785539496, 45.887067609665273 ], [ 11.669047541161895, 45.887018276670055 ], [ 11.669255524375034, 45.886939520424725 ], [ 11.669417288592305, 45.886902167050103 ], [ 11.670012457234265, 45.886673228561577 ], [ 11.67021174771631, 45.886614835297486 ], [ 11.670450173185159, 45.886568937488157 ], [ 11.670688788434227, 45.88652969527638 ], [ 11.670918523366035, 45.88650416119485 ], [ 11.671558616780288, 45.886408633600894 ], [ 11.671873768420779, 45.886360937973002 ], [ 11.672159887169425, 45.886307170320528 ], [ 11.672839107217897, 45.886224040978298 ], [ 11.672905665698359, 45.886209072251958 ], [ 11.673145377124243, 45.886190050664702 ], [ 11.673376075940045, 45.886184650514259 ], [ 11.673609546071091, 45.886239669356399 ], [ 11.673856592932724, 45.886274118403506 ], [ 11.674538401950704, 45.886446266681453 ], [ 11.674985974067408, 45.886550092314501 ], [ 11.675206076904763, 45.886624592364335 ], [ 11.675857574076975, 45.886763870373834 ], [ 11.67618336767825, 45.886937689410722 ], [ 11.677210620960135, 45.887289839803621 ], [ 11.67756248389426, 45.887402559417112 ], [ 11.678541737884075, 45.887755913140992 ], [ 11.678747349869335, 45.887831736269952 ], [ 11.678815974567232, 45.887857038537391 ], [ 11.678850975548526, 45.888185461154045 ], [ 11.678879363604159, 45.888676500513938 ], [ 11.678902576840896, 45.88895812618658 ], [ 11.678938845293253, 45.889111906523489 ], [ 11.678960321261277, 45.889196638811157 ], [ 11.679126365314378, 45.889141079982856 ], [ 11.679209351800356, 45.889121941946186 ], [ 11.679356026709444, 45.889097799385873 ], [ 11.679844445859631, 45.889203437844607 ], [ 11.680003152869253, 45.889220415070852 ], [ 11.680222810890106, 45.889277274613136 ], [ 11.680386903786205, 45.889304385674741 ], [ 11.680446992847227, 45.889323676846075 ], [ 11.680644301014899, 45.889325886204134 ], [ 11.68085268242795, 45.889351956977059 ], [ 11.680997246634963, 45.889383035819776 ], [ 11.681071479424379, 45.889388223635272 ], [ 11.681164197254809, 45.88938649698003 ], [ 11.681335222763938, 45.88943711558295 ], [ 11.681381662408398, 45.889480758442375 ], [ 11.681511663314458, 45.889618926183147 ], [ 11.681825022777479, 45.889983474670657 ], [ 11.681960416273341, 45.89013186603497 ], [ 11.682017511152061, 45.890292356750265 ], [ 11.682081412087818, 45.890390763195597 ], [ 11.682247712303893, 45.891030943521677 ], [ 11.682272711191192, 45.891140524246424 ], [ 11.682326026424292, 45.891428552724719 ], [ 11.68234596861639, 45.891534831954814 ], [ 11.682374951308773, 45.89217130664445 ], [ 11.682365858173284, 45.892391945894765 ], [ 11.682368040075472, 45.892643282547034 ], [ 11.682366624398428, 45.892991190555243 ], [ 11.682287183381256, 45.893389084525431 ], [ 11.682257229964598, 45.893586092021231 ], [ 11.682267173335154, 45.893792513150345 ], [ 11.682165148495974, 45.893825961519134 ], [ 11.681884168618298, 45.894008432665572 ], [ 11.681268008260906, 45.894340082944879 ], [ 11.680846242587133, 45.894605152341121 ], [ 11.680762117600043, 45.894756087645177 ], [ 11.680593757841743, 45.895363622205757 ], [ 11.680539586672072, 45.895571818320825 ], [ 11.680517762851281, 45.895734342027318 ], [ 11.68046974880331, 45.8959178218456 ], [ 11.680336433120443, 45.896431376827636 ], [ 11.680320829974429, 45.896824890820213 ], [ 11.680299094037537, 45.896887505286216 ], [ 11.680291646777725, 45.897809255051676 ], [ 11.680279324289925, 45.898013858614689 ], [ 11.680292923570411, 45.898092835036522 ], [ 11.680265831824986, 45.898555653374082 ], [ 11.680254210376946, 45.898828375235539 ], [ 11.680245704193414, 45.898959624113566 ], [ 11.680247936464701, 45.899056868569474 ], [ 11.680257242338953, 45.8991323454498 ], [ 11.680878602113244, 45.899132342263066 ], [ 11.680966017827306, 45.899223626722709 ], [ 11.681278560759418, 45.899703943591575 ], [ 11.681579463025193, 45.900202084166978 ], [ 11.681836160745979, 45.900644197910729 ], [ 11.681988203847371, 45.900926217447044 ], [ 11.68217170067717, 45.901339267315763 ], [ 11.682381093415268, 45.902094362558579 ], [ 11.68243977184229, 45.902268676653613 ], [ 11.682508240429327, 45.902381286437432 ], [ 11.682677611387914, 45.902632115799513 ], [ 11.682878230930076, 45.903009659795615 ], [ 11.682987430715052, 45.903314645879526 ], [ 11.682878959793388, 45.903492886375744 ], [ 11.682668011937551, 45.903818624055333 ], [ 11.682517066543985, 45.904081297652255 ], [ 11.682526127992301, 45.904138238811413 ], [ 11.6827091489477, 45.904278939845355 ], [ 11.682948704977926, 45.904418312453231 ], [ 11.683161030909096, 45.904514311279264 ], [ 11.683406345711154, 45.904644727039638 ], [ 11.683668230758732, 45.904902201761857 ], [ 11.68381394490615, 45.905052508291789 ], [ 11.683919214957879, 45.905278470292608 ], [ 11.683969645787535, 45.905540913450892 ], [ 11.683972855809436, 45.905738491702742 ], [ 11.684030655593773, 45.906022723171475 ], [ 11.683995979475897, 45.906260794540152 ], [ 11.683996569807698, 45.90640137043588 ], [ 11.683968994061074, 45.906612903094064 ], [ 11.683903684221354, 45.906825322572551 ], [ 11.683888340571716, 45.90715951627601 ], [ 11.683956896172569, 45.907535751307726 ], [ 11.68420309905315, 45.907767131431875 ], [ 11.684441020806956, 45.908003205996806 ], [ 11.684713713038954, 45.908176898418375 ], [ 11.685277401148044, 45.908510710055403 ], [ 11.685991487324209, 45.908832251154934 ], [ 11.686226198160821, 45.908870653850059 ], [ 11.686561706424984, 45.90891109523826 ], [ 11.687274013605402, 45.908933849602008 ], [ 11.687453416803928, 45.908793448685671 ], [ 11.687587285908629, 45.90869804206605 ], [ 11.687963648157385, 45.908412415426213 ], [ 11.688241722915595, 45.90830488333436 ], [ 11.688517170449014, 45.908276437837365 ], [ 11.689035833597458, 45.90819825226351 ], [ 11.689306158323385, 45.90819188700128 ], [ 11.689589188132183, 45.90818963222177 ], [ 11.689856808601194, 45.908258034490871 ], [ 11.689970915512758, 45.908404757227963 ], [ 11.690128745637303, 45.90880516760356 ], [ 11.690193397061583, 45.909102375391463 ], [ 11.690054252762232, 45.909347319653975 ], [ 11.690083186747525, 45.909425753586852 ], [ 11.690294061865467, 45.909491081165207 ], [ 11.690488069587291, 45.909468869609377 ], [ 11.690744296402388, 45.90943214094596 ], [ 11.690985836448377, 45.909395667745478 ], [ 11.691123522098545, 45.909379282528107 ], [ 11.691253618857045, 45.909336614163102 ], [ 11.691537660269882, 45.909224523082898 ], [ 11.691922919794514, 45.909123186508275 ], [ 11.692357473119767, 45.908998725015763 ], [ 11.6926153927707, 45.908997054630802 ], [ 11.692888265374185, 45.909043274506338 ], [ 11.693030195566962, 45.909114632924066 ], [ 11.693187744586352, 45.909119738361326 ], [ 11.693576740502387, 45.909093013193811 ], [ 11.694037887422759, 45.908998610197614 ], [ 11.694321384981688, 45.908926037750092 ], [ 11.694432892519513, 45.908888304599593 ], [ 11.694569807101161, 45.908858702497277 ], [ 11.695097984805249, 45.908718790618899 ], [ 11.695385117629483, 45.908668091210465 ], [ 11.695736245447378, 45.908642252426752 ], [ 11.6960270723386, 45.908670489780903 ], [ 11.696355553962924, 45.908693517012878 ], [ 11.696508490147901, 45.908733829195313 ], [ 11.696534880169262, 45.908759577900121 ], [ 11.696622188414178, 45.908871734315994 ], [ 11.696747103380311, 45.908983002695294 ], [ 11.696871511473008, 45.909081141952157 ], [ 11.697020051101703, 45.909161069988627 ], [ 11.697129285515427, 45.909206823659893 ], [ 11.697324570039433, 45.909211032196595 ], [ 11.697555672354355, 45.909174791579346 ], [ 11.697717545332114, 45.909008416749209 ], [ 11.697813993041891, 45.908843587170367 ], [ 11.697992455564609, 45.908628486697971 ], [ 11.698196328605148, 45.908421606130801 ], [ 11.698408125851593, 45.908245230175545 ], [ 11.698864155858425, 45.908045621199527 ], [ 11.699159941062526, 45.90791559235435 ], [ 11.699593697716114, 45.907777891088074 ], [ 11.699946572514843, 45.907655331303722 ], [ 11.700619770780364, 45.907318721764497 ], [ 11.701060179843889, 45.907057909087868 ], [ 11.701771030494555, 45.906663248174993 ], [ 11.70238917561821, 45.906560776766227 ], [ 11.702746596218175, 45.906534767423288 ], [ 11.703233327595829, 45.906580311474542 ], [ 11.703576635887298, 45.906651300338581 ], [ 11.703484138971524, 45.906745746431916 ], [ 11.703324636616202, 45.907087855716831 ], [ 11.702982167990704, 45.907812051611458 ], [ 11.702918846760017, 45.908063947706871 ], [ 11.70296539159699, 45.908159512828682 ], [ 11.703252254894336, 45.908363607758645 ], [ 11.703647373860049, 45.908595831337131 ], [ 11.704098952765092, 45.908822396440279 ], [ 11.704514294710457, 45.909080600012167 ], [ 11.704593172299566, 45.909148936924424 ], [ 11.704905588622177, 45.909361243156049 ], [ 11.705271412845251, 45.909563462766542 ], [ 11.705929293838377, 45.909890530877782 ], [ 11.706063316015507, 45.910058727219671 ], [ 11.706397438118369, 45.910200130100627 ], [ 11.706589739688649, 45.910142919212582 ], [ 11.707128812397162, 45.909967590915464 ], [ 11.707332662213547, 45.909888053463959 ], [ 11.707317759340242, 45.910231060557145 ], [ 11.70757163532117, 45.910273375307867 ], [ 11.708580987529984, 45.910504248774963 ], [ 11.709026833233379, 45.910612302084381 ], [ 11.710093627119239, 45.910494735489394 ], [ 11.710792591751707, 45.910372659484359 ], [ 11.71172819571035, 45.910201127502013 ], [ 11.712277624240556, 45.910108964777812 ], [ 11.71300907687273, 45.910008155179995 ], [ 11.713153363376978, 45.910000317130496 ], [ 11.71309150126014, 45.910537774026622 ], [ 11.712959287532177, 45.911261414938146 ], [ 11.712844391438367, 45.91187483665518 ], [ 11.71278220549363, 45.912535339447601 ], [ 11.712765809877745, 45.912759754423689 ], [ 11.712784228998654, 45.913264521848241 ], [ 11.712914988778319, 45.913880928553453 ], [ 11.713089829832404, 45.914285313275307 ], [ 11.713168196283091, 45.914472374583958 ], [ 11.713373044836581, 45.914928789661559 ], [ 11.713753522356264, 45.91550406958487 ], [ 11.714033540601191, 45.915769774147492 ], [ 11.714929950361698, 45.91620983964399 ], [ 11.715758026336285, 45.916541535455217 ], [ 11.717167221056801, 45.917101157362751 ], [ 11.717341271514071, 45.917184862308567 ], [ 11.717688948088545, 45.917343550786214 ], [ 11.718173585235935, 45.917600055479831 ], [ 11.718440020315265, 45.91790117490261 ], [ 11.718537344939271, 45.91808778118795 ], [ 11.718204258324047, 45.918966879224236 ], [ 11.718447729791789, 45.91904334975662 ], [ 11.718801048563632, 45.919061220875491 ], [ 11.719151370705861, 45.919017778064173 ], [ 11.719450420043604, 45.919080952336294 ], [ 11.719752989120071, 45.919218747115082 ], [ 11.720361134259646, 45.91955573681426 ], [ 11.720571131434975, 45.919796721390867 ], [ 11.72100977334595, 45.920269604367761 ], [ 11.721274177151001, 45.920913508950072 ], [ 11.721321578318054, 45.921162776578448 ], [ 11.721398179196992, 45.921442130464577 ], [ 11.721430813986224, 45.922109198327846 ], [ 11.721423898693029, 45.922684862310632 ], [ 11.721381047295354, 45.923353728859915 ], [ 11.721308051708906, 45.924049685382933 ], [ 11.721374351415479, 45.924118400335807 ], [ 11.721801091107528, 45.924218038352606 ], [ 11.721723073446562, 45.92442646167796 ], [ 11.721614154087742, 45.924490981590409 ], [ 11.721400453456177, 45.924833776943444 ], [ 11.721462777605957, 45.925282502305073 ], [ 11.721387951374922, 45.925637919298673 ], [ 11.721473105661097, 45.925965402440241 ], [ 11.721466355892556, 45.926062049796649 ], [ 11.721350454966213, 45.926281816231679 ], [ 11.721222171384369, 45.926485766544538 ], [ 11.721195501760979, 45.926647152844474 ], [ 11.721118637256248, 45.927195591197481 ], [ 11.721101522180827, 45.927549632843892 ], [ 11.720853009736054, 45.927885065839938 ], [ 11.720889255429441, 45.92803802270501 ], [ 11.721094559331339, 45.928467050485558 ], [ 11.721400888622412, 45.929078543038834 ], [ 11.721702379432722, 45.929593663574394 ], [ 11.722164089790363, 45.930675602765014 ], [ 11.722182628325999, 45.930819800602514 ], [ 11.722255341160237, 45.931364494021317 ], [ 11.722466175213929, 45.931905984890605 ], [ 11.722841089714507, 45.933319411982666 ], [ 11.723146414330696, 45.934380863433162 ], [ 11.723178712162495, 45.934805911647196 ], [ 11.724543652411606, 45.935446332308686 ], [ 11.724678533188113, 45.935495317967678 ], [ 11.724861860805518, 45.93556420896126 ], [ 11.725160953732495, 45.935678940678358 ], [ 11.725107320627794, 45.935705872097941 ], [ 11.724946778313292, 45.935922926833712 ], [ 11.72470393411356, 45.936329517341605 ], [ 11.72470122220192, 45.936397896574718 ], [ 11.724503664732381, 45.936607283209575 ], [ 11.724210393291861, 45.936985283632318 ], [ 11.724173664003139, 45.937233496060855 ], [ 11.724153544108118, 45.93751002423312 ], [ 11.724360956404423, 45.937914963835034 ], [ 11.724473012387309, 45.938053510093972 ], [ 11.724621129582065, 45.938256630242613 ], [ 11.72478005545946, 45.938693417726341 ], [ 11.724809184584489, 45.938727105063286 ], [ 11.725006403357922, 45.938884410280565 ], [ 11.725133647423162, 45.939359035608319 ], [ 11.725155986326802, 45.939814742613073 ], [ 11.725116208279017, 45.940127022267482 ], [ 11.725119747272426, 45.940386064864597 ], [ 11.725191059444189, 45.940593356996175 ], [ 11.725280251451386, 45.940791671890516 ], [ 11.72546427537535, 45.941055948128593 ], [ 11.72574639730885, 45.941697437748267 ], [ 11.72582376583034, 45.941904494900427 ], [ 11.725839568139209, 45.942163604776063 ], [ 11.725939337245052, 45.942451222544797 ], [ 11.726045035270133, 45.942738698615869 ], [ 11.726140836943951, 45.942821737519189 ], [ 11.726227739019741, 45.942973213162567 ], [ 11.726314924014103, 45.943317204606934 ], [ 11.726381732753199, 45.943682383764333 ], [ 11.726472398441215, 45.943910544362716 ], [ 11.726502730476071, 45.944029168054811 ], [ 11.726532102772467, 45.944254471623069 ], [ 11.72641044549713, 45.944641250949658 ], [ 11.726326760052462, 45.944928927305398 ], [ 11.726248285717432, 45.945136103969965 ], [ 11.726154237199838, 45.945338791952096 ], [ 11.726119730077459, 45.94550594648419 ], [ 11.726046484703588, 45.945759261166295 ], [ 11.725949774943713, 45.946060298936764 ], [ 11.725918867800917, 45.946350855461297 ], [ 11.725886108490348, 45.946603653733554 ], [ 11.725686815077463, 45.947143944963436 ], [ 11.725547343113035, 45.947430791846536 ], [ 11.725224899489035, 45.947854223284111 ], [ 11.724721337482885, 45.948452175981537 ], [ 11.724618942949375, 45.948574326504875 ], [ 11.72424711263746, 45.94913817229331 ], [ 11.724431233621727, 45.949138100534825 ], [ 11.724355367975868, 45.949206604595041 ], [ 11.724264719684063, 45.949278881384302 ], [ 11.724082899154872, 45.949410126442075 ], [ 11.724023053328697, 45.949468527544767 ], [ 11.723920757794003, 45.949558542996826 ], [ 11.723829888074469, 45.949626324478913 ], [ 11.723807973170377, 45.949692551362702 ], [ 11.723775615779825, 45.949798449805385 ], [ 11.723704962158543, 45.950023349193032 ], [ 11.72367964985707, 45.950146630772835 ], [ 11.723666829104571, 45.950461596760597 ], [ 11.723632011245714, 45.950646308907061 ], [ 11.723604882082043, 45.95086152966195 ], [ 11.723563964490053, 45.951050797554338 ], [ 11.723490739961335, 45.951223284713969 ], [ 11.723391009055646, 45.951365711863971 ], [ 11.723314484660987, 45.951468253099918 ], [ 11.723250034417649, 45.951561775753234 ], [ 11.723154131801046, 45.951655958349747 ], [ 11.723051187714491, 45.951732847618629 ], [ 11.722801266391805, 45.951883355404689 ], [ 11.722685176457162, 45.951947416896424 ], [ 11.722309690841058, 45.952163560887861 ], [ 11.722163010361232, 45.952245902082872 ], [ 11.721979678014229, 45.952346577791452 ], [ 11.721845195874286, 45.9524198073672 ], [ 11.721577391783164, 45.952592609978304 ], [ 11.72144419418637, 45.952692090116074 ], [ 11.721313351619385, 45.952839667024797 ], [ 11.720980441007331, 45.953092774606205 ], [ 11.720458860135111, 45.953464232646851 ], [ 11.720349809053213, 45.953545675222266 ], [ 11.720166042112332, 45.953637627787764 ], [ 11.720011882818318, 45.95369386263549 ], [ 11.71928230986903, 45.953828693189202 ], [ 11.719036423770882, 45.953869559585087 ], [ 11.718809015232898, 45.953905665266134 ], [ 11.718572642997447, 45.953948464288629 ], [ 11.717781495162507, 45.954072420145977 ], [ 11.717553158135701, 45.954121236238045 ], [ 11.717400933124027, 45.954151139858993 ], [ 11.7172426899232, 45.954189917066707 ], [ 11.716295148326179, 45.954385357623394 ], [ 11.71621678227425, 45.95438722138914 ], [ 11.71606079738034, 45.954406231948731 ], [ 11.715904491562215, 45.954418679519371 ], [ 11.71566126726483, 45.954450744781944 ], [ 11.714851943570215, 45.954522549067335 ], [ 11.71475436772192, 45.954540619441346 ], [ 11.714536934732269, 45.954593490578318 ], [ 11.71439167714253, 45.954620794459402 ], [ 11.714221929873878, 45.954648680155628 ], [ 11.713535325963777, 45.954900270195601 ], [ 11.713406796331908, 45.954971548158539 ], [ 11.713107734217003, 45.95515245392091 ], [ 11.712917651804988, 45.955266056131997 ], [ 11.712277830442249, 45.95572552047603 ], [ 11.712113397426378, 45.955862363756943 ], [ 11.711921033740273, 45.956027141663 ], [ 11.711379427608206, 45.95654799284398 ], [ 11.711129556660309, 45.956785239106424 ], [ 11.710948021160858, 45.956973699852639 ], [ 11.710805746998981, 45.957062312205906 ], [ 11.710307856521565, 45.957278711480605 ], [ 11.709919909236177, 45.957444796949787 ], [ 11.709779577646101, 45.957475398244483 ], [ 11.709625346697406, 45.957520010003755 ], [ 11.709336214578897, 45.957608684300631 ], [ 11.708750236771726, 45.95782374611678 ], [ 11.70856483451923, 45.957930479549873 ], [ 11.708436624553787, 45.958008584773303 ], [ 11.708266282209767, 45.958125131213379 ], [ 11.708153594374313, 45.958219879087125 ], [ 11.707907043411284, 45.958478010828195 ], [ 11.70777085872745, 45.958794999346338 ], [ 11.707652105634788, 45.959067201640977 ], [ 11.707545224779485, 45.959281158657404 ], [ 11.707470610475639, 45.959442237477433 ], [ 11.707397963401666, 45.959580138138875 ], [ 11.707285969416185, 45.959787195699057 ], [ 11.70726409493107, 45.959838837437388 ], [ 11.707039683676983, 45.960244321637902 ], [ 11.706955414925922, 45.960395368253188 ], [ 11.706552318080613, 45.960839198541535 ], [ 11.706440702626169, 45.960926988822109 ], [ 11.706155617552197, 45.961091253877171 ], [ 11.70577597914953, 45.961317431983538 ], [ 11.705562661066921, 45.961450203390314 ], [ 11.705119217817263, 45.961622447316067 ], [ 11.704951855686563, 45.96169454536458 ], [ 11.70465718408872, 45.96178666916407 ], [ 11.704428306021416, 45.961851762683033 ], [ 11.70429053355058, 45.961906058115019 ], [ 11.704238026878199, 45.961954194244761 ], [ 11.704140254262891, 45.962079906880625 ], [ 11.704053618067212, 45.962179884132155 ], [ 11.703937077538074, 45.962421158077802 ], [ 11.703863098433445, 45.962529296114781 ], [ 11.703740455548843, 45.962698259825302 ], [ 11.703596025697589, 45.962867739115879 ], [ 11.703407887863259, 45.963016921471663 ], [ 11.703269078930692, 45.963049998835714 ], [ 11.703136252008356, 45.963078704160417 ], [ 11.702956090072044, 45.963121635153939 ], [ 11.70285863317914, 45.963144858123357 ], [ 11.702662841847328, 45.963136800591641 ], [ 11.702373162483337, 45.963079751040851 ], [ 11.702068757215301, 45.962972016002965 ], [ 11.701926221639324, 45.962928495093458 ], [ 11.701119348301416, 45.962658122433695 ], [ 11.700314407385829, 45.962345035735979 ], [ 11.699960245825668, 45.962217140154749 ], [ 11.69955557710254, 45.962056415116855 ], [ 11.698823118579702, 45.961933226560291 ], [ 11.698755464700026, 45.96192204436236 ], [ 11.698384115357635, 45.961820111579996 ], [ 11.698008077527183, 45.961743849882012 ], [ 11.697682213941807, 45.961696193733822 ], [ 11.697432332926613, 45.961706325853839 ], [ 11.697219195683626, 45.961715679734986 ], [ 11.69690578831138, 45.961757102728406 ], [ 11.696736140710668, 45.961782349798114 ], [ 11.696511166664978, 45.961800442365174 ], [ 11.696268172843551, 45.961827510389725 ], [ 11.696035695347591, 45.961815987247171 ], [ 11.695803294121193, 45.961808692152033 ], [ 11.695405163833675, 45.961779746231073 ], [ 11.694694813996824, 45.961736924459615 ], [ 11.694295241225083, 45.961678216883541 ], [ 11.694100195228986, 45.961640155213438 ], [ 11.694031718481789, 45.961611978599706 ], [ 11.693925264156507, 45.961559136134603 ], [ 11.693856168597991, 45.961518193187807 ], [ 11.693634781440096, 45.961485162283793 ], [ 11.693462656988926, 45.961459339724101 ], [ 11.693143685231981, 45.961428609177489 ], [ 11.692849487556447, 45.961405754122332 ], [ 11.692698558146507, 45.961439104373753 ], [ 11.69255314436597, 45.961463773873533 ], [ 11.692439857910676, 45.961517567691061 ], [ 11.69235686083389, 45.96157055740067 ], [ 11.692285419883708, 45.961606353555531 ], [ 11.69213036267025, 45.961682373041178 ], [ 11.691754245573252, 45.961857298192754 ], [ 11.69153284728038, 45.961951891377808 ], [ 11.690641835085515, 45.962415712730298 ], [ 11.690582096035474, 45.962442681624964 ], [ 11.69039104111425, 45.962532327466548 ], [ 11.690242580164323, 45.962616739473027 ], [ 11.690070243404525, 45.962714494474177 ], [ 11.689864999359873, 45.962889618908278 ], [ 11.689467296677009, 45.963248116122323 ], [ 11.689374857459367, 45.963356769340443 ], [ 11.689057008429566, 45.963602677939235 ], [ 11.6888960559611, 45.963738415451076 ], [ 11.688737809930457, 45.963874089019164 ], [ 11.688573170559684, 45.96400568256152 ], [ 11.688490917261898, 45.96407152270384 ], [ 11.688409277275424, 45.964150039090654 ], [ 11.688382017874586, 45.964218814904825 ], [ 11.688373193555341, 45.964287156859456 ], [ 11.688323213363489, 45.964390489557978 ], [ 11.688241986042721, 45.96447754666152 ], [ 11.688088269969317, 45.964706898393999 ], [ 11.687958181716452, 45.964795105254176 ], [ 11.687773791357419, 45.964897370613322 ], [ 11.6875838790116, 45.965008226174383 ], [ 11.687393019163888, 45.965102182677199 ], [ 11.687243591410384, 45.96516951244589 ], [ 11.687117222724892, 45.965206597655687 ], [ 11.68689972962509, 45.965254287050605 ], [ 11.686680377858362, 45.965306249931423 ], [ 11.686378978183674, 45.965385703882212 ], [ 11.686102152297124, 45.965468899293612 ], [ 11.685880036999416, 45.965546487266472 ], [ 11.685720006215092, 45.965648176478496 ], [ 11.685586526055596, 45.965791813712578 ], [ 11.685436923339209, 45.965978402543506 ], [ 11.685374897331176, 45.966086337411653 ], [ 11.685288629354138, 45.966194752172171 ], [ 11.685191223323395, 45.966329080323838 ], [ 11.685070396398096, 45.966480880000695 ], [ 11.684993685352525, 45.966661524317225 ], [ 11.684980106814365, 45.966759769525311 ], [ 11.68491738228278, 45.966850619515434 ], [ 11.684904216529384, 45.966957405474631 ], [ 11.684901522479791, 45.967029833252248 ], [ 11.684913673667099, 45.967153035114848 ], [ 11.684961280590418, 45.967254072242596 ], [ 11.685017828781167, 45.967414572763019 ], [ 11.685045072911453, 45.967473515893374 ], [ 11.68510175051666, 45.967634013357141 ], [ 11.685164896611871, 45.967802819198127 ], [ 11.685257070861475, 45.968022065598554 ], [ 11.685356400033164, 45.968309187895045 ], [ 11.685445786498425, 45.968566842090922 ], [ 11.685501539989414, 45.9692126705364 ], [ 11.68547055981956, 45.969962694419401 ], [ 11.685427265076392, 45.97032994460735 ], [ 11.685376791504273, 45.970492691096972 ], [ 11.685192302535905, 45.970841659447991 ], [ 11.685045350214633, 45.971083358585524 ], [ 11.684930777319453, 45.971239241249073 ], [ 11.684448033891279, 45.971792331097674 ], [ 11.684315278084089, 45.97194864048155 ], [ 11.683986286218497, 45.972339345181801 ], [ 11.683565357043415, 45.972847055897276 ], [ 11.683421785135799, 45.973033410134413 ], [ 11.683202712191129, 45.973425760225126 ], [ 11.682963092173694, 45.973895187099572 ], [ 11.682884072400292, 45.974156618826548 ], [ 11.6828118875034, 45.974303043082749 ], [ 11.682707391849055, 45.974539511537841 ], [ 11.682579834013753, 45.974806313393714 ], [ 11.682529346531215, 45.97489687453276 ], [ 11.682426183378844, 45.975035385578089 ], [ 11.682362008291541, 45.975096476316146 ], [ 11.682054382561519, 45.975299462180359 ], [ 11.681923592227271, 45.975392538764247 ], [ 11.682294747137917, 45.975673550309374 ], [ 11.683064788228354, 45.97625354949232 ], [ 11.683594018366913, 45.976639839889714 ], [ 11.683722475436809, 45.976760218986996 ], [ 11.684455983122554, 45.977288864002432 ], [ 11.684817295479114, 45.977579369259971 ], [ 11.685084878279854, 45.977762900310857 ], [ 11.685266570891493, 45.977788060551909 ], [ 11.685397843369742, 45.977827726723149 ], [ 11.685708062885078, 45.97819071464702 ], [ 11.685923531098423, 45.978422991990158 ], [ 11.685920492252887, 45.978498937953155 ], [ 11.685808494363377, 45.978577536185064 ], [ 11.685531813993128, 45.978769183046289 ], [ 11.685318905916732, 45.979011532986164 ], [ 11.685250306022288, 45.979141313408867 ], [ 11.68520181194898, 45.979475923301756 ], [ 11.685166382160268, 45.979728321158852 ], [ 11.685002253738126, 45.979855576928507 ], [ 11.68481833976459, 45.979992838091619 ], [ 11.684694401435959, 45.980104927838241 ], [ 11.684315932374613, 45.98030364445917 ], [ 11.684104446205771, 45.980436782183581 ], [ 11.68395329583997, 45.980549510597015 ], [ 11.683828207074143, 45.980637865039284 ], [ 11.683696287601521, 45.980726469815167 ], [ 11.683578032775991, 45.980814663405596 ], [ 11.683443224605984, 45.980912966331999 ], [ 11.683463179560723, 45.981045345305326 ], [ 11.683475746520241, 45.981163767102558 ], [ 11.683594525012651, 45.98164988523682 ], [ 11.683642050245487, 45.981786386711811 ], [ 11.683743180559524, 45.981907407785776 ], [ 11.683816086824732, 45.982005420563148 ], [ 11.683890007549012, 45.982127080859662 ], [ 11.683940114733799, 45.982178106474663 ], [ 11.683895280167858, 45.982236133398963 ], [ 11.683856824033175, 45.982284559858776 ], [ 11.683542756624027, 45.982830351006037 ], [ 11.68340352011117, 45.983189683212821 ], [ 11.68334551116234, 45.983399858350339 ], [ 11.683389870550474, 45.983612398750445 ], [ 11.683488196479898, 45.983814220652803 ], [ 11.68363214744995, 45.983976988210266 ], [ 11.683799770869134, 45.984063234934446 ], [ 11.683944036366864, 45.984088286655904 ], [ 11.6840462771576, 45.984090654363939 ], [ 11.684492779560216, 45.984032728117697 ], [ 11.684619479132769, 45.983977547093055 ], [ 11.684792285943885, 45.983887980250671 ], [ 11.685135768175796, 45.983528705191553 ], [ 11.685338362288135, 45.983353022165517 ], [ 11.685569460527892, 45.983137707954597 ], [ 11.685787798492928, 45.98293428062108 ], [ 11.685954409857947, 45.982716780070113 ], [ 11.68613190406211, 45.982446730239403 ], [ 11.686405797880191, 45.982055785861064 ], [ 11.686577602077335, 45.981876324517103 ], [ 11.687041093851217, 45.981324309429198 ], [ 11.687375870508475, 45.980927160003141 ], [ 11.688097398457476, 45.9801507160266 ], [ 11.688415003490565, 45.979820481585918 ], [ 11.688646336002451, 45.979534939601393 ], [ 11.688844406803767, 45.979335685253155 ], [ 11.688986640858239, 45.979180407718403 ], [ 11.689580671710738, 45.978653750378264 ], [ 11.689859349622104, 45.978362410712933 ], [ 11.69009829770393, 45.97809576751564 ], [ 11.69015609843739, 45.978023121882963 ], [ 11.69025695135376, 45.977997075005362 ], [ 11.69043873618115, 45.97795481082872 ], [ 11.691316046562916, 45.97772523927388 ], [ 11.691571006808815, 45.977647947001145 ], [ 11.691908056737228, 45.977578350018334 ], [ 11.692210268320025, 45.977490492070224 ], [ 11.693151708041452, 45.977249944133042 ], [ 11.693601759831656, 45.977125474407387 ], [ 11.694085847039657, 45.977000110069461 ], [ 11.694344558288869, 45.976931093584405 ], [ 11.695418375560665, 45.976891536328161 ], [ 11.696402812807438, 45.976835087892951 ], [ 11.697829820862115, 45.976848552873349 ], [ 11.698116129783436, 45.976856100614476 ], [ 11.698464244932161, 45.976876318235398 ], [ 11.698846303564265, 45.976891052448721 ], [ 11.700046633143323, 45.976933877197617 ], [ 11.701079172388406, 45.976956086074772 ], [ 11.701989913998744, 45.976995567871427 ], [ 11.702501172777966, 45.977007143294443 ], [ 11.702903477235351, 45.977021384868621 ], [ 11.7040562299775, 45.977065293318695 ], [ 11.704396490868451, 45.97706200733451 ], [ 11.704757125059217, 45.97705823791933 ], [ 11.70494318836745, 45.976963646095605 ], [ 11.705229857728209, 45.976838139393131 ], [ 11.705536082243119, 45.976698037895773 ], [ 11.705702229842858, 45.976613367188541 ], [ 11.706544784668628, 45.976231312436141 ], [ 11.707052572133442, 45.976034137046561 ], [ 11.707272668750102, 45.975938734751317 ], [ 11.707414841938178, 45.975783435494407 ], [ 11.707581448593306, 45.9757082917072 ], [ 11.707881880976748, 45.975587312358535 ], [ 11.708142719854845, 45.975490942417032 ], [ 11.708516773396703, 45.975344364232356 ], [ 11.709775429166179, 45.974839730304346 ], [ 11.710128179922632, 45.974674751076343 ], [ 11.710453489803912, 45.974505651716072 ], [ 11.71069278801502, 45.974386025678136 ], [ 11.710823033148484, 45.974264307222434 ], [ 11.710927226224674, 45.974166878434715 ], [ 11.71155745200817, 45.974109165314673 ], [ 11.711678542685647, 45.973940140337653 ], [ 11.711816432342545, 45.973694841740482 ], [ 11.711995334474613, 45.973385385278732 ], [ 11.71238753975106, 45.973053312054319 ], [ 11.712632258268069, 45.972767403032719 ], [ 11.712671742649475, 45.972738023531392 ], [ 11.712790276438485, 45.972796861922525 ], [ 11.712958141452706, 45.972887830479785 ], [ 11.713083048213798, 45.972937066673317 ], [ 11.713214788724422, 45.972986140331891 ], [ 11.713288311743014, 45.972955951988233 ], [ 11.713661178608891, 45.972785713620354 ], [ 11.714694224085079, 45.972262623782356 ], [ 11.714939513264722, 45.972128625500879 ], [ 11.715150892097194, 45.971995432772822 ], [ 11.715893601089316, 45.971730889108912 ], [ 11.716005878824792, 45.971661795104232 ], [ 11.716206370084324, 45.971585832860953 ], [ 11.716345980518307, 45.971516088500543 ], [ 11.716509256715424, 45.971444611049549 ], [ 11.716582071923694, 45.971542515243165 ], [ 11.71670409475162, 45.971530162231765 ], [ 11.716811751474941, 45.971503840001176 ], [ 11.716932945865597, 45.9714771955651 ], [ 11.71697229804033, 45.971447817689999 ], [ 11.716993700632978, 45.971328591292625 ], [ 11.716920884996334, 45.971230687332984 ], [ 11.716681518334735, 45.97086024810951 ], [ 11.716362791459487, 45.970469104468165 ], [ 11.716075345969346, 45.970157950987804 ], [ 11.715960036616005, 45.970027754884832 ], [ 11.715880036047761, 45.969782862125598 ], [ 11.715829305612163, 45.969442317387426 ], [ 11.715731925581556, 45.96912178301038 ], [ 11.715665119588261, 45.968938140113352 ], [ 11.715653419993675, 45.968838782168504 ], [ 11.715662552159879, 45.968748379463023 ], [ 11.715794391315262, 45.968659739351715 ], [ 11.715972646903193, 45.968546323845516 ], [ 11.716124164700926, 45.96844308448766 ], [ 11.716201829610325, 45.968360502496658 ], [ 11.717034208828199, 45.967634610230505 ], [ 11.717161407288641, 45.967451213072664 ], [ 11.717209315720574, 45.967317135036268 ], [ 11.717242863447447, 45.967169177842656 ], [ 11.717169754495441, 45.966996576357388 ], [ 11.716997727386396, 45.966820297642187 ], [ 11.71679862824868, 45.966644662671762 ], [ 11.716503792868535, 45.966461763839774 ], [ 11.716018317285807, 45.966278717659648 ], [ 11.715442680786117, 45.966059830666261 ], [ 11.714242540963692, 45.965527713394039 ], [ 11.714042055187063, 45.965466053606434 ], [ 11.713858476836544, 45.96547041586328 ], [ 11.713720977009642, 45.965440470876686 ], [ 11.713559039732708, 45.965330371413017 ], [ 11.713473961108946, 45.965261198299821 ], [ 11.713441664943964, 45.965157559135164 ], [ 11.713443631194284, 45.9650577862311 ], [ 11.713382513317969, 45.964921619705486 ], [ 11.713255870816603, 45.964839123005405 ], [ 11.712963069085609, 45.964628715017113 ], [ 11.71230839876285, 45.96404617680529 ], [ 11.712253884607037, 45.963905082516206 ], [ 11.712171243728449, 45.963745664961451 ], [ 11.712244622036295, 45.963715390634469 ], [ 11.712433639965601, 45.963682460070558 ], [ 11.712608527475822, 45.963640324119893 ], [ 11.712864555655065, 45.963586810050899 ], [ 11.712751240070236, 45.963356927088121 ], [ 11.71224464735705, 45.962182864502871 ], [ 11.712160854876133, 45.961999802798481 ], [ 11.71205078483996, 45.961836266144175 ], [ 11.711927516452967, 45.961682583436755 ], [ 11.711901825061124, 45.961574016640412 ], [ 11.711878503885162, 45.961442622105814 ], [ 11.711432095476404, 45.96066531156054 ], [ 11.711342759067044, 45.960506052295706 ], [ 11.711246922960861, 45.960356397882578 ], [ 11.71115687454626, 45.960325323372189 ], [ 11.710925285864434, 45.960321370018086 ], [ 11.710747397894311, 45.960301830750872 ], [ 11.710277151802856, 45.960289229257484 ], [ 11.710127393069124, 45.960288102685233 ], [ 11.709946516136695, 45.96027871372587 ], [ 11.710057057141032, 45.960171684271145 ], [ 11.710259953427474, 45.960005489608747 ], [ 11.710869443425773, 45.959245777937248 ], [ 11.711008219485054, 45.958881741267696 ], [ 11.711109086750286, 45.958021232939252 ], [ 11.711127957972778, 45.957849954240359 ], [ 11.711154582007893, 45.957697392650928 ], [ 11.711270432152002, 45.957561794195634 ], [ 11.711471692082446, 45.95736233402301 ], [ 11.71218112641699, 45.956699968457052 ], [ 11.712451368008763, 45.956517949611211 ], [ 11.713042178726516, 45.956143443875128 ], [ 11.71354987934818, 45.955808622041808 ], [ 11.713763282571826, 45.955718046162509 ], [ 11.714301994959945, 45.955600837926944 ], [ 11.714699278221067, 45.955515430687484 ], [ 11.714988833867102, 45.955451664230445 ], [ 11.716666472793493, 45.95531321525015 ], [ 11.717526422976388, 45.955226242639313 ], [ 11.717892121191504, 45.955189098820533 ], [ 11.71895431935369, 45.955129344321072 ], [ 11.719482598721132, 45.955078784183904 ], [ 11.719759769691784, 45.955038971986077 ], [ 11.720062845865106, 45.954974780602441 ], [ 11.720461512926159, 45.954846747615079 ], [ 11.720788067763948, 45.954706030253334 ], [ 11.721207784656194, 45.954520429500036 ], [ 11.721691672152204, 45.954119624443443 ], [ 11.721875173646628, 45.953835243466457 ], [ 11.72207634998853, 45.953498147607576 ], [ 11.722181555800049, 45.953282956460846 ], [ 11.723029664068859, 45.9525364823049 ], [ 11.723476979605435, 45.952222046893311 ], [ 11.723990944203724, 45.951877488305868 ], [ 11.724380978199319, 45.951645060701345 ], [ 11.724686214817702, 45.95148593935825 ], [ 11.724999942901793, 45.95129214235223 ], [ 11.725204622618348, 45.95116386064521 ], [ 11.725192173059545, 45.950368833121551 ], [ 11.725596616075935, 45.949137926505529 ], [ 11.725658658252481, 45.949071731672582 ], [ 11.725831591359084, 45.948914594510157 ], [ 11.726558792685189, 45.948483209289726 ], [ 11.727021519826984, 45.948184142810256 ], [ 11.72729666442142, 45.948006561631935 ], [ 11.727358013808637, 45.947942092550178 ], [ 11.727340273302277, 45.947843509776241 ], [ 11.727361729770804, 45.947491974638588 ], [ 11.727357411355944, 45.947141054988435 ], [ 11.727465107821702, 45.946706455056294 ], [ 11.727723569368258, 45.945926231977786 ], [ 11.72790196420558, 45.945354934162751 ], [ 11.728266245423017, 45.944365168620557 ], [ 11.728410383690854, 45.943884694132059 ], [ 11.728546046211177, 45.943494427805426 ], [ 11.728628837384848, 45.943078422696985 ], [ 11.728802272887927, 45.942669252318964 ], [ 11.728806773800722, 45.942498133589545 ], [ 11.728702006579361, 45.942203617286474 ], [ 11.728635016255652, 45.941890197177024 ], [ 11.728552493114165, 45.941523144524233 ], [ 11.728450376840428, 45.941282568180846 ], [ 11.728286128345966, 45.940827461790185 ], [ 11.728104676460751, 45.940021743018058 ], [ 11.728058519392594, 45.939869835479172 ], [ 11.728113241722182, 45.939670515277562 ], [ 11.728201767193088, 45.93937138100614 ], [ 11.728264520886883, 45.939072862293862 ], [ 11.72847757643077, 45.938419729707661 ], [ 11.728616756823259, 45.938101383662641 ], [ 11.728646235780676, 45.937650649592136 ], [ 11.728596108577142, 45.937417831701701 ], [ 11.728423398648486, 45.937052933415721 ], [ 11.72816270247039, 45.936735139708347 ], [ 11.728093425354054, 45.936637787976544 ], [ 11.728036151220621, 45.936522148335236 ], [ 11.728013120722581, 45.936315684716419 ], [ 11.728042070714356, 45.936116980056667 ], [ 11.728131474001962, 45.935835825889825 ], [ 11.728236058618325, 45.935338294678495 ], [ 11.728327224491826, 45.935093100625416 ], [ 11.728370380829766, 45.934921058257771 ], [ 11.728513524460677, 45.934683622927487 ], [ 11.728607776454618, 45.934501359158489 ], [ 11.728751359247141, 45.934272913568499 ], [ 11.728950007831591, 45.934115156870035 ], [ 11.729147331594641, 45.933930429693071 ], [ 11.72924555171528, 45.933829075896604 ], [ 11.72951170763406, 45.9337327091201 ], [ 11.72975385957565, 45.933672917896409 ], [ 11.730402565898114, 45.933486399350244 ], [ 11.730851744876615, 45.933439657250553 ], [ 11.731019238622231, 45.933435652136914 ], [ 11.731376461365558, 45.93335510446164 ], [ 11.73175945117471, 45.933273939391178 ], [ 11.732065577146814, 45.933203612399943 ], [ 11.73223041951209, 45.93314566528008 ], [ 11.732534335172643, 45.933030386883608 ], [ 11.732909367595738, 45.932787397440627 ], [ 11.733398584151624, 45.932505671548689 ], [ 11.7336994000347, 45.93232745996535 ], [ 11.733927331202405, 45.932240998411174 ], [ 11.734156145668724, 45.932172516478957 ], [ 11.734640866828897, 45.932061904312398 ], [ 11.735023400429139, 45.931971738569715 ], [ 11.735318399883498, 45.93193767165868 ], [ 11.735561421837765, 45.931895848455667 ], [ 11.735855535914141, 45.93184380017653 ], [ 11.736255815619387, 45.931852211782115 ], [ 11.736541026823348, 45.931881380502055 ], [ 11.736970171649487, 45.931952102165951 ], [ 11.736999799746389, 45.931956984720124 ], [ 11.73725626878546, 45.931999249062038 ], [ 11.737379795380564, 45.931888281086771 ], [ 11.737549987804712, 45.931677187725512 ], [ 11.73765261443635, 45.931665727074041 ], [ 11.737781450955262, 45.931662638637953 ], [ 11.737911172649195, 45.931677530080584 ], [ 11.738264786220572, 45.931786060009621 ], [ 11.738552654411652, 45.931869163601519 ], [ 11.739009782839918, 45.931984209669778 ], [ 11.73918037096308, 45.932043122515964 ], [ 11.739374512483197, 45.932056467154645 ], [ 11.739530002949079, 45.932070738644583 ], [ 11.739865865650257, 45.932080682811062 ], [ 11.740266147000048, 45.932089080282068 ], [ 11.740653544685202, 45.932097785604995 ], [ 11.740898778400709, 45.932100900935282 ], [ 11.741130242090462, 45.932086345028353 ], [ 11.741504756057765, 45.932095356654372 ], [ 11.742112950067352, 45.932134758977007 ], [ 11.742410605534493, 45.932154613623531 ], [ 11.742655839382403, 45.932157725180488 ], [ 11.742811330827738, 45.932171992115848 ], [ 11.742982366770855, 45.932239889163412 ], [ 11.743257803576562, 45.932332280095103 ], [ 11.74348126270778, 45.932416918384604 ], [ 11.743626532670971, 45.932485433375938 ], [ 11.743759362756112, 45.932563247698596 ], [ 11.743930844708517, 45.932640133208409 ], [ 11.744012140308463, 45.932719185424943 ], [ 11.744067668423643, 45.932798856700316 ], [ 11.74413741163851, 45.932905188172121 ], [ 11.74418227459773, 45.933030118714626 ], [ 11.744230243625008, 45.933217978781329 ], [ 11.744289765858825, 45.933378559371242 ], [ 11.744336404457941, 45.933539449573402 ], [ 11.74435149061766, 45.933845107609464 ], [ 11.744317275377227, 45.933935935827819 ], [ 11.744261285178913, 45.934108292733477 ], [ 11.744196847435592, 45.934370858608425 ], [ 11.744191949747918, 45.934532987177541 ], [ 11.744197717837308, 45.934649856408591 ], [ 11.74418927057329, 45.934740065431576 ], [ 11.744234579084031, 45.934873985778076 ], [ 11.744278112930102, 45.934971946314533 ], [ 11.744346528232846, 45.935051307755401 ], [ 11.744561553266111, 45.935226152604137 ], [ 11.744866326973977, 45.93538983946533 ], [ 11.745186650161896, 45.935607155302868 ], [ 11.745292389418736, 45.935658617195294 ], [ 11.745331486752256, 45.935666677955567 ], [ 11.745522978456075, 45.935626072202645 ], [ 11.745650047460718, 45.935587014965996 ], [ 11.745738462926433, 45.935548886923911 ], [ 11.745887748551304, 45.935437290439246 ], [ 11.74626229233276, 45.935185268258316 ], [ 11.746586627658193, 45.934961454162114 ], [ 11.746847427330952, 45.93475716849106 ], [ 11.747118888476294, 45.934507622724304 ], [ 11.747255728631238, 45.934405324410172 ], [ 11.747541847315567, 45.934191427476186 ], [ 11.747716449677803, 45.934070218879228 ], [ 11.747853731927041, 45.933976909816025 ], [ 11.748065207885405, 45.933818811112261 ], [ 11.748253136294041, 45.933706281637988 ], [ 11.748450837332209, 45.933530512481859 ], [ 11.748599667749046, 45.93340992279019 ], [ 11.748688522067905, 45.933380782443876 ], [ 11.748856013147828, 45.933376751120868 ], [ 11.749004254370057, 45.933400814823258 ], [ 11.749340649763885, 45.933410898282034 ], [ 11.749595609991326, 45.933425371560496 ], [ 11.749903247508149, 45.933430385306686 ], [ 11.750808576031801, 45.933449805458189 ], [ 11.751423437552436, 45.933451465021903 ], [ 11.751553716699691, 45.933456606842803 ], [ 11.751742109749767, 45.933439646857686 ], [ 11.751921799861991, 45.933369342686049 ], [ 11.752235986027546, 45.933266905116682 ], [ 11.752895204855529, 45.932913943871256 ], [ 11.753262338783012, 45.932810227189883 ], [ 11.753502790555059, 45.932771397844405 ], [ 11.753766209202198, 45.932719683431841 ], [ 11.753865424985671, 45.932696679639818 ], [ 11.753999598792559, 45.932540883877273 ], [ 11.754099771170807, 45.932414799831697 ], [ 11.754397967107879, 45.931812668088959 ], [ 11.754553348835357, 45.931491378964338 ], [ 11.754609629168133, 45.931432327562923 ], [ 11.754714563740933, 45.931405044801615 ], [ 11.754902619375761, 45.93138403751081 ], [ 11.755131415891848, 45.931349626150499 ], [ 11.756641423250297, 45.93051591379443 ], [ 11.756667052120951, 45.930317371727021 ], [ 11.756776073691587, 45.930252905889667 ], [ 11.756902873634337, 45.930188010781983 ], [ 11.757011408350365, 45.930111135667396 ], [ 11.75729409890363, 45.929972361872764 ], [ 11.75741129181622, 45.929953061278376 ], [ 11.757586186796962, 45.929903475263181 ], [ 11.75776687887412, 45.929853749029633 ], [ 11.757929920812467, 45.929804448724823 ], [ 11.758029258378439, 45.929781438361914 ], [ 11.758134393203843, 45.9297582879366 ], [ 11.758326526320051, 45.929700003936979 ], [ 11.758649203459324, 45.929592573160633 ], [ 11.758840314149129, 45.929513701632459 ], [ 11.759084506297151, 45.929433637287126 ], [ 11.759212318573727, 45.929389236570934 ], [ 11.759380878086468, 45.929331610313632 ], [ 11.759497453266757, 45.929299901613433 ], [ 11.759689382518355, 45.929237569950082 ], [ 11.759805346141828, 45.929193544890509 ], [ 11.759997270241051, 45.92913112283685 ], [ 11.760112340364447, 45.929066507597767 ], [ 11.760228508494114, 45.929026617426899 ], [ 11.760320690486616, 45.928979026319197 ], [ 11.760419409680685, 45.928943607986909 ], [ 11.760570594309312, 45.928894590531769 ], [ 11.760781192341463, 45.928852417149024 ], [ 11.760933527305257, 45.928823982768698 ], [ 11.761275722608216, 45.928753965294383 ], [ 11.761481339176045, 45.928728382187003 ], [ 11.761836298940429, 45.928616741603022 ], [ 11.761988093095276, 45.928580038350695 ], [ 11.762297816665935, 45.928510713072797 ], [ 11.762478499680734, 45.928460979604843 ], [ 11.762727709300641, 45.92836008468349 ], [ 11.762936664298097, 45.928284914817574 ], [ 11.763110602605, 45.928218872309962 ], [ 11.763262322640653, 45.928178118907979 ], [ 11.763366835564943, 45.92814255777698 ], [ 11.763490564753742, 45.928135513571931 ], [ 11.763666877792236, 45.92811468593387 ], [ 11.76383257191598, 45.928118956628801 ], [ 11.763879516449641, 45.928113680226268 ], [ 11.764152644864032, 45.928078897939514 ], [ 11.764251359959887, 45.928043476308282 ], [ 11.764379169167999, 45.927999159858913 ], [ 11.764524014929966, 45.927942100031316 ], [ 11.764672735152928, 45.927843633327115 ], [ 11.764841270208816, 45.927666381403469 ], [ 11.76495353894421, 45.927548185399957 ], [ 11.765066218431867, 45.927438259960617 ], [ 11.765186176891008, 45.927352819801811 ], [ 11.765301314006706, 45.927292337982522 ], [ 11.765410726125069, 45.927236044968176 ], [ 11.765566598067231, 45.927162155643416 ], [ 11.765775677811119, 45.927087067560961 ], [ 11.765933390860964, 45.927050215652649 ], [ 11.766077002992596, 45.926968431999398 ], [ 11.766216148509718, 45.926853904060977 ], [ 11.766362202173188, 45.926701946092003 ], [ 11.766464791080592, 45.926625205917148 ], [ 11.766521948989443, 45.926586738759575 ], [ 11.7666378839551, 45.926423089173703 ], [ 11.766740741285101, 45.926235094576391 ], [ 11.766816270811507, 45.926088894791121 ], [ 11.766894730025134, 45.925884929989529 ], [ 11.766978501729062, 45.925668505593819 ], [ 11.767067462927264, 45.925496778472748 ], [ 11.767140329402686, 45.925297089289081 ], [ 11.767237631716897, 45.924878272915144 ], [ 11.767282505956326, 45.924712204154318 ], [ 11.767329150328795, 45.924579124809497 ], [ 11.767408705742531, 45.924099173989134 ], [ 11.767442120516726, 45.92382204518028 ], [ 11.767505166798038, 45.923544288260814 ], [ 11.767540629459686, 45.92330833260435 ], [ 11.767631780351923, 45.923061486707518 ], [ 11.767800163134092, 45.922884233937332 ], [ 11.768143818857842, 45.92266565004423 ], [ 11.768566267287511, 45.92236666952423 ], [ 11.768786213595774, 45.922220821739451 ], [ 11.769018084516407, 45.922067065363699 ], [ 11.769200360279068, 45.921930696521983 ], [ 11.769263230972811, 45.921887949117014 ], [ 11.769364192002161, 45.921897921778168 ], [ 11.769602964747154, 45.921945685071783 ], [ 11.769830505103837, 45.92200614115194 ], [ 11.770165138584908, 45.922080560289459 ], [ 11.771039322389857, 45.922252415592169 ], [ 11.77165946779761, 45.922365175339436 ], [ 11.771999618837127, 45.922431174595395 ], [ 11.772929469893201, 45.922594103657005 ], [ 11.773191413064252, 45.922633106295223 ], [ 11.77337576455632, 45.922657521509151 ], [ 11.773518896343914, 45.922682937523902 ], [ 11.773836510426129, 45.922713296107425 ], [ 11.77408039499959, 45.922744454724445 ], [ 11.774889188078582, 45.922848564123619 ], [ 11.775128046741919, 45.922900454020272 ], [ 11.775462485696309, 45.922970722052263 ], [ 11.775862663383277, 45.923055772381574 ], [ 11.776988470503182, 45.923296800918152 ], [ 11.777424695690168, 45.923393390080683 ], [ 11.777819366802417, 45.923486848048114 ], [ 11.778129697596162, 45.923549414072703 ], [ 11.779275689604479, 45.923837812346356 ], [ 11.779850654968152, 45.923992939949954 ], [ 11.780071875213203, 45.924045248922631 ], [ 11.780622035803505, 45.924176224786187 ], [ 11.781004995263693, 45.924269956881965 ], [ 11.781358328510228, 45.924364409245449 ], [ 11.781649752309155, 45.924461358499585 ], [ 11.782729297015965, 45.924542256050636 ], [ 11.782876174116678, 45.924526346165734 ], [ 11.783186669839504, 45.92447341640316 ], [ 11.783479310329128, 45.924416780665311 ], [ 11.783651578239358, 45.924374779177583 ], [ 11.784937168533597, 45.924207346325062 ], [ 11.785143583726738, 45.924198262184007 ], [ 11.785520852302744, 45.924180780162416 ], [ 11.785974893617718, 45.924161424011821 ], [ 11.786736425475171, 45.924088479916712 ], [ 11.787040240798467, 45.92405163375058 ], [ 11.787320252246825, 45.923946423002661 ], [ 11.787505375536714, 45.923867649393614 ], [ 11.78771910936487, 45.923652087543601 ], [ 11.787882663711358, 45.923495534303832 ], [ 11.788000596998648, 45.923373126959376 ], [ 11.788595116649869, 45.922855476246276 ], [ 11.788996027331656, 45.922424906559442 ], [ 11.789202999772517, 45.922193035844259 ], [ 11.789872667548735, 45.921466798481504 ], [ 11.790031109594596, 45.921326838162464 ], [ 11.790314702714685, 45.921030701903639 ], [ 11.791483823822016, 45.920184349972899 ], [ 11.793599087588001, 45.918580726456227 ], [ 11.793004492833047, 45.917955119661237 ], [ 11.792608803621995, 45.917605413640153 ], [ 11.792389771328093, 45.917088541510786 ], [ 11.792018761428153, 45.91674946069449 ], [ 11.792049522894262, 45.916400556544325 ], [ 11.792040493910598, 45.915659550247149 ], [ 11.791816972553047, 45.915052941011361 ], [ 11.7913022247602, 45.914414142288578 ], [ 11.791040038850985, 45.914319473992627 ], [ 11.7909911423101, 45.914146592928823 ], [ 11.790746593163973, 45.913922339688881 ], [ 11.78971340565155, 45.913669748462702 ], [ 11.789134232337348, 45.913483090974538 ], [ 11.788828452206504, 45.913392091709461 ], [ 11.788074734933421, 45.912974684494969 ], [ 11.787689930388941, 45.912768153069749 ], [ 11.787488811699887, 45.91265560396873 ], [ 11.787376959468036, 45.912590109276501 ], [ 11.786980329547575, 45.912422836921564 ], [ 11.786585148775314, 45.912227805779622 ], [ 11.786282246059477, 45.91203439224364 ], [ 11.786236756584371, 45.911993739134111 ], [ 11.786061489543401, 45.911854004876602 ], [ 11.785906914067173, 45.911694864274743 ], [ 11.785355382959716, 45.911142717232472 ], [ 11.785145833233502, 45.910969705315395 ], [ 11.784992585604853, 45.910836992944269 ], [ 11.784844747649197, 45.910704148446946 ], [ 11.784762223829697, 45.910629385316831 ], [ 11.783790923528652, 45.910095926597947 ], [ 11.78343030952624, 45.909941804957505 ], [ 11.783203169821386, 45.909852564116726 ], [ 11.783015347393883, 45.909788916583899 ], [ 11.782940671266557, 45.9097601341985 ], [ 11.782203283297163, 45.909455968271651 ], [ 11.781997722531532, 45.90936241907017 ], [ 11.781725236800947, 45.909232606936051 ], [ 11.781592771161126, 45.909190380263368 ], [ 11.781453511619885, 45.909117986727026 ], [ 11.781398218620252, 45.909100342071561 ], [ 11.780671982389336, 45.908799674956335 ], [ 11.780472405682548, 45.908717408069954 ], [ 11.780221501477863, 45.908583286670051 ], [ 11.779946525794003, 45.908457671209547 ], [ 11.779702310066369, 45.907917906781158 ], [ 11.779753742160374, 45.907749872957751 ], [ 11.779820631081758, 45.907460224106458 ], [ 11.779856278158597, 45.907304005277588 ], [ 11.780127065646123, 45.906476104460367 ], [ 11.780213139285847, 45.906242782428087 ], [ 11.780301484587513, 45.906054948215221 ], [ 11.78038194564569, 45.905871896303843 ], [ 11.780662819810386, 45.905300356939925 ], [ 11.780722289414731, 45.905079113058278 ], [ 11.780797919201378, 45.904853605331702 ], [ 11.780851947915741, 45.904686047701063 ], [ 11.780807769474546, 45.90391018749019 ], [ 11.78073480139544, 45.903752832795085 ], [ 11.780558522266787, 45.903321043550633 ], [ 11.780190817979602, 45.902425070517069 ], [ 11.780122944446095, 45.902263811122232 ], [ 11.780061551036558, 45.902121295261892 ], [ 11.779925631277926, 45.901844323706349 ], [ 11.779876379370696, 45.901728064112255 ], [ 11.779581934801337, 45.90104920151694 ], [ 11.779508845483443, 45.900891848962793 ], [ 11.779287259373897, 45.900422367536365 ], [ 11.779006858545996, 45.899807606237566 ], [ 11.778945094006938, 45.899657538199186 ], [ 11.778879665590003, 45.899488297925672 ], [ 11.778841422291382, 45.89937555023571 ], [ 11.778806520822261, 45.899327165963172 ], [ 11.778792551906427, 45.8992668414405 ], [ 11.778919512240783, 45.899199307325745 ], [ 11.779027785959181, 45.89913447801171 ], [ 11.779015041261987, 45.899047031761633 ], [ 11.778961299139349, 45.898869136522876 ], [ 11.778801823477155, 45.898181946849689 ], [ 11.778571688831892, 45.897300621786115 ], [ 11.778385874095164, 45.896726040459413 ], [ 11.778268651224964, 45.896433220740597 ], [ 11.777958708038909, 45.895620980828539 ], [ 11.777808354056386, 45.895436524399315 ], [ 11.777696755475116, 45.895385505013607 ], [ 11.777254856360964, 45.895209489030968 ], [ 11.77698086350023, 45.895117594852842 ], [ 11.776562992405978, 45.894970964088799 ], [ 11.776322459910332, 45.894779697624614 ], [ 11.775946975535634, 45.894327451734867 ], [ 11.775767065443688, 45.893870541037302 ], [ 11.77561943107121, 45.893484400837195 ], [ 11.775127282649029, 45.892426452990037 ], [ 11.774888238328588, 45.891876740846079 ], [ 11.77443341217046, 45.890925710884815 ], [ 11.774181706337576, 45.890250925573362 ], [ 11.773967392517941, 45.88949089508877 ], [ 11.773939390478484, 45.889316872403747 ], [ 11.773998149003013, 45.889207887124378 ], [ 11.774312171165514, 45.888944909824964 ], [ 11.775348950320639, 45.88850766699337 ], [ 11.77555675830124, 45.88843088114649 ], [ 11.776511375446225, 45.88814791592339 ], [ 11.77764284317777, 45.887811227644697 ], [ 11.777828752816475, 45.887745140966246 ], [ 11.778170857854796, 45.887660673113821 ], [ 11.778373691773059, 45.88761091509334 ], [ 11.77876760689511, 45.887534185574857 ], [ 11.779327199831766, 45.887435421209382 ], [ 11.779597543936122, 45.887325783564108 ], [ 11.780233051975326, 45.887077375919354 ], [ 11.780697482607382, 45.886807478671535 ], [ 11.780928882389237, 45.886689785524382 ], [ 11.781210979012192, 45.886557536158598 ], [ 11.781386626888303, 45.886477112503684 ], [ 11.781599292379926, 45.886368874898757 ], [ 11.781743330667481, 45.886298131330335 ], [ 11.782738194507189, 45.886117821162152 ], [ 11.782954656249359, 45.886085634203454 ], [ 11.783133206557917, 45.886063371487474 ], [ 11.783330487632881, 45.886031651293841 ], [ 11.783445826098818, 45.886028840066231 ], [ 11.783710215366844, 45.886058218096331 ], [ 11.783877236164189, 45.886063147274029 ], [ 11.784212167731065, 45.886090804525573 ], [ 11.785425106931871, 45.886101548452629 ], [ 11.78550186023983, 45.886095175946565 ], [ 11.786151468154472, 45.886003183024243 ], [ 11.786805877419626, 45.885811431717748 ], [ 11.7874516125204, 45.885513410446144 ], [ 11.787690231993308, 45.885409028299051 ], [ 11.788346651320076, 45.885195887450152 ], [ 11.788682866130715, 45.88512053252439 ], [ 11.788903518945814, 45.885043498513923 ], [ 11.789035495052129, 45.884925156685512 ], [ 11.78925054159151, 45.884736200606426 ], [ 11.789302383631716, 45.884618465557438 ], [ 11.789550765148775, 45.884325726943395 ], [ 11.789636674858587, 45.884247482597914 ], [ 11.789724822056343, 45.884213916869292 ], [ 11.790140147688779, 45.884055978926732 ], [ 11.790605612325793, 45.883869902142401 ], [ 11.791460771753552, 45.883526417067472 ], [ 11.791647795225042, 45.883418877474668 ], [ 11.791776403162965, 45.883362089378686 ], [ 11.792169745889842, 45.883146356966002 ], [ 11.792871449122639, 45.882685734163424 ], [ 11.793555154614374, 45.882377838779455 ], [ 11.794086919243581, 45.882259360982125 ], [ 11.794684231111175, 45.882126275718946 ], [ 11.795242494583764, 45.881938448854463 ], [ 11.795476443455275, 45.881869987293292 ], [ 11.796273877044172, 45.881527879083514 ], [ 11.796606091153611, 45.881501832311855 ], [ 11.797212854479591, 45.881451148486995 ], [ 11.797513469301872, 45.881434873809276 ], [ 11.798441186166199, 45.88125976151359 ], [ 11.798576143225176, 45.881265454888279 ], [ 11.798729504000104, 45.881252695659803 ], [ 11.798891788693286, 45.881227746608467 ], [ 11.799748068111104, 45.881036553262241 ], [ 11.800077127592166, 45.880947838979019 ], [ 11.799990027861741, 45.880873828899645 ], [ 11.799959692141323, 45.880780515562741 ], [ 11.799847789327643, 45.880595055001585 ], [ 11.799639506848489, 45.879832943353364 ], [ 11.799625087268256, 45.879161395855661 ], [ 11.799968482517352, 45.878401779412201 ], [ 11.80005054593232, 45.878247475639064 ], [ 11.800107540978239, 45.878107197546775 ], [ 11.800049344260239, 45.877969743942991 ], [ 11.799973910399297, 45.87774315618875 ], [ 11.800120371177659, 45.877021580217544 ], [ 11.800180106221953, 45.876805089028522 ], [ 11.800124084253834, 45.876457056096079 ], [ 11.799855910622004, 45.875523419761763 ], [ 11.7997479054465, 45.87526112991798 ], [ 11.79969519823163, 45.87513312989163 ], [ 11.798970197596796, 45.873956003863483 ], [ 11.798651366478877, 45.873438325028474 ], [ 11.798576039834971, 45.873280318798116 ], [ 11.798754682039945, 45.873132559616423 ], [ 11.798981719016064, 45.872929879851846 ], [ 11.799036144678899, 45.872735931007185 ], [ 11.799104435044509, 45.872564054006851 ], [ 11.799229845735299, 45.872251896129583 ], [ 11.799266214810713, 45.872080711504537 ], [ 11.79867109110527, 45.871978829502716 ], [ 11.79773118697166, 45.871843988810632 ], [ 11.796755633105937, 45.871702182924899 ], [ 11.795895294251821, 45.871553047509806 ], [ 11.795663331062851, 45.871531814545072 ], [ 11.795437356036516, 45.871501523822992 ], [ 11.795338679519723, 45.87132473558195 ], [ 11.794766708732487, 45.871172942642936 ], [ 11.794172974069195, 45.871030186276805 ], [ 11.793692747068905, 45.870895178296855 ], [ 11.793499740702289, 45.870908180589574 ], [ 11.792596160682631, 45.870994719192794 ], [ 11.791929662067943, 45.871058547000139 ], [ 11.791697636499595, 45.871097653878167 ], [ 11.791188854694386, 45.871183404887311 ], [ 11.79098636044389, 45.871174223093838 ], [ 11.790782251845309, 45.871197122869276 ], [ 11.790565769581523, 45.871236592019805 ], [ 11.79035678393144, 45.871279255563685 ], [ 11.789936720323817, 45.871343253320461 ], [ 11.789599473626042, 45.871396315727367 ], [ 11.789345264748482, 45.871442848526399 ], [ 11.789324196918233, 45.871442624359474 ], [ 11.789088589628308, 45.8714401171746 ], [ 11.788952761497507, 45.871416522541026 ], [ 11.788743949467436, 45.871345476301364 ], [ 11.788579241044628, 45.871308407315951 ], [ 11.788182937704283, 45.871219214705093 ], [ 11.787526602974731, 45.871047033568196 ], [ 11.787012982443033, 45.870907278444676 ], [ 11.786759390297734, 45.870837321482419 ], [ 11.786591520548113, 45.870814505939755 ], [ 11.786288987600077, 45.870734481885847 ], [ 11.786197013431215, 45.870747986272178 ], [ 11.786032091287574, 45.870523526967872 ], [ 11.785730731956983, 45.870113325258416 ], [ 11.785601828278637, 45.869937863194345 ], [ 11.785484680550709, 45.869774928007537 ], [ 11.785397627830575, 45.869717422442157 ], [ 11.785268999718953, 45.869695132302205 ], [ 11.784907883986021, 45.869654615763693 ], [ 11.784547388605757, 45.869588117450895 ], [ 11.78415714360645, 45.869516129949901 ], [ 11.782620948866679, 45.869253310418451 ], [ 11.782025657557206, 45.869146845308386 ], [ 11.781868079821846, 45.869074538307324 ], [ 11.781498260859829, 45.868859519593848 ], [ 11.780714173201414, 45.868439651644323 ], [ 11.780448361663213, 45.868253509235295 ], [ 11.780310843304031, 45.868260367796388 ], [ 11.780004082172244, 45.868281247188648 ], [ 11.779593576257678, 45.868308701191907 ], [ 11.779371389546428, 45.868323560122462 ], [ 11.779019716337661, 45.868345529953679 ], [ 11.777384364583989, 45.868470372543257 ], [ 11.777095888108297, 45.868472978028727 ], [ 11.776501534336385, 45.868514252680676 ], [ 11.776218185717541, 45.868552553996885 ], [ 11.77499974374377, 45.868617632185249 ], [ 11.774943121580758, 45.868619008126139 ], [ 11.774698616776636, 45.868624949366215 ], [ 11.774424117659896, 45.868649530201573 ], [ 11.774275661305186, 45.868630815218417 ], [ 11.773847801579372, 45.868538151052256 ], [ 11.77339366796123, 45.868432712352664 ], [ 11.772697230644633, 45.868279764806523 ], [ 11.772391576459031, 45.868203045829546 ], [ 11.772177918241361, 45.868163409322037 ], [ 11.771991392365175, 45.868150265702205 ], [ 11.771614625704931, 45.868181582718066 ], [ 11.771289670911241, 45.868225291950452 ], [ 11.770896681876676, 45.868287032356484 ], [ 11.770280810727561, 45.868442385398218 ], [ 11.76960467175004, 45.868642490090465 ], [ 11.769188700959836, 45.868777209129135 ], [ 11.769036598991557, 45.868826469372564 ], [ 11.768651016414459, 45.868938876351322 ], [ 11.768411887077493, 45.869028992410712 ], [ 11.768111358465449, 45.869142245716958 ], [ 11.767952363916551, 45.8692021618279 ], [ 11.767683597502721, 45.869309185199498 ], [ 11.767534489633679, 45.869368559793337 ], [ 11.767275302917934, 45.869467079974463 ], [ 11.76694975765189, 45.869610698798091 ], [ 11.76667858343553, 45.869702415549405 ], [ 11.766575034769991, 45.869682512518693 ], [ 11.766262170983872, 45.869912948747924 ], [ 11.765927603900501, 45.869944994658837 ], [ 11.765185084507046, 45.870049203383331 ], [ 11.764049439208494, 45.87024923997037 ], [ 11.763341856997949, 45.870366992163135 ], [ 11.762782727956552, 45.87043326479121 ], [ 11.762652963809336, 45.870445944903445 ], [ 11.761633472242387, 45.870564391339521 ], [ 11.761561266572569, 45.870578892862049 ], [ 11.761470428624836, 45.870597136348124 ], [ 11.761377813836285, 45.870527460424732 ], [ 11.761338365153122, 45.870423016336581 ], [ 11.760979042144239, 45.870647270867892 ], [ 11.760498930275949, 45.870922417841335 ], [ 11.760350289394898, 45.871108094755122 ], [ 11.759876096185236, 45.871445650835525 ], [ 11.759216567148451, 45.871849967851077 ], [ 11.759185414455434, 45.87191300528719 ], [ 11.759097781205625, 45.871943924839243 ], [ 11.758756594792283, 45.871985740264968 ], [ 11.758394576136775, 45.872023197562974 ], [ 11.757963623161665, 45.872052867814766 ], [ 11.757323265437643, 45.872149787568432 ], [ 11.756882852065953, 45.872404969262796 ], [ 11.756549243580883, 45.872600056761414 ], [ 11.756299157883308, 45.872748844080185 ], [ 11.756226110854588, 45.872798580777989 ], [ 11.75621233046316, 45.872854433575164 ], [ 11.756197560122461, 45.87291429858454 ], [ 11.75606013161571, 45.87291284505271 ], [ 11.75592306751771, 45.872916152928454 ], [ 11.75578706176451, 45.872943466899208 ], [ 11.754817134769596, 45.873038784482816 ], [ 11.754776186651553, 45.873044542653979 ], [ 11.754523231680293, 45.873065045536173 ], [ 11.754463113628994, 45.873100068184371 ], [ 11.754339926571456, 45.873107809759752 ], [ 11.754169574218887, 45.873131089877042 ], [ 11.754040623572429, 45.873163002007473 ], [ 11.753783450209962, 45.873236348964063 ], [ 11.753092717245798, 45.873219070889476 ], [ 11.752738780837912, 45.873141286663419 ], [ 11.752370732553235, 45.873054300686768 ], [ 11.752110826605566, 45.873074965734112 ], [ 11.75204443632969, 45.873087838724906 ], [ 11.751913637560502, 45.873113200312005 ], [ 11.751782687582276, 45.873102044804206 ], [ 11.751552214065496, 45.87316034224127 ], [ 11.751253848744733, 45.873234585963793 ], [ 11.750913122440005, 45.873285997617657 ], [ 11.750708879788974, 45.873319719646467 ], [ 11.750496972646744, 45.873339134803302 ], [ 11.750311901571436, 45.873343592196683 ], [ 11.750134126428518, 45.873357504317525 ], [ 11.749957296188954, 45.873390564869986 ], [ 11.749769978938795, 45.8734200073662 ], [ 11.749571376110747, 45.873429649754151 ], [ 11.749269936994587, 45.873441677561459 ], [ 11.749011158874785, 45.873482649967428 ], [ 11.748925833302206, 45.873529167257828 ], [ 11.748866971841034, 45.873555786051774 ], [ 11.748761058414598, 45.873600278652468 ], [ 11.748608460708732, 45.873675327035428 ], [ 11.748472639093061, 45.873724769483914 ], [ 11.748301117975902, 45.873779301303792 ], [ 11.748117081791062, 45.873825673407097 ], [ 11.747933253614008, 45.873876270522089 ], [ 11.747796810260821, 45.873913126180582 ], [ 11.747733889458864, 45.873977644929056 ], [ 11.747603911432948, 45.874022805432844 ], [ 11.74746071821215, 45.874042991864897 ], [ 11.747371455565169, 45.874061970681758 ], [ 11.747163687281061, 45.874113142483424 ], [ 11.746960389573431, 45.874134774139826 ], [ 11.746805926513797, 45.874172062140566 ], [ 11.746623053364607, 45.874239465408586 ], [ 11.746496999928482, 45.874364276269205 ], [ 11.746375209086514, 45.874455321973926 ], [ 11.746171101802716, 45.874703698794328 ], [ 11.745959911274454, 45.874931273913745 ], [ 11.745804690702188, 45.875073526653452 ], [ 11.745624989438198, 45.875207997053018 ], [ 11.74556687353021, 45.875247197187711 ], [ 11.745449339169191, 45.875296556421716 ], [ 11.745607178215208, 45.874972067560456 ], [ 11.745667748790613, 45.874875474082963 ], [ 11.745739072914718, 45.874774841785367 ], [ 11.745789771103851, 45.874697567072587 ], [ 11.745803117214727, 45.874636311592127 ], [ 11.745852849872641, 45.874429630314765 ], [ 11.74583647845016, 45.874319675680205 ], [ 11.74570142993781, 45.87401095928184 ], [ 11.745596554684546, 45.873872620193929 ], [ 11.74543090344849, 45.873716840745963 ], [ 11.745231462749329, 45.873649359886947 ], [ 11.745093551673577, 45.873614602250377 ], [ 11.745013637679952, 45.873608872628502 ], [ 11.744335968027343, 45.873453967179124 ], [ 11.744237087722814, 45.873437261958991 ], [ 11.744011427604919, 45.87338940045953 ], [ 11.74371098830232, 45.87330661244085 ], [ 11.742914382174416, 45.873135744663834 ], [ 11.742678955979576, 45.873090995323039 ], [ 11.742376930456123, 45.873043974578408 ], [ 11.742331706215463, 45.873025709145956 ], [ 11.742120072402956, 45.873011439678159 ], [ 11.741982793638474, 45.87304182797655 ], [ 11.741769053946056, 45.87309736367537 ], [ 11.741003727395755, 45.873224284006866 ], [ 11.740340174987676, 45.873387549960675 ], [ 11.74019717434884, 45.873414293134772 ], [ 11.73892977278928, 45.873828486549208 ], [ 11.737958912567928, 45.874115487458781 ], [ 11.737233269749076, 45.874148363995843 ], [ 11.736914306690059, 45.874210372926136 ], [ 11.736847956721347, 45.874215833393222 ], [ 11.736288771322286, 45.874361093233155 ], [ 11.735833279147785, 45.874468943615035 ], [ 11.735600114397277, 45.874527993300134 ], [ 11.734864831783476, 45.874708516762091 ], [ 11.73465566372996, 45.874744578129949 ], [ 11.734473279450203, 45.874764516644071 ], [ 11.7341691963288, 45.874791148944027 ], [ 11.733599015289677, 45.874828110714787 ], [ 11.733105429377227, 45.874839924767315 ], [ 11.732843789589937, 45.874996317550043 ], [ 11.732416942292701, 45.875239198914656 ], [ 11.732238484307011, 45.875336625694409 ], [ 11.73214050777815, 45.87537776267154 ], [ 11.732051449604153, 45.875372152725276 ], [ 11.731917475303129, 45.875359786654371 ], [ 11.731299237926944, 45.875207792343318 ], [ 11.73061490224447, 45.875068986027898 ], [ 11.729969422176927, 45.874986761045335 ], [ 11.729569473923267, 45.874984620433544 ], [ 11.729030723942236, 45.874982015194405 ], [ 11.728214990004762, 45.874993765475232 ], [ 11.727792968904467, 45.874996106257726 ], [ 11.727554475655598, 45.875001802757644 ], [ 11.727390533134116, 45.8749984277393 ], [ 11.726725051501136, 45.875018189675608 ], [ 11.726464670009307, 45.875032147091737 ], [ 11.726215679405183, 45.875049792300558 ], [ 11.725943850518632, 45.875056281226271 ], [ 11.724983639796129, 45.875067496680565 ], [ 11.724722819040871, 45.875069849753054 ], [ 11.72451199687149, 45.875074879661149 ], [ 11.724115116211157, 45.875077507074451 ], [ 11.723321133591551, 45.875080872905407 ], [ 11.722538979479767, 45.875099522380587 ], [ 11.721768022086913, 45.875117899632627 ], [ 11.721451787754892, 45.875125436178195 ], [ 11.721049401041942, 45.875131424397296 ], [ 11.720965689563748, 45.875121808106563 ], [ 11.720811570176544, 45.874923775096605 ], [ 11.720649206064069, 45.874667703948937 ], [ 11.720443211708179, 45.874544621764919 ], [ 11.72032678036182, 45.874434886924341 ], [ 11.720183485172669, 45.874228854625692 ], [ 11.719883315758493, 45.874053290541447 ], [ 11.719439017880431, 45.873823463565458 ], [ 11.718952395589328, 45.873637215782345 ], [ 11.718618670004782, 45.873513211052781 ], [ 11.718038524445484, 45.873232248493956 ], [ 11.717041531307968, 45.872773897428907 ], [ 11.716621276476378, 45.872582190332771 ], [ 11.716434295668023, 45.872505182068423 ], [ 11.716258195317026, 45.872424044444458 ], [ 11.716206370246727, 45.8723864841782 ], [ 11.715137883601392, 45.871827389252154 ], [ 11.714955871993174, 45.871738559550373 ], [ 11.714846690833022, 45.871663569328398 ], [ 11.714692672179982, 45.871578034045108 ], [ 11.713912259727875, 45.871290200079351 ], [ 11.713771382521092, 45.871246924413285 ], [ 11.713540008788456, 45.871170966323504 ], [ 11.713240336095252, 45.871004823610392 ], [ 11.712773820057336, 45.870775408528409 ], [ 11.712454781416128, 45.870608373684099 ], [ 11.712288631790564, 45.870503771800543 ], [ 11.712008334054081, 45.870335815610304 ], [ 11.711767664832745, 45.870240813239057 ], [ 11.710973324406451, 45.869891095209418 ], [ 11.710568961319096, 45.869683507360371 ], [ 11.710340683626102, 45.869557065516176 ], [ 11.709313727138641, 45.869049494238389 ], [ 11.708836739330907, 45.868831922323146 ], [ 11.708573629804807, 45.868675250814171 ], [ 11.708582567205843, 45.868628505359915 ], [ 11.708635019325968, 45.868565156599047 ], [ 11.708571884368025, 45.867894393527557 ], [ 11.708508509872258, 45.86773298435584 ], [ 11.708445575117052, 45.86752494125502 ], [ 11.708353217838379, 45.867337127320376 ], [ 11.708248268552754, 45.867234848370508 ], [ 11.707832827307133, 45.866798626294347 ], [ 11.707703185762686, 45.866530149732419 ], [ 11.707385926145053, 45.866056765408715 ], [ 11.707252220936365, 45.865876951363042 ], [ 11.707187463203805, 45.865800990651387 ], [ 11.707100479301738, 45.865667952454054 ], [ 11.707077477356743, 45.86553654778578 ], [ 11.707094908734947, 45.86543919723497 ], [ 11.707166050650269, 45.865301780521285 ], [ 11.707299262378426, 45.865073605571851 ], [ 11.707438139561114, 45.864845386147927 ], [ 11.707581097168712, 45.864589797705683 ], [ 11.707615068644229, 45.86448818464946 ], [ 11.707617153124932, 45.864358705432238 ], [ 11.707581452870208, 45.864196639524394 ], [ 11.70752512586505, 45.86406611500967 ], [ 11.707291983483296, 45.863838884713537 ], [ 11.707090402100519, 45.863688491656667 ], [ 11.706903727881352, 45.863502822237287 ], [ 11.706776472075482, 45.863397290332749 ], [ 11.706666750922194, 45.863310604158912 ], [ 11.706657277740328, 45.863287966958318 ], [ 11.706613842999923, 45.863192059055791 ], [ 11.706542613257337, 45.863096809890891 ], [ 11.706400959886336, 45.862925553812161 ], [ 11.706160147329236, 45.862768348226844 ], [ 11.70609054406399, 45.862764957208121 ], [ 11.705787420721686, 45.862582045315776 ], [ 11.70544412466151, 45.862372992298177 ], [ 11.704929687024014, 45.862067094368868 ], [ 11.704802872306152, 45.861973160708743 ], [ 11.704732585123148, 45.861897239539545 ], [ 11.704644943942837, 45.861806158171966 ], [ 11.704568838355126, 45.861668720062958 ], [ 11.704481385399482, 45.861581504397165 ], [ 11.704229142726025, 45.861416824839814 ], [ 11.704080948238259, 45.861338877803512 ], [ 11.704041337502254, 45.861324334556237 ], [ 11.703945453560044, 45.8612916822442 ], [ 11.703726517406857, 45.861242591767372 ], [ 11.70337874566261, 45.861169368783067 ], [ 11.703204387172125, 45.861123002352159 ], [ 11.703046820055018, 45.861080198497923 ], [ 11.702865616847722, 45.861006901501263 ], [ 11.702712454512719, 45.860940681140121 ], [ 11.702616576324779, 45.86090811756813 ], [ 11.702504528179471, 45.860887457491827 ], [ 11.702414050239955, 45.860854675951117 ], [ 11.702307914488827, 45.860841706329019 ], [ 11.702168955000365, 45.860837253914823 ], [ 11.702035715977463, 45.860836536222457 ], [ 11.701923480793864, 45.860812009692104 ], [ 11.701805712583603, 45.860787613935642 ], [ 11.701704356416142, 45.860758959522805 ], [ 11.70154604201851, 45.86070069009304 ], [ 11.701366792784205, 45.860609163078735 ], [ 11.70122526135501, 45.86055427648278 ], [ 11.701146545822825, 45.860532916607625 ], [ 11.701101211670787, 45.860514547435891 ], [ 11.700977911358102, 45.860490281677144 ], [ 11.700656034162826, 45.860494023824252 ], [ 11.7005167010592, 45.860481837646553 ], [ 11.700290079647031, 45.860502677614193 ], [ 11.699986245132498, 45.860533173338752 ], [ 11.699966597170132, 45.860534927129734 ], [ 11.699632350874813, 45.86056476165772 ], [ 11.699343800156765, 45.860567712251942 ], [ 11.699156603969627, 45.860599318989635 ], [ 11.698945832066494, 45.86060430052035 ], [ 11.698728719935541, 45.860590079997323 ], [ 11.69854523477902, 45.860586585366569 ], [ 11.698439228953644, 45.860573609074663 ], [ 11.698264164370928, 45.860571085095991 ], [ 11.698142366241095, 45.860577833173707 ], [ 11.697875514985089, 45.860568656509621 ], [ 11.697691281591993, 45.860549696962188 ], [ 11.697556729248427, 45.860521823052508 ], [ 11.697416648360786, 45.860494169524593 ], [ 11.697304789782494, 45.86047737015722 ], [ 11.697164389001641, 45.860445763598072 ], [ 11.696985822315078, 45.860426759094381 ], [ 11.696730220641578, 45.860421094374921 ], [ 11.696480775770267, 45.860430854858713 ], [ 11.696298924293037, 45.860458460387655 ], [ 11.696118007480761, 45.860505395029371 ], [ 11.695992923863392, 45.860558751903838 ], [ 11.69520250950899, 45.860919435109466 ], [ 11.69514873597063, 45.860955626851535 ], [ 11.695057729875654, 45.861023749582806 ], [ 11.694997297259745, 45.86103678666381 ], [ 11.694903537072875, 45.861050610155353 ], [ 11.694831290605741, 45.861048444712225 ], [ 11.694676163241873, 45.861055975559267 ], [ 11.694543301515754, 45.861063070833055 ], [ 11.694454322512998, 45.861061209974515 ], [ 11.693786077617295, 45.861135209231563 ], [ 11.693632203661508, 45.861166020850753 ], [ 11.693483169315249, 45.861185017234625 ], [ 11.693444308456328, 45.86118593379431 ], [ 11.693360248312036, 45.861168564901575 ], [ 11.693225696453693, 45.861140685841683 ], [ 11.693158476497016, 45.861130570201901 ], [ 11.692177334268788, 45.860874233102592 ], [ 11.692126660550803, 45.860859946527185 ], [ 11.69198644812526, 45.860832199440011 ], [ 11.691753728201393, 45.860841555330104 ], [ 11.691576281624934, 45.860845737730124 ], [ 11.691310420584166, 45.860859744138246 ], [ 11.691176994468936, 45.860855147881743 ], [ 11.690013897414271, 45.860971117776813 ], [ 11.689660312843712, 45.86100662813336 ], [ 11.68956636463462, 45.86101658136765 ], [ 11.689031811872935, 45.861327812237853 ], [ 11.688229912296649, 45.861854869984178 ], [ 11.687910524534743, 45.861966525729429 ], [ 11.68783995455083, 45.861999149044642 ], [ 11.687317607942045, 45.861992090521021 ], [ 11.687138661840596, 45.861965248940905 ], [ 11.687070638780272, 45.861935797160868 ], [ 11.687002243047516, 45.861898613526606 ], [ 11.686877640754398, 45.861847271153948 ], [ 11.686723376101751, 45.861757833512335 ], [ 11.686096999378188, 45.861431172491436 ], [ 11.68599322358997, 45.861352157223919 ], [ 11.685890756273592, 45.861300293108258 ], [ 11.685844122425957, 45.861254856386594 ], [ 11.685989303259232, 45.861270793277001 ], [ 11.68616768773383, 45.86128603896961 ], [ 11.686395436669278, 45.861288422294699 ], [ 11.686494546615277, 45.86127060963868 ], [ 11.686626292438101, 45.861240328267272 ], [ 11.686768301586319, 45.861190453786961 ], [ 11.687039960746695, 45.861010709044038 ], [ 11.687139186060826, 45.860880384615072 ], [ 11.687241512788418, 45.860699493266523 ], [ 11.687321147305207, 45.86050752497524 ], [ 11.687312930316347, 45.860337065432475 ], [ 11.687284879225114, 45.860217476411876 ], [ 11.687154304542981, 45.860042155414803 ], [ 11.687052083708108, 45.859877778024668 ], [ 11.686985183319459, 45.859700508595942 ], [ 11.687011412463333, 45.859552460252317 ], [ 11.686993625550169, 45.859413278187162 ], [ 11.686976579740927, 45.859289469848676 ], [ 11.687005600147875, 45.859087081714172 ], [ 11.687081079045127, 45.859038772207974 ], [ 11.687111850314471, 45.858987644316763 ], [ 11.687175389010447, 45.858924134548992 ], [ 11.687251049548371, 45.858879600926748 ], [ 11.687484139512065, 45.858878076075023 ], [ 11.687606681201258, 45.858886803108362 ], [ 11.687780457292078, 45.858921506204197 ], [ 11.688068514259344, 45.859023364419436 ], [ 11.688193856793989, 45.859090169269429 ], [ 11.68839288586274, 45.859186381719354 ], [ 11.688627408723308, 45.859332071971657 ], [ 11.6887411315618, 45.859387628949015 ], [ 11.688843710621157, 45.859326979303695 ], [ 11.688999510524358, 45.859218632902753 ], [ 11.689026610930121, 45.859147519429037 ], [ 11.689047865169471, 45.859011288663964 ], [ 11.689148072504647, 45.858904161061623 ], [ 11.689220747712897, 45.85879777176482 ], [ 11.689348001806813, 45.858674525908462 ], [ 11.689442057770407, 45.858552061743879 ], [ 11.689525851268042, 45.858449190653388 ], [ 11.689656225351362, 45.858387975672571 ], [ 11.689825515911362, 45.858329714234301 ], [ 11.689968505196942, 45.858303034434087 ], [ 11.690099811059451, 45.858261148462738 ], [ 11.690177027137777, 45.858251588939169 ], [ 11.690225641731784, 45.858223261664811 ], [ 11.690339287106681, 45.858162439984497 ], [ 11.690504048682691, 45.857951632585099 ], [ 11.690810900817782, 45.857754308315968 ], [ 11.690938226879256, 45.857747437840203 ], [ 11.691021290204205, 45.857741610261847 ], [ 11.691187661328685, 45.857737689703143 ], [ 11.691311324955393, 45.857769698044926 ], [ 11.691408315545315, 45.857825556664288 ], [ 11.691543924751739, 45.857872854439371 ], [ 11.691674614828676, 45.857935659153668 ], [ 11.691777085276861, 45.857987608017041 ], [ 11.691843417306027, 45.857982084201311 ], [ 11.691910131265461, 45.857984471916119 ], [ 11.691997976625691, 45.857962959701929 ], [ 11.692063188530922, 45.857934240375876 ], [ 11.69211124183359, 45.857894314611698 ], [ 11.692191558687187, 45.857834276803366 ], [ 11.692255085866783, 45.857770674413807 ], [ 11.692285233618088, 45.857704078654407 ], [ 11.692258857957874, 45.857619373973172 ], [ 11.692238703929906, 45.85754613348584 ], [ 11.692230739984298, 45.857495917372688 ], [ 11.692250249023468, 45.857441093302874 ], [ 11.69234400390306, 45.857427272086937 ], [ 11.69239927393193, 45.857422098760189 ], [ 11.692522919965755, 45.857395061705205 ], [ 11.692652116331859, 45.85742693817258 ], [ 11.692763403053771, 45.857432054722572 ], [ 11.692856971082609, 45.85741436719119 ], [ 11.692982237632272, 45.857364879734298 ], [ 11.693201067346852, 45.857297614420489 ], [ 11.693282693810739, 45.857264727011284 ], [ 11.693368852334441, 45.857208330845992 ], [ 11.693352607135576, 45.857104036009517 ], [ 11.693317642691133, 45.856953559060464 ], [ 11.693305955496529, 45.856596957439443 ], [ 11.693172951816653, 45.856083544714082 ], [ 11.693158143132536, 45.856006308004133 ], [ 11.693138797950997, 45.85595249009431 ], [ 11.693092536430084, 45.855914788109146 ], [ 11.693035023004679, 45.855873481131461 ], [ 11.692961471913051, 45.855844163232057 ], [ 11.692848130164258, 45.855796432046127 ], [ 11.692779738466852, 45.855759251783738 ], [ 11.692733477400809, 45.855721549641672 ], [ 11.692748145878364, 45.855678540488277 ], [ 11.692790162117692, 45.855631016197101 ], [ 11.692860658769295, 45.855594431213184 ], [ 11.692936932702565, 45.85556545050737 ], [ 11.6929866681684, 45.855560407387465 ], [ 11.693046157479239, 45.855527952129556 ], [ 11.693184465271797, 45.855404531270999 ], [ 11.693258622297547, 45.855329066727904 ], [ 11.693292034122367, 45.855274094580153 ], [ 11.693389441582013, 45.855221303364452 ], [ 11.694649665174815, 45.855222626189807 ], [ 11.694903743874205, 45.85519727912461 ], [ 11.695025659478553, 45.855190531719636 ], [ 11.695135816309502, 45.855172360847405 ], [ 11.69521208844672, 45.855143378675223 ], [ 11.695332567077228, 45.855109572776975 ], [ 11.695446307892924, 45.855109588415594 ], [ 11.695574129588207, 45.855110441603379 ], [ 11.695656960248764, 45.855217124763819 ], [ 11.695792433299111, 45.85526433069294 ], [ 11.695945571973185, 45.855330560911099 ], [ 11.69610236990019, 45.855357911546385 ], [ 11.696552807346755, 45.855490747300856 ], [ 11.69677781291205, 45.855551409089522 ], [ 11.696998969283049, 45.855646994017604 ], [ 11.697231757030117, 45.85575400466103 ], [ 11.697481143540086, 45.855860622795113 ], [ 11.698451549123289, 45.856354246199423 ], [ 11.698505124697435, 45.856542984785513 ], [ 11.698551355231196, 45.856697064213918 ], [ 11.698538040355924, 45.856879732786595 ], [ 11.698602120956119, 45.857056612181658 ], [ 11.698681209224354, 45.857085795589732 ], [ 11.698783867096703, 45.85714151405049 ], [ 11.699174643497727, 45.857244246926406 ], [ 11.699666061585908, 45.857302476111464 ], [ 11.699815703323161, 45.85729893845518 ], [ 11.700033526207818, 45.857269576720192 ], [ 11.70014049813388, 45.857185591279027 ], [ 11.700188357579174, 45.857141796392234 ], [ 11.700172041112319, 45.857033633872568 ], [ 11.700177476722287, 45.856917126473675 ], [ 11.700177005234352, 45.856793018097505 ], [ 11.700120890939777, 45.856666355112097 ], [ 11.700117325058015, 45.856592723785319 ], [ 11.700169027411164, 45.856513915361369 ], [ 11.700224482791517, 45.856512604117086 ], [ 11.70031898283588, 45.856514239910972 ], [ 11.700386631369499, 45.856535952092599 ], [ 11.70041348286995, 45.85651587565399 ], [ 11.700482723285512, 45.856456093852621 ], [ 11.700588565153021, 45.856348822913553 ], [ 11.700690563569887, 45.856276565411079 ], [ 11.700792624727525, 45.856208266656886 ], [ 11.700896125185263, 45.856167025848443 ], [ 11.700945860310544, 45.856161979228276 ], [ 11.700915753913504, 45.856112197436445 ], [ 11.700813844969456, 45.856071944372218 ], [ 11.700677804129388, 45.856013146968756 ], [ 11.700575521063328, 45.855965161940659 ], [ 11.700442679111218, 45.85591654935368 ], [ 11.700390505768128, 45.855871249535305 ], [ 11.700330918935208, 45.855787241983357 ], [ 11.700297817680807, 45.855675606082848 ], [ 11.70030934728497, 45.855570565441241 ], [ 11.70032313229542, 45.855512095005651 ], [ 11.70034904720808, 45.855472689252167 ], [ 11.700413877286943, 45.855436233567595 ], [ 11.700578925183109, 45.855405148513206 ], [ 11.70064009928023, 45.855407572137239 ], [ 11.700789026391222, 45.855501077524004 ], [ 11.700950014118082, 45.855617519262005 ], [ 11.701184494520504, 45.85575931451725 ], [ 11.701414476471374, 45.855808238569288 ], [ 11.701849300752267, 45.855844485279299 ], [ 11.702061178251322, 45.855862693980683 ], [ 11.702267773726883, 45.85588885787184 ], [ 11.70249625368727, 45.855906762918082 ], [ 11.702697253791056, 45.855929098145445 ], [ 11.702763961105799, 45.855931389658416 ], [ 11.702931266649795, 45.855946871337522 ], [ 11.703002377731661, 45.855925746709275 ], [ 11.703089528698575, 45.855892721494598 ], [ 11.703524609235258, 45.855591519849497 ], [ 11.703589565931086, 45.855555059369628 ], [ 11.703644324858841, 45.855542062075379 ], [ 11.703704690519968, 45.855525151707802 ], [ 11.703857100874798, 45.855520373073261 ], [ 11.70393500150475, 45.855522398918524 ], [ 11.704095140567386, 45.855506996185838 ], [ 11.704215984771757, 45.85548082284032 ], [ 11.704302696078528, 45.855436106195476 ], [ 11.704372868452936, 45.855395651457968 ], [ 11.704403562958438, 45.855340650365754 ], [ 11.704406086670565, 45.855278485856246 ], [ 11.704325498162246, 45.855218379533234 ], [ 11.704165313580301, 45.855121275011193 ], [ 11.704045869305128, 45.855062088576474 ], [ 11.703925858531525, 45.854991214541613 ], [ 11.703815408991307, 45.854889061614372 ], [ 11.703770166089894, 45.854758272686389 ], [ 11.703824765293671, 45.854625119831169 ], [ 11.7039536099781, 45.854532872267683 ], [ 11.704139653584564, 45.854477973131985 ], [ 11.70429803898822, 45.854423818636064 ], [ 11.705143990480044, 45.854353378747589 ], [ 11.70536070418528, 45.854359855861873 ], [ 11.705581578365672, 45.854335271576545 ], [ 11.705720087569722, 45.854328119606521 ], [ 11.705770008110321, 45.854326936826816 ], [ 11.705835020802734, 45.854294344009155 ], [ 11.705920095112264, 45.85421861252221 ], [ 11.706027239876711, 45.854138487673396 ], [ 11.706349942316397, 45.853754431443598 ], [ 11.706437665190606, 45.853616531988749 ], [ 11.706486083935106, 45.853584422086506 ], [ 11.706494137710926, 45.85352212641822 ], [ 11.706492069295297, 45.85347951215094 ], [ 11.706403500985056, 45.85336910254609 ], [ 11.706326623936148, 45.853273986960261 ], [ 11.705707641750051, 45.852701899079129 ], [ 11.705620201713417, 45.852614683886294 ], [ 11.70558293177614, 45.852534110603443 ], [ 11.705572701571139, 45.852437415483891 ], [ 11.705562279462281, 45.852336764626415 ], [ 11.705573803075326, 45.852231813503685 ], [ 11.705617143719964, 45.852095056184844 ], [ 11.705656640074526, 45.851993222605088 ], [ 11.705732339401145, 45.851952636037659 ], [ 11.70577814921965, 45.851925178601981 ], [ 11.706588848886675, 45.851471593433523 ], [ 11.706681834845044, 45.851442207415836 ], [ 11.706797516503119, 45.851423984280885 ], [ 11.70696392565695, 45.851423910101914 ], [ 11.707102990393862, 45.85142835417021 ], [ 11.707181319673325, 45.851441978489653 ], [ 11.707447555879552, 45.851439357010385 ], [ 11.70790278348556, 45.851440174201777 ], [ 11.708263707419594, 45.851443226074572 ], [ 11.708502987868078, 45.851453122325246 ], [ 11.708686685368724, 45.851464246478486 ], [ 11.708885097029597, 45.851436228264177 ], [ 11.70898248691147, 45.851383514128216 ], [ 11.709002357465286, 45.851336509151132 ], [ 11.70891913220283, 45.851222104375189 ], [ 11.708909084369227, 45.851129275511916 ], [ 11.708938411411383, 45.850818235784558 ], [ 11.709057510638477, 45.850528378218549 ], [ 11.709142776200093, 45.850340130966934 ], [ 11.709283741213749, 45.850158392855114 ], [ 11.709383646742094, 45.850043513832844 ], [ 11.70951744023967, 45.849939531599006 ], [ 11.709709822072544, 45.849787535373416 ], [ 11.710047433981552, 45.849539025174138 ], [ 11.710186756961834, 45.849434910915456 ], [ 11.710282446933149, 45.849347313260068 ], [ 11.710421448076628, 45.849239246036994 ], [ 11.710453072805519, 45.849203572710088 ], [ 11.71056128612879, 45.849132508863597 ], [ 11.710719296283091, 45.848986277136397 ], [ 11.710984923326256, 45.84875675415951 ], [ 11.711007431913572, 45.84856270473432 ], [ 11.710772900165043, 45.848337584277381 ], [ 11.710675218792423, 45.8480794226667 ], [ 11.71086901479593, 45.847903719046798 ], [ 11.711142581518958, 45.84783763993061 ], [ 11.711740578510106, 45.847652337917452 ], [ 11.712791560846235, 45.84736689573527 ], [ 11.713483870130888, 45.846933714848809 ], [ 11.713898979260321, 45.846931320996177 ], [ 11.714629270078532, 45.846839527220247 ], [ 11.714997760790151, 45.846972168059771 ], [ 11.715474993432343, 45.846931028523557 ], [ 11.716398740510085, 45.846440212187865 ], [ 11.717314458717389, 45.846001693433884 ], [ 11.718480697677528, 45.845899590645928 ], [ 11.719265904803397, 45.845843632754892 ], [ 11.719149013456979, 45.845630669197661 ], [ 11.718257212161065, 45.845026801644231 ], [ 11.717335029317509, 45.844377836438895 ], [ 11.716698871872874, 45.843998021323003 ], [ 11.715751208763402, 45.843562966202093 ], [ 11.714239143451181, 45.842951404599383 ], [ 11.71341007968481, 45.842668953315346 ], [ 11.712164767680319, 45.841826907858156 ], [ 11.71197728206441, 45.841779606434251 ], [ 11.711413370004829, 45.841361323102191 ], [ 11.710416286009734, 45.84015909635518 ], [ 11.709093391188086, 45.838990152566581 ], [ 11.707629379106288, 45.837833630092113 ], [ 11.706977776387667, 45.837132531232825 ], [ 11.704935745522382, 45.836136386078884 ], [ 11.704096039759266, 45.835370870647871 ], [ 11.703752605873992, 45.835163255331182 ], [ 11.703232811791565, 45.834882137771473 ], [ 11.70214771447627, 45.834148248652163 ], [ 11.701821652874749, 45.834043814675802 ], [ 11.700660972125867, 45.833404947049488 ], [ 11.700378832410516, 45.832678060655262 ], [ 11.700265834816284, 45.83212835854065 ], [ 11.699609376289814, 45.831296657959918 ], [ 11.699890417353634, 45.831211061037763 ], [ 11.700142673839967, 45.831137051253805 ], [ 11.700648335575947, 45.830967581099934 ], [ 11.701001310001152, 45.830835743007121 ], [ 11.701293736298755, 45.830713886756214 ], [ 11.701525454520748, 45.830593375973081 ], [ 11.701661056893551, 45.830500790749205 ], [ 11.701840456021724, 45.830304920946887 ], [ 11.702142413986875, 45.829999762311921 ], [ 11.702386705622658, 45.829764103021319 ], [ 11.702796030085695, 45.829222202958299 ], [ 11.70306777293295, 45.828798497364829 ], [ 11.703218736504311, 45.828518151571146 ], [ 11.703368611681556, 45.828093099694641 ], [ 11.703452833950831, 45.827878238684882 ], [ 11.703524092904695, 45.82771471860498 ], [ 11.703634211733041, 45.827473682284868 ], [ 11.703873333779494, 45.827131663513356 ], [ 11.704028823403947, 45.826944906962865 ], [ 11.7042797437974, 45.826594057223218 ], [ 11.704489951472519, 45.826282514241001 ], [ 11.704819997971494, 45.82586165375546 ], [ 11.705174227233057, 45.825504214612366 ], [ 11.705660947699078, 45.825117983140139 ], [ 11.705942676539783, 45.824898440370148 ], [ 11.706329502778635, 45.824586938938261 ], [ 11.706886265702897, 45.824190581479897 ], [ 11.707441257960925, 45.823704795992647 ], [ 11.707776384850023, 45.823458420493431 ], [ 11.708053778468738, 45.823277228342548 ], [ 11.708652967712613, 45.82282450152956 ], [ 11.709051535138627, 45.822453127369236 ], [ 11.709297338232208, 45.822247209507481 ], [ 11.709454522471173, 45.822098658303965 ], [ 11.709758254654856, 45.821831780094179 ], [ 11.710094240280647, 45.821478898612185 ], [ 11.710742476547198, 45.820833370979855 ], [ 11.711070083178573, 45.820557371775678 ], [ 11.711298437159224, 45.820368875177287 ], [ 11.711939983999242, 45.819829978132127 ], [ 11.712324881273524, 45.81948015870681 ], [ 11.712483628596372, 45.819361448590413 ] ] ] } },
{ "type": "Feature", "properties": { "codistat": "24127", "nomcom": "Lusiana Conco", "provincia": "VI", "area": 61120860.275440983, "perimetro": 40199.912, "id1": 583 }, "geometry": { "type": "Polygon", "coordinates": [ [ [ 11.599254822178816, 45.84440934121384 ], [ 11.602066409951259, 45.844059553911599 ], [ 11.603824061311533, 45.84388609229979 ], [ 11.604675143044332, 45.843716643064688 ], [ 11.605292501973979, 45.843652517227817 ], [ 11.606620988006398, 45.843488812697366 ], [ 11.607425104021994, 45.843337066141089 ], [ 11.608626658355959, 45.84300945353688 ], [ 11.609868364632367, 45.843031127379469 ], [ 11.610658018815959, 45.843079773780104 ], [ 11.611652113963743, 45.842906913007283 ], [ 11.613197351934859, 45.842788218660402 ], [ 11.613572539323032, 45.842646242688005 ], [ 11.615473785354313, 45.84146871903058 ], [ 11.616010987793116, 45.841222936748316 ], [ 11.618327199505769, 45.839735775698642 ], [ 11.619159270491519, 45.839166393126327 ], [ 11.619582793761383, 45.839039939996475 ], [ 11.619993019484268, 45.838630358519623 ], [ 11.620740038422676, 45.838279652291455 ], [ 11.621478442691803, 45.837745794718892 ], [ 11.622083188579953, 45.837415086668983 ], [ 11.62396818476107, 45.836154176645501 ], [ 11.624002428457318, 45.83612935799578 ], [ 11.624775694745312, 45.835568665722711 ], [ 11.626859242648633, 45.834220067331529 ], [ 11.628415039758515, 45.833317142192499 ], [ 11.629597411105603, 45.832589577969294 ], [ 11.631664004340328, 45.831391323061432 ], [ 11.634189892322963, 45.831333087341982 ], [ 11.635507245020827, 45.831953083914343 ], [ 11.635853654222553, 45.831962370263433 ], [ 11.637388287661908, 45.831626765182236 ], [ 11.638628160356692, 45.831614775321064 ], [ 11.639432924808441, 45.831479438782843 ], [ 11.640248742368502, 45.831077060056288 ], [ 11.6410637609003, 45.830658042589668 ], [ 11.641761375301099, 45.830275037870329 ], [ 11.641977483955655, 45.829803081614543 ], [ 11.642184210662025, 45.829301639630067 ], [ 11.642992690749718, 45.82881336403257 ], [ 11.644119561968202, 45.828295389372677 ], [ 11.644518030797228, 45.827928384286494 ], [ 11.644927221877424, 45.82711397399342 ], [ 11.645203278061906, 45.826190857170907 ], [ 11.645497321015046, 45.825647423112613 ], [ 11.645033253441021, 45.824629660864645 ], [ 11.645009595794519, 45.824130398987997 ], [ 11.645002562099489, 45.823981960045295 ], [ 11.644964463521664, 45.823177908222625 ], [ 11.644878455996592, 45.822710332720611 ], [ 11.644402637725408, 45.822117673690016 ], [ 11.64458471819883, 45.821912201105668 ], [ 11.646036410034169, 45.820827649322631 ], [ 11.648513470954386, 45.819115623923324 ], [ 11.651856282860939, 45.816779764198159 ], [ 11.656022006467378, 45.813955010387424 ], [ 11.656637532149684, 45.811436328220928 ], [ 11.657157226371888, 45.809590696706088 ], [ 11.658017887634202, 45.805858851576687 ], [ 11.657825276708209, 45.805170187433227 ], [ 11.658499231906717, 45.803879903925534 ], [ 11.659151784282543, 45.802813783168723 ], [ 11.660433141030522, 45.800503238199191 ], [ 11.660901413719214, 45.799597923003461 ], [ 11.661161953373556, 45.799124262637548 ], [ 11.661345246864583, 45.798830886846979 ], [ 11.661666847354295, 45.798356072203902 ], [ 11.661723545859299, 45.798290215228072 ], [ 11.661838160320606, 45.798078726169926 ], [ 11.661985106664076, 45.797687008236693 ], [ 11.662190620952469, 45.797131011040214 ], [ 11.662420419929568, 45.796523052933829 ], [ 11.662693940522626, 45.795920015336364 ], [ 11.662982767641449, 45.795314279870105 ], [ 11.66299673935467, 45.794727284673534 ], [ 11.662995652461554, 45.794229298077937 ], [ 11.663342180796157, 45.793622305946421 ], [ 11.663647320603289, 45.792975864716347 ], [ 11.663942060650259, 45.792340826157783 ], [ 11.664252372280194, 45.791751867375069 ], [ 11.664584933996158, 45.791192541107833 ], [ 11.664656494922372, 45.790958291534807 ], [ 11.66466084274068, 45.790944238922911 ], [ 11.664673920379872, 45.7909028002613 ], [ 11.66471197964038, 45.790786252328026 ], [ 11.664778254370285, 45.790584168753412 ], [ 11.664841919098972, 45.790486554903111 ], [ 11.664629234115296, 45.790370367748814 ], [ 11.663610197940574, 45.789997028364461 ], [ 11.663538004955543, 45.789967029604576 ], [ 11.663380013480486, 45.789899608630101 ], [ 11.663263700591791, 45.78985092704982 ], [ 11.66308976931057, 45.789781087173431 ], [ 11.662844541542984, 45.789683837182537 ], [ 11.661910150667513, 45.789679790241756 ], [ 11.661819261166631, 45.789802879152639 ], [ 11.661709933003202, 45.789938638823941 ], [ 11.661683348990817, 45.790047717692183 ], [ 11.661666373290648, 45.790180244594154 ], [ 11.66167446368261, 45.790271773793478 ], [ 11.661430119535058, 45.790303841099487 ], [ 11.660747717622582, 45.790393369761809 ], [ 11.66049294887423, 45.790438909116922 ], [ 11.660417125705266, 45.790470468133748 ], [ 11.659963372053012, 45.79073342002124 ], [ 11.659212882501052, 45.790998330205042 ], [ 11.658953425979179, 45.791123901982026 ], [ 11.658461639236194, 45.79149637265386 ], [ 11.657789375469157, 45.791913095191624 ], [ 11.657580921190833, 45.792094001583663 ], [ 11.657422493278036, 45.792206777718221 ], [ 11.657395528663228, 45.792256639378699 ], [ 11.657262646784456, 45.792406083983117 ], [ 11.657243691056287, 45.793087072485982 ], [ 11.657488100960499, 45.793610719464468 ], [ 11.657657572367755, 45.794122338804577 ], [ 11.657628380511792, 45.794301233217212 ], [ 11.6576447652435, 45.794472586326137 ], [ 11.657851109091151, 45.794766518958511 ], [ 11.658088304089327, 45.795143620175146 ], [ 11.658222721817479, 45.795288733677758 ], [ 11.658698878902268, 45.795587634556554 ], [ 11.659289061766954, 45.795732755483755 ], [ 11.659436178136829, 45.79588774267684 ], [ 11.659499884344614, 45.795933963031366 ], [ 11.65954242901002, 45.796154660752599 ], [ 11.659368751220468, 45.796322969356879 ], [ 11.659218613090518, 45.796385690683287 ], [ 11.659264990015735, 45.796562555614479 ], [ 11.659346676074234, 45.796875679764952 ], [ 11.659435767584666, 45.797095653533511 ], [ 11.659582630491057, 45.797342544139127 ], [ 11.659795619498629, 45.797548561040379 ], [ 11.66015877259186, 45.797789602798211 ], [ 11.660171889525516, 45.797843481746803 ], [ 11.659903273645011, 45.798155674556021 ], [ 11.659576441454467, 45.798528987557866 ], [ 11.659567830887658, 45.798748176397389 ], [ 11.658989301740354, 45.798767499388767 ], [ 11.658635324180738, 45.798470525713192 ], [ 11.658489700417446, 45.798403800145998 ], [ 11.658336837360881, 45.798320141477411 ], [ 11.658214048743504, 45.798227591875403 ], [ 11.658080856104045, 45.798154365898334 ], [ 11.657841084607366, 45.798093971282128 ], [ 11.657624778581566, 45.798050761547429 ], [ 11.657509694228224, 45.798066040881736 ], [ 11.657419456896251, 45.798070751094947 ], [ 11.657244495757018, 45.798041879744076 ], [ 11.656832667451299, 45.797975765787179 ], [ 11.656471585695776, 45.797913330242231 ], [ 11.656267345717586, 45.797877577870473 ], [ 11.656131026308735, 45.797825124109004 ], [ 11.65595858028014, 45.797697544048013 ], [ 11.655819257182221, 45.797581884436653 ], [ 11.655698896452218, 45.797407638831643 ], [ 11.65566768614784, 45.797284334280576 ], [ 11.655611668636876, 45.797093920971285 ], [ 11.65553678464968, 45.796888285036488 ], [ 11.655454822982312, 45.796685333848949 ], [ 11.65533626555297, 45.796473152695881 ], [ 11.655191429560153, 45.796317207123167 ], [ 11.655003877013634, 45.796174855570634 ], [ 11.654795453933538, 45.796048200230608 ], [ 11.654629498713206, 45.795981222324464 ], [ 11.654688738320543, 45.795895598118136 ], [ 11.654798090073113, 45.795732662469604 ], [ 11.65468481760632, 45.795566621658324 ], [ 11.65433412240562, 45.79532698305718 ], [ 11.654659744742109, 45.794941381990036 ], [ 11.654087944020342, 45.79454351872949 ], [ 11.65417065153332, 45.794434577410392 ], [ 11.654013184680618, 45.794313216780729 ], [ 11.653689857197289, 45.794061689113924 ], [ 11.653413827377488, 45.793855055430058 ], [ 11.653374420431364, 45.793832659138332 ], [ 11.653097606712018, 45.793663666022852 ], [ 11.652366349592748, 45.79336751692837 ], [ 11.652214378947075, 45.793307591331967 ], [ 11.651743428319659, 45.793252822968149 ], [ 11.651659579074117, 45.793226597666376 ], [ 11.651578029530267, 45.793183757530159 ], [ 11.651499936974691, 45.793143267244417 ], [ 11.650827645305148, 45.792644122149383 ], [ 11.650379295165351, 45.792496025735936 ], [ 11.650032453621236, 45.792374824353821 ], [ 11.649111332974449, 45.792144085431588 ], [ 11.648412851354774, 45.791995663167874 ], [ 11.648323425673002, 45.791976585309136 ], [ 11.647501428311978, 45.791518515593182 ], [ 11.646802285971372, 45.791130408530087 ], [ 11.646165545470406, 45.79068504646655 ], [ 11.645973946410738, 45.790448175823208 ], [ 11.645707033337301, 45.790153194710669 ], [ 11.645237834104295, 45.78963184953718 ], [ 11.645072220288437, 45.789435508849095 ], [ 11.645024100313448, 45.789378388551377 ], [ 11.645002529784287, 45.789354856144719 ], [ 11.64484254243879, 45.789184937073962 ], [ 11.64448870467583, 45.788591610910636 ], [ 11.64423042333415, 45.788296516389998 ], [ 11.644012442202861, 45.788116238007255 ], [ 11.643362643731754, 45.788043704084544 ], [ 11.643122416863344, 45.788018662056167 ], [ 11.642881496804701, 45.787968073434101 ], [ 11.642642140678715, 45.787917898067825 ], [ 11.641839000895189, 45.787693190813286 ], [ 11.641313561586594, 45.787592205944193 ], [ 11.640976281494236, 45.787508919085766 ], [ 11.640342172602184, 45.787297123348978 ], [ 11.63974872798093, 45.786832092675816 ], [ 11.639064315395851, 45.786519203968211 ], [ 11.63856326069034, 45.786498379759976 ], [ 11.638544178912214, 45.786483879405182 ], [ 11.638287274083856, 45.786287927989726 ], [ 11.636878365635162, 45.785021660052386 ], [ 11.636767346653063, 45.784915404325119 ], [ 11.636701511701533, 45.784853379075869 ], [ 11.636632517611996, 45.784787106342655 ], [ 11.636582709126696, 45.784740282312541 ], [ 11.636484919896109, 45.784649922233015 ], [ 11.636489325928533, 45.784590595463158 ], [ 11.635795918125936, 45.784238741474745 ], [ 11.635332908185426, 45.78409119418648 ], [ 11.635240958668621, 45.784064603718491 ], [ 11.635038626807141, 45.784005187294788 ], [ 11.634280044200892, 45.783828722775276 ], [ 11.633712051617652, 45.783740925573838 ], [ 11.633000707265742, 45.783649500384392 ], [ 11.632665902851027, 45.783623466739229 ], [ 11.632185925443082, 45.783538763181511 ], [ 11.63158499461422, 45.783450724574713 ], [ 11.631324922633068, 45.783429895339331 ], [ 11.631152206171226, 45.78344197575985 ], [ 11.631105042164307, 45.783350084533446 ], [ 11.631108805773565, 45.783151260928513 ], [ 11.630774536237279, 45.783095506875718 ], [ 11.630336929735021, 45.782995238165284 ], [ 11.630083935510527, 45.782947060768649 ], [ 11.62997749163743, 45.78272440314624 ], [ 11.629823924703039, 45.782405172364939 ], [ 11.629707145291309, 45.78221434518133 ], [ 11.629627993485965, 45.781920942742943 ], [ 11.629556562096273, 45.781739692037014 ], [ 11.629556454130302, 45.781570570127016 ], [ 11.629309973398023, 45.781529441638831 ], [ 11.628813435062694, 45.78144222496524 ], [ 11.62833621150709, 45.781369052841924 ], [ 11.627639908200381, 45.781353214485875 ], [ 11.627382062075693, 45.781384979559817 ], [ 11.627328284221139, 45.781133025266016 ], [ 11.62709420073292, 45.781114738739937 ], [ 11.626779836430352, 45.781383712759528 ], [ 11.626705893323761, 45.781469120800459 ], [ 11.62648607526387, 45.78159568726204 ], [ 11.626440513210273, 45.781634483444833 ], [ 11.626284332059537, 45.781767471481558 ], [ 11.626185529137988, 45.781488019748458 ], [ 11.626129135937102, 45.781363755925639 ], [ 11.625696134797051, 45.780854368630983 ], [ 11.625373734471038, 45.780686626312267 ], [ 11.625253500048105, 45.780854644621208 ], [ 11.624933735829872, 45.781397811062817 ], [ 11.624826089189108, 45.781581920935757 ], [ 11.624626730595461, 45.781456622105047 ], [ 11.624281100086074, 45.781309212334556 ], [ 11.624007714454555, 45.781270310814733 ], [ 11.623957469684418, 45.781235822328426 ], [ 11.623344367789709, 45.7812851016267 ], [ 11.623175674434828, 45.781253963846439 ], [ 11.62189154629209, 45.78113512208698 ], [ 11.621210721385721, 45.780982887509779 ], [ 11.620258796802545, 45.780848570777032 ], [ 11.620008771464951, 45.780816684313493 ], [ 11.620098448383882, 45.780531552650267 ], [ 11.62029057390447, 45.779992318668867 ], [ 11.620321894891077, 45.779878370327978 ], [ 11.620365419356057, 45.779807975660638 ], [ 11.620350083199781, 45.779755223049385 ], [ 11.620201041436186, 45.779715079199484 ], [ 11.619766074112349, 45.779642701793499 ], [ 11.619142898403712, 45.779534316166057 ], [ 11.618257394273527, 45.779158588803959 ], [ 11.617966071019765, 45.77905770877053 ], [ 11.617696578419704, 45.779016452691621 ], [ 11.617462448965876, 45.779005168037223 ], [ 11.616608568994668, 45.779054619379558 ], [ 11.615765396635107, 45.779047024183626 ], [ 11.614820332516294, 45.779250933799744 ], [ 11.614498351351125, 45.779248045204028 ], [ 11.614301808506793, 45.779317080440492 ], [ 11.61399865266648, 45.779337161448289 ], [ 11.613203574093884, 45.779722860014537 ], [ 11.612982623408104, 45.779880749066507 ], [ 11.612882942403118, 45.779806703416 ], [ 11.61269945130722, 45.779695421889038 ], [ 11.612420492931966, 45.779809453117103 ], [ 11.612020398997601, 45.779965677895213 ], [ 11.611322101867321, 45.780228899266803 ], [ 11.610275233901142, 45.780495854250709 ], [ 11.609603549362108, 45.780720473544207 ], [ 11.608796336094642, 45.780891300270078 ], [ 11.608466016724851, 45.780977332682887 ], [ 11.608416774675023, 45.780812483375783 ], [ 11.608531431930096, 45.780601046591222 ], [ 11.608756878556875, 45.780552962850528 ], [ 11.608655937773333, 45.780382904151708 ], [ 11.608557656683605, 45.78023123614944 ], [ 11.608494109894899, 45.780148530578643 ], [ 11.608434792845848, 45.780015864092427 ], [ 11.608453794217629, 45.779857916668924 ], [ 11.608449299437536, 45.779750550209407 ], [ 11.608232880596853, 45.779837670469909 ], [ 11.607844301431172, 45.779893529059613 ], [ 11.607693370610082, 45.779956110791552 ], [ 11.607633861268964, 45.780001303419262 ], [ 11.607536049112213, 45.780014067796301 ], [ 11.607351633274085, 45.779946182513598 ], [ 11.6069977953372, 45.780068480703093 ], [ 11.606909662242645, 45.779908118856085 ], [ 11.6067442661983, 45.779682555013224 ], [ 11.606610567119377, 45.779507751778333 ], [ 11.606253212097652, 45.779648399488586 ], [ 11.60582003025022, 45.780016875637969 ], [ 11.605599474938778, 45.780330004496598 ], [ 11.605022517415362, 45.780539474233926 ], [ 11.604784544336148, 45.78067217345162 ], [ 11.604234293358962, 45.780441612719386 ], [ 11.603001317952165, 45.780132645632719 ], [ 11.602631356041874, 45.780060791295242 ], [ 11.602482081465567, 45.780031970580566 ], [ 11.602186795036101, 45.779983615064594 ], [ 11.601433350617871, 45.779695745585904 ], [ 11.60068314860146, 45.779682050590452 ], [ 11.600675103643901, 45.779533991220028 ], [ 11.600607685294326, 45.779351190907143 ], [ 11.600597039211857, 45.779227402795222 ], [ 11.600604150488271, 45.779142453657585 ], [ 11.600609129437355, 45.779083565263463 ], [ 11.600729562300662, 45.778821510479403 ], [ 11.600906809253569, 45.778613876302202 ], [ 11.600933521423654, 45.778377897887808 ], [ 11.601042669743006, 45.778207907562091 ], [ 11.601311999857575, 45.778066311125635 ], [ 11.601509172206125, 45.778005024600823 ], [ 11.601622604586906, 45.777952036109696 ], [ 11.601769633131815, 45.777813854857072 ], [ 11.601631425468783, 45.777450492401499 ], [ 11.601484768182376, 45.777204062215823 ], [ 11.601525713303483, 45.77706946801468 ], [ 11.601664789179702, 45.77676594395566 ], [ 11.601676699020322, 45.776739930430089 ], [ 11.601706357600664, 45.776675169241692 ], [ 11.601703904212885, 45.776627971092751 ], [ 11.601588883344194, 45.776226547052758 ], [ 11.601631123948376, 45.775837831576126 ], [ 11.601640107052496, 45.775685333884709 ], [ 11.601654189759445, 45.775448922876954 ], [ 11.601681065206989, 45.775197189071854 ], [ 11.60168488644776, 45.774983513746811 ], [ 11.601678075345225, 45.7748260653903 ], [ 11.601666784483179, 45.774738205083317 ], [ 11.601642971717247, 45.77463001831461 ], [ 11.601632028827861, 45.774521988314476 ], [ 11.601630463242488, 45.774427515913516 ], [ 11.601635010667803, 45.774351085772231 ], [ 11.601613655460415, 45.774290187027681 ], [ 11.60155144257339, 45.774174954383049 ], [ 11.601545948157957, 45.774159148185184 ], [ 11.601534494337104, 45.774125836235605 ], [ 11.601527927815836, 45.774103573926389 ], [ 11.601547432350131, 45.774072166882092 ], [ 11.601589539896738, 45.773995781130282 ], [ 11.601621915805961, 45.773939688787401 ], [ 11.601631771139797, 45.77390823158072 ], [ 11.601638238524821, 45.773892422893312 ], [ 11.601638353328539, 45.773870008344019 ], [ 11.601635175846901, 45.773854239412294 ], [ 11.601632117896592, 45.773827216749005 ], [ 11.601632319404052, 45.773784548492024 ], [ 11.601635741990165, 45.77375305781505 ], [ 11.601635987086942, 45.773705798172465 ], [ 11.601636091705661, 45.773688694310593 ], [ 11.601636145532542, 45.773678792268569 ], [ 11.601636260336354, 45.773656377706637 ], [ 11.601636457599181, 45.773613619537571 ], [ 11.601636663883022, 45.773582112159033 ], [ 11.601646280036599, 45.773573162332056 ], [ 11.601668948598434, 45.773546183611103 ], [ 11.60168189168964, 45.773514746045677 ], [ 11.601695011059933, 45.773478804079943 ], [ 11.601695236403936, 45.77343388508762 ], [ 11.601682607263276, 45.773375307769484 ], [ 11.601663495760354, 45.773346040629278 ], [ 11.601663582448166, 45.773325786924126 ], [ 11.60165729748023, 45.77331233896345 ], [ 11.601638086190851, 45.773291984868422 ], [ 11.601621975931351, 45.773282991096707 ], [ 11.60158676795572, 45.773267141782561 ], [ 11.601564329668966, 45.773260362343876 ], [ 11.601554767436904, 45.773240058394443 ], [ 11.601523001291209, 45.773179306826364 ], [ 11.601513406289524, 45.773150002892656 ], [ 11.601488001122755, 45.773096036975367 ], [ 11.601462291777947, 45.772949820053 ], [ 11.601456707965708, 45.772918264517031 ], [ 11.601371196263509, 45.772686462464954 ], [ 11.60125659528126, 45.772468014025932 ], [ 11.60117959096681, 45.772427374470517 ], [ 11.601070778405441, 45.772341645424909 ], [ 11.600987629160528, 45.772273963381856 ], [ 11.600968494516328, 45.772246946848298 ], [ 11.600907885439879, 45.772152289013505 ], [ 11.600834574617624, 45.772030648130347 ], [ 11.600814175084139, 45.772001320168116 ], [ 11.600675077896517, 45.771800890570411 ], [ 11.600515501972046, 45.771566634220996 ], [ 11.60051887721165, 45.771539645040676 ], [ 11.600509844541872, 45.771494756845563 ], [ 11.600496749057893, 45.771467602693455 ], [ 11.60047767816457, 45.771422583080927 ], [ 11.600471345715556, 45.771413636528088 ], [ 11.600458544031051, 45.771395566457564 ], [ 11.600407506937986, 45.7713324631451 ], [ 11.600384965052884, 45.77132343564805 ], [ 11.600343326205952, 45.771307552380016 ], [ 11.600279197634514, 45.771278230001066 ], [ 11.600263227846934, 45.771255641649574 ], [ 11.600228160853353, 45.771215126600524 ], [ 11.600202450783579, 45.771201580808892 ], [ 11.600189705813291, 45.77119025997078 ], [ 11.60016082743789, 45.77117219591296 ], [ 11.600087600711072, 45.771129759448726 ], [ 11.600071080793485, 45.771120234757895 ], [ 11.600029446407856, 45.771104441260988 ], [ 11.599942796323543, 45.771063750472344 ], [ 11.599907638185725, 45.771043399083851 ], [ 11.599846770114231, 45.77100950184807 ], [ 11.5998338727935, 45.771000434683373 ], [ 11.599789046358476, 45.770982373599075 ], [ 11.599728115043732, 45.770966479278165 ], [ 11.599692756605048, 45.770952882986656 ], [ 11.599519501756058, 45.770911193151797 ], [ 11.599410385114737, 45.770882444363217 ], [ 11.599349401709201, 45.770859890476665 ], [ 11.599292395914636, 45.770834365752386 ], [ 11.599275669403642, 45.770825925700947 ], [ 11.599224402491563, 45.770796579982118 ], [ 11.599208445827841, 45.770785332213826 ], [ 11.599186020169563, 45.770764960830739 ], [ 11.599128360622897, 45.770719829196864 ], [ 11.59912516424488, 45.770706400790132 ], [ 11.599118843553999, 45.770683862709362 ], [ 11.599115839315948, 45.770652428381737 ], [ 11.59911275877788, 45.770627656337112 ], [ 11.59910963873185, 45.770618636582043 ], [ 11.599103309658343, 45.770584847702906 ], [ 11.599103617586389, 45.770544427196036 ], [ 11.599103952602068, 45.770476913758976 ], [ 11.599104007884273, 45.770447660012046 ], [ 11.599094451242506, 45.770427445751963 ], [ 11.599072294121282, 45.770382406128824 ], [ 11.599020891735691, 45.770267106005591 ], [ 11.599011845969454, 45.770249580336994 ], [ 11.598980047839817, 45.77017973795035 ], [ 11.598973683406749, 45.770161791274717 ], [ 11.598932085553722, 45.770130155188085 ], [ 11.59889364433079, 45.770116628826052 ], [ 11.598867959049352, 45.770100831972876 ], [ 11.598819961418558, 45.770078162256468 ], [ 11.598742970487569, 45.770048771688977 ], [ 11.598733394145993, 45.770041969027808 ], [ 11.598691704571126, 45.770019425734198 ], [ 11.598646746669239, 45.770001277162173 ], [ 11.598621189971734, 45.769985477337563 ], [ 11.598541007204187, 45.76995381907799 ], [ 11.598457512186078, 45.769931146892333 ], [ 11.59840617847499, 45.769919713851756 ], [ 11.59834840849078, 45.769897086316398 ], [ 11.59832287597254, 45.769879035662605 ], [ 11.59830679129308, 45.76986779062652 ], [ 11.598249173842751, 45.769842909372258 ], [ 11.598188179625348, 45.769809014078703 ], [ 11.598108025474195, 45.769786265674092 ], [ 11.59809194081075, 45.769775020583801 ], [ 11.598056832258013, 45.769750167173243 ], [ 11.598005470751792, 45.769729823823695 ], [ 11.597983058328744, 45.769720792905602 ], [ 11.597960517404299, 45.769711764906589 ], [ 11.597918856403634, 45.769698131441032 ], [ 11.597906044255581, 45.769693652490687 ], [ 11.597886843811064, 45.769684548499612 ], [ 11.597867599406813, 45.769680035886687 ], [ 11.597825692043259, 45.769661097506962 ], [ 11.597809902026736, 45.769650655793932 ], [ 11.597790597212448, 45.769639303934561 ], [ 11.597752156607239, 45.769625777173523 ], [ 11.597742604567886, 45.769616723689893 ], [ 11.597720135959973, 45.769600943393002 ], [ 11.597697763642346, 45.769576160140957 ], [ 11.597685151956972, 45.769528922926284 ], [ 11.597685240176109, 45.769508669153311 ], [ 11.597685328343553, 45.769488415430374 ], [ 11.597685625078476, 45.769436654222595 ], [ 11.597701857931714, 45.769398481655472 ], [ 11.597721306790366, 45.76936032599253 ], [ 11.597731235859083, 45.769322116826068 ], [ 11.597737860366447, 45.769268141488972 ], [ 11.597738068840037, 45.769236634056888 ], [ 11.597738289426134, 45.769180464187357 ], [ 11.597738394335106, 45.769160570051376 ], [ 11.597738570185633, 45.769142204480218 ], [ 11.59773881875023, 45.769094944756247 ], [ 11.597752136218958, 45.769005084038781 ], [ 11.597748960179915, 45.768989314940114 ], [ 11.597739628749393, 45.768924091556116 ], [ 11.597735030168613, 45.768905384569372 ], [ 11.597730261320294, 45.768885781311859 ], [ 11.597727089428654, 45.76887010211334 ], [ 11.597723977504959, 45.768836330001477 ], [ 11.597618289220302, 45.768784369488053 ], [ 11.597570124661441, 45.768777454414931 ], [ 11.597522004350047, 45.768754876925279 ], [ 11.597493136156109, 45.768748062920736 ], [ 11.597460979677905, 45.768747984303133 ], [ 11.597326050131795, 45.768747633044669 ], [ 11.597293941877997, 45.768743052870924 ], [ 11.597248921107306, 45.768742906768743 ], [ 11.597149340052519, 45.768744901569235 ], [ 11.596982161758007, 45.76875356407357 ], [ 11.59695316897448, 45.768757913728628 ], [ 11.596831405147206, 45.768766893298789 ], [ 11.596805387215626, 45.768768835098768 ], [ 11.596692789135675, 45.768773015688417 ], [ 11.596590016004972, 45.768772742430862 ], [ 11.596538687888129, 45.768761398451531 ], [ 11.596484208250537, 45.768732034544811 ], [ 11.596448996713425, 45.768704932743567 ], [ 11.596385074629085, 45.768632849803211 ], [ 11.596340581760241, 45.768536022938768 ], [ 11.596324892438933, 45.768464013415176 ], [ 11.596318899520064, 45.768387553047326 ], [ 11.596277437782943, 45.768319999796581 ], [ 11.596210453673537, 45.768209643023781 ], [ 11.596159424370907, 45.768146537625029 ], [ 11.596143432975438, 45.768126199369256 ], [ 11.596131052976785, 45.768034042820126 ], [ 11.596127094901354, 45.767982018311784 ], [ 11.5961250803756, 45.767955241800607 ], [ 11.596122247765742, 45.767872048989254 ], [ 11.596138618308586, 45.767809121414885 ], [ 11.596119806364939, 45.767716931058359 ], [ 11.596103964947986, 45.767647175149726 ], [ 11.596053088905199, 45.767581816012616 ], [ 11.596011676452859, 45.76750976113361 ], [ 11.595967064552083, 45.767424187795029 ], [ 11.595909644808023, 45.767345296186441 ], [ 11.595874475041695, 45.767302441881618 ], [ 11.595672558354828, 45.767216483871749 ], [ 11.595505562362224, 45.76718463655881 ], [ 11.595415987982266, 45.767105665442074 ], [ 11.595384353078403, 45.767033658159995 ], [ 11.595288178010652, 45.76697040829734 ], [ 11.595188823115528, 45.7669162314224 ], [ 11.59508972266978, 45.766825955548001 ], [ 11.594948669316128, 45.766773896119851 ], [ 11.594859007145809, 45.766715178321405 ], [ 11.59484420211774, 45.766709304224946 ], [ 11.59472747359615, 45.766663172364453 ], [ 11.594525201157477, 45.766622134280063 ], [ 11.594438649450286, 45.766597188434332 ], [ 11.594274920264999, 45.766560854682048 ], [ 11.594149701635335, 45.766531296565724 ], [ 11.59403103609149, 45.766490518444598 ], [ 11.593918684617984, 45.766472188752324 ], [ 11.593893164694462, 45.766429384696472 ], [ 11.593790554981316, 45.766390941878036 ], [ 11.593761875075991, 45.766354870135451 ], [ 11.593729993114868, 45.766294118943115 ], [ 11.593685489884058, 45.766210792460555 ], [ 11.593637715157055, 45.766120699644901 ], [ 11.593619236024846, 45.765985657602506 ], [ 11.593600356283746, 45.765900218960319 ], [ 11.593589112280373, 45.765807496270931 ], [ 11.593610241333291, 45.765769483148929 ], [ 11.593637613438631, 45.765738528839755 ], [ 11.593672274734367, 45.765676176245151 ], [ 11.59367698622672, 45.765525396138642 ], [ 11.59372639075978, 45.765442636944769 ], [ 11.59375060884993, 45.765351989037832 ], [ 11.59373184378037, 45.765291209932144 ], [ 11.593601951799501, 45.765255096770183 ], [ 11.593427357781891, 45.765236740114979 ], [ 11.593335680653555, 45.765159435260088 ], [ 11.593319563776685, 45.765189053806672 ], [ 11.593286031318403, 45.765242469889898 ], [ 11.593147699189108, 45.765287824906373 ], [ 11.593053676048088, 45.765301390995042 ], [ 11.592781767486619, 45.765372640664452 ], [ 11.592660441556804, 45.765399247402485 ], [ 11.59242139065242, 45.765452468720312 ], [ 11.592388127138948, 45.765475635790466 ], [ 11.592356504543268, 45.765498135560918 ], [ 11.592202970711249, 45.765545724721356 ], [ 11.5920697784839, 45.76560212274677 ], [ 11.591923087588158, 45.765689159633503 ], [ 11.591837003988022, 45.765754749011634 ], [ 11.591799531092533, 45.765784221991431 ], [ 11.591770208692498, 45.765809189595309 ], [ 11.591720608844524, 45.765851718903861 ], [ 11.591634937175826, 45.765926209560092 ], [ 11.591527537701792, 45.766020274883125 ], [ 11.59148263955605, 45.766056036805395 ], [ 11.591348401595106, 45.766167632478698 ], [ 11.591262595041361, 45.76623645541293 ], [ 11.591193050759895, 45.7662898779692 ], [ 11.59108053922051, 45.766362457004121 ], [ 11.590984735905073, 45.766412604905256 ], [ 11.59084559155704, 45.766479397410102 ], [ 11.590694261672061, 45.766541335754923 ], [ 11.590645918635916, 45.766558273892365 ], [ 11.590558667880309, 45.766587615610611 ], [ 11.590508451772607, 45.766605766247871 ], [ 11.590335531484117, 45.766676384610825 ], [ 11.590302701661107, 45.766681179662626 ], [ 11.590283196623364, 45.766690442866327 ], [ 11.590251110915617, 45.766705751912859 ], [ 11.590215697408683, 45.766721406494121 ], [ 11.590177067922612, 45.7667370439774 ], [ 11.590151375376156, 45.766745997457427 ], [ 11.590048417187207, 45.766774975015636 ], [ 11.589980750591815, 45.766799551745009 ], [ 11.589845541559303, 45.766848612254073 ], [ 11.589668539480991, 45.766908881269018 ], [ 11.589523637330737, 45.766962481568683 ], [ 11.5894849830747, 45.766980369596993 ], [ 11.589462359847992, 45.767002844493078 ], [ 11.589449373882358, 45.76701402992326 ], [ 11.589404294044538, 45.76704313455803 ], [ 11.589375263194738, 45.767063324516378 ], [ 11.589330176883669, 45.767081178314633 ], [ 11.589308615432456, 45.76708769771151 ], [ 11.589278687111586, 45.767096837074433 ], [ 11.589246586736504, 45.767103505449313 ], [ 11.589207877059215, 45.767114644033327 ], [ 11.589143498935998, 45.767132485109315 ], [ 11.589047040576276, 45.767154653812462 ], [ 11.589018131656841, 45.767163589963083 ], [ 11.589008414614028, 45.767170380831189 ], [ 11.589001884941965, 45.767179349636777 ], [ 11.588966428239525, 45.767210756150732 ], [ 11.588953521783665, 45.767226440073408 ], [ 11.588924441799586, 45.767251131442443 ], [ 11.588911535330411, 45.767266815371734 ], [ 11.588898500383708, 45.767282502217334 ], [ 11.588875950066882, 45.767298224771629 ], [ 11.58878904151957, 45.767329447565523 ], [ 11.588776104255572, 45.767336131390302 ], [ 11.588705422166674, 45.767353935129748 ], [ 11.588669928207345, 45.767365090654181 ], [ 11.588599166533248, 45.76737839573304 ], [ 11.588530297551985, 45.767385357329857 ], [ 11.58849648616105, 45.767396744687382 ], [ 11.58846884562082, 45.767408082142417 ], [ 11.58825440037921, 45.76746802758651 ], [ 11.588005023524328, 45.767559636928191 ], [ 11.587725889797921, 45.767653000147419 ], [ 11.587627612422711, 45.767685919808237 ], [ 11.587314303209896, 45.767805078592907 ], [ 11.58721870195054, 45.767859719120139 ], [ 11.587007092545839, 45.7678948458096 ], [ 11.586934036523743, 45.767925303340519 ], [ 11.586906399552689, 45.767936730356382 ], [ 11.586831325197965, 45.76796804358699 ], [ 11.586683599471833, 45.767969049677781 ], [ 11.586281848883946, 45.767969598508287 ], [ 11.585898899998968, 45.767931736889231 ], [ 11.585706363755284, 45.767951037950859 ], [ 11.585476372178389, 45.768044813047354 ], [ 11.585358750467227, 45.768137843865254 ], [ 11.585250713428669, 45.768223996981547 ], [ 11.585148150836588, 45.768244950431885 ], [ 11.584943238624515, 45.768302603666413 ], [ 11.584661365439299, 45.768367488907899 ], [ 11.584436762517329, 45.768391473945968 ], [ 11.584093047399111, 45.768398352257016 ], [ 11.583922242957806, 45.768425979276572 ], [ 11.583541444632523, 45.768487609663865 ], [ 11.583177257235775, 45.768605387892507 ], [ 11.583153000579209, 45.768612057106417 ], [ 11.583122386763547, 45.768623100508094 ], [ 11.582830920420921, 45.768747693369924 ], [ 11.582678307228198, 45.768812800340001 ], [ 11.582650821862302, 45.768819182453804 ], [ 11.582333662110253, 45.768891520563251 ], [ 11.582259924634061, 45.76888220721743 ], [ 11.582150634708977, 45.768882878177521 ], [ 11.582054309817154, 45.768885776277472 ], [ 11.58192276213353, 45.768900181598795 ], [ 11.581816693496425, 45.768900959610711 ], [ 11.581752508676582, 45.768903580836572 ], [ 11.581681332339846, 45.768907980233294 ], [ 11.581666963590195, 45.768908755106914 ], [ 11.581585421850809, 45.768911498613363 ], [ 11.581540525253537, 45.768914043706971 ], [ 11.581521903376238, 45.768914177871018 ], [ 11.581476240823289, 45.768914506840822 ], [ 11.58138305292611, 45.768912923077529 ], [ 11.581302613162809, 45.768908890900448 ], [ 11.581071315986144, 45.768910518680165 ], [ 11.581012822929003, 45.768863686610153 ], [ 11.580983420869565, 45.768836898775739 ], [ 11.580890174688006, 45.768828475343376 ], [ 11.580745637567, 45.768831741896925 ], [ 11.580712866765099, 45.768830919174761 ], [ 11.58060412968416, 45.768828189225616 ], [ 11.580398520069947, 45.768831845381634 ], [ 11.580166429379306, 45.768777234389731 ], [ 11.579818360979196, 45.768712101975055 ], [ 11.579719171626065, 45.768689140602739 ], [ 11.579563692347156, 45.768653139426959 ], [ 11.579515077313962, 45.768619674610491 ], [ 11.57928246119568, 45.76853132081925 ], [ 11.578889976039431, 45.768506972211355 ], [ 11.578649272555833, 45.768522128651114 ], [ 11.578530398235426, 45.768529673302766 ], [ 11.578152244949164, 45.768604187096443 ], [ 11.577763423144738, 45.768609094393454 ], [ 11.577712044694675, 45.768604943725421 ], [ 11.57768301299958, 45.768602898819388 ], [ 11.577502854954142, 45.768583923330247 ], [ 11.577219074640256, 45.768518322010706 ], [ 11.576998456241546, 45.768433473100416 ], [ 11.576986930686314, 45.768428962763046 ], [ 11.57696061387669, 45.768418845729336 ], [ 11.576821503955994, 45.768350068656417 ], [ 11.576616523105978, 45.768286377986733 ], [ 11.576602038528113, 45.768281844403198 ], [ 11.576360888465995, 45.768267753560977 ], [ 11.576165031667536, 45.768284863212735 ], [ 11.576020677087646, 45.76830603120662 ], [ 11.575875694377258, 45.768324468874383 ], [ 11.575703197213331, 45.768346405341923 ], [ 11.57540113564337, 45.768352947996718 ], [ 11.575111455356538, 45.768321137381527 ], [ 11.574966629881164, 45.768304151373208 ], [ 11.574921281395428, 45.76831084440127 ], [ 11.57462344064508, 45.768355993150237 ], [ 11.574399645538573, 45.768433944835422 ], [ 11.574308064676536, 45.768412961837946 ], [ 11.574170748736162, 45.768381499855224 ], [ 11.574112789209439, 45.768379656096819 ], [ 11.574093604534326, 45.76838197869489 ], [ 11.57398160415784, 45.768385179033174 ], [ 11.573884758662951, 45.768387946241717 ], [ 11.573640549303089, 45.768382829361379 ], [ 11.573537639795431, 45.768376777894396 ], [ 11.573502205393746, 45.768372536011313 ], [ 11.57338611698172, 45.768362371021581 ], [ 11.573145025727722, 45.768341161451417 ], [ 11.572862276804781, 45.768345372043889 ], [ 11.572721083487684, 45.768359804060431 ], [ 11.572676371561714, 45.768380343059597 ], [ 11.572561074833349, 45.768412553030807 ], [ 11.572454953388393, 45.768406572909377 ], [ 11.572243257373341, 45.768437263804202 ], [ 11.572220860640854, 45.768439658438297 ], [ 11.572135953013577, 45.768447511433948 ], [ 11.571932070170831, 45.768466324724635 ], [ 11.571746007394104, 45.768492296983709 ], [ 11.571611138035882, 45.768504425004892 ], [ 11.57143777585749, 45.768510129047861 ], [ 11.571412059679275, 45.768510258085392 ], [ 11.571302384113999, 45.76848851558681 ], [ 11.571086814829648, 45.768462946656264 ], [ 11.571052341861002, 45.768460032484555 ], [ 11.571025357780536, 45.768457759774407 ], [ 11.570938727760307, 45.7684505293551 ], [ 11.570826146365782, 45.768435512389516 ], [ 11.570662086479677, 45.768425344479517 ], [ 11.570562314997336, 45.768414809292508 ], [ 11.570417695509573, 45.768413474214377 ], [ 11.570385633599564, 45.768418246242838 ], [ 11.570295633187996, 45.768418831872879 ], [ 11.570144482385659, 45.768415303238498 ], [ 11.570085987086152, 45.768421390171298 ], [ 11.570062317913228, 45.76842408305501 ], [ 11.570047696233175, 45.768424952169134 ], [ 11.569898553564354, 45.768434339142054 ], [ 11.569715353119854, 45.768435851576406 ], [ 11.569589962208854, 45.768444343640574 ], [ 11.569319407036108, 45.76851523680191 ], [ 11.56922124032873, 45.768525636135337 ], [ 11.569204471664779, 45.768527363538134 ], [ 11.569008685106532, 45.768548869691195 ], [ 11.56872569811623, 45.768528323258337 ], [ 11.568520296608403, 45.768547704660399 ], [ 11.568343637833371, 45.768560048691143 ], [ 11.568195626725323, 45.768540875532089 ], [ 11.56807970121648, 45.768525841067365 ], [ 11.566532186770484, 45.768597174813848 ], [ 11.566480208881682, 45.768568730457467 ], [ 11.566362603304132, 45.76848343595168 ], [ 11.566242341837908, 45.768415932563052 ], [ 11.566140261496365, 45.768352250808555 ], [ 11.566073103580075, 45.768340528791335 ], [ 11.565944051385594, 45.768297254668759 ], [ 11.565781057014144, 45.768195337921647 ], [ 11.565655921993077, 45.768170157009585 ], [ 11.565585627752709, 45.768118091684116 ], [ 11.565537541607753, 45.768093159788783 ], [ 11.565338341785681, 45.768087914004845 ], [ 11.565124697680925, 45.768087402737073 ], [ 11.564961748283993, 45.768067750860212 ], [ 11.564734059892308, 45.768010579420242 ], [ 11.564487257620636, 45.767937635377791 ], [ 11.564375160290489, 45.76788542799612 ], [ 11.564321227409685, 45.767808692381102 ], [ 11.564241771184099, 45.767691396364498 ], [ 11.564023683580197, 45.767650029283622 ], [ 11.563895409457567, 45.767606825369356 ], [ 11.563703223340573, 45.767538503877461 ], [ 11.563622982374429, 45.767513482964418 ], [ 11.563356705223425, 45.76745609495962 ], [ 11.563058146333287, 45.767421122728457 ], [ 11.56292012154899, 45.767409279260299 ], [ 11.562672839949405, 45.76737909570533 ], [ 11.562476956643275, 45.767364769749726 ], [ 11.562283508582054, 45.767341838077769 ], [ 11.562162344097942, 45.767327455174957 ], [ 11.561860697169736, 45.767269957177461 ], [ 11.561575517160334, 45.767167625172135 ], [ 11.561517837430108, 45.767149387323983 ], [ 11.561286913716431, 45.767083190783545 ], [ 11.561039860851492, 45.767043907776831 ], [ 11.560888870420655, 45.767029742385063 ], [ 11.560526131188656, 45.766983331679313 ], [ 11.560362328786862, 45.76697584341327 ], [ 11.560259271583686, 45.766988954909202 ], [ 11.560172495480108, 45.766995310772025 ], [ 11.560069591760223, 45.766994917502451 ], [ 11.559982943582888, 45.766990019366318 ], [ 11.559822463225368, 45.76696238412346 ], [ 11.559773074765687, 45.766951070153468 ], [ 11.559756042869758, 45.766947041552314 ], [ 11.559553031604635, 45.766900557551594 ], [ 11.559264304605621, 45.766838622758264 ], [ 11.559036417408812, 45.766799355933948 ], [ 11.558753713612528, 45.766795969892051 ], [ 11.558493209553149, 45.76680837717705 ], [ 11.558213772849014, 45.766789255258601 ], [ 11.558171990683805, 45.766786770952471 ], [ 11.557927386759483, 45.766826273125886 ], [ 11.557769451953014, 45.766879584926869 ], [ 11.557648034590123, 45.766893375330852 ], [ 11.557541077336342, 45.766905581629324 ], [ 11.557283582693005, 45.766947261269294 ], [ 11.557016413831398, 45.767002388095101 ], [ 11.556762726119313, 45.766981065916639 ], [ 11.556624810646042, 45.766949050627126 ], [ 11.556457664141167, 45.766941541616042 ], [ 11.556229138183985, 45.766981130242847 ], [ 11.555936781217138, 45.766977593280927 ], [ 11.555599615391035, 45.766933474780458 ], [ 11.555490485430814, 45.766926286105722 ], [ 11.555455139341841, 45.766923926810463 ], [ 11.555442352679647, 45.766917102331547 ], [ 11.555352205729026, 45.766925690129199 ], [ 11.555255290588555, 45.766986003730388 ], [ 11.555223031071511, 45.76700616723592 ], [ 11.555122848091548, 45.767070964215982 ], [ 11.555042090394274, 45.767113364609372 ], [ 11.555022845405269, 45.767120005729517 ], [ 11.55500987822346, 45.767128936608728 ], [ 11.554984205791207, 45.767124380557128 ], [ 11.554765554680566, 45.767132422622744 ], [ 11.554373534528866, 45.767126250805177 ], [ 11.554240075280825, 45.767132656269681 ], [ 11.554026280202288, 45.76714283850211 ], [ 11.553688488659915, 45.767175144900136 ], [ 11.553521444283616, 45.76716987945894 ], [ 11.553206738381858, 45.767141633073429 ], [ 11.552911112630074, 45.767142571815199 ], [ 11.552840599630711, 45.767144598179755 ], [ 11.552634580911606, 45.767150463608679 ], [ 11.552393364227044, 45.767174126814197 ], [ 11.552158219591693, 45.767240677530388 ], [ 11.551945531728029, 45.767300515375887 ], [ 11.551886880029318, 45.767264157651077 ], [ 11.551843224576958, 45.76723709592963 ], [ 11.551654348574104, 45.767150768649515 ], [ 11.551349104598517, 45.767149488038747 ], [ 11.551313706571159, 45.767151629004083 ], [ 11.551214564479052, 45.767092728704334 ], [ 11.551109484967954, 45.766979776296111 ], [ 11.550957576533889, 45.766897482416603 ], [ 11.550946369011495, 45.766891432230935 ], [ 11.550657438794662, 45.766847391713853 ], [ 11.550641388877176, 45.766845139980724 ], [ 11.550493876804296, 45.766808471204072 ], [ 11.550336747003398, 45.766769586841576 ], [ 11.550206411540005, 45.76672038307845 ], [ 11.55018573932665, 45.766712654001608 ], [ 11.550152724112973, 45.766682428628577 ], [ 11.550124655211476, 45.766656323146798 ], [ 11.550090505727868, 45.766623782873282 ], [ 11.550057845926476, 45.766595709725259 ], [ 11.55002183497656, 45.766564651121293 ], [ 11.549993856375732, 45.76654052376324 ], [ 11.549972696478239, 45.76652209462943 ], [ 11.549926764432257, 45.766482166766082 ], [ 11.549869062074706, 45.766435121043884 ], [ 11.549796153540473, 45.766373293539289 ], [ 11.549741052253653, 45.76632969998834 ], [ 11.549702342392417, 45.766293031045819 ], [ 11.549678974019018, 45.766274111153955 ], [ 11.549624753197383, 45.766227257595965 ], [ 11.549585917675506, 45.766193471690158 ], [ 11.549542615526768, 45.76616608602999 ], [ 11.549473715872541, 45.766127300790934 ], [ 11.549389558183073, 45.766078235233323 ], [ 11.549360075062239, 45.766063412087881 ], [ 11.549298001961862, 45.766047426329699 ], [ 11.54923041533676, 45.76603462386305 ], [ 11.549152829662511, 45.766019704375324 ], [ 11.549093574658585, 45.766011936292038 ], [ 11.548998495559848, 45.76601387859813 ], [ 11.548888629660796, 45.766015880818749 ], [ 11.548775115820296, 45.766019674519654 ], [ 11.548708644026643, 45.766022868229385 ], [ 11.548644596803479, 45.766025647789917 ], [ 11.548604555587538, 45.766016190523516 ], [ 11.548547605332613, 45.765999729993908 ], [ 11.548511932972657, 45.765973253747255 ], [ 11.548476106448451, 45.765940570414791 ], [ 11.548474354953681, 45.765890835222528 ], [ 11.548473913804452, 45.765816228689957 ], [ 11.548471260310682, 45.76573258071727 ], [ 11.548469847278284, 45.765662046177788 ], [ 11.548460401943636, 45.765624093691024 ], [ 11.548440235167329, 45.765539936482128 ], [ 11.54842583708154, 45.765463841221425 ], [ 11.548421836486723, 45.765435308048247 ], [ 11.548449628529747, 45.765348100396679 ], [ 11.548509859029847, 45.765312373310906 ], [ 11.548580923554885, 45.765274514232864 ], [ 11.548622717618056, 45.765251889618014 ], [ 11.548665911684283, 45.765214832509834 ], [ 11.548714797174654, 45.765167207481475 ], [ 11.548754450114957, 45.765125818979563 ], [ 11.548793198148442, 45.765087150933525 ], [ 11.548829064392566, 45.765027575357379 ], [ 11.548866611844817, 45.764962561777871 ], [ 11.54888991440073, 45.764923608365947 ], [ 11.548888545394249, 45.764870984396076 ], [ 11.548883779071009, 45.764808715416507 ], [ 11.548876812335154, 45.764746135515395 ], [ 11.548841716551017, 45.764743588555703 ], [ 11.548780671059237, 45.764738830556546 ], [ 11.548718489793428, 45.764734547877765 ], [ 11.548642667464662, 45.764727239325474 ], [ 11.548565415638366, 45.764719602616822 ], [ 11.548515670386562, 45.764708831759613 ], [ 11.548482955663939, 45.764702091212087 ], [ 11.548449635440074, 45.764696174231069 ], [ 11.548377484476999, 45.764681943000994 ], [ 11.548346940747324, 45.764691805372792 ], [ 11.548292871494047, 45.764707503193556 ], [ 11.548259641356497, 45.76470356431058 ], [ 11.5482197751058, 45.76468663238559 ], [ 11.548183510152208, 45.764669710072752 ], [ 11.548162206029131, 45.764636792595383 ], [ 11.548143273412348, 45.764655936634618 ], [ 11.548096985986188, 45.764704133532085 ], [ 11.548022438821203, 45.764753050944911 ], [ 11.547904913027029, 45.764869172942909 ], [ 11.547841721922318, 45.765014955224352 ], [ 11.547895144839108, 45.765137523928395 ], [ 11.547938083645676, 45.765236024464869 ], [ 11.547983511137884, 45.765423037025833 ], [ 11.547985137827215, 45.765526509609778 ], [ 11.547965390485427, 45.765541891482279 ], [ 11.547946099243447, 45.765564463828191 ], [ 11.547926762734583, 45.765778033560331 ], [ 11.547833074938364, 45.765813336680054 ], [ 11.547745975454083, 45.765835171643033 ], [ 11.547606766281572, 45.765901642740459 ], [ 11.547493075585063, 45.765986266061198 ], [ 11.547475536241462, 45.766078375184726 ], [ 11.547460843259401, 45.766201923507218 ], [ 11.547462312479533, 45.766318900774223 ], [ 11.547307987827514, 45.766324593488854 ], [ 11.547169817241079, 45.766323535125728 ], [ 11.54690310195984, 45.766323813425025 ], [ 11.546668524308734, 45.766326614701235 ], [ 11.546482035745456, 45.766332033483856 ], [ 11.546456303853004, 45.766331797183376 ], [ 11.546234252337001, 45.766352679835691 ], [ 11.545860592737009, 45.766410694920381 ], [ 11.545770142913272, 45.766432423032121 ], [ 11.545615451276317, 45.766469624304797 ], [ 11.545377210065157, 45.766499326892784 ], [ 11.545145250034155, 45.76653140921897 ], [ 11.545106001757548, 45.766576117672912 ], [ 11.545070071664503, 45.766623092422442 ], [ 11.544963148206323, 45.766678489865946 ], [ 11.544907950689572, 45.766711852732875 ], [ 11.544807696289835, 45.766758370648944 ], [ 11.544707651411725, 45.76678688229989 ], [ 11.544601279313392, 45.766806354041414 ], [ 11.544472338562565, 45.766830108896521 ], [ 11.544343713821942, 45.766838195205835 ], [ 11.544121159501032, 45.766890497617702 ], [ 11.544052752061139, 45.766952956820681 ], [ 11.543916856570453, 45.76701043881544 ], [ 11.543893123458535, 45.767014567839901 ], [ 11.543768725244941, 45.767036420538993 ], [ 11.543562986135361, 45.767037132915476 ], [ 11.543305810055417, 45.767046461115143 ], [ 11.542935700094592, 45.767075225047506 ], [ 11.542713617730842, 45.76709835171166 ], [ 11.542404273561209, 45.767156813520913 ], [ 11.542193717992072, 45.767260959489015 ], [ 11.541967816273655, 45.767324583169582 ], [ 11.541686391535892, 45.767343718300005 ], [ 11.541610748898611, 45.76734891214948 ], [ 11.541466064478328, 45.767354562393706 ], [ 11.541255194248128, 45.7674858059451 ], [ 11.54105038132121, 45.767637166014943 ], [ 11.540889325832131, 45.767667481896794 ], [ 11.540819778742982, 45.767586042208308 ], [ 11.540670758754914, 45.767603848940837 ], [ 11.540277809244701, 45.767752822590637 ], [ 11.540089616620877, 45.767848276512666 ], [ 11.539834183901759, 45.767949905998996 ], [ 11.539551119179771, 45.767961331638602 ], [ 11.539341263844245, 45.767987600076459 ], [ 11.539297018046955, 45.76799317435529 ], [ 11.539045830263184, 45.768007040189381 ], [ 11.538755694040917, 45.768072355652322 ], [ 11.538506138112185, 45.768210034615009 ], [ 11.5384058950001, 45.768217303311111 ], [ 11.538103980792279, 45.768238505118831 ], [ 11.537788249785791, 45.768281165034615 ], [ 11.537170917015109, 45.768465356717265 ], [ 11.536582561388551, 45.768690214940207 ], [ 11.536414391916489, 45.768793498700362 ], [ 11.536291671714684, 45.768906393717238 ], [ 11.536326124361594, 45.76896845386706 ], [ 11.536449560651153, 45.769001805363231 ], [ 11.536792744609402, 45.769051067234223 ], [ 11.53750485397228, 45.769220842006703 ], [ 11.537695363881536, 45.769286814624728 ], [ 11.53826304750779, 45.769365916032797 ], [ 11.539284409895782, 45.769369851995513 ], [ 11.539527163440393, 45.769425029079159 ], [ 11.539799738045071, 45.769612933727835 ], [ 11.540014148582484, 45.769930392377411 ], [ 11.539809633862847, 45.770216034960647 ], [ 11.539656066937164, 45.770550228367092 ], [ 11.539838907997948, 45.770670912598582 ], [ 11.539904637335196, 45.770945774201373 ], [ 11.53974661350915, 45.771334791452475 ], [ 11.53998821197523, 45.771590890240063 ], [ 11.540306151877413, 45.771684266706842 ], [ 11.540609872487439, 45.771858155429086 ], [ 11.540671387607285, 45.771915561877691 ], [ 11.540680371762315, 45.771949114851999 ], [ 11.541001304545947, 45.772040352616102 ], [ 11.541915844960462, 45.772279401636581 ], [ 11.542236005977321, 45.772429968156068 ], [ 11.542724158235002, 45.77241955005077 ], [ 11.543697270447444, 45.772419030446734 ], [ 11.54393160748354, 45.772404719693839 ], [ 11.544435857759234, 45.772677459696517 ], [ 11.5453524662493, 45.773000952246207 ], [ 11.545546994869916, 45.773050170770233 ], [ 11.545708655129594, 45.773128924140167 ], [ 11.545809128990353, 45.773166107629713 ], [ 11.545889103446781, 45.773267203467839 ], [ 11.545877366480136, 45.773424708431911 ], [ 11.545314575182468, 45.773912043859838 ], [ 11.544902009307105, 45.774105484217159 ], [ 11.544827671435799, 45.774125412384109 ], [ 11.544704717102512, 45.774168025646269 ], [ 11.544591814407472, 45.774230846506825 ], [ 11.544411036932107, 45.774331272652319 ], [ 11.544348668658376, 45.774379646216566 ], [ 11.544287676893411, 45.774427178997833 ], [ 11.544019359002986, 45.774641884341804 ], [ 11.543561832158899, 45.775125245801931 ], [ 11.543094801493796, 45.775320612762066 ], [ 11.542956306384816, 45.775392102613921 ], [ 11.542831310047202, 45.775452130773893 ], [ 11.542281836320861, 45.775820344467284 ], [ 11.542098458953783, 45.776005251895263 ], [ 11.541945622833181, 45.776129174158392 ], [ 11.541732755105343, 45.776327518475249 ], [ 11.541179867841253, 45.776700213160566 ], [ 11.540730623340723, 45.77685719135836 ], [ 11.540670865737187, 45.776872562047124 ], [ 11.540360234973113, 45.777017184051566 ], [ 11.540068287428205, 45.777182361439088 ], [ 11.539938489853277, 45.77733790120115 ], [ 11.540147865616873, 45.777614607825065 ], [ 11.540670594830953, 45.777877232470154 ], [ 11.540721127484817, 45.777885288997069 ], [ 11.541545239415861, 45.77804300574919 ], [ 11.542326306696616, 45.778399691447106 ], [ 11.543368264257312, 45.778586927969492 ], [ 11.54419698090701, 45.778670176750886 ], [ 11.544490152931543, 45.778766613547667 ], [ 11.54474696745679, 45.778948826855434 ], [ 11.544837406761681, 45.779079032620125 ], [ 11.545339137564868, 45.779385397410692 ], [ 11.54560157070688, 45.779436612575246 ], [ 11.545641410382755, 45.779263450075049 ], [ 11.545956445524441, 45.779294680286739 ], [ 11.546083570506886, 45.779430997731211 ], [ 11.546594112115205, 45.779871271792032 ], [ 11.546886506370829, 45.780165016278481 ], [ 11.546938932465844, 45.780293637918327 ], [ 11.546920307155908, 45.780483429149278 ], [ 11.546903333206652, 45.780579575743822 ], [ 11.546843565162691, 45.781297908658743 ], [ 11.546728742896612, 45.781739616053549 ], [ 11.546663774382177, 45.781869415615446 ], [ 11.546647715026255, 45.781996954330218 ], [ 11.546564967854968, 45.782739021355319 ], [ 11.546639712660815, 45.783015837761461 ], [ 11.546751056225711, 45.783124604034136 ], [ 11.546811336057907, 45.783194005599825 ], [ 11.546910859829925, 45.783252271074083 ], [ 11.547467595701958, 45.783756766207311 ], [ 11.547702522147896, 45.78392938020319 ], [ 11.548283762078244, 45.784406682439815 ], [ 11.548388188530359, 45.784795344707405 ], [ 11.548371697230804, 45.785091117284097 ], [ 11.54836053971658, 45.785422053722435 ], [ 11.548446343332007, 45.785543269212646 ], [ 11.548651474755003, 45.785784501724883 ], [ 11.549059624085412, 45.786152793411894 ], [ 11.549236807500545, 45.786365036259674 ], [ 11.549264958227644, 45.786694555244296 ], [ 11.549192173146901, 45.7868786251098 ], [ 11.549333632845592, 45.786953503785142 ], [ 11.549670673916959, 45.787026175947361 ], [ 11.549910544583092, 45.78712621897931 ], [ 11.550101835783783, 45.787207634622824 ], [ 11.550281653972011, 45.787353391500424 ], [ 11.550421254920941, 45.787505896755782 ], [ 11.550488920275532, 45.787548039190355 ], [ 11.550714089722858, 45.787655699413307 ], [ 11.550699389994097, 45.78773109395464 ], [ 11.550586589551749, 45.787816330204684 ], [ 11.55010032731936, 45.788454811489601 ], [ 11.550065100647643, 45.788511762762774 ], [ 11.549706275127958, 45.789089881831082 ], [ 11.549565541411626, 45.78927078856492 ], [ 11.549437505516813, 45.789377515515774 ], [ 11.549314327107108, 45.789503305471676 ], [ 11.549248948727199, 45.789652377102037 ], [ 11.549251134327777, 45.789742605757901 ], [ 11.549248702067782, 45.789779120391827 ], [ 11.549224146714973, 45.789968946790729 ], [ 11.548674647852136, 45.789881663469885 ], [ 11.547956828053207, 45.790067345291 ], [ 11.547514162271725, 45.790189910214195 ], [ 11.547172117251431, 45.790340921688852 ], [ 11.546192449438008, 45.79058283658901 ], [ 11.545483907070153, 45.790659026997119 ], [ 11.545371602729633, 45.790744156957985 ], [ 11.545164323486116, 45.791365597429667 ], [ 11.54520456118772, 45.791723650152193 ], [ 11.545183289504868, 45.791784879209359 ], [ 11.54513221270698, 45.791799068625437 ], [ 11.545056038076815, 45.791807426829706 ], [ 11.544917766687163, 45.791734902034257 ], [ 11.544563331920983, 45.791566115447992 ], [ 11.544479614862118, 45.791533147937805 ], [ 11.544381768638539, 45.791675919504151 ], [ 11.544166681635867, 45.791956584078058 ], [ 11.543825467305162, 45.792196944304543 ], [ 11.543114845101801, 45.792640756364385 ], [ 11.542838520736133, 45.79284546569879 ], [ 11.542527810596352, 45.793094773550649 ], [ 11.542166329001679, 45.793472571161274 ], [ 11.54214796100025, 45.793705199013367 ], [ 11.542557305231581, 45.794155933683889 ], [ 11.54282769830785, 45.79442866611312 ], [ 11.542926443295498, 45.794656076149352 ], [ 11.543104748966034, 45.795373514459101 ], [ 11.543178762156279, 45.795685091797431 ], [ 11.543352892533967, 45.795895071318597 ], [ 11.543449100277245, 45.795970514975693 ], [ 11.543745756790557, 45.796084967382271 ], [ 11.544074269660639, 45.796104921732329 ], [ 11.544339594865972, 45.796444008786366 ], [ 11.545028176251686, 45.7969506179262 ], [ 11.545389901251511, 45.797603479830897 ], [ 11.545544182376961, 45.798038376610968 ], [ 11.545560571786005, 45.798064833474655 ], [ 11.54564318842618, 45.798127077104454 ], [ 11.545680021275453, 45.798525978481052 ], [ 11.545649586476609, 45.798775887145851 ], [ 11.545756756882946, 45.798973134350113 ], [ 11.545780186854277, 45.799128684687133 ], [ 11.545850320647062, 45.799128741363681 ], [ 11.545912338703982, 45.79958891622276 ], [ 11.545944813245793, 45.799835622290331 ], [ 11.545831875686764, 45.800308248035385 ], [ 11.545716764280572, 45.800419722916523 ], [ 11.544970482341066, 45.800500711418046 ], [ 11.544727967592667, 45.800614934404756 ], [ 11.544496033493859, 45.800803267104328 ], [ 11.54399473812717, 45.80098265885686 ], [ 11.543690068048765, 45.801128056597804 ], [ 11.543215023274643, 45.801262306626725 ], [ 11.542903504050672, 45.801412805172326 ], [ 11.542704883661202, 45.801555748825066 ], [ 11.542609271230402, 45.801632133570124 ], [ 11.542511668892073, 45.801741145175178 ], [ 11.542189642776012, 45.802003034643668 ], [ 11.541975602549682, 45.80213524937934 ], [ 11.54179610270393, 45.802192258912697 ], [ 11.5415986532806, 45.802191342981502 ], [ 11.541319957416748, 45.802234718097807 ], [ 11.5411635695404, 45.80230192322604 ], [ 11.540755814847104, 45.802512611872096 ], [ 11.540663839210003, 45.802550210993346 ], [ 11.540495052985662, 45.802619311117645 ], [ 11.540316756212396, 45.802702843698491 ], [ 11.540252350781092, 45.802789243187654 ], [ 11.540153762814953, 45.802955969291808 ], [ 11.540047143752684, 45.803036647043029 ], [ 11.539800891082187, 45.803253100832492 ], [ 11.539628992555107, 45.803420826817089 ], [ 11.539565359332981, 45.803603516434322 ], [ 11.539538511476961, 45.803678189399314 ], [ 11.539274653664098, 45.803932116464154 ], [ 11.53927068156435, 45.803949486184194 ], [ 11.539227399829501, 45.803996712252662 ], [ 11.539194233260234, 45.804037142872204 ], [ 11.539154661962865, 45.804061244562199 ], [ 11.539086526226169, 45.804102452657361 ], [ 11.538995364182096, 45.80415803372582 ], [ 11.538937012475063, 45.804185163088768 ], [ 11.538791957993535, 45.804210259589347 ], [ 11.538505759421303, 45.804236063209387 ], [ 11.538061776535983, 45.804258892297149 ], [ 11.53737682868654, 45.804280593253097 ], [ 11.537156012908564, 45.804317901801674 ], [ 11.536887737969739, 45.804330342091497 ], [ 11.53658184866449, 45.804330656162385 ], [ 11.536463575012323, 45.804378736761038 ], [ 11.536254954112962, 45.804480577885528 ], [ 11.535992854173381, 45.804629059846278 ], [ 11.535584574824389, 45.804826150464201 ], [ 11.535411930531598, 45.80490126919328 ], [ 11.535247536481412, 45.80495685296048 ], [ 11.535056965494789, 45.805045330154449 ], [ 11.53423419996818, 45.805504446118263 ], [ 11.533997327282849, 45.805590798702944 ], [ 11.533835568643948, 45.805704556602024 ], [ 11.533590208280662, 45.805813778492997 ], [ 11.533343223963625, 45.806091529290462 ], [ 11.532605048210513, 45.806574768995993 ], [ 11.532239933788249, 45.806906981152771 ], [ 11.531689530755104, 45.807240149577069 ], [ 11.531117026010294, 45.807693514693938 ], [ 11.530604033017084, 45.808028908934283 ], [ 11.530203587585024, 45.808394209929155 ], [ 11.529571996360978, 45.808771110053293 ], [ 11.529420485003362, 45.808904076202445 ], [ 11.529160815720338, 45.80910424256885 ], [ 11.529021574278493, 45.80901600546612 ], [ 11.52888414315686, 45.808928915086128 ], [ 11.528409843965353, 45.808686676790998 ], [ 11.528080855154405, 45.808583791228521 ], [ 11.527881469992129, 45.808478036023892 ], [ 11.527807411432832, 45.808479675273119 ], [ 11.527738040689384, 45.808584898950478 ], [ 11.527672185472344, 45.808767810968448 ], [ 11.527047693878487, 45.809506908629785 ], [ 11.526945222681579, 45.809697020896678 ], [ 11.526870984864651, 45.809899559415349 ], [ 11.526847654479651, 45.810612841988991 ], [ 11.526754899783858, 45.810815790114752 ], [ 11.5267231369487, 45.81093305205134 ], [ 11.526268105906796, 45.811318988228301 ], [ 11.52621695168996, 45.811417327465854 ], [ 11.526177251411175, 45.811564017139617 ], [ 11.526160308802186, 45.811804080832871 ], [ 11.526094445053605, 45.811986991997067 ], [ 11.525990080896692, 45.812138262107887 ], [ 11.52610890275991, 45.812511503522167 ], [ 11.526263692508913, 45.813065223444056 ], [ 11.526307460863524, 45.813213306985752 ], [ 11.526383850196623, 45.813470747535654 ], [ 11.526392636696261, 45.813664968429414 ], [ 11.526505131621395, 45.814103064400676 ], [ 11.526508171237138, 45.814375088521722 ], [ 11.526534121292217, 45.814743813392887 ], [ 11.526546130775129, 45.8150092485443 ], [ 11.526559600958915, 45.815306963921891 ], [ 11.5265503710798, 45.815452889482842 ], [ 11.526546362940779, 45.815594739302213 ], [ 11.526431127934927, 45.815804574838275 ], [ 11.526363058765194, 45.816024167725558 ], [ 11.526434662171335, 45.81622977989872 ], [ 11.526601612176753, 45.816366317470354 ], [ 11.526900805531829, 45.816538001815417 ], [ 11.527065716405637, 45.816618059394216 ], [ 11.527345897539925, 45.816713747348686 ], [ 11.527562101792233, 45.816778087896438 ], [ 11.527752626189354, 45.816846686743546 ], [ 11.527908767719408, 45.816963300080502 ], [ 11.52806569802145, 45.817094476826348 ], [ 11.528093931093087, 45.817374043705122 ], [ 11.528105287395826, 45.817511143058667 ], [ 11.528182972068601, 45.817614911570239 ], [ 11.528319273678992, 45.817753835245654 ], [ 11.528396997494154, 45.817861293012285 ], [ 11.528411693039795, 45.817955565078613 ], [ 11.528386171474272, 45.818079889737874 ], [ 11.528427740741801, 45.818133810297354 ], [ 11.528452164361164, 45.818158535012991 ], [ 11.528548087037084, 45.818207355221865 ], [ 11.528647171630164, 45.8183288309883 ], [ 11.528694106313262, 45.818444260914305 ], [ 11.52868325459278, 45.818665108353791 ], [ 11.528597987754528, 45.819081838556556 ], [ 11.528549120726726, 45.819381383800021 ], [ 11.52856925658536, 45.819479225618998 ], [ 11.52862997480133, 45.819557897440852 ], [ 11.528684529426419, 45.819611323853394 ], [ 11.528810749274296, 45.81964120156595 ], [ 11.529053829900921, 45.819721685500816 ], [ 11.529160866590063, 45.819788440466183 ], [ 11.529254944016806, 45.819910116677661 ], [ 11.529278244070586, 45.820080613921988 ], [ 11.529230075913613, 45.820281856253587 ], [ 11.529171323819609, 45.820479642642283 ], [ 11.529190801334147, 45.820562917818812 ], [ 11.529317977530779, 45.820727514263922 ], [ 11.529428151485106, 45.820860624734586 ], [ 11.529525764124761, 45.82094945977525 ], [ 11.529743765937967, 45.821050209291023 ], [ 11.529913800068011, 45.821126458917583 ], [ 11.52995035750229, 45.821245718384539 ], [ 11.529984372912084, 45.82141966838946 ], [ 11.530044111600787, 45.821590258313421 ], [ 11.530191925680398, 45.821863575067177 ], [ 11.530312643951968, 45.822115620221638 ], [ 11.530477702967971, 45.822428517576938 ], [ 11.530533248653153, 45.822503702758013 ], [ 11.530663767965729, 45.822628260519352 ], [ 11.530774303649686, 45.822769192249254 ], [ 11.530816799193635, 45.823019369954956 ], [ 11.530837764018386, 45.823135374377635 ], [ 11.53096791496022, 45.823365338066857 ], [ 11.531089667020437, 45.823526452475924 ], [ 11.531349513003176, 45.823746250701276 ], [ 11.5314001756065, 45.823830094316449 ], [ 11.531458233376028, 45.823963457821108 ], [ 11.531461457340775, 45.824125398879367 ], [ 11.53147053327327, 45.824578202656745 ], [ 11.531470470214812, 45.82492032045355 ], [ 11.531486195572509, 45.825269918860037 ], [ 11.531481839640104, 45.825400975551737 ], [ 11.531319835273687, 45.825732101591775 ], [ 11.531174709587303, 45.825975546684077 ], [ 11.530887346462817, 45.826296219398834 ], [ 11.53067736462903, 45.826486466872019 ], [ 11.53049867359131, 45.826679710914561 ], [ 11.530321623846561, 45.82690919101745 ], [ 11.530034409450096, 45.827116899569681 ], [ 11.529714604240143, 45.827182218424099 ], [ 11.529625052119925, 45.827504446535627 ], [ 11.529565102849803, 45.827789566138954 ], [ 11.529539708134656, 45.828146825997528 ], [ 11.528893811897786, 45.828420349926986 ], [ 11.52867399276353, 45.828558607414031 ], [ 11.528481573007863, 45.828676456436554 ], [ 11.52834943409203, 45.828723845225475 ], [ 11.528175426864076, 45.828782061522318 ], [ 11.527926988549094, 45.828911050424885 ], [ 11.527810784714742, 45.828997598886637 ], [ 11.527715894190957, 45.829088535900709 ], [ 11.527692421345206, 45.829192833389484 ], [ 11.52766231797694, 45.829307088309065 ], [ 11.527459715265381, 45.829672139820339 ], [ 11.527170667977186, 45.830152692433821 ], [ 11.527442199882634, 45.830220759251183 ], [ 11.527669627195699, 45.830250288557593 ], [ 11.528177450546991, 45.830387199321102 ], [ 11.528785981068083, 45.830561480939068 ], [ 11.530217199676175, 45.830831124532153 ], [ 11.530488514048074, 45.830894238519974 ], [ 11.531529353005492, 45.831098348989741 ], [ 11.532202784595741, 45.831300786060716 ], [ 11.533285056932222, 45.831484160333289 ], [ 11.534398645235942, 45.831736044640422 ], [ 11.535752394336722, 45.831982675960568 ], [ 11.537246355844267, 45.832206284763437 ], [ 11.537787378918351, 45.8323191933424 ], [ 11.53855791389158, 45.832382534732247 ], [ 11.539352701597114, 45.832557210082847 ], [ 11.539952784615872, 45.832669065251963 ], [ 11.540411540358829, 45.83277065009505 ], [ 11.540669573408504, 45.832838535639986 ], [ 11.540897243547267, 45.832898455495496 ], [ 11.541680932971666, 45.832970483694531 ], [ 11.542176933575055, 45.833044410485613 ], [ 11.542679234188398, 45.833118104783466 ], [ 11.543451825214753, 45.833226190741534 ], [ 11.544074568750071, 45.833272714593278 ], [ 11.545231826713151, 45.833398950916958 ], [ 11.545940086702807, 45.833499452930866 ], [ 11.547251625027982, 45.833640140683045 ], [ 11.548164002278977, 45.833727075380779 ], [ 11.549322505477326, 45.833880154465021 ], [ 11.55015781875802, 45.833959882791369 ], [ 11.551678701211916, 45.834141838358221 ], [ 11.552165951956765, 45.834195665580019 ], [ 11.552495626434009, 45.83423321126714 ], [ 11.553277734970331, 45.834340297842871 ], [ 11.554072629342038, 45.834417210920805 ], [ 11.554645654586292, 45.834474149664416 ], [ 11.555505653442713, 45.834569577867903 ], [ 11.556197898672711, 45.834583967963908 ], [ 11.55688860377637, 45.83460126870024 ], [ 11.557779988176804, 45.834634052307884 ], [ 11.55795012735514, 45.834705217386407 ], [ 11.55837528977878, 45.834879037817629 ], [ 11.558562014897413, 45.83496648172121 ], [ 11.559049865502557, 45.835156626547636 ], [ 11.559381776899402, 45.83521183351565 ], [ 11.559519859098952, 45.835232500705807 ], [ 11.560129506197901, 45.835323963929753 ], [ 11.560443489221182, 45.835350407461327 ], [ 11.560603061589688, 45.835368319828937 ], [ 11.560774316346558, 45.835387543309423 ], [ 11.561172490431261, 45.83536862372447 ], [ 11.561366581678628, 45.835324667817183 ], [ 11.561419973615685, 45.835233913500836 ], [ 11.561550187572676, 45.83512523484616 ], [ 11.561685792579498, 45.835044247291677 ], [ 11.561820268381119, 45.834963914858385 ], [ 11.562516138594122, 45.834658930991594 ], [ 11.56308292260206, 45.834607779190833 ], [ 11.563905185648075, 45.834882024564081 ], [ 11.564142366535147, 45.83512016813836 ], [ 11.564379157766256, 45.835453457321414 ], [ 11.564416990262016, 45.835506161875344 ], [ 11.564446061439185, 45.83554754229035 ], [ 11.564654697966882, 45.835637994403129 ], [ 11.565388666588831, 45.835890180118085 ], [ 11.565454735273702, 45.835907237354071 ], [ 11.566016758100869, 45.836051942854695 ], [ 11.56604855396202, 45.836060139086428 ], [ 11.566279071745877, 45.836119494332628 ], [ 11.566558708554641, 45.836196916671646 ], [ 11.566589616592047, 45.836205402748277 ], [ 11.566937734291983, 45.83630189665697 ], [ 11.56726373190525, 45.83631221027828 ], [ 11.567371556122914, 45.836310416432774 ], [ 11.567403843244499, 45.836309690596977 ], [ 11.567746237563606, 45.836304152948202 ], [ 11.568297464807909, 45.836208501508338 ], [ 11.568611826024462, 45.836189820648748 ], [ 11.569534996201126, 45.835913884036096 ], [ 11.569587604540224, 45.835895869084588 ], [ 11.569830740382715, 45.835812542320426 ], [ 11.570162352109913, 45.835698781733335 ], [ 11.570630359813508, 45.835560618513156 ], [ 11.571296708586889, 45.835328431060468 ], [ 11.571374142313431, 45.835301485699112 ], [ 11.572249470748924, 45.834932456952785 ], [ 11.572902545127382, 45.834563478556476 ], [ 11.57313865130244, 45.834425668872598 ], [ 11.573462530391348, 45.834300912081552 ], [ 11.573523833129101, 45.834273248673547 ], [ 11.573600683259363, 45.834244874834411 ], [ 11.573870422969152, 45.83418029131029 ], [ 11.574108955236884, 45.834109120108472 ], [ 11.574211124083742, 45.834068564300615 ], [ 11.574488978450646, 45.833978954546616 ], [ 11.5748295733811, 45.833864977837329 ], [ 11.574983266937345, 45.833799767833291 ], [ 11.575055763043745, 45.833774731441622 ], [ 11.575096127315721, 45.833750959555871 ], [ 11.575369356555939, 45.833742548150717 ], [ 11.575793138711013, 45.833824077781777 ], [ 11.575849913266556, 45.833826667539043 ], [ 11.5758900159436, 45.833827923179506 ], [ 11.576199900513082, 45.83384091478576 ], [ 11.576509909574444, 45.833853812682051 ], [ 11.576828325366133, 45.833870300396967 ], [ 11.576971752319928, 45.833877085519966 ], [ 11.577001177219168, 45.833878477515405 ], [ 11.577509630173589, 45.833926661269622 ], [ 11.578253984718382, 45.833984834871956 ], [ 11.578392649730949, 45.833987374727847 ], [ 11.578498389477341, 45.833979586948821 ], [ 11.578571259431635, 45.833984962193256 ], [ 11.580782683816121, 45.834147965849859 ], [ 11.582325770466372, 45.834242604400536 ], [ 11.582339815828776, 45.83424282681959 ], [ 11.583189090850105, 45.834514522450753 ], [ 11.583929299152311, 45.834752586609767 ], [ 11.584423846093557, 45.834932570705881 ], [ 11.584953667753396, 45.835217962499357 ], [ 11.585332694021028, 45.835528007152469 ], [ 11.585561906375039, 45.835883925729782 ], [ 11.585976214792611, 45.83629937759374 ], [ 11.586450127988925, 45.83669214645527 ], [ 11.587711132593405, 45.837321980979645 ], [ 11.588049004124782, 45.837399291137672 ], [ 11.589167354200471, 45.837926224109601 ], [ 11.590383692019076, 45.838599524936377 ], [ 11.591547226644716, 45.839443943968085 ], [ 11.592020352609683, 45.839815555812244 ], [ 11.592317447570277, 45.840977011499547 ], [ 11.592643723808107, 45.841458162041839 ], [ 11.593398859698766, 45.842014450057682 ], [ 11.593688871853853, 45.842368971391188 ], [ 11.595105293264917, 45.843420026379576 ], [ 11.595995627350444, 45.843612117463614 ], [ 11.596400066757299, 45.84381533943165 ], [ 11.597262030357175, 45.844050638870485 ], [ 11.598242351984032, 45.844219514282678 ], [ 11.599254822178816, 45.84440934121384 ] ] ] } }
]
}
